iso3,year,gdp_per_capita,population,unemployment,conflict_intensity,education_index,climate_vulnerability
ABW,1990,12187.5363611898,62753.0,,0.0,,
ABW,1995,16548.7173868987,79805.0,,0.0,,
ABW,2000,20681.0230269625,90588.0,,0.0,,
ABW,2005,24171.8371325422,97635.0,,0.0,,
ABW,2010,24093.1401510626,101838.0,,0.0,,
ABW,2015,27458.2201537506,107906.0,,0.0,,
ABW,2020,22759.8071750722,108587.0,,0.0,,
AFE,1990,822.402998906313,311748681.0,,0.0,,
AFE,1995,766.522931015445,356580375.0,7.77389399169686,0.0,,
AFE,2000,706.727260967009,406156661.0,7.66876829683374,0.0,,
AFE,2005,1126.2973233912,463076637.0,7.10041371887931,0.0,,
AFE,2010,1628.90524793139,530308387.0,7.33948885318777,0.0,,
AFE,2015,1498.8752400759,607123269.0,6.9309412585873,0.0,,
AFE,2020,1351.59166910879,694446100.0,7.97430164130982,0.0,,
AFE,2025,,,7.53923442390472,0.0,,
AFG,1990,,12045660.0,,2.0,0.871961963,
AFG,1995,,17065836.0,7.868,2.0,1.08848943,0.612511069387945
AFG,2000,174.930991430166,20130327.0,7.897,2.0,1.264052241,0.608398207191364
AFG,2005,254.184249149336,24404567.0,7.878,2.0,1.521544365,0.602123845251527
AFG,2010,560.621505463146,28284089.0,7.809,2.0,1.890226268,0.583799555533243
AFG,2015,565.569730408751,33831764.0,9.032,2.0,2.124310017,0.583232874822956
AFG,2020,510.787063366811,39068979.0,11.71,2.0,2.841609995,0.582315266487911
AFG,2025,,,13.351,0.0,,
AFW,1990,593.024667183284,209566031.0,,0.0,,
AFW,1995,866.731606283751,239801875.0,4.39276887843604,0.0,,
AFW,2000,518.969226054683,274968446.0,4.53084348194886,0.0,,
AFW,2005,999.770023047319,316588476.0,4.09646467682858,0.0,,
AFW,2010,1662.63365844147,364358270.0,3.98952016701337,0.0,,
AFW,2015,1860.72768628324,418127845.0,4.17014290578818,0.0,,
AFW,2020,2030.86165860293,474569351.0,4.79531801163781,0.0,,
AFW,2025,,,3.19055229252225,0.0,,
AGO,1990,965.866840464665,11626360.0,,0.0,,
AGO,1995,404.29481849612,13699778.0,16.978,1.0,,0.493885446100005
AGO,2000,563.733795571487,16194869.0,16.646,2.0,3.425696188,0.494392090171188
AGO,2005,2145.88621096327,19291161.0,16.295,1.0,3.626606075,0.495287853486178
AGO,2010,4101.63715566712,23294825.0,16.595,0.0,3.828874918,0.502047233171845
AGO,2015,3641.72893919944,28157798.0,16.472,1.0,5.315629959,0.506421666846786
AGO,2020,1759.35619918264,33451132.0,16.696,1.0,5.844291601,0.513684687498138
AGO,2025,,,14.108,0.0,,
ALB,1990,617.230435515505,3286542.0,,0.0,7.354632085,
ALB,1995,911.320465445326,3187784.0,14.607,0.0,7.345239196,0.45182695756391
ALB,2000,1160.42047054038,3089027.0,19.023,0.0,8.754172545,0.456919016196982
ALB,2005,2741.72136549578,3011487.0,15.966,0.0,9.082582882,0.445477981646448
ALB,2010,4149.14469936847,2913021.0,14.086,0.0,9.626719793,0.431833568262864
ALB,2015,4199.53912925398,2731293.0,17.193,0.0,9.996063995,0.411554940846958
ALB,2020,6027.91350716348,2528480.0,11.639,0.0,10.12114431,0.395254408098606
ALB,2025,,,10.926,0.0,,
AND,1990,19563.6574722488,52597.0,,0.0,,
AND,1995,18443.2545197741,63912.0,,0.0,,
AND,2000,21810.2503808666,65685.0,,0.0,9.806363724,
AND,2005,40829.8116399538,77421.0,,0.0,10.08963966,
AND,2010,42746.830391567,80706.0,,0.0,10.52912998,
AND,2015,38654.95287916,72174.0,,0.0,10.57328033,
AND,2020,37361.1070081615,77380.0,,0.0,11.260993,
ARB,1990,2875.1308363764,223184294.0,,0.0,,
ARB,1995,2080.99829425308,253952538.0,13.5049205239265,0.0,,
ARB,2000,2664.12520122649,286548096.0,12.6227231888262,0.0,,
ARB,2005,3750.69825886818,322628451.0,11.2344112966755,0.0,,
ARB,2010,5944.95217290432,363568534.0,9.57178825247491,0.0,,
ARB,2015,6290.55879501691,410190679.0,11.1524464292006,0.0,,
ARB,2020,5739.41283580539,453723239.0,11.2951503646669,0.0,,
ARB,2025,,,9.22073083160848,0.0,,
ARE,1990,26709.993440327,1898220.0,,0.0,5.759906188,
ARE,1995,27003.2006807782,2434662.0,1.8,0.0,7.253594116,0.410901729783583
ARE,2000,29865.502347066,3493575.0,2.25,0.0,8.481282824,0.40739808399497
ARE,2005,38719.3138307623,4664790.0,3.12,0.0,8.992819786,0.402501088309128
ARE,2010,44795.2949302268,6869838.0,2.798,0.0,9.833638018,0.405581472532573
ARE,2015,44910.334995523,8505237.0,1.793,0.0,10.67445625,0.40096175976111
ARE,2020,37991.7492971665,9401038.0,4.294,0.0,12.73389006,0.384470576615922
ARE,2025,,,2.174,0.0,,
ARG,1990,4315.33403111588,32755901.0,,0.0,8.126089428,
ARG,1995,7357.6162773788,35070020.0,18.8,0.0,8.462594032,0.402014737480192
ARG,2000,7637.01489203628,37213984.0,15.0,0.0,8.799648762,0.401817508399323
ARG,2005,5067.65342293276,39216789.0,11.506,0.0,10.0989666,0.402375656409618
ARG,2010,10260.1313108254,41288694.0,7.714,0.0,10.59963989,0.401211002814394
ARG,2015,13679.6264980954,43477012.0,7.577,0.0,10.91755009,0.401349680015877
ARG,2020,8535.59938004389,45191965.0,11.461,0.0,11.14408016,0.379582170427316
ARG,2025,,,7.145,0.0,,
ARM,1990,635.355327502517,3552128.0,,0.0,9.781759786,
ARM,1995,443.924860857976,3307581.0,6.7,0.0,10.13110835,0.401429554796693
ARM,2000,593.450581742282,3221100.0,11.107,0.0,10.49016104,0.386503471982725
ARM,2005,1557.48458908655,3146400.0,10.584,0.0,10.77075195,0.378909855376541
ARM,2010,3041.34450723339,3044800.0,19.523,0.0,11.12391663,0.360416761792963
ARM,2015,3512.39350276709,3004600.0,18.261,0.0,11.57221031,0.361692480349331
ARM,2020,4268.68093304583,2961500.0,18.175,0.0,11.33030033,0.370647590595447
ARM,2025,,,12.871,0.0,,
ASM,1990,,46640.0,,0.0,,
ASM,1995,,52316.0,,0.0,,
ASM,2000,,56855.0,,0.0,,
ASM,2005,8831.26975996609,56617.0,,0.0,,
ASM,2010,10375.1720141957,55228.0,,0.0,,
ASM,2015,12727.4102651386,52878.0,,0.0,,
ASM,2020,14489.2586563775,49761.0,,0.0,,
ATG,1990,7590.75442423046,63066.0,,0.0,,
ATG,1995,9034.47552907143,68189.0,,0.0,,0.487472229718716
ATG,2000,12027.4949768222,74912.0,,0.0,9.724649907,0.486678995517589
ATG,2005,14368.5708796058,79611.0,,0.0,9.952149767,0.484491895590046
ATG,2010,15217.3950790922,85320.0,,0.0,10.18497179,0.480369933520244
ATG,2015,16077.6340769406,89409.0,,0.0,10.42257676,0.476873195191819
ATG,2020,15369.6082250401,91846.0,,0.0,10.54622968,0.468417107456835
AUS,1990,18273.561526468,17065128.0,,0.0,11.22770758,
AUS,1995,20479.1748274233,18004882.0,8.473,0.0,11.33797971,0.326823263325125
AUS,2000,21908.9968019784,19028802.0,6.288,0.0,11.28785601,0.328628651535517
AUS,2005,34535.20727091,20176844.0,5.036,0.0,11.54751968,0.327109606521956
AUS,2010,52313.8939041213,22031750.0,5.214,0.0,12.03444004,0.326500154255844
AUS,2015,56970.3613028094,23815995.0,6.055,0.0,12.2456398,0.327117292417006
AUS,2020,51983.4523666382,25649248.0,6.394,0.0,12.72681999,0.313767368750102
AUS,2025,,,4.09,0.0,,
AUT,1990,21596.068219998,7677850.0,,0.0,10.20033055,
AUT,1995,30207.0674314652,7948278.0,4.345,0.0,10.65264307,0.306340542266892
AUT,2000,24487.2974685956,8011566.0,4.687,0.0,11.10574668,0.303916868932696
AUT,2005,38157.37022862,8227829.0,5.682,0.0,11.55885029,0.304438612882453
AUT,2010,46611.1393420232,8363404.0,4.883,0.0,11.71487999,0.302436123092934
AUT,2015,43915.228020857,8642699.0,5.802,0.0,12.07699013,0.300143776306643
AUT,2020,48716.4098900349,8916864.0,5.201,0.0,12.30571367,0.293809067480789
AUT,2025,,,5.582,0.0,,
AZE,1990,1238.27189274842,7175200.0,,0.0,,
AZE,1995,314.55801908334,7684850.0,7.2,1.0,9.921096274,0.443240197281227
AZE,2000,655.097249579917,8048600.0,11.78,0.0,10.24885607,0.440267290835968
AZE,2005,1578.36733030667,8391850.0,7.26,1.0,10.58433723,0.417584202165285
AZE,2010,5843.5337683582,9054332.0,5.63,0.0,10.46595001,0.412433420974441
AZE,2015,5500.50364628486,9649341.0,4.96,1.0,10.47585011,0.400886252186685
AZE,2020,4229.91064904503,10093121.0,7.24,2.0,10.55612992,0.402296116571452
AZE,2025,,,5.457,0.0,,
BDI,1990,202.629446176297,5587052.0,,0.0,1.460590005,
BDI,1995,164.915311679326,6066316.0,3.095,0.0,1.728964984,0.544364171418596
BDI,2000,134.537861752389,6470194.0,3.137,0.0,1.997339964,0.543544999615066
BDI,2005,147.234619294225,7587299.0,3.162,0.0,2.265714943,0.568921966879597
BDI,2010,216.727705301976,9376444.0,1.615,0.0,2.292983294,0.565616727549399
BDI,2015,254.402585226788,11047580.0,1.449,0.0,2.285303354,0.55572143240553
BDI,2020,255.8324539389,12617036.0,1.03,0.0,3.305215598,0.556977676883822
BDI,2025,,,0.922,0.0,,
BEL,1990,20600.3752789827,9967379.0,,0.0,9.406848637,
BEL,1995,28413.8264387368,10136811.0,9.337,0.0,10.10977799,0.357881934958883
BEL,2000,23098.8865077401,10251250.0,6.586,0.0,10.54394023,0.356108578912374
BEL,2005,36809.7013403619,10478617.0,8.44,0.0,11.02978846,0.350568617650558
BEL,2010,44197.393671162,10895586.0,8.293,0.0,11.41578007,0.353084644440966
BEL,2015,40893.804537772,11274196.0,8.482,0.0,11.89404011,0.343754896121476
BEL,2020,45906.2875805246,11538604.0,5.545,0.0,12.52857789,0.334969174860605
BEL,2025,,,5.906,0.0,,
BEN,1990,371.101604332357,5281479.0,,0.0,1.458545852,
BEN,1995,348.435238914394,6226773.0,1.305,0.0,1.868018019,0.576331673465284
BEN,2000,487.424141384242,7221619.0,0.864,0.0,2.289848018,0.574505398211559
BEN,2005,779.437777753268,8426144.0,0.859,0.0,2.496914005,0.577165667200976
BEN,2010,973.244254931526,9797484.0,1.04,0.0,2.560803986,0.586485281723795
BEN,2015,1002.41886879614,11360681.0,1.886,0.0,2.624693966,0.576537845770553
BEN,2020,1200.19426557789,13070169.0,1.518,0.0,3.137261725,0.574438585217661
BEN,2025,,,1.589,0.0,,
BFA,1990,338.593759055128,9159356.0,,0.0,,
BFA,1995,229.092294496817,10386722.0,2.532,0.0,,0.5837788788347
BFA,2000,248.908526921752,11925546.0,2.687,0.0,1.469865149,0.585047265561748
BFA,2005,441.164148016012,13932123.0,4.0,0.0,1.342989415,0.570111426138937
BFA,2010,624.957252224766,16176498.0,3.725,0.0,1.109530006,0.558253496184134
BFA,2015,630.124750752312,18777487.0,4.472,0.0,1.444627494,0.543528834021826
BFA,2020,825.237038782475,21478690.0,4.59,0.0,2.318685239,0.521637813046896
BFA,2025,,,3.477,0.0,,
BGD,1990,283.053737055234,111633717.0,,1.0,3.294752292,
BGD,1995,309.458680823367,122600370.0,2.441,1.0,3.816808113,0.576220664142081
BGD,2000,396.670730249751,134544304.0,3.27,0.0,4.280857732,0.565245405781607
BGD,2005,480.08585075452,144715786.0,4.25,0.0,4.717670155,0.560102618247176
BGD,2010,757.385280361508,152201981.0,3.379,2.0,5.118670177,0.554066162157698
BGD,2015,1224.38647668165,159383179.0,4.397,2.0,5.98582983,0.538382156514073
BGD,2020,2248.85078828233,166298024.0,5.539,1.0,7.379059792,0.528183627327675
BGD,2025,,,3.778,0.0,,
BGR,1990,2366.52982128614,8718289.0,,0.0,6.81489869,
BGR,1995,2259.25922555221,8406067.0,11.1,0.0,8.260943413,0.374491262941731
BGR,2000,1621.26210738992,8170172.0,16.218,0.0,9.740815481,0.372886201327781
BGR,2005,3899.82596332878,7658972.0,10.083,0.0,10.34050999,0.361750014883773
BGR,2010,6853.94805511171,7395599.0,10.279,0.0,10.72171974,0.358876562959294
BGR,2015,7268.65445473873,6984225.0,9.143,0.0,11.18832016,0.351953611637184
BGR,2020,10760.211975413,6550696.0,5.037,0.0,11.41318035,0.334282923649361
BGR,2025,,,3.536,0.0,,
BHR,1990,9342.53891401688,514797.0,,0.0,5.108272499,
BHR,1995,11900.9317778335,558879.0,1.044,0.0,6.566768074,0.44751143302962
BHR,2000,14214.4836839343,637582.0,1.081,0.0,8.040552998,0.443802945138914
BHR,2005,17966.1657837625,888822.0,1.021,0.0,8.200599035,0.436011807379983
BHR,2010,21819.3291098099,1228543.0,1.13,0.0,8.03221035,0.434397643486136
BHR,2015,23734.0551143019,1370322.0,1.164,0.0,9.107093493,0.438215796403492
BHR,2020,24342.8444554718,1472204.0,1.765,0.0,11.04658985,0.436644211159774
BHR,2025,,,1.102,0.0,,
BHS,1990,11473.3008389353,275945.0,,0.0,10.01280022,
BHS,1995,11374.6056703852,301461.0,10.83,0.0,10.52570534,0.463742577056541
BHS,2000,24940.0775086078,323835.0,7.118,0.0,11.03861046,0.464375805878004
BHS,2005,28602.4181869995,343894.0,10.2,0.0,11.45061016,0.461465172350944
BHS,2010,27473.100430502,367478.0,14.435,0.0,11.86260986,0.458686075248946
BHS,2015,30719.405417469,385346.0,12.0,0.0,12.28943371,0.455416869422402
BHS,2020,26178.7537607708,395863.0,12.016,0.0,12.73161494,0.458576558149906
BHS,2025,,,9.207,0.0,,
BIH,1990,1742.88262171767,4448652.0,,0.0,,
BIH,1995,502.365980975339,3715564.0,20.944,2.0,,0.39173880864935
BIH,2000,1338.48059636261,4159771.0,25.446,0.0,6.119783684,0.380892934886379
BIH,2005,2739.61076866057,4096493.0,30.218,0.0,6.152886182,0.36580743952613
BIH,2010,4506.47828548389,3811472.0,27.312,0.0,7.111209869,0.358086868777428
BIH,2015,4662.25869219448,3518541.0,27.695,0.0,9.291910172,0.350569221456248
BIH,2020,6130.31187968266,3299349.0,15.868,0.0,10.53631973,0.34429718398682
BIH,2025,,,11.037,0.0,,
BLR,1990,1706.64091882343,10189348.0,,0.0,,
BLR,1995,1370.69991385664,10193831.0,17.7,0.0,9.956694897,0.371770725689055
BLR,2000,1276.2880341,9979610.0,12.193,0.0,10.38081047,0.374932812960924
BLR,2005,3126.07176665248,9663915.0,8.759,0.0,10.82299168,0.360203099936418
BLR,2010,6034.67885177216,9483836.0,6.052,0.0,11.28559198,0.3538374515555
BLR,2015,5967.05595058777,9461076.0,5.881,0.0,11.76225224,0.355484324473633
BLR,2020,6542.85579976768,9379952.0,4.049,0.0,12.24122445,0.330223127056237
BLR,2025,,,3.38,0.0,,
BLZ,1990,2986.46962075029,183076.0,,0.0,5.451236009,
BLZ,1995,4009.82752539849,204146.0,12.48,0.0,6.306825706,0.49424188070785
BLZ,2000,4726.50675459616,240799.0,10.841,0.0,7.167532955,0.481078869918413
BLZ,2005,5270.41479135312,279731.0,10.91,0.0,8.028240204,0.474322444090025
BLZ,2010,5461.40735999001,320245.0,8.412,0.0,10.48622036,0.469604563879054
BLZ,2015,6154.62264230369,356333.0,7.578,0.0,8.923430443,0.457376178713085
BLZ,2020,5238.54078175696,390812.0,10.763,0.0,8.847599983,0.459953583453054
BLZ,2025,,,8.856,0.0,,
BMU,1990,27665.525808301,57559.0,,0.0,,
BMU,1995,34115.3445553204,59526.0,,0.0,,
BMU,2000,56542.9569455727,61550.0,,0.0,,
BMU,2005,77628.103522508,62711.0,,0.0,,
BMU,2010,104111.824244802,63725.0,,0.0,,
BMU,2015,104855.366822135,63464.0,,0.0,,
BMU,2020,106976.546239632,64382.0,,0.0,,
BOL,1990,682.67681029538,7130142.0,,0.0,5.993671061,
BOL,1995,852.754034861444,7874676.0,2.664,0.0,6.545290152,0.485828533967038
BOL,2000,975.777060358751,8606326.0,2.439,0.0,7.102773454,0.47993735209552
BOL,2005,1020.12326200737,9360754.0,2.598,0.0,6.966806126,0.478447654452833
BOL,2010,1929.78373077158,10182345.0,2.609,0.0,7.712310155,0.462553410007296
BOL,2015,2996.01289811344,11014705.0,3.111,0.0,8.929070473,0.459259432876688
BOL,2020,3580.96761778303,11816299.0,7.903,0.0,9.827750206,0.442833207679168
BOL,2025,,,2.967,0.0,,
BRA,1990,2619.80141064047,149143223.0,,0.0,3.685384501,
BRA,1995,4756.75013552302,161735073.0,7.092,0.0,4.41516361,0.40620858942962
BRA,2000,3766.54786339835,174018282.0,10.889,0.0,5.272654063,0.397110242761042
BRA,2005,4827.78165890291,184688101.0,10.551,0.0,6.150349855,0.385046386841539
BRA,2010,11403.2840038694,193701929.0,8.42,0.0,6.878170013,0.378526828445353
BRA,2015,8936.1955889444,201675532.0,8.538,0.0,7.506820202,0.370834532029391
BRA,2020,7074.19407495707,208660842.0,13.697,0.0,8.278307638,0.368474971010616
BRA,2025,,,5.97,0.0,,
BRB,1990,7781.40573306125,258582.0,,0.0,8.369409254,
BRB,1995,8460.47380869104,262039.0,19.66,0.0,9.021974579,0.356884170638087
BRB,2000,11674.6736471764,262063.0,9.35,0.0,8.99090004,0.354356642071039
BRB,2005,14214.4202213572,268706.0,9.08,0.0,9.519167208,0.359752260581963
BRB,2010,20610.5150721363,275243.0,10.69,0.0,9.653823545,0.376445819468084
BRB,2015,20424.2087530019,278990.0,9.803,0.0,9.695256264,0.365168554447528
BRB,2020,19194.4919736739,281698.0,10.586,0.0,9.89206168,0.372416837395272
BRB,2025,,,6.524,0.0,,
BRN,1990,23658.7166330381,255292.0,,0.0,7.51,
BRN,1995,26443.2564746713,291195.0,5.066,0.0,8.06,0.428414004984376
BRN,2000,20130.2572346624,326424.0,5.53,0.0,8.29,0.427858079533164
BRN,2005,29386.2703822862,358916.0,5.973,0.0,8.48,0.408086947280071
BRN,2010,34937.5555357155,392332.0,6.487,0.0,8.77,0.400418105095865
BRN,2015,30625.1287744656,422212.0,7.703,0.0,9.02,0.406091835403274
BRN,2020,26834.3592233943,447404.0,7.409,0.0,9.22,0.405449326038726
BRN,2025,,,5.277,0.0,,
BTN,1990,488.327431477129,589287.0,,0.0,,
BTN,1995,530.103676927417,547989.0,1.4,0.0,,0.537460383991081
BTN,2000,771.924911410619,596863.0,1.655,0.0,,0.535679473248458
BTN,2005,1299.94938578359,661865.0,3.1,0.0,,0.545380615017862
BTN,2010,2435.5798056672,701632.0,3.32,0.0,2.359933,0.536860685596942
BTN,2015,2954.04081911097,740618.0,2.45,0.0,3.321951962,0.518767547610108
BTN,2020,3191.66906999331,770006.0,5.03,0.0,5.835794662,0.505300491938609
BTN,2025,,,3.227,0.0,,
BWA,1990,2903.15381562611,1305696.0,,0.0,5.52,
BWA,1995,3156.18194514079,1498836.0,21.394,0.0,6.71,0.497832289051079
BWA,2000,3450.81180622992,1677382.0,15.88,0.0,7.61,0.483023181313863
BWA,2005,5391.07076619634,1839877.0,19.852,0.0,8.28,0.471771062227888
BWA,2010,6215.73216077919,2033111.0,17.86,0.0,8.87,0.458235942908555
BWA,2015,6141.20394726616,2203273.0,18.915,0.0,10.02,0.441424298839152
BWA,2020,6323.2974967659,2365894.0,21.017,0.0,10.42,0.427282592121424
BWA,2025,,,24.477,0.0,,
CAF,1990,501.656200636394,2871910.0,,0.0,1.867779274,
CAF,1995,333.145863233895,3348052.0,5.871,0.0,2.203254192,0.566174271090975
CAF,2000,239.154133726071,3833416.0,5.722,0.0,2.593130448,0.572872453947789
CAF,2005,311.950023138687,4288810.0,5.691,0.0,2.955806035,0.577679893480224
CAF,2010,476.873786950728,4492995.0,5.658,0.0,3.236879615,0.57695999568616
CAF,2015,366.322853938121,4629320.0,5.775,0.0,3.835294334,0.579153936486907
CAF,2020,462.879071294011,5026628.0,6.519,0.0,3.9531639,0.58011051530741
CAF,2025,,,6.251,0.0,,
CAN,1990,21525.8611387148,27691138.0,,0.0,10.74998669,
CAN,1995,20679.634792669,29302311.0,9.489,0.0,11.61542435,0.287536079744662
CAN,2000,24271.0020563821,30685730.0,6.829,0.0,12.48357935,0.286942440726614
CAN,2005,36383.6600068095,32242732.0,6.758,0.0,13.18605785,0.285686920672616
CAN,2010,47560.6666009406,34005902.0,8.178,0.0,13.51386223,0.282958787445727
CAN,2015,43594.1941045394,35704498.0,6.945,0.0,13.69808826,0.281935186256586
CAN,2020,43537.839298904,38028638.0,9.657,0.0,13.86876597,0.283558443300829
CAN,2025,,,6.907,0.0,,
CEB,1990,2457.17454927702,110743128.0,,0.0,,
CEB,1995,3593.18352287584,109864246.0,11.0167295576433,0.0,,
CEB,2000,3959.62494896645,108447824.0,12.1493697321005,0.0,,
CEB,2005,8352.50713208298,106041911.0,12.0311529429654,0.0,,
CEB,2010,12635.7541209869,104421447.0,9.92718738959061,0.0,,
CEB,2015,12596.8862547468,102973167.0,7.81260796234007,0.0,,
CEB,2020,16581.3526115028,101215763.0,4.3496421220328,0.0,,
CEB,2025,,,4.14452082089943,0.0,,
CHE,1990,39574.5398083788,6715519.0,,0.0,10.53357283,
CHE,1995,50113.8321221345,7040687.0,3.094,0.0,10.48188699,0.293450119997046
CHE,2000,38865.021939688,7184250.0,2.658,0.0,10.63694449,0.292590042632675
CHE,2005,56242.8933645639,7437115.0,4.437,0.0,11.20548866,0.292778717484656
CHE,2010,76531.3729407691,7824909.0,4.808,0.0,13.32365036,0.285476828781736
CHE,2015,83806.4476003837,8282396.0,4.801,0.0,13.71187973,0.282400066569062
CHE,2020,85897.7843338323,8638167.0,4.817,0.0,13.90406622,0.255350560803248
CHE,2025,,,4.873,0.0,,
CHI,1990,,143087.0,,0.0,,
CHI,1995,,145247.0,6.974,0.0,,
CHI,2000,43479.1940767689,148110.0,5.351,0.0,,
CHI,2005,57647.1188908006,153126.0,5.833,0.0,,
CHI,2010,56123.4597963451,158621.0,7.024,0.0,,
CHI,2015,61847.8212238857,163454.0,7.928,0.0,,
CHI,2020,56785.9402005039,166235.0,6.633,0.0,,
CHI,2025,,,6.169,0.0,,
CHL,1990,2487.76829657299,13437176.0,,0.0,8.387270623,
CHL,1995,5081.4682771561,14527381.0,4.7,0.0,8.784672473,0.359629264796037
CHL,2000,5052.99245766325,15503635.0,10.491,0.0,9.150700493,0.361627976961374
CHL,2005,7480.32330998636,16348778.0,9.34,0.0,9.736940066,0.356231621276745
CHL,2010,12632.8704724192,17181464.0,8.547,0.0,9.85243988,0.352105813465069
CHL,2015,13433.9202987032,18047625.0,6.605,0.0,10.25590992,0.337793204522337
CHL,2020,13114.815470545,19370624.0,10.934,0.0,11.11136804,0.333157100552715
CHL,2025,,,8.974,0.0,,
CHN,1990,318.50335359039,1135185000.0,,0.0,4.143789768,
CHN,1995,612.680277898627,1204855000.0,3.0,0.0,5.036169767,0.406837482872689
CHN,2000,969.199513696287,1262645000.0,3.26,0.0,5.928549767,0.397989771928511
CHN,2005,1777.64496828464,1303720000.0,4.52,0.0,6.327514887,0.406391542814289
CHN,2010,4629.24551710077,1337705000.0,4.53,0.0,6.726480007,0.393382322777987
CHN,2015,8175.33285077393,1379860000.0,4.65,0.0,7.407755136,0.386337833427969
CHN,2020,10627.4637989619,1411100000.0,5.0,1.0,8.106910446,0.383590366160879
CHN,2025,,,4.615,0.0,,
CIV,1990,885.647842214928,12189778.0,,0.0,4.585823318,
CIV,1995,740.4730999133,14855565.0,4.1,0.0,5.619881517,0.494340247460916
CIV,2000,936.636541348798,17699004.0,4.835,0.0,6.387237668,0.501040548253211
CIV,2005,1197.74616979415,20068458.0,6.023,0.0,5.776681364,0.494723154331095
CIV,2010,1553.54887048143,22488065.0,6.607,0.0,5.166125059,0.493896047868622
CIV,2015,1814.71855088017,25246342.0,2.573,0.0,4.308879972,0.488387300716929
CIV,2020,2179.72934832935,28915449.0,2.588,1.0,4.23697763,0.485618147370348
CIV,2025,,,2.323,0.0,,
CMR,1990,1086.71700937081,11331821.0,,0.0,2.137418272,
CMR,1995,832.006674487689,13058516.0,8.598,0.0,2.556278337,0.496707266776126
CMR,2000,708.565731625965,14912631.0,7.533,0.0,2.981298109,0.49746774108075
CMR,2005,1142.62466252106,17074594.0,4.4,0.0,3.369359639,0.492798780234306
CMR,2010,1398.58702025047,19668066.0,4.11,0.0,5.203209877,0.49099379249661
CMR,2015,1415.00009710569,22763414.0,3.518,1.0,5.963522553,0.485771936778377
CMR,2020,1555.60370660749,26210558.0,3.881,1.0,6.537401781,0.482893094688844
CMR,2025,,,3.602,0.0,,
COD,1990,254.872656292509,36684063.0,,2.0,3.516495009,
COD,1995,127.008078734668,44433704.0,3.285,0.0,4.563629078,0.565757004554937
COD,2000,377.925421481395,50507442.0,3.245,2.0,5.141897147,0.572045107618978
COD,2005,214.539740473519,58775724.0,2.948,1.0,5.438845614,0.564748968644645
COD,2010,352.400398754692,68563038.0,4.098,1.0,5.642020881,0.567977555361864
COD,2015,495.826633014883,81035531.0,4.441,1.0,6.49326992,0.568621917997523
COD,2020,486.425572682256,95989998.0,5.355,1.0,7.206164799,0.563297689856726
COD,2025,,,4.434,0.0,,
COG,1990,1175.66709098428,2380560.0,,0.0,5.860829425,
COG,1995,769.606794842829,2749461.0,20.226,0.0,6.755306809,0.552828896142527
COG,2000,1024.30159109181,3151345.0,19.872,0.0,7.26262234,0.547426957222818
COG,2005,1799.05158366154,3696393.0,19.796,0.0,7.502929697,0.551134051559731
COG,2010,2946.55798067708,4462290.0,19.3,1.0,7.56968174,0.527115598300675
COG,2015,2439.35189403696,5097581.0,20.02,1.0,8.157099724,0.523258973568623
COG,2020,1993.586671931,5752791.0,22.286,1.0,8.250552585,0.522585888004617
COG,2025,,,19.876,0.0,,
COL,1990,1474.8455285342,32440069.0,,1.0,6.340998417,
COL,1995,2583.66576349858,35804662.0,8.72,1.0,6.600705494,0.442842596681406
COL,2000,2555.00751039968,39089934.0,20.52,2.0,6.862919114,0.441502442208421
COL,2005,3456.06610874512,42128977.0,11.062,2.0,7.284200191,0.434064639774885
COL,2010,6398.2958447102,44777319.0,11.153,1.0,7.393869877,0.423508985756961
COL,2015,6248.51490534512,46969940.0,8.572,1.0,8.047450066,0.418212504302865
COL,2020,5339.68711357943,50629997.0,15.983,1.0,8.862859726,0.406469207944245
COL,2025,,,8.29,0.0,,
COM,1990,903.20430581841,444596.0,,0.0,,
COM,1995,800.623567802959,490586.0,4.675,0.0,,0.554275193298948
COM,2000,633.309032776244,536080.0,4.4,0.0,2.71568799,0.551818379348279
COM,2005,1105.78796866788,592677.0,4.527,0.0,3.501464665,0.54017428692085
COM,2010,1386.5742428453,654836.0,4.19,0.0,4.28724134,0.529671261281742
COM,2015,1329.37048235986,726682.0,4.031,0.0,5.148726497,0.524286160772053
COM,2020,1519.34665556206,802163.0,4.468,0.0,6.209056832,0.526176290338831
COM,2025,,,3.819,0.0,,
CPV,1990,817.442925539738,375428.0,,0.0,,
CPV,1995,1165.13832331934,418104.0,12.883,0.0,,0.43445696224619
CPV,2000,1189.51479345891,453317.0,13.024,0.0,5.314436678,0.433624939988604
CPV,2005,2004.14680417563,485115.0,13.439,0.0,5.490309197,0.43086624987396
CPV,2010,3579.46006137809,509784.0,10.67,0.0,5.672001926,0.423043214012607
CPV,2015,3415.06266730931,512394.0,11.923,0.0,5.858970165,0.419215515468014
CPV,2020,3539.22661248299,514679.0,14.65,0.0,6.09003905,0.426105779833532
CPV,2025,,,11.939,0.0,,
CRI,1990,1829.6687089559,3121706.0,,0.0,6.246158944,
CRI,1995,3275.25256447416,3535176.0,5.18,0.0,6.962734944,0.438843647782135
CRI,2000,3812.75388284924,3937739.0,5.08,0.0,7.142045964,0.418867809967836
CRI,2005,4703.00721784778,4261240.0,6.749,0.0,7.825407987,0.408830338100747
CRI,2010,8265.78820275582,4555962.0,7.171,0.0,8.230690002,0.388278190614311
CRI,2015,11714.7105980732,4818038.0,8.415,0.0,8.584500313,0.383416272700676
CRI,2020,12394.0493969492,5034320.0,16.432,0.0,8.804059982,0.377877502488867
CRI,2025,,,6.843,0.0,,
CSS,1990,3713.69534828331,3654949.0,,0.0,,
CSS,1995,4144.50619583341,3795917.0,14.6507674227641,0.0,,
CSS,2000,6477.26482123395,3956229.0,11.7427630641232,0.0,,
CSS,2005,9439.33720644986,4049468.0,9.98480572264988,0.0,,
CSS,2010,12711.087492863,4173335.0,8.80934904598808,0.0,,
CSS,2015,14497.5393236017,4314191.0,8.22453564269079,0.0,,
CSS,2020,11957.223222537,4459302.0,9.95181592662355,0.0,,
CSS,2025,,,7.55114639676154,0.0,,
CUB,1990,2694.31697957692,10631799.0,,0.0,8.794557697,
CUB,1995,2785.24442954103,10925362.0,8.27,0.0,9.533118744,0.43577551243867
CUB,2000,2751.3817714814,11109109.0,5.45,0.0,9.998980327,0.432547301916156
CUB,2005,3786.33799225291,11262554.0,1.95,0.0,10.5700119,0.436246691680239
CUB,2010,5272.26755824835,11297409.0,2.5,0.0,11.23388176,0.43571176425198
CUB,2015,7727.91997207998,11275065.0,2.4,0.0,11.14122554,0.434878207476957
CUB,2020,9605.27914559614,11176354.0,2.233,0.0,10.54807197,0.438093582398573
CUB,2025,,,1.746,0.0,,
CUW,1990,,145400.0,,0.0,,
CUW,1995,,145139.0,,0.0,,
CUW,2000,15841.2612359949,133860.0,,0.0,,
CUW,2005,17032.3356620744,137658.0,,0.0,,
CUW,2010,19847.2310127979,148703.0,,0.0,,
CUW,2015,19361.8129630226,157980.0,,0.0,,
CUW,2020,16299.8134349902,155482.0,,0.0,,
CYM,1990,,25999.0,,0.0,,
CYM,1995,,32743.0,,0.0,,
CYM,2000,,39674.0,,0.0,,
CYM,2005,,46788.0,,0.0,,
CYM,2010,76837.6710064442,54099.0,,0.0,,
CYM,2015,76379.2098777987,61642.0,,0.0,,
CYM,2020,82338.7977439023,68684.0,,0.0,,
CYP,1990,9641.5751953125,788351.0,,0.0,8.298367536,
CYP,1995,15261.4169921875,862695.0,2.6,0.0,9.099862814,0.364255382838896
CYP,2000,14388.3525390625,947667.0,4.766,0.0,9.910283724,0.364758259087173
CYP,2005,24959.26171875,1036151.0,5.481,0.0,10.71990967,0.362226468043202
CYP,2010,31105.02734375,1127816.0,6.359,0.0,11.44206047,0.358438544800189
CYP,2015,23088.44140625,1219502.0,15.026,0.0,11.86548042,0.357181523540881
CYP,2020,28130.341796875,1302247.0,7.755,0.0,12.44017029,0.355975378021274
CYP,2025,,,4.924,0.0,,
CZE,1990,3969.36733543794,10333355.0,,0.0,9.10276631,
CZE,1995,5865.29460556726,10327253.0,4.082,0.0,10.04385516,0.266694197768563
CZE,2000,6062.92152842793,10255063.0,8.764,0.0,10.98871212,0.26175070194586
CZE,2005,13442.4916284309,10211216.0,7.927,0.0,11.93356908,0.259353966895138
CZE,2010,20160.4355077059,10474410.0,7.281,0.0,12.38508034,0.256749565862451
CZE,2015,17931.5987670768,10546059.0,5.048,0.0,12.67333984,0.259651279330916
CZE,2020,23472.8915454417,10697858.0,2.55,0.0,12.91605342,0.261930386054076
CZE,2025,,,2.825,0.0,,
DEU,1990,22385.6778250275,79433029.0,,0.0,10.3637846,
DEU,1995,31747.2449398447,81678051.0,8.158,0.0,11.41552557,0.309806792485817
DEU,2000,23925.8559901991,82211508.0,7.917,0.0,12.41999728,0.308919533291454
DEU,2005,35084.4363546269,82469422.0,11.193,0.0,13.70372963,0.307765033328912
DEU,2010,42396.9665976293,81776930.0,7.043,0.0,13.85177994,0.302628007432016
DEU,2015,41929.7549110722,81686611.0,4.612,0.0,14.08201981,0.301074730761147
DEU,2020,47394.8734504469,83160871.0,3.881,0.0,14.25594044,0.299449544528448
DEU,2025,,,3.711,0.0,,
DJI,1990,780.497719360725,579538.0,,0.0,,
DJI,1995,786.201866748458,633074.0,27.303,0.0,1.542417229,0.50493581610652
DJI,2000,737.612183644052,747318.0,26.664,0.0,1.879176747,0.50058906780435
DJI,2005,844.4483573908,839167.0,26.448,0.0,2.289461748,0.516171064431481
DJI,2010,1213.23352553429,930251.0,26.368,0.0,2.789325221,0.495513225698765
DJI,2015,2376.12554719873,1020313.0,26.063,0.0,3.383429754,0.512593226854256
DJI,2020,2844.88810647853,1105188.0,27.701,0.0,3.889984156,0.492387514604481
DJI,2025,,,26.015,0.0,,
DMA,1990,2892.9815966454,69627.0,,0.0,,
DMA,1995,3951.72267086358,69469.0,,0.0,,0.474395599738554
DMA,2000,4867.39896323759,68511.0,,0.0,7.84770598,0.470741404132192
DMA,2005,5695.22442394675,68734.0,,0.0,8.052585492,0.45086017639807
DMA,2010,7549.61964680375,68859.0,,0.0,8.430505028,0.444376847680874
DMA,2015,8282.59874702141,70410.0,,0.0,8.808424564,0.436976365239508
DMA,2020,7827.74842680426,67573.0,,0.0,9.1863441,0.452245989126417
DNK,1990,26885.6994188191,5140939.0,,0.0,11.47511219,
DNK,1995,35321.0980773087,5233373.0,6.992,0.0,11.64894009,0.34470972760039
DNK,2000,30722.0251837567,5339616.0,4.476,0.0,12.47190261,0.335243582137661
DNK,2005,48925.8076698784,5419432.0,4.83,0.0,12.82844702,0.334263016848643
DNK,2010,58104.5445594981,5547683.0,7.746,0.0,12.42588997,0.333005372344239
DNK,2015,53094.0133607574,5683483.0,6.278,0.0,12.63831997,0.341755704355774
DNK,2020,60985.4885601514,5831404.0,5.644,0.0,12.96049023,0.348777851375636
DNK,2025,,,5.529,0.0,,
DOM,1990,989.163941207659,7151166.0,,0.0,5.26625239,
DOM,1995,2109.16940728689,7888115.0,6.439,0.0,5.921972532,0.440610127732544
DOM,2000,2831.45883638033,8584190.0,6.432,0.0,6.464990774,0.434900222419109
DOM,2005,3878.31206735244,9225034.0,6.587,0.0,6.854324609,0.434757148463165
DOM,2010,5478.62470398954,9820175.0,5.212,0.0,7.239510059,0.429186599831763
DOM,2015,6800.95309395474,10434829.0,7.605,0.0,7.718160152,0.435220441866758
DOM,2020,7135.22273255899,11008300.0,6.126,0.0,9.150526383,0.427067381439144
DOM,2025,,,5.092,0.0,,
DZA,1990,2445.18332740258,25375810.0,,0.0,4.614607921,
DZA,1995,1466.94806760415,28470191.0,31.84,0.0,5.693170127,0.398322762929166
DZA,2000,1772.92869122761,30903893.0,29.77,0.0,6.607900099,0.388763263820111
DZA,2005,3233.13339634212,33109249.0,15.27,0.0,7.044786056,0.383821075398653
DZA,2010,4912.78585503672,36188236.0,9.96,0.0,7.319896221,0.376966997977975
DZA,2015,4685.05902729002,40019529.0,11.206,1.0,7.153437138,0.37601512165201
DZA,2020,3743.5419522929,44042091.0,14.08,1.0,6.987443608,0.358462514119565
DZA,2025,,,11.633,0.0,,
EAP,1990,416.938782261111,1600739173.0,,0.0,,
EAP,1995,772.304602057404,1716602413.0,3.01646156806726,0.0,,
EAP,2000,961.301422369963,1819011507.0,3.43334970499077,0.0,,
EAP,2005,1653.6791360518,1898853723.0,4.49019174546575,0.0,,
EAP,2010,4057.86521472833,1973602166.0,4.16370037437203,0.0,,
EAP,2015,6589.77076427461,2056050896.0,4.12458341898818,0.0,,
EAP,2020,8391.27634645493,2121866294.0,4.36943697408605,0.0,,
EAP,2025,,,3.9178376117136,0.0,,
EAR,1990,936.989879630286,2044241467.0,,0.0,,
EAR,1995,1150.91452190581,2273692181.0,7.03393456293223,0.0,,
EAR,2000,1346.2395395696,2509431470.0,7.07281148454185,0.0,,
EAR,2005,1788.28350980842,2738846905.0,7.11332854467778,0.0,,
EAR,2010,2938.79859415379,2967104472.0,6.69836499671353,0.0,,
EAR,2015,3174.36962020929,3190318707.0,6.79324404164611,0.0,,
EAR,2020,3187.03781234801,3396051187.0,7.36417086549936,0.0,,
EAR,2025,,,5.15274599833717,0.0,,
EAS,1990,2642.45766205625,1817735909.0,,0.0,,
EAS,1995,4345.04839008217,1941185229.0,3.05225354598453,0.0,,
EAS,2000,4103.33628080966,2050149617.0,3.56333033432491,0.0,,
EAS,2005,4910.91472643792,2134573057.0,4.47463469156014,0.0,,
EAS,2010,7784.344658223,2214613815.0,4.22455076502669,0.0,,
EAS,2015,9691.70576095154,2300844269.0,4.08987694775025,0.0,,
EAS,2020,11639.4853357389,2369420882.0,4.29658340250273,0.0,,
EAS,2025,,,3.80585541446833,0.0,,
ECA,1990,1700.93581132748,208212866.0,,0.0,,
ECA,1995,1737.88574685501,215114964.0,8.5598066611286,0.0,,
ECA,2000,1790.77072090719,218486598.0,10.7462183942089,0.0,,
ECA,2005,3576.72283332319,223360135.0,9.62072328847468,0.0,,
ECA,2010,6019.29491137959,230106440.0,9.54059516043394,0.0,,
ECA,2015,6291.45594655745,240083379.0,8.9610543144391,0.0,,
ECA,2020,5776.19343817718,250351240.0,9.26814225066227,0.0,,
ECA,2025,,,6.83346297049418,0.0,,
ECS,1990,10494.4746850409,845290251.0,,0.0,,
ECS,1995,12730.8476426985,859504754.0,9.9311190228704,0.0,,
ECS,2000,11652.9290294061,865392479.0,9.68483091902418,0.0,,
ECS,2005,19227.6221679028,875563919.0,8.7318165816003,0.0,,
ECS,2010,23702.4750230082,890990371.0,9.11732766770857,0.0,,
ECS,2015,22702.8228380066,907527486.0,8.55822892785091,0.0,,
ECS,2020,24167.3551199699,923664467.0,7.09506699474453,0.0,,
ECS,2025,,,5.35763709810189,0.0,,
ECU,1990,1455.00748510871,10473673.0,,0.0,6.75150013,
ECU,1995,2108.00698245316,11590514.0,4.408,1.0,7.035832377,0.482133923799124
ECU,2000,1382.23421759909,12689206.0,4.8,0.0,7.320164624,0.490482454593588
ECU,2005,2909.02606014388,13846163.0,3.779,0.0,7.604496872,0.477308008443338
ECU,2010,4520.30959039763,15076695.0,4.088,0.0,7.849160194,0.47261194028612
ECU,2015,5976.1596805651,16266225.0,3.616,0.0,8.701580048,0.468559399695888
ECU,2020,5463.64515348598,17546065.0,6.116,0.0,8.817119598,0.462381541463569
ECU,2025,,,3.308,0.0,,
EGY,1990,735.982935028025,58396618.0,,0.0,5.305645579,
EGY,1995,916.326617700876,65652622.0,11.04,1.0,6.121898744,0.44764316836283
EGY,2000,1366.09274372613,73083284.0,8.98,0.0,6.367091942,0.444984007290404
EGY,2005,1105.53920713903,81101004.0,11.049,0.0,6.40905695,0.438388408682385
EGY,2010,2455.08194645282,89196072.0,8.757,0.0,7.373180736,0.427460787615675
EGY,2015,3306.98159414141,99597342.0,13.052,1.0,8.567844217,0.424020732467022
EGY,2020,3511.11381026379,109315124.0,7.974,1.0,9.84810224,0.411607510671201
EGY,2025,,,6.781,0.0,,
EMU,1990,18683.5116155586,316087007.0,,0.0,,
EMU,1995,23430.2422057728,321808185.0,11.4189986140193,0.0,,
EMU,2000,20039.4002655128,325789631.0,9.47321124385057,0.0,,
EMU,2005,31781.6618833533,333897752.0,9.15007509419852,0.0,,
EMU,2010,37491.6114073082,341002804.0,10.1740194070287,0.0,,
EMU,2015,34471.1747135027,343180482.0,10.881412988039,0.0,,
EMU,2020,38236.5543048506,346986142.0,7.83444210222942,0.0,,
EMU,2025,,,6.33138964349225,0.0,,
ERI,1990,,2032737.0,,0.0,,
ERI,1995,285.402184008331,2025267.0,5.349,0.0,,0.587286669147351
ERI,2000,314.357396753501,2247031.0,5.656,0.0,,0.577211483242948
ERI,2005,412.753079199423,2661215.0,5.721,0.0,4.710979562,0.619551476607574
ERI,2010,539.699512069686,2945186.0,5.854,0.0,4.673572948,0.617286039424881
ERI,2015,,3105546.0,5.751,0.0,4.6364279,0.607435259590638
ERI,2020,,3291271.0,6.375,0.0,5.09136442,0.604363093163935
ERI,2025,,,5.978,0.0,,
ESP,1990,13795.0159385128,38867322.0,,0.0,5.879199312,
ESP,1995,15460.9110266653,39724050.0,22.675,0.0,6.860023902,0.311233792250304
ESP,2000,14743.2671031455,40567864.0,13.785,0.0,7.847065999,0.311064741549636
ESP,2005,26450.9530130382,43653155.0,9.146,0.0,8.923020363,0.312232662684727
ESP,2010,30658.7422282912,46576897.0,19.86,0.0,9.363030434,0.309638243347369
ESP,2015,25982.4416197775,46422303.0,22.057,0.0,9.912139893,0.304096108979646
ESP,2020,27233.9426461608,47359424.0,15.532,0.0,10.60540009,0.299874207624524
ESP,2025,,,10.376,0.0,,
EST,1990,,1569174.0,,0.0,9.655532811,
EST,1995,3134.38975345407,1436634.0,9.659,0.0,10.87932752,0.340788309564188
EST,2000,4070.60902410208,1396985.0,13.36,0.0,12.17572021,0.347257383382955
EST,2005,10414.6381183565,1354775.0,8.033,0.0,13.02964497,0.343091662561354
EST,2010,14663.7041018705,1331475.0,16.707,0.0,13.33069038,0.34436299408464
EST,2015,17722.1557669523,1315407.0,6.412,0.0,13.48861027,0.337256994003795
EST,2020,23933.9939421065,1329522.0,6.956,0.0,13.54843044,0.335782799608274
EST,2025,,,8.313,0.0,,
ETH,1990,262.108971053707,47609755.0,,0.0,,
ETH,1995,136.523619088963,57537335.0,3.005,0.0,,0.596229322395663
ETH,2000,122.269202606069,67411494.0,3.499,0.0,1.484763579,0.59325196143279
ETH,2005,158.243458082465,78367470.0,2.497,0.0,1.86499213,0.590113557563335
ETH,2010,330.619412798644,90538514.0,2.295,0.0,2.134607434,0.586496086774501
ETH,2015,597.912113218663,103867135.0,2.442,0.0,2.375797987,0.555944759818075
ETH,2020,829.790982547947,118917671.0,3.998,0.0,2.390854081,0.530899900582751
ETH,2025,,,3.323,0.0,,
EUU,1990,15470.4116881227,420525030.0,,0.0,,
EUU,1995,19470.1012385881,426210050.0,11.109236245509,0.0,,
EUU,2000,16976.0452668705,429339162.0,9.6992067646065,0.0,,
EUU,2005,27431.4991030834,435789139.0,9.63100586720302,0.0,,
EUU,2010,33119.5673211775,442088310.0,9.87327234610775,0.0,,
EUU,2015,30771.6568591261,443793218.0,10.0165353301996,0.0,,
EUU,2020,34694.7035869194,446870959.0,7.05471356704802,0.0,,
EUU,2025,,,5.92651809121259,0.0,,
FCS,1990,1121.80132830689,486723712.0,,0.0,,
FCS,1995,777.742817479696,554041514.0,5.06716615448784,0.0,,
FCS,2000,751.801263034453,621080692.0,5.89463669839926,0.0,,
FCS,2005,1079.24067613473,700820603.0,5.17767975776894,0.0,,
FCS,2010,2017.56741418682,791371804.0,5.13136973093564,0.0,,
FCS,2015,1663.16200127279,890869511.0,5.47368968838346,0.0,,
FCS,2020,1618.4798041022,994901090.0,6.65657957461586,0.0,,
FCS,2025,,,5.12087353705196,0.0,,
FIN,1990,28366.204276071,4986431.0,,0.0,9.184650421,
FIN,1995,26246.2743214462,5107790.0,17.005,0.0,10.30248877,0.291435849947822
FIN,2000,24335.9225082659,5176209.0,11.134,0.0,11.42032711,0.284770578669513
FIN,2005,39049.8703780223,5246096.0,9.602,0.0,12.18332958,0.285166580164629
FIN,2010,46506.2919016566,5363352.0,8.394,0.0,12.41567993,0.282775596196683
FIN,2015,42560.3456767103,5479531.0,9.376,0.0,12.63366985,0.287221436761699
FIN,2020,48828.6846862799,5529543.0,7.759,0.0,12.92915501,0.283522843609008
FIN,2025,,,9.461,0.0,,
FJI,1990,1728.94076871199,773316.0,,0.0,6.602397357,
FJI,1995,2466.74347815903,798746.0,4.651,0.0,7.722517338,0.527813985139779
FJI,2000,1995.72071163264,840909.0,4.697,0.0,8.256785523,0.529313322550664
FJI,2005,3377.69126953493,882379.0,3.886,0.0,8.960117513,0.511243319926776
FJI,2010,3449.14452883369,910419.0,4.345,0.0,9.658123112,0.503102200870021
FJI,2015,5097.53106864695,918578.0,4.288,0.0,10.35257778,0.492995354254242
FJI,2020,4620.6457238014,914963.0,5.054,0.0,10.43581724,0.450033303144246
FJI,2025,,,5.347,0.0,,
FRA,1990,21586.4674617483,58261012.0,,0.0,7.552529812,
FRA,1995,26791.8151982369,59541294.0,11.834,0.0,8.511590515,0.309070305843987
FRA,2000,22340.5939516217,60918661.0,10.218,0.0,9.470651218,0.30798866533817
FRA,2005,34696.3718316971,63180854.0,8.882,0.0,10.31739044,0.307594723249661
FRA,2010,40694.8211697025,65026211.0,9.279,0.0,10.7787199,0.30505265421119
FRA,2015,36702.4323733379,66548272.0,10.354,0.0,11.33419037,0.303791829266957
FRA,2020,39169.8606000707,67601110.0,8.009,0.0,11.68859246,0.30235527872919
FRA,2025,,,7.542,0.0,,
FRO,1990,20125.7940710069,47740.0,,0.0,,
FRO,1995,20669.2052425004,43611.0,,0.0,,
FRO,2000,23322.7593357515,45754.0,,0.0,,
FRO,2005,36389.081644098,48359.0,,0.0,,
FRO,2010,47923.1515374991,48657.0,,0.0,,
FRO,2015,52637.1903526574,48899.0,,0.0,,
FRO,2020,62243.1905561324,52565.0,,0.0,,
FSM,1990,1459.04369201491,100888.0,,0.0,,
FSM,1995,1995.19190194111,110230.0,,0.0,,0.654539777214139
FSM,2000,2049.3453246655,112044.0,,0.0,7.80353371,0.650416674169183
FSM,2005,2207.16844533875,111412.0,,0.0,7.659678224,0.644602381695355
FSM,2010,2702.61165204772,107540.0,,0.0,7.518474665,0.63213970266469
FSM,2015,2853.07643587028,108716.0,,0.0,7.37956564,0.623703472486274
FSM,2020,3362.02802120524,110916.0,,0.0,7.33252398,0.614878872023787
GAB,1990,6050.71468999523,983734.0,,0.0,4.32,
GAB,1995,4414.8755828572,1123213.0,17.388,0.0,5.22,0.458436304591431
GAB,2000,3982.906200928,1275572.0,17.848,2.0,6.15,0.455186413769192
GAB,2005,6547.87613955186,1463495.0,16.91,1.0,6.92,0.448453374637991
GAB,2010,8356.74662013345,1719879.0,20.39,0.0,7.57,0.438608489824362
GAB,2015,7047.12654634355,2040989.0,19.943,0.0,8.98,0.432385877051942
GAB,2020,6605.80346077565,2322539.0,21.279,1.0,9.55,0.447515955929616
GAB,2025,,,20.154,0.0,,
GBR,1990,19095.4669984608,57247586.0,,1.0,9.635440148,
GBR,1995,23252.6157127423,58019030.0,8.694,0.0,10.0803197,0.272974836478802
GBR,2000,28383.8761094996,58892514.0,5.558,0.0,10.69881079,0.271753689689661
GBR,2005,42240.2462987547,60401206.0,4.884,0.0,11.96834514,0.274699996375347
GBR,2010,39778.3220528565,62766365.0,7.973,0.0,13.21277046,0.282892225941665
GBR,2015,45255.3449216209,65088000.0,5.552,0.0,12.97976335,0.284203905039491
GBR,2020,40812.6794663879,66744000.0,4.472,0.0,13.4061203,0.283795312688125
GBR,2025,,,4.746,0.0,,
GEO,1990,1610.98027146868,4802000.0,,0.0,,
GEO,1995,578.336923460866,4657722.0,7.6,0.0,,0.431288923036761
GEO,2000,749.908534993961,4077131.0,10.82,0.0,11.80588996,0.417870366374973
GEO,2005,1642.78359414797,3902469.0,13.81,0.0,12.09244204,0.409816699784714
GEO,2010,3281.72930937343,3786695.0,20.203,0.0,12.38091183,0.415520691675478
GEO,2015,4086.6223465965,3725276.0,16.506,0.0,12.71645498,0.421280679403647
GEO,2020,4300.85701291207,3722716.0,11.734,0.0,12.78220336,0.394872811578432
GEO,2025,,,12.097,0.0,,
GHA,1990,382.54246368354,15394648.0,,1.0,5.506158276,
GHA,1995,371.537243033836,17399017.0,6.484,0.0,6.347221149,0.50460940777798
GHA,2000,253.746936203344,19637087.0,10.456,1.0,6.874287216,0.515009016217601
GHA,2005,478.611909191028,22449438.0,5.816,0.0,7.188284022,0.517937826980959
GHA,2010,1263.89251760539,25474995.0,5.384,0.0,7.580780029,0.500951492895791
GHA,2015,1722.77282833606,28696068.0,6.806,0.0,6.537722928,0.484880125500708
GHA,2020,2195.45481659987,31887809.0,3.178,0.0,6.432318439,0.450118941605553
GHA,2025,,,2.979,0.0,,
GIB,1990,,27200.0,,0.0,,
GIB,1995,,27377.0,,0.0,,
GIB,2000,,27709.0,,0.0,,
GIB,2005,,29163.0,,0.0,,
GIB,2010,,31248.0,,0.0,,
GIB,2015,,33193.0,,0.0,,
GIB,2020,,36173.0,,0.0,,
GIN,1990,604.304422702532,6434374.0,,0.0,1.313318515,
GIN,1995,713.031460558683,7553249.0,4.494,1.0,1.37776584,0.548816349151806
GIN,2000,518.157066924026,8428832.0,4.586,0.0,1.445638537,0.549390303114276
GIN,2005,463.17768685098,9245844.0,4.814,0.0,1.513899267,0.535627516525923
GIN,2010,659.235326211315,10396086.0,5.018,0.0,1.582159996,0.529022512406963
GIN,2015,747.356966759448,11767070.0,5.15,1.0,2.451784968,0.53729209085648
GIN,2020,1053.66097696415,13371183.0,6.007,1.0,2.35910296,0.523691331178741
GIN,2025,,,5.163,0.0,,
GMB,1990,300.639895740381,1054696.0,,0.0,1.395152942,
GMB,1995,621.681391269646,1264313.0,10.153,0.0,2.025222012,0.559390564603626
GMB,2000,538.054072348854,1455084.0,9.722,0.0,2.238995447,0.556102860129279
GMB,2005,616.483657865348,1667037.0,9.92,0.0,2.655291083,0.557459540874567
GMB,2010,801.033372714536,1926630.0,9.673,0.0,3.172847819,0.551765235483507
GMB,2015,619.536364296461,2224529.0,7.226,0.0,3.782620955,0.540534437775384
GMB,2020,720.335143352133,2515733.0,5.84,0.0,4.512420177,0.502406628923352
GMB,2025,,,6.521,0.0,,
GNB,1990,651.337640650994,973669.0,,0.0,,
GNB,1995,589.487023081945,1119949.0,3.126,0.0,,0.652598868272002
GNB,2000,316.945495037639,1234741.0,3.358,0.0,,0.650280744204263
GNB,2005,463.073962650452,1381585.0,3.184,0.0,2.148568167,0.646145532378549
GNB,2010,600.194298540768,1566347.0,3.121,0.0,2.8608545,0.644852314748957
GNB,2015,645.066837207039,1786457.0,3.168,0.0,3.4950382,0.630996398204367
GNB,2020,846.915855715971,2013255.0,2.887,0.0,3.673035,0.626876920781622
GNB,2025,,,2.673,0.0,,
GNQ,1990,236.402188376265,474274.0,,0.0,,
GNQ,1995,248.314896208855,571264.0,7.16,0.0,,0.42909834649644
GNQ,2000,1487.3165506701,703279.0,7.444,0.0,6.393709877,0.432910534522515
GNQ,2005,8673.9026086535,947367.0,7.667,0.0,6.860717772,0.418045269840788
GNQ,2010,13720.1658723222,1189085.0,7.847,0.0,7.361836749,0.416496967551879
GNQ,2015,9068.91003238645,1453923.0,7.778,0.0,7.8949564,0.413039652481964
GNQ,2020,5764.05502912947,1716468.0,8.625,0.0,8.281327014,0.412548614523763
GNQ,2025,,,8.337,0.0,,
GRC,1990,9466.66238502174,10196792.0,,0.0,7.580366438,
GRC,1995,12779.081491606,10562153.0,10.116,0.0,8.30107723,0.34405984184979
GRC,2000,11638.2010697215,10805808.0,11.345,0.0,9.024448565,0.341028019962992
GRC,2005,22054.1315756886,10987314.0,10.074,0.0,9.747819901,0.337500021952316
GRC,2010,26653.0488008626,11121341.0,12.719,0.0,10.20827007,0.34021467097093
GRC,2015,17980.7298238137,10820883.0,24.981,0.0,10.74370956,0.341530399105538
GRC,2020,17886.733165236,10698599.0,15.899,0.0,11.40853024,0.337701141135621
GRC,2025,,,8.54,0.0,,
GRD,1990,2782.18396873619,99957.0,,0.0,,
GRD,1995,3294.26988339657,103869.0,,0.0,,0.409505456406625
GRD,2000,4839.82811114248,107451.0,,0.0,,0.402897200128833
GRD,2005,6338.56011405358,109734.0,,0.0,9.635296401,0.394963980198127
GRD,2010,6909.60169568597,111586.0,,0.0,9.671022355,0.392527857064166
GRD,2015,8694.12438005692,114676.0,,0.0,9.70686484,0.38837697758839
GRD,2020,8968.55890108484,116341.0,,0.0,9.85796464,0.382642658533997
GRL,1990,18326.9295023252,55600.0,,0.0,,
GRL,1995,21665.8295173116,55800.0,,0.0,,
GRL,2000,19009.0774407515,56185.0,,0.0,,
GRL,2005,32489.7277309899,56935.0,,0.0,,
GRL,2010,44277.1993400972,56534.0,,0.0,,
GRL,2015,44536.3549705377,56114.0,,0.0,,
GRL,2020,54812.6661771023,56367.0,,0.0,,
GTM,1990,847.688561830359,9024773.0,,1.0,3.192767468,
GTM,1995,1421.06177809796,10312996.0,2.117,1.0,3.569618711,0.486995796917923
GTM,2000,1648.96578971559,11697592.0,2.143,0.0,3.915065683,0.479716828715696
GTM,2005,2046.46611650758,13087629.0,3.059,0.0,3.701767564,0.474321039191354
GTM,2010,2805.25960237322,14500112.0,3.497,0.0,4.418093443,0.46295386689133
GTM,2015,3893.50533299068,15971743.0,2.506,0.0,4.933569908,0.455988373171809
GTM,2020,4477.61785000665,17357325.0,2.965,0.0,5.668648013,0.444173628515658
GTM,2025,,,2.604,0.0,,
GUM,1990,,138610.0,,0.0,,
GUM,1995,,150054.0,7.9,0.0,,
GUM,2000,,160065.0,15.32,0.0,,
GUM,2005,25631.9776108052,164365.0,7.0,0.0,,
GUM,2010,29719.7967836082,166522.0,8.2,0.0,,
GUM,2015,35165.7014644795,164905.0,6.9,0.0,,
GUM,2020,36482.9363953675,162158.0,6.241,0.0,,
GUM,2025,,,5.569,0.0,,
GUY,1990,528.851095342994,749894.0,,0.0,5.273218506,
GUY,1995,819.668541584905,758388.0,11.566,0.0,5.62372786,0.482607252254836
GUY,2000,931.796651718955,764832.0,11.917,0.0,6.013182698,0.478611861553656
GUY,2005,1084.06541388904,760914.0,11.085,0.0,6.552184666,0.488094347887306
GUY,2010,4581.76179693492,749256.0,11.632,0.0,7.268775687,0.482303636706171
GUY,2015,5640.41560569466,758781.0,13.009,0.0,7.985366709,0.467054293469407
GUY,2020,6775.70939096303,807481.0,15.308,0.0,8.627408726,0.432243067052343
GUY,2025,,,11.962,0.0,,
HKG,1990,13485.6314525052,5704500.0,,0.0,8.675597279,
HKG,1995,23497.3920767477,6156100.0,3.22,0.0,9.586832237,
HKG,2000,25756.7728723704,6665000.0,4.92,0.0,10.26156406,
HKG,2005,26649.637724155,6813200.0,5.58,0.0,10.87624388,
HKG,2010,32550.136489179,7024200.0,4.329,0.0,11.40386009,
HKG,2015,42432.1619740441,7291300.0,3.314,0.0,12.02414989,
HKG,2020,46109.2299946609,7481000.0,5.808,0.0,12.26672967,
HKG,2025,,,2.799,0.0,,
HND,1990,749.818113552631,4980488.0,,1.0,3.867753515,
HND,1995,814.049075569071,5739637.0,3.24,0.0,4.266304229,0.46435117440417
HND,2000,1092.56400746252,6577773.0,3.883,0.0,4.601449147,0.461945521374361
HND,2005,1304.70039153826,7478355.0,4.909,0.0,4.936594065,0.473814129592957
HND,2010,1893.32722662035,8365878.0,4.119,0.0,5.425169826,0.461660467261135
HND,2015,2271.20265980349,9237305.0,6.147,0.0,6.294149876,0.451022860681871
HND,2020,2307.61494319511,10119640.0,10.982,0.0,7.296200514,0.449930025737947
HND,2025,,,4.92,0.0,,
HPC,1990,457.468692315205,361657937.0,,0.0,,
HPC,1995,337.597287128306,418830100.0,4.98342281731573,0.0,,
HPC,2000,377.459385908018,481984327.0,5.14077341492919,0.0,,
HPC,2005,519.647933058567,555358929.0,4.68888744539656,0.0,,
HPC,2010,812.08054988398,638796398.0,4.78364031173157,0.0,,
HPC,2015,917.296109229182,735429414.0,4.41918817317726,0.0,,
HPC,2020,962.590226473892,847743308.0,5.01828149435176,0.0,,
HPC,2025,,,4.14029129900976,0.0,,
HRV,1990,5369.10978590681,4777368.0,,0.0,6.569557049,
HRV,1995,4929.05772183424,4620030.0,10.007,2.0,8.088663864,0.38767835334534
HRV,2000,4953.65158789022,4468302.0,16.064,0.0,9.620868969,0.386739308816045
HRV,2005,10443.5278353294,4310145.0,12.598,0.0,10.41395016,0.384563288077107
HRV,2010,13729.7654965022,4295427.0,11.62,0.0,11.02225037,0.382246387784292
HRV,2015,12283.7840620053,4151725.0,16.15,0.0,11.65574329,0.377882432091323
HRV,2020,14807.5608543265,3914206.0,7.389,0.0,12.32871821,0.374130817488851
HRV,2025,,,5.002,0.0,,
HTI,1990,451.720249689216,6854441.0,,0.0,2.680190065,
HTI,1995,372.006104665125,7562546.0,7.51,0.0,3.188330189,0.528663058879269
HTI,2000,820.600046761464,8303151.0,8.443,0.0,3.73632444,0.526409210391222
HTI,2005,775.845704056916,9061273.0,14.559,0.0,4.274355159,0.525837583303478
HTI,2010,1209.72733503094,9803294.0,15.244,0.0,4.722714092,0.518890791279462
HTI,2015,1411.12684746796,10523242.0,13.785,0.0,5.230854216,0.515661068123873
HTI,2020,1290.32538667383,11243848.0,15.573,0.0,5.609468426,0.510701832457002
HTI,2025,,,14.944,0.0,,
HUN,1990,3323.53967237633,10373988.0,,0.0,9.479980469,
HUN,1995,4509.41740910077,10328965.0,10.168,0.0,9.825443788,0.369410471072676
HUN,2000,4629.91760812548,10210971.0,6.563,0.0,10.17090711,0.369705138693276
HUN,2005,11212.2046968994,10087065.0,7.189,0.0,10.83236027,0.36842501303264
HUN,2010,13189.8433874768,10000023.0,11.172,0.0,11.88173008,0.362719171450801
HUN,2015,12782.9412577973,9797755.0,6.813,0.0,11.84778976,0.351230826683014
HUN,2020,16386.9308821258,9670419.0,4.248,0.0,12.24958992,0.353562651392138
HUN,2025,,,4.521,0.0,,
IBD,1990,1055.09810400631,3455533853.0,,0.0,,
IBD,1995,1337.83541223494,3728290191.0,5.93858823293217,0.0,,
IBD,2000,1477.69257780304,3983328255.0,6.5378671665525,0.0,,
IBD,2005,2300.5592081511,4214082145.0,6.7433312220245,0.0,,
IBD,2010,4561.25191754242,4436714947.0,6.38041154792517,0.0,,
IBD,2015,5546.04775275527,4676773551.0,6.30417535482962,0.0,,
IBD,2020,6191.51088391849,4878296727.0,6.95128407575739,0.0,,
IBD,2025,,,4.97734579110731,0.0,,
IBT,1990,929.094250911922,4330689753.0,,0.0,,
IBT,1995,1156.75815715113,4727566480.0,5.63084309726097,0.0,,
IBT,2000,1251.80798458527,5116723507.0,6.13803612006999,0.0,,
IBT,2005,1919.70312051472,5492481030.0,6.23533050464378,0.0,,
IBT,2010,3715.56679095123,5876645582.0,5.89329023432406,0.0,,
IBT,2015,4474.43525326247,6280961830.0,5.89251378910782,0.0,,
IBT,2020,4923.57218418891,6666470352.0,6.61362546144519,0.0,,
IBT,2025,,,4.84304079329494,0.0,,
IDA,1990,432.610564539922,875155900.0,,0.0,,
IDA,1995,482.313584865841,999276289.0,4.23074966396405,0.0,,
IDA,2000,458.298938832863,1133395252.0,4.41870677984127,0.0,,
IDA,2005,664.73305755977,1278398885.0,4.15643714559074,0.0,,
IDA,2010,1109.84138279455,1439930635.0,4.04765745305091,0.0,,
IDA,2015,1350.30758062231,1604188279.0,4.42584800452486,0.0,,
IDA,2020,1464.52261402905,1788173625.0,5.51885638627426,0.0,,
IDA,2025,,,4.42787371896187,0.0,,
IDB,1990,529.418516423727,300366368.0,,0.0,,
IDB,1995,774.076600795021,345327214.0,3.69403538353833,0.0,,
IDB,2000,619.821306002405,394129957.0,3.82333592364451,0.0,,
IDB,2005,957.94448356121,447132945.0,3.2286448044491,0.0,,
IDB,2010,1535.29922315138,508422508.0,3.14320402026914,0.0,,
IDB,2015,1947.85246838642,567234056.0,4.00215322009935,0.0,,
IDB,2020,2008.89632662853,626440308.0,5.79415278844651,0.0,,
IDB,2025,,,4.42715825954522,0.0,,
IDN,1990,578.420121135382,183501098.0,,1.0,3.219540119,
IDN,1995,1011.22614205568,199888057.0,4.611,0.0,4.586630762,0.49215156596441
IDN,2000,763.711124950924,216077790.0,6.077,1.0,5.953721404,0.481927436978279
IDN,2005,1238.21447629488,230871650.0,7.945,1.0,7.320812047,0.479714819986965
IDN,2010,3065.68348377765,246305322.0,5.614,0.0,7.41217494,0.473221196441619
IDN,2015,3288.22269725538,261799249.0,4.514,0.0,7.914480209,0.467663143358327
IDN,2020,3853.70288774146,274814866.0,4.255,1.0,8.556509972,0.433889961873767
IDN,2025,,,3.237,0.0,,
IDX,1990,384.071674996326,574789532.0,,0.0,,
IDX,1995,326.305726823977,653949075.0,4.50759315235961,0.0,,
IDX,2000,372.859415968736,739265295.0,4.73257287195726,0.0,,
IDX,2005,507.001767833477,831265940.0,4.65145396689018,0.0,,
IDX,2010,877.624039786351,931508127.0,4.54192222128241,0.0,,
IDX,2015,1023.43894668408,1036954223.0,4.66372876139455,0.0,,
IDX,2020,1170.98051516892,1161733317.0,5.36669055791166,0.0,,
IDX,2025,,,4.42829541893749,0.0,,
IMN,1990,11049.8949396235,68916.0,,0.0,,
IMN,1995,12896.5252829716,71513.0,,0.0,,
IMN,2000,21161.3963073772,75659.0,,0.0,,
IMN,2005,38135.8597885858,79516.0,,0.0,,
IMN,2010,70587.3140283741,83873.0,,0.0,,
IMN,2015,84753.5187422732,83593.0,,0.0,,
IMN,2020,79513.5330346598,84064.0,,0.0,,
IND,1990,371.085936203765,864972221.0,,2.0,2.78157628,
IND,1995,375.17600537305,960301044.0,7.57,1.0,3.298423224,0.548878348836063
IND,2000,442.750218937263,1057922733.0,7.589,2.0,4.144172769,0.544048470561385
IND,2005,710.488080408949,1154676322.0,7.551,2.0,4.529458673,0.531487592740426
IND,2010,1347.51939071367,1243481564.0,7.631,1.0,5.065100051,0.522110320005941
IND,2015,1583.99815907985,1328024498.0,7.629,1.0,5.690693951,0.518057575773201
IND,2020,1907.04251637669,1402617695.0,7.859,1.0,6.494880199,0.48869332276509
IND,2025,,,4.219,0.0,,
IRL,1990,14031.3025675469,3513974.0,,0.0,6.995905683,
IRL,1995,19158.4564773907,3608841.0,11.97,0.0,8.269667387,0.337167365869832
IRL,2000,26334.5672050501,3805174.0,4.318,0.0,9.552201688,0.335424599763907
IRL,2005,50933.0216095589,4159914.0,4.237,0.0,10.83473599,0.330640159766523
IRL,2010,48623.9666422487,4560155.0,14.534,0.0,11.56933022,0.320175150067269
IRL,2015,64250.1385181257,4701957.0,9.908,0.0,11.28944651,0.317270170163786
IRL,2020,86514.0706108754,5039747.0,5.623,0.0,11.6569568,0.310103621124889
IRL,2025,,,4.632,0.0,,
IRN,1990,2137.94222739877,58380092.0,,1.0,5.738566289,
IRN,1995,1550.0095955025,62205567.0,9.904,0.0,7.152810114,0.397906984743312
IRN,2000,1650.01385833785,66418659.0,11.698,1.0,8.458265952,0.392284957717561
IRN,2005,3132.0508192007,71828455.0,11.813,1.0,9.559744316,0.370460259024065
IRN,2010,6291.19443655454,77420842.0,13.679,1.0,9.711139679,0.368678956742411
IRN,2015,4952.73355532178,82619362.0,11.166,0.0,10.21497011,0.371672637609258
IRN,2020,3202.50003502169,87723443.0,9.687,1.0,10.74618321,0.373429564717406
IRN,2025,,,8.301,0.0,,
IRQ,1990,10261.4157706888,17581206.0,,2.0,3.579930663,
IRQ,1995,619.135530927038,20825860.0,8.431,1.0,4.679721274,0.449769023081593
IRQ,2000,1980.18916038782,24424056.0,8.038,0.0,5.656066,0.449509626817547
IRQ,2005,1762.39360423421,28407448.0,8.57,2.0,6.067209333,0.454941283148103
IRQ,2010,4461.75196161555,31045366.0,8.267,1.0,6.459538,0.447646681732774
IRQ,2015,4440.14189252367,37560535.0,10.865,2.0,6.623238443,0.438285422656225
IRQ,2020,4295.18945121228,42116605.0,15.766,1.0,6.811878947,0.436629305452447
IRQ,2025,,,15.485,0.0,,
ISL,1990,26272.2452156659,254826.0,,0.0,10.51085085,
ISL,1995,27564.569102386,267468.0,5.196,0.0,11.09478701,0.348322104812211
ISL,2000,32503.578963236,281205.0,1.936,0.0,11.74084404,0.341193981756126
ISL,2005,57783.7745608117,296734.0,2.547,0.0,12.47387028,0.335441019276619
ISL,2010,43776.4677400475,318041.0,7.564,0.0,12.9215451,0.326859731103178
ISL,2015,53505.6964079339,330815.0,3.979,0.0,13.36921992,0.326520719641847
ISL,2020,60127.9393575616,366463.0,5.478,0.0,13.76716995,0.322874515074335
ISL,2025,,,3.625,0.0,,
ISR,1990,13308.311060238,4660000.0,,1.0,9.903128995,
ISR,1995,19025.6840502517,5545000.0,8.782,1.0,10.23532825,0.328574530769186
ISR,2000,21706.5194056329,6289000.0,11.102,1.0,10.59446257,0.325760943795057
ISR,2005,21286.8388636595,6930100.0,11.342,1.0,11.27696466,0.319587362339404
ISR,2010,31439.0887027614,7623600.0,8.48,1.0,12.4951601,0.31601240336029
ISR,2015,36213.1041481958,8380100.0,5.176,0.0,12.9602499,0.308298154223026
ISR,2020,44575.5719045492,9215100.0,4.169,0.0,13.44279092,0.301807943509641
ISR,2025,,,3.489,0.0,,
ITA,1990,20873.7834092719,56719240.0,,0.0,7.439056506,
ITA,1995,20712.1798690324,56844303.0,11.661,0.0,8.0921424,0.346280179263349
ITA,2000,20190.0035636084,56942108.0,10.834,0.0,8.75543276,0.348661186110748
ITA,2005,32062.723833669,58166682.0,7.73,0.0,9.271820068,0.345366321508079
ITA,2010,35856.8625485539,59819407.0,8.363,0.0,9.82297039,0.347474459298935
ITA,2015,30639.8829751432,60229605.0,11.896,0.0,10.3059597,0.345616055244561
ITA,2020,32091.4866621366,59438851.0,9.192,0.0,10.7401104,0.345982289338979
ITA,2025,,,6.391,0.0,,
JAM,1990,1929.59891905857,2379877.0,,0.0,6.683423858,
JAM,1995,2630.84935382822,2500151.0,6.325,0.0,7.100741959,0.449463686861395
JAM,2000,3453.09252800226,2607826.0,6.752,0.0,7.519082046,0.443493710736795
JAM,2005,4184.43974867497,2687066.0,6.577,0.0,7.937422132,0.440948325843114
JAM,2010,4809.977380312,2748568.0,7.63,0.0,8.355762219,0.441736235148068
JAM,2015,5339.30718256806,2802534.0,8.825,0.0,8.789758241,0.430955752193971
JAM,2020,5299.04530804283,2830739.0,6.501,0.0,9.248188719,0.427775665388445
JAM,2025,,,3.286,0.0,,
JOR,1990,1148.59005469899,3621908.0,,0.0,5.005190277,
JOR,1995,1415.71151592128,4752096.0,14.6,0.0,6.397109859,0.415892882194316
JOR,2000,1570.61002940477,5386945.0,13.7,0.0,7.360013131,0.410571276660786
JOR,2005,2087.87079273635,6029587.0,14.8,0.0,8.489721775,0.406724056782132
JOR,2010,3718.46571622945,7297043.0,12.5,0.0,9.605540276,0.39984409503661
JOR,2015,4042.75678097555,9544729.0,13.075,0.0,10.37561117,0.392262859652343
JOR,2020,4022.0401356135,10865228.0,19.213,0.0,10.44668007,0.366987768240225
JOR,2025,,,16.535,0.0,,
JPN,1990,25801.3950393094,123478000.0,,0.0,11.6402998,
JPN,1995,44197.6191013908,125472000.0,3.15,0.0,11.86269975,0.369462202451391
JPN,2000,39169.3595701504,126843000.0,4.748,0.0,12.0850997,0.367986944634191
JPN,2005,37812.8950199948,127773000.0,4.446,0.0,12.30749965,0.367570601102053
JPN,2010,44968.1562349739,128070000.0,5.102,0.0,12.5298996,0.367505643427962
JPN,2015,34960.6393843385,127141000.0,3.385,0.0,12.59956503,0.372984956094936
JPN,2020,40028.7341726762,126261000.0,2.809,0.0,12.66923046,0.370642210417419
JPN,2025,,,2.451,0.0,,
KAZ,1990,1570.00883112591,17154054.0,,0.0,7.497319287,
KAZ,1995,1217.79138769863,16730536.0,10.98,0.0,8.633558981,0.346484802526762
KAZ,2000,1180.0444563226,15501103.0,12.75,0.0,9.782702446,0.332095900544977
KAZ,2005,3577.35804001782,15968117.0,8.13,0.0,11.02071476,0.331052803678764
KAZ,2010,8793.07589980782,16836810.0,5.77,0.0,11.17743635,0.319572382395244
KAZ,2015,10196.1226255982,18084169.0,4.93,0.0,11.99777031,0.315080787979318
KAZ,2020,8781.50797787648,19482117.0,4.89,0.0,12.43337895,0.323113712247513
KAZ,2025,,,4.771,0.0,,
KEN,1990,374.458992895562,22892651.0,,0.0,3.840729596,
KEN,1995,340.064842175429,26601751.0,2.848,0.0,4.687342034,0.533783866218428
KEN,2000,414.626365130846,30642890.0,2.884,0.0,5.430709053,0.530739943193772
KEN,2005,523.456312433863,35796484.0,2.739,0.0,6.0088834,0.519940367455903
KEN,2010,1091.51873101194,41598567.0,2.793,0.0,5.818039894,0.530607826947682
KEN,2015,1489.11959777284,47088526.0,2.762,1.0,7.027273231,0.507103424779244
KEN,2020,1927.66459027849,52217334.0,5.613,1.0,7.686359882,0.501027549974578
KEN,2025,,,5.449,0.0,,
KGZ,1990,605.798144966488,4391236.0,,0.0,9.171267886,
KGZ,1995,364.250365258345,4560454.0,1.539,0.0,9.749829178,0.364596757642604
KGZ,2000,279.621738464365,4898362.0,2.143,0.0,10.34707279,0.358009809877965
KGZ,2005,476.548193640077,5162640.0,2.816,0.0,10.63333817,0.352467697608272
KGZ,2010,876.954476440354,5467059.0,3.503,0.0,10.96170372,0.34961288766959
KGZ,2015,1105.65193844261,6040036.0,4.138,0.0,11.45847003,0.345941674048602
KGZ,2020,1229.51766602907,6726596.0,5.945,0.0,11.96131992,0.314194916564335
KGZ,2025,,,3.526,0.0,,
KHM,1990,190.181470036159,7374752.0,,1.0,2.814247517,
KHM,1995,343.485224671585,10018497.0,0.973,1.0,3.086256571,0.52750935323963
KHM,2000,296.426687526334,12462336.0,0.745,0.0,3.368727511,0.530449416316156
KHM,2005,525.797325120926,13439202.0,1.061,0.0,3.682584112,0.520857076599179
KHM,2010,952.274616324008,14500726.0,0.771,0.0,3.869265985,0.514246408905555
KHM,2015,1547.32010444393,15623251.0,0.393,0.0,3.674109936,0.499517580481561
KHM,2020,2081.73914242939,16725474.0,0.172,0.0,4.997735023,0.482008048986107
KHM,2025,,,0.263,0.0,,
KIR,1990,488.067527876014,74855.0,,0.0,,
KIR,1995,844.429605862723,81234.0,,0.0,,0.611139432867904
KIR,2000,845.367240231973,88613.0,,0.0,7.541033476,0.60833012327588
KIR,2005,1161.78341739977,98035.0,,0.0,7.944023696,0.593680060936617
KIR,2010,1522.10068744154,108704.0,,0.0,8.368549574,0.603662204318522
KIR,2015,1639.85274740652,116815.0,,0.0,8.812944018,0.575806953663838
KIR,2020,1751.78249168214,126099.0,,0.0,9.128581569,0.581202639047021
KNA,1990,5373.44824048425,40432.0,,0.0,,
KNA,1995,7406.44486096454,42326.0,,0.0,,
KNA,2000,9319.65545093525,45248.0,,0.0,,
KNA,2005,11783.7867154145,46437.0,,0.0,8.524296424,
KNA,2010,16622.9457908577,46846.0,,0.0,9.625018683,
KNA,2015,20328.8003530109,47087.0,,0.0,10.8494008,
KNA,2020,18859.0190361046,46870.0,,0.0,10.8494008,
KOR,1990,6812.9019416767,42869283.0,,0.0,9.27328968,
KOR,1995,13001.7205867019,45092991.0,2.063,0.0,9.997329712,0.380748897537267
KOR,2000,12710.2995795579,47008111.0,4.063,0.0,10.62178993,0.372476055944394
KOR,2005,20167.0474902506,48184561.0,3.482,0.0,11.24357033,0.367749436199395
KOR,2010,24071.2620526362,49554112.0,3.324,0.0,11.6382103,0.365382540578891
KOR,2015,30171.7906545222,51014947.0,3.546,0.0,12.11633015,0.362199318028219
KOR,2020,33645.7719545073,51836239.0,3.931,0.0,12.61409234,0.358261559932701
KOR,2025,,,2.683,0.0,,
KWT,1990,10937.5415268808,1684819.0,,0.0,5.641944529,
KWT,1995,16168.165602374,1681513.0,0.694,0.0,5.826254877,0.393134662521706
KWT,2000,19296.3471698729,1954709.0,0.8,0.0,6.215354499,0.390300569819823
KWT,2005,36122.6142741227,2236788.0,1.455,0.0,6.112959862,0.387013084764283
KWT,2010,39212.252220155,2943372.0,1.82,0.0,6.849144936,0.370607065240307
KWT,2015,29882.2126495698,3834574.0,2.2,0.0,7.072740078,0.364457578675469
KWT,2020,25236.0755848941,4400267.0,3.489,0.0,7.441742908,0.36631503152348
KWT,2025,,,2.181,0.0,,
LAC,1990,2437.12236336699,392413347.0,,0.0,,
LAC,1995,3935.86606689693,428268339.0,7.81147543178074,0.0,,
LAC,2000,4290.89542947118,462953688.0,9.19337642576303,0.0,,
LAC,2005,4960.44969790137,494006571.0,8.05335882665772,0.0,,
LAC,2010,8637.63171485475,523147480.0,7.1381647976514,0.0,,
LAC,2015,8308.73911709951,551075145.0,6.67695090020011,0.0,,
LAC,2020,6904.27677369596,578091505.0,10.2091587750212,0.0,,
LAC,2025,,,5.28568569134171,0.0,,
LAO,1990,200.7349054896,4311955.0,,1.0,3.365593212,
LAO,1995,357.758162193406,4929409.0,2.6,0.0,3.888403808,0.540624189710998
LAO,2000,318.749852236965,5431212.0,2.045,0.0,4.247836093,0.532734526670757
LAO,2005,466.061506997741,5869523.0,1.35,0.0,4.607268378,0.519726331169697
LAO,2010,1125.91610151261,6334194.0,0.708,0.0,4.97759255,0.497905554435069
LAO,2015,2121.01339097363,6801645.0,2.006,0.0,5.478619371,0.480034054839762
LAO,2020,2583.77730696131,7346533.0,2.349,0.0,5.94697053,0.473526589103988
LAO,2025,,,1.187,0.0,,
LBN,1990,789.526338484738,3595175.0,,1.0,,
LBN,1995,2958.74263957462,3960735.0,8.421,0.0,,0.444186287964736
LBN,2000,3986.83513941026,4329340.0,8.641,0.0,,0.436622019619555
LBN,2005,4602.19804637945,4671102.0,8.249,0.0,7.967203308,0.433398074715949
LBN,2010,7625.81051551165,5041288.0,6.768,0.0,8.20476168,0.407485813279005
LBN,2015,7714.1099998804,6472469.0,9.312,1.0,8.448536586,0.408331011584624
LBN,2020,5561.19166950397,5702398.0,13.252,0.0,8.602969077,0.400321787922568
LBR,1990,172.867610123278,2223667.0,,0.0,2.648864266,
LBR,1995,62.1438140627579,2169162.0,2.588,0.0,3.158261241,0.542823227848794
LBR,2000,298.485340578945,2928117.0,2.018,1.0,3.525027062,0.542809021986681
LBR,2005,287.487333441381,3301015.0,2.413,0.0,3.851041126,0.566577551763671
LBR,2010,492.252808033724,4058890.0,2.266,0.0,4.16686725,0.571580968816011
LBR,2015,692.590082351257,4659431.0,2.557,0.0,4.615136587,0.565063678025369
LBR,2020,616.787867006715,5149463.0,4.102,0.0,5.318104412,0.542803418868902
LBR,2025,,,2.884,0.0,,
LBY,1990,6502.27886565421,4445239.0,,2.0,3.81,
LBY,1995,5205.25706378741,4906843.0,19.331,2.0,4.69,0.40624351665765
LBY,2000,7214.10040377084,5305021.0,19.275,2.0,5.58,0.40570485124712
LBY,2005,8079.24957329001,5858798.0,18.66,1.0,6.44,0.408274739066975
LBY,2010,11600.9068649472,6497839.0,19.321,2.0,7.31,0.409045741474971
LBY,2015,7458.48917756374,6531819.0,19.69,2.0,7.803179535,0.423752051475676
LBY,2020,6650.33810585348,7045399.0,19.651,1.0,7.77860643,0.416571853811644
LBY,2025,,,18.758,0.0,,
LCA,1990,4204.57161863111,137857.0,,0.0,6.565525952,
LCA,1995,5147.92024022295,148208.0,15.83,0.0,7.01506577,0.380589615893263
LCA,2000,5879.56191426207,158616.0,16.49,0.0,7.465810525,0.365136601276209
LCA,2005,6863.43641919345,165450.0,18.7,0.0,7.916555279,0.368420079530633
LCA,2010,8673.68720340529,170906.0,17.118,0.0,8.367300034,0.365771498251804
LCA,2015,10334.9860823918,174905.0,20.84,0.0,8.418726603,0.355218490386975
LCA,2020,8411.07474936367,178250.0,25.224,0.0,8.576973425,0.37902367256099
LCA,2025,,,9.452,0.0,,
LCN,1990,2511.4430414948,440958144.0,,0.0,,
LCN,1995,4035.5479526034,481309028.0,7.90486804676992,0.0,,
LCN,2000,4472.58404552831,520272118.0,9.4445224692252,0.0,,
LCN,2005,5229.89898425288,555120780.0,8.23739951394743,0.0,,
LCN,2010,9183.9687871441,587752505.0,7.21826756521545,0.0,,
LCN,2015,8547.2373391789,618868462.0,6.67695891386519,0.0,,
LCN,2020,7168.64740599577,645498186.0,10.214072797585,0.0,,
LCN,2025,,,5.45906708114628,0.0,,
LDC,1990,370.750124436065,519693837.0,,0.0,,
LDC,1995,289.905722080224,593609643.0,4.49940287771995,0.0,,
LDC,2000,333.363886094901,673630102.0,4.69028330186409,0.0,,
LDC,2005,487.199978520551,760741611.0,4.78617235413845,0.0,,
LDC,2010,831.532954611079,855348118.0,4.75657307667184,0.0,,
LDC,2015,982.894810600519,962508256.0,4.82634268692319,0.0,,
LDC,2020,1088.72161311357,1083636132.0,5.5984272213638,0.0,,
LDC,2025,,,4.66480928166506,0.0,,
LIE,1990,49457.5609343203,28742.0,,0.0,10.23800893,
LIE,1995,78909.7043377718,30776.0,,0.0,10.69199222,
LIE,2000,76087.911114202,32645.0,,0.0,11.14676952,
LIE,2005,105295.057027611,34753.0,,0.0,11.60154683,
LIE,2010,141089.812849014,36022.0,,0.0,11.75815288,
LIE,2015,167187.15730982,37494.0,,0.0,12.12160059,
LIE,2020,164671.093553454,38901.0,,0.0,12.351169,
LKA,1990,491.213686238493,16352458.0,,1.0,8.174521818,
LKA,1995,741.838255293455,17564068.0,12.27,0.0,9.076972237,0.481387701840353
LKA,2000,860.199884304769,19293054.0,7.74,0.0,10.12633319,0.473279171509937
LKA,2005,1207.21994764165,20216524.0,7.67,1.0,10.12732724,0.472220850832846
LKA,2010,2808.36244503709,20879089.0,4.784,0.0,10.23958833,0.485946070926864
LKA,2015,4057.7158346231,20970000.0,4.519,0.0,10.46438163,0.486210154954436
LKA,2020,3847.60137695639,21919000.0,5.364,0.0,10.82730007,0.449226418157685
LKA,2025,,,4.005,0.0,,
LMY,1990,805.876785600705,4049620054.0,,0.0,,
LMY,1995,1054.98612211496,4434718175.0,5.38296480095666,0.0,,
LMY,2000,1178.01096453065,4814250279.0,5.84310963310359,0.0,,
LMY,2005,1736.10100020162,5181562375.0,6.10189134627543,0.0,,
LMY,2010,3394.26296887076,5553257507.0,5.82874130267436,0.0,,
LMY,2015,4284.85686298442,5941222744.0,5.9151653043874,0.0,,
LMY,2020,4732.82727829687,6313913801.0,6.6636269031363,0.0,,
LMY,2025,,,4.91298327796184,0.0,,
LSO,1990,329.563785157203,1809696.0,,0.0,4.10912389,
LSO,1995,513.413448796175,1951437.0,15.797,0.0,4.523563424,0.500295791151531
LSO,2000,442.779545779081,2003913.0,16.169,0.0,4.999727995,0.489915934855403
LSO,2005,861.381496414995,1953076.0,16.031,0.0,6.040235761,0.492428602461518
LSO,2010,1119.47557793042,1996251.0,16.068,0.0,5.865997887,0.484480700311462
LSO,2015,1121.19851342518,2104611.0,16.223,0.0,6.690918064,0.474910779438472
LSO,2020,918.582574704447,2235727.0,18.385,0.0,7.545058784,0.472261194811491
LSO,2025,,,16.315,0.0,,
LTE,1990,1068.50986715113,1844718134.0,,0.0,,
LTE,1995,1551.58337876202,1952702058.0,4.47531718027036,0.0,,
LTE,2000,1677.20655312269,2043581322.0,5.29485034456226,0.0,,
LTE,2005,2939.98271894785,2112603351.0,5.63125210477498,0.0,,
LTE,2010,6276.4619904196,2179525352.0,5.25181815855478,0.0,,
LTE,2015,8331.63270803563,2256126712.0,5.11139944235291,0.0,,
LTE,2020,9873.93519864422,2316152451.0,5.93153762506637,0.0,,
LTE,2025,,,4.49842503652739,0.0,,
LTU,1990,,3697838.0,,0.0,9.163519754,
LTU,1995,2182.69156931505,3629102.0,17.54,0.0,10.02988889,0.39564361240369
LTU,2000,3300.63634928559,3499536.0,15.931,0.0,10.95179452,0.390458043094112
LTU,2005,7857.03148786492,3322528.0,8.325,0.0,11.87370014,0.382420394803656
LTU,2010,11829.122609457,3097282.0,17.814,0.0,12.45812035,0.378214843895439
LTU,2015,14269.8039878287,2911109.0,9.12,0.0,12.95541,0.369055123482001
LTU,2020,20428.6478157394,2810369.0,8.487,0.0,13.49810028,0.369678958836297
LTU,2025,,,6.731,0.0,,
LUX,1990,33465.478207919,381850.0,,0.0,8.820647886,
LUX,1995,51032.349635318,408625.0,2.918,0.0,9.68886795,0.315634137794362
LUX,2000,48659.5988753233,436300.0,2.345,0.0,10.56040277,0.314379707311848
LUX,2005,80988.1376230858,465158.0,4.488,0.0,11.44428492,0.308840318140307
LUX,2010,110885.991378721,506953.0,4.423,0.0,12.83508015,0.307441884713422
LUX,2015,105462.012584423,569604.0,6.796,0.0,12.45672989,0.303678209160099
LUX,2020,116860.02817236,630419.0,6.766,0.0,12.9600811,0.30823069807938
LUX,2025,,,6.343,0.0,,
LVA,1990,,2663151.0,,0.0,9.157942743,
LVA,1995,2256.77360387054,2485056.0,19.0,0.0,10.7690623,0.388061325851765
LVA,2000,3278.17896440803,2367550.0,14.211,0.0,11.47165579,0.380994721772019
LVA,2005,7283.78738127622,2238799.0,10.033,0.0,12.2501297,0.37609291378253
LVA,2010,11188.4191700977,2097555.0,19.482,0.0,12.56455994,0.366813811492158
LVA,2015,13321.9753140616,1977527.0,9.873,0.0,12.87024021,0.366959179724403
LVA,2020,17564.2321549354,1900449.0,8.098,0.0,13.33330305,0.365878712144315
LVA,2025,,,6.568,0.0,,
MAC,1990,9692.43538809962,334950.0,,0.0,,
MAC,1995,17215.1178522275,409300.0,3.581,0.0,,
MAC,2000,15731.4081633771,430600.0,6.874,0.0,,
MAC,2005,25681.2167315221,473500.0,4.158,0.0,,
MAC,2010,52596.2250160214,537000.0,2.84,0.0,,
MAC,2015,69902.9605741233,642900.0,1.81,0.0,,
MAC,2020,36883.6652578543,685400.0,2.542,0.0,,
MAC,2025,,,2.347,0.0,,
MAF,1990,,28224.0,,0.0,,
MAF,1995,,29470.0,,0.0,,
MAF,2000,,29996.0,,0.0,,
MAF,2005,,33928.0,,0.0,,
MAF,2010,,36856.0,,0.0,,
MAF,2015,,37369.0,,0.0,,
MAF,2020,,31786.0,,0.0,,
MAR,1990,1229.07104492188,24375551.0,,0.0,2.11,
MAR,1995,1466.78820800781,26399429.0,14.054,0.0,2.66,0.436078511617363
MAR,2000,1499.107421875,28423435.0,13.58,0.0,3.26,0.432142720967652
MAR,2005,2242.98828125,30358144.0,11.01,0.0,3.79,0.420183234493
MAR,2010,3067.9853515625,32467016.0,9.09,0.0,4.24,0.396514936440489
MAR,2015,3146.24780273438,34607588.0,9.46,0.0,5.38,0.387929474482901
MAR,2020,3268.0302734375,36584208.0,11.189,0.0,6.05,0.367890895438637
MAR,2025,,,9.0,0.0,,
MCO,1990,81734.8664968011,30358.0,,0.0,,
MCO,1995,99032.2375054091,31609.0,,0.0,,
MCO,2000,81789.0206522549,32455.0,,0.0,,
MCO,2005,130538.742587117,32210.0,,0.0,,
MCO,2010,161853.920622244,33163.0,,0.0,,
MCO,2015,170437.101188261,36757.0,,0.0,,
MCO,2020,176891.886538492,38050.0,,0.0,,
MDA,1990,1206.50208704977,2977912.0,,0.0,9.123799733,
MDA,1995,593.593177049161,2953200.0,5.3,0.0,9.777916401,0.4445581767613
MDA,2000,440.538683980372,2924668.0,8.539,0.0,10.27414284,0.449993109654637
MDA,2005,1034.39197746993,2888985.0,5.633,0.0,10.79292502,0.419031176180265
MDA,2010,2436.79935102421,2862354.0,2.972,0.0,11.4894104,0.410949955787504
MDA,2015,2749.55137054338,2835978.0,1.781,0.0,11.76515007,0.393627658923589
MDA,2020,4375.7788930524,2635130.0,1.206,0.0,11.8338152,0.393951500176275
MDA,2025,,,1.505,0.0,,
MDG,1990,326.099253221978,12055639.0,,2.0,,
MDG,1995,273.149653945976,14051275.0,6.092,1.0,,0.561688376000934
MDG,2000,280.282905559649,16516338.0,5.8,2.0,3.902890818,0.559695536508706
MDG,2005,305.812074924388,19159707.0,2.62,0.0,4.476048265,0.579120899606813
MDG,2010,450.009391645726,22183340.0,4.28,0.0,4.705737318,0.556561456916853
MDG,2015,445.320069480568,25426702.0,1.785,0.0,4.935426371,0.562992176635886
MDG,2020,450.771615201509,28953556.0,3.292,1.0,4.752760092,0.559782235908273
MDG,2025,,,3.041,0.0,,
MDV,1990,956.763019768672,224762.0,,0.0,4.590225666,
MDV,1995,1554.60942754604,256649.0,0.79,0.0,3.988042596,0.621575623222116
MDV,2000,2213.81235053178,282019.0,1.97,0.0,3.465393139,0.606651137733582
MDV,2005,3796.51546524644,306429.0,7.313,0.0,3.488117029,0.582676441239962
MDV,2010,7173.59601844692,360792.0,10.875,0.0,4.876385515,0.565839746653439
MDV,2015,9644.90655028145,428154.0,6.611,0.0,6.239617434,0.550916393953225
MDV,2020,7393.8886543933,502118.0,5.42,0.0,7.762392544,0.54901933631487
MDV,2025,,,4.514,0.0,,
MEA,1990,2183.54170524632,383279026.0,,0.0,,
MEA,1995,1775.49074159851,438968860.0,8.74623216428901,0.0,,
MEA,2000,2220.38439290516,494850317.0,8.4169385368672,0.0,,
MEA,2005,3050.86086272731,556210211.0,7.65760282606948,0.0,,
MEA,2010,4867.92943497015,624828664.0,6.85675050559872,0.0,,
MEA,2015,5125.68064083245,694232973.0,8.36498933286657,0.0,,
MEA,2020,4742.76402632259,756405281.0,9.14819309323363,0.0,,
MEA,2025,,,7.79483882954435,0.0,,
MEX,1990,3154.46920349038,82820170.0,,0.0,5.953360081,
MEX,1995,4183.87847727479,90862455.0,7.095,0.0,6.308670044,0.403988942817951
MEX,2000,7524.0271380091,98625552.0,2.646,0.0,6.663980007,0.400597639310093
MEX,2005,8671.75891885163,105811504.0,3.558,0.0,7.48514986,0.395691600985669
MEX,2010,9728.80078377082,113623895.0,5.303,0.0,8.005069733,0.38752274180135
MEX,2015,10021.2386118827,121072306.0,4.311,0.0,8.601650238,0.382413818226495
MEX,2020,8841.27075039868,126799054.0,4.44,0.0,9.221050262,0.383681839903552
MEX,2025,,,2.673,0.0,,
MHL,1990,1758.40820990836,44629.0,,0.0,,
MHL,1995,2490.98744457796,48266.0,,0.0,,0.579875183693631
MHL,2000,2264.79114897645,50706.0,,0.0,,0.572021529390428
MHL,2005,2658.65217893885,51906.0,,0.0,,0.562727066683288
MHL,2010,3095.45768964722,52044.0,,0.0,,0.555787267906316
MHL,2015,3764.34426229508,48800.0,,0.0,11.83640289,0.549632822478677
MHL,2020,5661.96787336674,42706.0,,0.0,12.81836718,0.589650686282419
MIC,1990,828.178421407122,3804281569.0,,0.0,,
MIC,1995,1105.20646514846,4153549029.0,5.39659604636452,0.0,,
MIC,2000,1237.10225471924,4491582042.0,5.86482215984168,0.0,,
MIC,2005,1830.92630559246,4809774178.0,6.1585311926244,0.0,,
MIC,2010,3610.66323367037,5123741911.0,5.85017441431265,0.0,,
MIC,2015,4602.51682691609,5452914477.0,5.9395730547184,0.0,,
MIC,2020,5134.62007912707,5753270728.0,6.69993931452761,0.0,,
MIC,2025,,,4.88571220068297,0.0,,
MKD,1990,2277.30372314314,2063689.0,,0.0,4.605396198,
MKD,1995,2355.24705371138,1998534.0,35.6,0.0,5.574106097,0.381889558658791
MKD,2000,1861.89899780644,2026350.0,32.2,0.0,6.680987597,0.377544770362739
MKD,2005,3120.98401394233,2005330.0,37.32,0.0,7.979055166,0.371326547006799
MKD,2010,4833.36586759968,1946298.0,33.135,0.0,9.404580116,0.364606732153453
MKD,2015,5262.68671928674,1912430.0,26.395,0.0,10.83010507,0.366102359413344
MKD,2020,6659.59651070776,1856124.0,16.575,0.0,10.22815037,0.371385804723928
MKD,2025,,,12.256,0.0,,
MLI,1990,353.903252431339,9178830.0,,1.0,0.844106169,
MLI,1995,331.193112410921,10185365.0,1.464,0.0,1.031685318,0.624534226560152
MLI,2000,304.652870194271,11559290.0,1.412,0.0,1.184093377,0.612225110682989
MLI,2005,548.730382842725,13538647.0,1.367,0.0,1.359948828,0.603322132064684
MLI,2010,797.151541135109,15945198.0,1.375,0.0,1.900565982,0.601746313537067
MLI,2015,838.11986940103,18593022.0,1.404,1.0,1.832059979,0.60764909601053
MLI,2020,953.242943290974,21713836.0,3.528,1.0,1.626710057,0.568332658472025
MLI,2025,,,2.831,0.0,,
MLT,1990,7192.38994693962,354170.0,,0.0,6.4654826,
MLT,1995,9828.32354719517,377419.0,6.33,0.0,7.012995448,0.326815143673269
MLT,2000,10348.4858902403,390087.0,6.324,0.0,7.471940041,0.326237132083395
MLT,2005,15831.344048672,403834.0,6.923,0.0,9.784910202,0.324618719237279
MLT,2010,21946.6069636029,414508.0,6.861,0.0,10.30780029,0.328189093905566
MLT,2015,25529.6813337717,444220.0,5.389,0.0,11.21442032,0.326316113004094
MLT,2020,31823.4363934505,515490.0,4.856,0.0,12.21026039,0.32565709835759
MLT,2025,,,2.896,0.0,,
MMR,1990,53.1225401094506,39817251.0,,0.0,2.220867026,
MMR,1995,124.14348039051,42605338.0,0.754,0.0,2.4767694,0.537432864569341
MMR,2000,196.619580625284,45290841.0,0.712,1.0,2.833204848,0.532874901783573
MMR,2005,252.685193060728,47438365.0,0.672,2.0,3.24447652,0.528382952346967
MMR,2010,1010.53417343401,49024382.0,0.725,0.0,3.738002525,0.51744743655342
MMR,2015,1166.73305547935,51089056.0,0.766,0.0,4.734193908,0.499034539629541
MMR,2020,1490.21683599469,53016522.0,1.476,0.0,6.518157697,0.505302760934705
MMR,2025,,,3.047,0.0,,
MNA,1990,1555.05827461027,361322200.0,,0.0,,
MNA,1995,977.954473374118,412447289.0,9.04197057012473,0.0,,
MNA,2000,1247.47238123443,462980522.0,8.71870374230222,0.0,,
MNA,2005,1657.11024431574,517240777.0,7.84838151626538,0.0,,
MNA,2010,2816.19347268465,577396038.0,7.123332390198,0.0,,
MNA,2015,2802.63134980954,635352686.0,9.05052035727651,0.0,,
MNA,2020,2408.49731335268,692532027.0,9.77596723068346,0.0,,
MNA,2025,,,8.69378066221379,0.0,,
MNE,1990,,606372.0,,0.0,,
MNE,1995,,611712.0,30.196,0.0,,0.394241566613511
MNE,2000,1627.06511911987,604950.0,30.447,0.0,,0.394181611280003
MNE,2005,3674.6179242797,614261.0,30.31,0.0,10.65470982,0.393432326428319
MNE,2010,6678.63930800758,619428.0,19.649,0.0,11.17903519,0.384114527396856
MNE,2015,6421.00307345999,624651.0,17.555,0.0,11.87033422,0.37237260631171
MNE,2020,7538.53635992191,626590.0,17.878,0.0,12.61621288,0.361988140209549
MNE,2025,,,13.572,0.0,,
MNG,1990,1220.17127664137,2098710.0,,0.0,8.489093305,
MNG,1995,652.67456284915,2224945.0,5.5,0.0,8.621562902,0.439773667941407
MNG,2000,476.02755082717,2388299.0,5.992,0.0,9.041049957,0.440266124532909
MNG,2005,994.90010913241,2536407.0,7.015,0.0,9.541409969,0.404709806534258
MNG,2010,2625.21881402433,2738622.0,6.549,0.0,10.04176998,0.397756134097514
MNG,2015,3838.92126989984,3026864.0,4.861,0.0,10.58069491,0.386213575831421
MNG,2020,4001.25193077703,3327204.0,6.413,0.0,9.423700333,0.351227568538759
MNG,2025,,,5.233,0.0,,
MNP,1990,,43342.0,,0.0,,
MNP,1995,,48176.0,,0.0,,
MNP,2000,,68356.0,,0.0,,
MNP,2005,17015.7487891715,62354.0,,0.0,,
MNP,2010,14771.4037455399,54091.0,,0.0,,
MNP,2015,17665.1007493109,51514.0,,0.0,,
MNP,2020,18220.8382427201,47528.0,,0.0,,
MOZ,1990,,13094537.0,,2.0,1.598693513,
MOZ,1995,191.826096861406,15960530.0,2.758,0.0,1.540909411,0.50766298207097
MOZ,2000,327.12623979157,18129653.0,2.832,1.0,1.752784454,0.495699743478995
MOZ,2005,436.773856167384,20304569.0,3.035,0.0,2.138011807,0.500765763923089
MOZ,2010,496.185839392659,22999235.0,3.259,1.0,2.479079962,0.498301630599308
MOZ,2015,610.563774706589,26547572.0,3.426,0.0,3.18881011,0.494313719790159
MOZ,2020,462.433876479921,30783688.0,5.019,1.0,3.860090017,0.494780371136377
MOZ,2025,,,6.628,0.0,,
MRT,1990,772.033092140219,1951878.0,,0.0,2.267245743,
MRT,1995,904.719170071042,2312017.0,9.766,0.0,2.653592552,0.573551098779419
MRT,2000,680.911061879778,2613441.0,10.03,0.0,3.019605317,0.581104334883587
MRT,2005,998.96583416747,2939059.0,9.59,0.0,3.405952126,0.576125123904548
MRT,2010,1659.96369705455,3390965.0,10.093,0.0,3.832967019,0.553328188081541
MRT,2015,1554.94897871782,3965959.0,10.104,0.0,4.216229916,0.562964790827046
MRT,2020,1795.76459566714,4600131.0,11.051,0.0,4.754063344,0.558666433289015
MRT,2025,,,10.319,0.0,,
MUS,1990,2539.92846467452,1058775.0,,0.0,5.856750011,
MUS,1995,3648.01649622256,1122457.0,9.59,0.0,6.07652998,0.443285144605467
MUS,2000,3981.98343249582,1186873.0,9.125,0.0,6.296309948,0.449223682115408
MUS,2005,5354.02974260642,1228254.0,9.524,0.0,7.307110006,0.439631688324301
MUS,2010,8113.17670740212,1250400.0,7.654,0.0,8.317910064,0.448441481488588
MUS,2015,9630.5437837507,1262879.0,7.41,0.0,9.435248706,0.443353233563543
MUS,2020,9135.84773751062,1266014.0,8.626,0.0,9.992049863,0.409486296445023
MUS,2025,,,5.635,0.0,,
MWI,1990,286.730598968269,9545852.0,,0.0,2.277381717,
MWI,1995,200.362370007247,10150117.0,4.895,0.0,2.519063042,0.606269729278927
MWI,2000,224.22415918428,11315942.0,5.045,0.0,3.0127758,0.601601429247874
MWI,2005,414.361121984475,12840031.0,4.935,0.0,3.772990479,0.58987579435837
MWI,2010,683.124694716799,14826463.0,4.78,0.0,4.533205159,0.574284682369751
MWI,2015,539.605363240686,17085587.0,4.953,0.0,5.293419838,0.558479197617155
MWI,2020,602.507478176106,19533888.0,5.72,0.0,5.243740082,0.555590446623582
MWI,2025,,,5.072,0.0,,
MYS,1990,2468.69080320116,17833171.0,,0.0,6.145886365,
MYS,1995,4363.14458333034,20330599.0,3.15,0.0,7.115298763,0.400976688707151
MYS,2000,4083.52874483605,22967816.0,3.0,0.0,8.416040421,0.399015748129945
MYS,2005,5555.58179951206,25836071.0,3.53,0.0,7.591450214,0.392930049557538
MYS,2010,8899.34505544675,28655776.0,3.32,0.0,9.6979599,0.384271245629017
MYS,2015,9648.6797937523,31232798.0,3.1,0.0,10.25508531,0.379698054809333
MYS,2020,9957.52626697613,33889558.0,4.54,0.0,10.74828052,0.369015610428239
MYS,2025,,,3.764,0.0,,
NAC,1990,23653.5020058697,277371697.0,,0.0,,
NAC,1995,27897.9346077139,295639837.0,6.03024492508477,0.0,,
NAC,2000,35151.3613936987,312909691.0,4.27316817166147,0.0,,
NAC,2005,43368.5783940626,327822042.0,5.25750859640354,0.0,,
NAC,2010,48545.7752706944,343447854.0,9.47758645184374,0.0,,
NAC,2015,55285.5686917861,357583083.0,5.4606408215288,0.0,,
NAC,2020,61468.3372208474,369670740.0,8.23059990715153,0.0,,
NAC,2025,,,4.51095574626817,0.0,,
NAM,1990,2037.47589359778,1369303.0,,0.0,5.704538658,
NAM,1995,2483.20353415161,1602170.0,21.34,0.0,5.748350143,0.501346204021838
NAM,2000,2156.67590512714,1818647.0,20.3,0.0,5.792175055,0.494267830155714
NAM,2005,3685.77299991587,1966582.0,22.108,0.0,6.121956938,0.507664505137568
NAM,2010,5418.21633365814,2109811.0,22.12,0.0,6.399760026,0.498206341321677
NAM,2015,4774.10650865775,2374300.0,20.791,0.0,6.986233212,0.478229315004604
NAM,2020,3878.58982993966,2728762.0,21.003,0.0,7.243458294,0.460257031741851
NAM,2025,,,19.291,0.0,,
NCL,1990,14334.6807372176,176456.0,,0.0,,
NCL,1995,18107.8880778022,200379.0,18.629,0.0,,
NCL,2000,15329.7297200058,223098.0,17.907,0.0,,
NCL,2005,25528.2918353444,244381.0,15.778,0.0,,
NCL,2010,35798.9084757829,261582.0,13.998,0.0,,
NCL,2015,30858.7237060533,283168.0,13.621,0.0,,
NCL,2020,33270.330597637,284176.0,13.558,0.0,,
NCL,2025,,,11.174,0.0,,
NER,1990,423.887460599302,8286059.0,,0.0,0.728083218,
NER,1995,237.01998956862,9714529.0,1.494,0.0,0.928569902,0.652554242766951
NER,2000,194.771959898935,11509630.0,1.427,0.0,1.160712377,0.652017137144828
NER,2005,318.643121918273,13756192.0,3.1,0.0,1.371750991,0.640370253330974
NER,2010,474.425692340831,16548835.0,0.718,0.0,1.530029952,0.633753701586389
NER,2015,485.662574175279,19939498.0,0.556,0.0,1.44284004,0.638779038652814
NER,2020,579.512495758236,23717613.0,0.591,0.0,1.341352433,0.636210209976432
NER,2025,,,0.394,0.0,,
NGA,1990,556.376449130902,97120925.0,,0.0,,
NGA,1995,1271.61617353199,110819428.0,4.152,0.0,,0.534217705720128
NGA,2000,547.318298903379,126382494.0,3.953,0.0,,0.53107653703819
NGA,2005,1211.37703504386,145017253.0,3.727,0.0,5.141990089,0.502593798972538
NGA,2010,2202.25672957344,166642886.0,3.744,0.0,5.839596653,0.493774097838235
NGA,2015,2585.73360671797,190671878.0,4.134,0.0,6.645626545,0.490498339431778
NGA,2020,2797.18458068686,213996181.0,5.714,0.0,7.388969898,0.482534841638638
NGA,2025,,,3.064,0.0,,
NIC,1990,242.508390600822,4162559.0,,0.0,4.09,
NIC,1995,891.779352309996,4642931.0,7.414,0.0,4.56,0.479365221011963
NIC,2000,1017.3124434882,5022633.0,7.181,0.0,5.08,0.465385366348485
NIC,2005,1183.30214010175,5342105.0,5.37,0.0,5.46,0.471298209210827
NIC,2010,1526.56706951408,5737450.0,7.83,0.0,6.0,0.459271655887384
NIC,2015,2074.45620634731,6149417.0,4.7,0.0,6.68,0.447618301880381
NIC,2020,1938.44704754382,6565267.0,6.18,0.0,7.26,0.443666824280913
NIC,2025,,,5.04,0.0,,
NLD,1990,21322.1944802703,14951510.0,,0.0,11.09854878,
NLD,1995,29301.1940492376,15459006.0,7.157,0.0,11.40982336,0.327244062758629
NLD,2000,26225.1697734149,15925513.0,2.725,0.0,11.78549957,0.334830541540368
NLD,2005,42165.396168388,16319868.0,5.872,0.0,11.78781033,0.342100112979137
NLD,2010,51305.7338533973,16615394.0,4.991,0.0,11.98348045,0.339401846541543
NLD,2015,45793.8135434697,16939923.0,6.872,0.0,12.13512993,0.342168905672133
NLD,2020,53467.9277413737,17441500.0,3.82,0.0,12.58162975,0.349538507617097
NLD,2025,,,3.874,0.0,,
NOR,1990,28242.981402822,4241473.0,,0.0,11.17730999,
NOR,1995,34875.7043347536,4359184.0,6.307,0.0,11.5522886,0.262314387961089
NOR,2000,38178.2368777076,4490967.0,3.458,0.0,11.92726721,0.262613544094074
NOR,2005,67047.1704558264,4623291.0,4.381,0.0,12.28176022,0.258438181318393
NOR,2010,88163.2085931423,4889252.0,3.527,0.0,12.54957008,0.252714493089628
NOR,2015,74809.9658049898,5188607.0,4.296,0.0,12.77120972,0.254827773865645
NOR,2020,68340.0181033702,5379475.0,4.424,0.0,13.06234279,0.256963602052848
NOR,2025,,,4.637,0.0,,
NPL,1990,185.794600449903,19524573.0,,0.0,2.346687263,
NPL,1995,197.843001330326,22245439.0,10.473,0.0,2.602267063,0.553512904019091
NPL,2000,223.830289183078,24546509.0,10.531,0.0,2.753291491,0.558320333876512
NPL,2005,309.024168339372,26309458.0,10.59,0.0,3.120512009,0.544844156777818
NPL,2010,585.278491984574,27341952.0,10.563,0.0,3.454652071,0.521146946672907
NPL,2015,875.543635474862,27823629.0,10.643,0.0,3.691359997,0.504916452701541
NPL,2020,1154.21517578318,28966574.0,13.037,0.0,4.485598758,0.484707402872627
NPL,2025,,,10.465,0.0,,
NRU,1990,5775.55347423089,9622.0,,0.0,,
NRU,1995,3932.0910939209,10165.0,,0.0,,0.509459804533476
NRU,2000,2648.60152860938,10168.0,,0.0,4.769378127,0.504879363565865
NRU,2005,2992.40382776926,10049.0,,0.0,5.667245241,0.5117380645715
NRU,2010,4735.92000502092,10043.0,,0.0,6.734141802,0.569045931099305
NRU,2015,7747.25584993607,10954.0,,0.0,7.9749102,0.554999777807608
NRU,2020,10709.068810538,11643.0,,0.0,9.247975,0.505135293464364
NZL,1990,13663.0216184298,3329800.0,,0.0,10.1395211,
NZL,1995,17400.4201848172,3673400.0,6.461,0.0,11.46675377,0.317336398368869
NZL,2000,13641.1027183822,3857700.0,6.13,0.0,12.80065899,0.315881152280605
NZL,2005,27751.0654708859,4133900.0,3.807,0.0,13.27061615,0.309837055733074
NZL,2010,33761.9009639947,4350700.0,6.557,0.0,13.37765026,0.304509030403551
NZL,2015,38665.3723018158,4609400.0,5.415,0.0,13.23099995,0.302907976298061
NZL,2020,41997.7830324279,5072400.0,4.595,0.0,12.94468975,0.304090232119636
NZL,2025,,,5.076,0.0,,
OED,1990,17019.8138229679,1107695519.0,,0.0,,
OED,1995,22257.1540058272,1158068699.0,7.60351506136332,0.0,,
OED,2000,23049.6329362256,1202226474.0,6.71100200632985,0.0,,
OED,2005,30274.0543423729,1246656490.0,6.8314671013283,0.0,,
OED,2010,35162.1991743522,1292701737.0,8.5207939102318,0.0,,
OED,2015,35779.9123271942,1331675197.0,6.86087177315421,0.0,,
OED,2020,38597.246423496,1369310195.0,7.15006573828169,0.0,,
OED,2025,,,4.92579055790538,0.0,,
OMN,1990,7545.70305230441,1763954.0,,0.0,,
OMN,1995,7414.30279204109,2120528.0,4.167,0.0,,0.441990041018002
OMN,2000,9753.84755185404,2282131.0,4.433,0.0,5.425632031,0.439119237378922
OMN,2005,14434.8577924647,2459802.0,4.589,0.0,6.95949192,0.426219717064508
OMN,2010,23570.1798147325,2757446.0,3.911,0.0,7.921740055,0.421266977316988
OMN,2015,18808.3077921839,4184895.0,3.403,0.0,9.697290421,0.417571641381122
OMN,2020,16784.8630630058,4522497.0,2.94,0.0,11.85116959,0.423851556555285
OMN,2025,,,3.251,0.0,,
OSS,1990,3570.55788974992,8949306.0,,0.0,,
OSS,1995,4659.34188114157,9389918.0,9.94793817545676,0.0,,
OSS,2000,4847.45033301194,9788238.0,11.0177711399269,0.0,,
OSS,2005,8233.33980947954,10479844.0,10.5021202220473,0.0,,
OSS,2010,10149.5632621314,11112466.0,11.1281009935269,0.0,,
OSS,2015,10359.1182462574,11722398.0,9.99952511697503,0.0,,
OSS,2020,11770.4564127379,12417333.0,9.99575648409841,0.0,,
OSS,2025,,,8.59167767443203,0.0,,
PAK,1990,344.45547384189,116155576.0,,0.0,2.291861259,
PAK,1995,450.550279346206,134582253.0,0.611,0.0,2.784410389,0.553051752021308
PAK,2000,642.338346499898,154879127.0,0.614,0.0,3.287011542,0.547059491589213
PAK,2005,827.619861189926,175453212.0,0.583,0.0,4.533462403,0.534469830518449
PAK,2010,987.304571124485,199239047.0,0.653,0.0,4.594940186,0.531160185987791
PAK,2015,1380.47020838317,217290883.0,3.566,0.0,5.162640095,0.515724272983339
PAK,2020,1278.39735206896,235001746.0,5.994,0.0,4.422319019,0.508462553338375
PAK,2025,,,5.42,0.0,,
PAN,1990,2620.13827266274,2455583.0,,0.0,7.407239914,
PAN,1995,3513.89737854631,2724557.0,6.512,0.0,7.642814875,0.42802304067285
PAN,2000,3975.09310275544,3010369.0,6.188,0.0,7.878389835,0.423207099528489
PAN,2005,5017.74110414832,3313026.0,5.967,0.0,8.577389956,0.418952051064355
PAN,2010,8331.46422259967,3628535.0,5.845,0.0,9.276390076,0.413670632373399
PAN,2015,14082.6548434996,3960035.0,4.335,0.0,9.978723526,0.40451737335103
PAN,2020,13290.5608397749,4293261.0,14.663,0.0,10.68696295,0.406154625171401
PAN,2025,,,8.36,0.0,,
PER,1990,1199.66666756615,22014771.0,,2.0,7.781378166,
PER,1995,2189.53431515311,24348919.0,4.708,1.0,8.071229978,0.454131788558447
PER,2000,1945.41338451698,26598331.0,4.959,0.0,8.363630208,0.451925555428686
PER,2005,2706.66947297608,28101180.0,4.87,0.0,7.924409866,0.445150810784917
PER,2010,5072.11494019615,29086019.0,3.6,1.0,8.865139961,0.426204261853152
PER,2015,6231.71150338894,30457600.0,3.272,0.0,9.094240189,0.418610382819989
PER,2020,6133.32552410183,32838579.0,7.179,0.0,10.01696229,0.408116465747984
PER,2025,,,5.117,0.0,,
PHL,1990,803.572588255813,62854666.0,,2.0,7.178850174,
PHL,1995,1199.84171414993,70546246.0,3.68,1.0,7.373015165,0.499359161756268
PHL,2000,1050.79273107952,79625397.0,3.77,2.0,7.567180157,0.495019077678436
PHL,2005,1220.46018559867,88015962.0,3.795,1.0,8.65989995,0.48444398784707
PHL,2010,2162.91375885614,96337125.0,3.605,1.0,8.914990425,0.476553409821965
PHL,2015,2909.85818010301,105312992.0,3.068,1.0,8.796239853,0.47321735750757
PHL,2020,3227.57910235199,112081264.0,2.522,1.0,8.971409559,0.454175973843537
PHL,2025,,,2.235,0.0,,
PLW,1990,6402.929615309,15259.0,,0.0,,
PLW,1995,7038.00523407967,17195.0,,0.0,,0.544844322657092
PLW,2000,7798.07504193852,19178.0,,0.0,12.51425254,0.537572347898365
PLW,2005,9635.28357539048,19819.0,,0.0,12.62912558,0.547823828179377
PLW,2010,10221.9163762354,18396.0,,0.0,12.74505308,0.548728786064469
PLW,2015,16154.0532152373,17770.0,,0.0,12.86191624,0.514950812919954
PLW,2020,14708.2119536914,17792.0,,0.0,13.04790021,0.510137708394506
PNG,1990,826.317152082832,3896481.0,,0.0,2.394565745,
PNG,1995,998.229967376131,4644278.0,2.603,0.0,3.013849989,0.551743583031196
PNG,2000,635.957919047725,5537064.0,2.92,0.0,3.364777727,0.553235045178009
PNG,2005,744.486489977433,6535905.0,2.385,0.0,3.664098445,0.57620051205289
PNG,2010,1866.86889851208,7633523.0,2.002,0.0,4.076954608,0.58079939077733
PNG,2015,2484.5963398603,8743246.0,2.507,0.0,4.727203065,0.557201947611321
PNG,2020,2429.61134585269,9815746.0,2.903,0.0,4.933631146,0.53924634882507
PNG,2025,,,2.571,0.0,,
POL,1990,1731.2095094382,38110782.0,,0.0,9.670923882,
POL,1995,3700.95956775144,38594998.0,13.695,0.0,10.60995332,0.312683101215081
POL,2000,4520.64100449111,38258629.0,14.928,0.0,11.24676639,0.311763374995077
POL,2005,8043.92332253757,38165445.0,17.592,0.0,11.81090021,0.308418299164702
POL,2010,12567.7317676382,38042794.0,9.578,0.0,12.31373024,0.307593531038375
POL,2015,12637.5220324406,37986412.0,7.475,0.0,12.92106485,0.304872058487951
POL,2020,16150.9304813473,37515748.0,3.155,0.0,13.1647501,0.304681661602221
POL,2025,,,2.976,0.0,,
PRE,1990,939.805533338588,422471117.0,,0.0,,
PRE,1995,571.946464976273,490118620.0,5.30300529201383,0.0,,
PRE,2000,503.562641272677,562428025.0,5.1332771028085,0.0,,
PRE,2005,815.454464076119,651320620.0,4.93346734324225,0.0,,
PRE,2010,1421.48905142231,752046672.0,5.093264416169,0.0,,
PRE,2015,1524.98608713796,870587800.0,4.92689483295687,0.0,,
PRE,2020,1496.33767488397,998624261.0,5.88792360175845,0.0,,
PRE,2025,,,4.54137517937725,0.0,,
PRI,1990,8652.50749222505,3537000.0,,0.0,,
PRI,1995,11579.1849969985,3683103.0,13.93,0.0,,
PRI,2000,16192.1269719638,3810605.0,10.08,0.0,,
PRI,2005,21959.322696986,3821362.0,11.35,0.0,,
PRI,2010,26414.8810634548,3724465.0,16.1,0.0,,
PRI,2015,29242.041465085,3535167.0,12.0,0.0,,
PRI,2020,31427.1130762831,3281590.0,8.89,0.0,,
PRI,2025,,,5.991,0.0,,
PRK,1990,,21112137.0,,0.0,,
PRK,1995,,22669304.0,3.114,0.0,,0.497731552250023
PRK,2000,,23665910.0,3.653,0.0,,0.476774730211712
PRK,2005,,24396433.0,3.576,0.0,,0.473794697926748
PRK,2010,,24987258.0,3.419,0.0,,0.464256865249411
PRK,2015,,25575350.0,3.523,0.0,,0.463176677142972
PRK,2020,,26136312.0,3.624,0.0,,0.459796915608498
PRK,2025,,,3.545,0.0,,
PRT,1990,7884.61798756332,9983218.0,,0.0,5.270990553,
PRT,1995,11781.3618502221,10026176.0,7.064,0.0,6.135032858,0.363135571163758
PRT,2000,11526.3720667968,10289898.0,3.806,0.0,6.793540001,0.357156141077419
PRT,2005,18780.12751241,10503330.0,7.582,0.0,7.494040012,0.351669292131555
PRT,2010,22551.935098809,10573100.0,10.771,0.0,8.058150291,0.342391582560376
PRT,2015,19215.7813014347,10358076.0,12.405,0.0,8.986729622,0.339079203815226
PRT,2020,22299.4044062173,10297081.0,6.85,0.0,9.575940132,0.316340230191361
PRT,2025,,,6.164,0.0,,
PRY,1990,1440.15829610029,4035747.0,,0.0,5.684462242,
PRY,1995,1978.71514099575,4579806.0,3.4,0.0,6.184593764,0.414491818521104
PRY,2000,1736.11729210765,5100868.0,7.61,0.0,6.689816388,0.406609719569926
PRY,2005,1970.87169852378,5448097.0,4.825,0.0,7.347330093,0.392096424267945
PRY,2010,4750.96273669458,5737971.0,4.569,0.0,7.280279954,0.385642720615073
PRY,2015,5879.33792308762,6159103.0,4.556,0.0,8.524069786,0.378855414095427
PRY,2020,5365.47220721104,6603739.0,7.548,0.0,8.861840248,0.374132933629259
PRY,2025,,,4.803,0.0,,
PSE,1990,,1978248.0,,0.0,,
PSE,1995,1326.56285737146,2474666.0,10.714,0.0,,
PSE,2000,1476.17185000238,2922153.0,10.625,0.0,,
PSE,2005,1543.70141392774,3320396.0,20.016,0.0,7.631455183,
PSE,2010,2557.07562356699,3786161.0,21.416,0.0,8.363300323,
PSE,2015,3272.15432360708,4270092.0,23.005,0.0,9.075750351,
PSE,2020,3233.56863835858,4803269.0,25.895,0.0,9.938480377,
PSS,1990,1343.27719993773,1775607.0,,0.0,,
PSS,1995,1947.90073365074,1901782.0,3.98085442407908,0.0,,
PSS,2000,1686.60570445369,2042274.0,4.40485764939109,0.0,,
PSS,2005,2492.38724073066,2170029.0,3.8404573462192,0.0,,
PSS,2010,2900.92919415648,2289399.0,3.50675202326758,0.0,,
PSS,2015,3722.7745565917,2445989.0,3.37020462675283,0.0,,
PSS,2020,3592.04110507296,2595522.0,3.30655660526839,0.0,,
PSS,2025,,,3.51831083728422,0.0,,
PST,1990,19133.9838313942,964371624.0,,0.0,,
PST,1995,25120.8119457481,995338472.0,7.38445233898678,0.0,,
PST,2000,25890.8986396573,1021150563.0,6.53699120304108,0.0,,
PST,2005,34219.0204237417,1047140108.0,6.4091008362879,0.0,,
PST,2010,39801.8641147794,1076208648.0,8.34726962592943,0.0,,
PST,2015,40775.9479386213,1097890139.0,6.88380070613878,0.0,,
PST,2020,44743.7389324311,1117007476.0,6.72547708283435,0.0,,
PST,2025,,,4.69671542934052,0.0,,
PYF,1990,16293.1823294474,203776.0,,0.0,,
PYF,1995,18850.3149185956,222118.0,11.941,0.0,,
PYF,2000,14978.324104668,240337.0,11.583,0.0,,
PYF,2005,21984.1936230719,259507.0,11.722,0.0,,
PYF,2010,22494.806706186,270580.0,12.133,0.0,,
PYF,2015,19166.9594761931,277866.0,11.794,0.0,,
PYF,2020,19966.4838503859,279209.0,12.963,0.0,,
PYF,2025,,,11.662,0.0,,
QAT,1990,16721.6207714589,440175.0,,0.0,6.414351989,
QAT,1995,15822.5090711554,514325.0,0.87,0.0,7.08201688,0.375298283190275
QAT,2000,27535.182940934,644989.0,0.87,0.0,7.654301073,0.372706566974167
QAT,2005,53949.6764091147,825408.0,0.87,0.0,8.694486618,0.367070144808136
QAT,2010,76462.6119486736,1616832.0,0.45,0.0,8.548800468,0.357760213209329
QAT,2015,68985.2433380102,2344557.0,0.17,0.0,9.695640087,0.361594217338872
QAT,2020,51683.5681078949,2794148.0,0.14,0.0,10.1317219,0.358359469152442
QAT,2025,,,0.13,0.0,,
ROU,1990,1648.48522974542,23201835.0,,0.0,8.498106819,
ROU,1995,1650.04922365201,22684270.0,8.01,0.0,8.987618828,0.438380136844906
ROU,2000,1659.92904910528,22442971.0,6.969,0.0,9.480433846,0.433824562966077
ROU,2005,4618.00350802913,21319685.0,7.174,0.0,10.22507782,0.429309416945104
ROU,2010,8399.5374234284,20246871.0,6.959,0.0,10.73447037,0.425750065256542
ROU,2015,8977.01748158196,19815616.0,6.812,0.0,10.98408985,0.413314148956138
ROU,2020,13009.1770573223,19265250.0,5.035,0.0,11.36019615,0.412755130304206
ROU,2025,,,5.992,0.0,,
RUS,1990,3494.06323242188,147969406.0,,1.0,9.652386365,
RUS,1995,2665.77978515625,148375787.0,9.449,2.0,10.59487527,0.35007230323925
RUS,2000,1771.59411621094,146596869.0,10.581,2.0,12.05735805,0.349855187392098
RUS,2005,5323.455078125,143518814.0,7.124,1.0,12.24051988,0.333558279335486
RUS,2010,10674.990234375,142849468.0,7.407,1.0,12.34356976,0.329666743054757
RUS,2015,9277.7138671875,144640716.0,5.615,1.0,12.37446057,0.328923864804837
RUS,2020,10108.3271484375,145245148.0,5.62,1.0,12.40535138,0.326653672211931
RUS,2025,,,2.133,0.0,,
RWA,1990,345.773495134655,7375307.0,,0.0,1.902254862,
RWA,1995,227.971147849318,5674118.0,11.938,0.0,2.129228454,0.612544604971734
RWA,2000,251.86926386091,8213931.0,11.699,0.0,2.453476442,0.610463211231247
RWA,2005,324.016863847189,9054528.0,11.842,0.0,3.03712282,0.593288918260981
RWA,2010,593.624927744346,10317553.0,11.637,0.0,3.76127666,0.586016708397629
RWA,2015,733.998629882494,11640022.0,11.831,0.0,4.095149994,0.573004831576779
RWA,2020,778.701498925026,13065837.0,11.829,0.0,4.878310204,0.565626884531712
RWA,2025,,,11.363,0.0,,
SAS,1990,359.953973128088,1013297018.0,,0.0,,
SAS,1995,370.570693920918,1123515559.0,7.15013674904188,0.0,,
SAS,2000,440.467918910931,1237185482.0,7.17647475389305,0.0,,
SAS,2005,686.338193475473,1346886384.0,7.24801932806737,0.0,,
SAS,2010,1294.02734404973,1444967010.0,7.16328861819797,0.0,,
SAS,2015,1570.54142462917,1537370078.0,7.27349261228767,0.0,,
SAS,2020,1957.20343722686,1621073417.0,7.62561175204578,0.0,,
SAS,2025,,,4.24316978447462,0.0,,
SAU,1990,11054.7495049666,10640691.0,,0.0,5.574122405,
SAU,1995,10786.4008952769,13289245.0,6.365,0.0,6.076295595,0.442272245124686
SAU,2000,11714.5623675159,16177722.0,4.57,0.0,6.668859959,0.440289294343725
SAU,2005,15975.7473782258,20559890.0,6.051,0.0,7.761379878,0.436122574407472
SAU,2010,22028.3901426586,23978487.0,5.55,0.0,8.949480057,0.422323550616671
SAU,2015,23256.1549553531,29816382.0,5.6,0.0,9.941319942,0.414613559216454
SAU,2020,24338.8307301067,31552510.0,7.66,0.0,11.31052971,0.386648295840214
SAU,2025,,,3.038,0.0,,
SDN,1990,1257.1875,22021481.0,,0.0,1.5,
SDN,1995,462.585235595703,24672143.0,15.627,0.0,1.97,0.622269121160108
SDN,2000,362.116882324219,27816745.0,15.595,0.0,2.44,0.618894304851297
SDN,2005,905.543640136719,31262444.0,15.545,0.0,2.93,0.61048938727574
SDN,2010,1305.63598632813,35414399.0,15.168,0.0,3.13,0.616247862753688
SDN,2015,1292.37963867188,40024431.0,14.39,0.0,3.62,0.605123568005821
SDN,2020,577.795227050781,46789231.0,11.995,0.0,3.87,0.601558835885565
SEN,1990,957.314337438177,7720523.0,,1.0,1.997784188,
SEN,1995,714.994396357297,8848101.0,2.846,1.0,1.870652467,0.552072536595812
SEN,2000,603.233162455158,9968260.0,2.638,1.0,1.716278234,0.554080686833828
SEN,2005,979.846101520171,11235472.0,2.679,0.0,1.380287257,0.546202985406413
SEN,2010,1275.88357492357,12635413.0,2.795,0.0,2.217149997,0.531696186862795
SEN,2015,1218.00613555438,14593331.0,6.757,0.0,2.531869888,0.53976353166544
SEN,2020,1461.08720350553,16789219.0,3.432,0.0,2.88736686,0.533817927914738
SEN,2025,,,2.735,0.0,,
SGP,1990,11861.7561591366,3047132.0,,0.0,6.363349915,
SGP,1995,24914.8507020358,3524506.0,3.3,0.0,7.851910114,0.394789095613341
SGP,2000,23852.8389514753,4027887.0,3.7,0.0,9.205350161,0.399894492391112
SGP,2005,29961.3172812732,4265762.0,5.59,0.0,10.55879021,0.403240522429849
SGP,2010,47236.683084953,5076732.0,4.12,0.0,11.18054008,0.401011430777737
SGP,2015,55645.6068614606,5535002.0,3.79,0.0,11.57108974,0.389106947392325
SGP,2020,61410.0792630788,5685807.0,4.1,0.0,11.92488003,0.388143775608997
SGP,2025,,,2.818,0.0,,
SLB,1990,648.325212624098,331435.0,,0.0,,
SLB,1995,1220.17919311126,384733.0,1.841,0.0,,0.628042108911757
SLB,2000,953.17190137706,440469.0,2.446,0.0,5.092110034,0.632464063040492
SLB,2005,1144.49233397681,483080.0,1.879,0.0,5.289741098,0.661051046189147
SLB,2010,1685.14535823757,532968.0,1.617,0.0,5.495042467,0.654809195664584
SLB,2015,2045.47721526649,639415.0,0.736,0.0,5.7073312,0.629316972262854
SLB,2020,2063.32780991967,744498.0,0.868,0.0,5.8796802,0.598139487678856
SLB,2025,,,1.431,0.0,,
SLE,1990,154.794072467618,4196828.0,,0.0,1.902686429,
SLE,1995,208.351997250955,4179179.0,4.317,0.0,2.360294557,0.600904027294724
SLE,2000,143.743743239644,4423611.0,4.137,0.0,2.769733409,0.603032840180189
SLE,2005,462.633324427945,5501712.0,3.734,0.0,3.164591459,0.607475725243042
SLE,2010,685.039673490948,6222714.0,4.34,0.0,3.308449195,0.606969394280527
SLE,2015,964.575980888989,7037655.0,4.483,0.0,3.452306931,0.596643178574334
SLE,2020,845.277557920549,7912558.0,3.509,0.0,3.519426358,0.601727343362444
SLE,2025,,,3.15,0.0,,
SLV,1990,892.18271519703,5399726.0,,1.0,3.729339234,
SLV,1995,1548.3763038362,5762131.0,7.65,0.0,4.345768486,0.451340472158006
SLV,2000,1982.87093542615,5943366.0,6.96,0.0,4.973632744,0.448745854640713
SLV,2005,2447.39140845394,6005578.0,7.22,0.0,5.601497003,0.441327035843719
SLV,2010,3040.07300952878,6068249.0,4.893,0.0,6.339930058,0.433474166192647
SLV,2015,3790.34089108162,6183676.0,3.998,0.0,6.623149872,0.424611145613449
SLV,2020,3997.19279583709,6234673.0,5.008,0.0,7.150929928,0.419508084286119
SLV,2025,,,3.303,0.0,,
SMR,1990,,23475.0,,0.0,8.332661106,
SMR,1995,,25158.0,,0.0,8.765410187,
SMR,2000,37600.7077379601,26799.0,,0.0,9.220633693,
SMR,2005,59877.8005839737,29836.0,,0.0,9.699498813,
SMR,2010,56543.1898204098,33270.0,,0.0,10.20323335,
SMR,2015,43146.8240435428,32897.0,,0.0,10.72988242,
SMR,2020,44326.9556746411,34770.0,,0.0,10.52074301,
SOM,1990,145.603501373513,7082811.0,,0.0,,
SOM,1995,210.673254610492,7285007.0,19.585,0.0,,0.641696215239402
SOM,2000,386.119274401275,8838713.0,18.678,0.0,,0.645437316492326
SOM,2005,439.979907805478,10644228.0,18.671,0.0,,0.633327412710767
SOM,2010,219.202453852397,12261756.0,18.741,0.0,,0.617915707236379
SOM,2015,445.583080073396,13806963.0,18.495,0.0,,0.615160463270685
SOM,2020,518.16113333875,16651191.0,19.414,0.0,,0.611341597741786
SOM,2025,,,18.948,0.0,,
SRB,1990,,7897937.0,,0.0,6.295356316,
SRB,1995,2349.40645150289,7628264.0,13.4,0.0,6.976363414,0.419929686990166
SRB,2000,974.725469278615,7516346.0,12.6,0.0,7.435647271,0.4194429844742
SRB,2005,3807.97417321786,7440769.0,20.85,0.0,8.966295242,0.425787502217718
SRB,2010,5970.92660940072,7291436.0,19.204,0.0,10.37370968,0.422740396873274
SRB,2015,5820.3215576888,7095383.0,17.66,0.0,11.01756954,0.405066633735588
SRB,2020,8098.70955668849,6899126.0,9.011,0.0,11.5047611,0.422735956411257
SRB,2025,,,7.123,0.0,,
SSA,1990,774.580966599021,473635450.0,,0.0,,
SSA,1995,877.380053747795,538769611.0,6.75253628250272,0.0,,
SSA,2000,684.279233995118,613632482.0,6.68468915771202,0.0,,
SSA,2005,1174.63116054875,701214785.0,6.24398512478568,0.0,,
SSA,2010,1789.34374213402,804038373.0,6.39448531562492,0.0,,
SSA,2015,1763.27463036367,921290560.0,6.20980970225917,0.0,,
SSA,2020,1716.50863861427,1049999318.0,6.96662786306036,0.0,,
SSA,2025,,,5.93967607931729,0.0,,
SSD,1990,,4737633.0,,0.0,,
SSD,1995,,5225836.0,12.334,0.0,,
SSD,2000,,6032267.0,12.309,0.0,,
SSD,2005,,7590143.0,12.266,0.0,,
SSD,2010,1498.27034985194,9745953.0,12.473,0.0,5.726140022,
SSD,2015,1080.14718624765,11107561.0,12.464,0.0,5.726140022,
SSD,2020,,10698467.0,14.246,0.0,5.726140022,
SSF,1990,728.527589410931,521314712.0,,0.0,,
SSF,1995,806.661765849349,596382250.0,6.36295420429711,0.0,,
SSF,2000,629.529731613317,681125107.0,6.35178469623133,0.0,,
SSF,2005,1073.52977403181,779665113.0,5.84542677033048,0.0,,
SSF,2010,1642.64134193596,894666657.0,5.9384663035217,0.0,,
SSF,2015,1646.44941139316,1025251114.0,5.78525200580782,0.0,,
SSF,2020,1627.34569596297,1169015451.0,6.64963226537121,0.0,,
SSF,2025,,,5.65798225644767,0.0,,
SST,1990,3333.50757381486,14379862.0,,0.0,,
SST,1995,4180.97411712487,15087617.0,10.4710896476613,0.0,,
SST,2000,4846.98212617811,15786741.0,10.4220070497304,0.0,,
SST,2005,7779.765881341,16699341.0,9.58922696945574,0.0,,
SST,2010,9813.58319583758,17575200.0,9.64092506344516,0.0,,
SST,2015,10446.850341907,18482578.0,8.78391504425951,0.0,,
SST,2020,10723.093901861,19472157.0,9.20499420465331,0.0,,
SST,2025,,,7.75664307665696,0.0,,
STP,1990,970.059625606155,122980.0,,0.0,4.109171154,
STP,1995,768.710751184259,134895.0,14.342,0.0,4.367413249,0.550168609620535
STP,2000,529.089383412262,144018.0,14.4,0.0,4.641884646,0.551632618864077
STP,2005,844.169181884274,161639.0,16.47,0.0,4.933605281,0.552206074260847
STP,2010,1045.20958234528,181802.0,14.628,0.0,5.243659187,0.555279282751629
STP,2015,1298.10946596396,200291.0,10.591,0.0,5.575672695,0.548568532253
STP,2020,2167.22001796925,217435.0,9.679,0.0,5.915788918,0.546199310088072
STP,2025,,,9.132,0.0,,
SUR,1990,941.591736102188,412493.0,,0.0,,
SUR,1995,1609.82504373206,429606.0,8.39,0.0,,0.417626515571275
SUR,2000,1988.22172925433,476643.0,12.873,0.0,,0.415851534760246
SUR,2005,3453.42865937765,519313.0,9.302,0.0,7.778472662,0.398274345108253
SUR,2010,7943.60482816915,549923.0,7.15,0.0,7.981387138,0.404133181357518
SUR,2015,8813.61705392067,581627.0,7.22,0.0,8.184301615,0.398878889603552
SUR,2020,4755.39221710693,612317.0,8.973,0.0,8.388631804,0.401002065662521
SUR,2025,,,7.834,0.0,,
SVK,1990,2437.17517010845,5299187.0,,0.0,6.867406247,
SVK,1995,4882.51158238228,5361999.0,13.109,0.0,8.401720142,0.373541693610082
SVK,2000,5421.6448441887,5388720.0,18.546,0.0,9.948845243,0.371882468898754
SVK,2005,11641.5410321763,5372807.0,16.276,0.0,11.1543541,0.369195367444063
SVK,2010,16899.448680529,5391428.0,14.387,0.0,12.27445889,0.358919392366672
SVK,2015,16442.0760860018,5423801.0,11.492,0.0,12.63834,0.357028774542657
SVK,2020,19735.4858280801,5458827.0,6.719,0.0,13.00719575,0.359050557015284
SVK,2025,,,5.359,0.0,,
SVN,1990,9925.14071044684,1998161.0,,0.0,7.189289993,
SVN,1995,10738.0887611468,1989872.0,7.15,0.0,8.837802337,0.341720884034892
SVN,2000,10135.7219109212,1988925.0,6.918,0.0,10.50041778,0.329748223487661
SVN,2005,17969.7095907161,2000474.0,6.506,0.0,11.68457031,0.325987160510692
SVN,2010,23329.8417691156,2048583.0,7.236,0.0,12.05920029,0.327405211530253
SVN,2015,20697.2748530619,2063531.0,8.962,0.0,12.56729984,0.317760159519282
SVN,2020,25392.0651093612,2102419.0,4.971,0.0,12.88015724,0.312692634739701
SVN,2025,,,3.175,0.0,,
SWE,1990,30549.3185706762,8558835.0,,0.0,9.553979874,
SWE,1995,30254.0273028727,8826939.0,8.897,0.0,10.52972031,0.315964573118744
SWE,2000,29632.5890811623,8872109.0,5.466,0.0,11.44586436,0.315868782646447
SWE,2005,43378.4077394363,9029572.0,7.81,0.0,12.25926018,0.313143984125234
SWE,2010,52542.5759090299,9378126.0,8.61,0.0,12.20699024,0.316552875547631
SWE,2015,51188.1652120493,9799186.0,7.432,0.0,12.35441017,0.316566093922572
SWE,2020,52568.5726980146,10353442.0,8.291,0.0,12.67372015,0.31860230526687
SWE,2025,,,8.694,0.0,,
SWZ,1990,1277.69173005665,872428.0,,0.0,4.35,
SWZ,1995,1750.75400773784,970433.0,21.65,0.0,4.24,0.508153771248414
SWZ,2000,1629.67038842815,1041414.0,24.547,0.0,3.86,0.503759998001521
SWZ,2005,2871.06877437449,1079022.0,27.221,0.0,3.13,0.490366075581265
SWZ,2010,3922.74039390733,1111650.0,26.856,0.0,4.02,0.485564271640228
SWZ,2015,3419.82276559528,1142813.0,23.431,0.0,5.06,0.483298832999612
SWZ,2020,3466.56936278145,1192729.0,32.978,0.0,5.73,0.454647745470973
SWZ,2025,,,34.202,0.0,,
SXM,1990,,28061.0,,0.0,,
SXM,1995,,31772.0,,0.0,,
SXM,2000,,30773.0,,0.0,,
SXM,2005,,32057.0,,0.0,,
SXM,2010,26403.8143692163,33794.0,,0.0,,
SXM,2015,37839.6283815163,37471.0,,0.0,,
SXM,2020,30150.8998380477,41008.0,,0.0,,
SYC,1990,5642.072897243,69507.0,,0.0,,
SYC,1995,7180.66832748656,75304.0,,0.0,,0.475724362167816
SYC,2000,8063.65500575169,81131.0,,0.0,10.27391556,0.450204199212802
SYC,2005,11802.1118276833,82858.0,,0.0,10.51644518,0.460737831502458
SYC,2010,10934.79494629,89770.0,,0.0,10.76055404,0.455334143132471
SYC,2015,15333.1051727105,93419.0,,0.0,11.00466291,0.452759943290886
SYC,2020,14041.4754074575,98462.0,,0.0,11.19995,0.430736741781005
SYR,1990,978.489616979607,12579208.0,,0.0,3.780265279,
SYR,1995,779.699100153744,14616801.0,7.2,0.0,4.265891297,0.445077897507283
SYR,2000,1138.1884854278,16637888.0,9.587,0.0,4.361112085,0.431421713777728
SYR,2005,1533.90166536568,18814091.0,8.81,0.0,5.859044075,0.436003292306926
SYR,2010,2730.61477118949,22482421.0,8.61,0.0,6.39759115,0.438527502403689
SYR,2015,847.731631942565,19424618.0,14.244,2.0,5.958620913,0.4704081485239
SYR,2020,572.355289831901,21049429.0,15.179,2.0,5.736797587,0.471428527060601
SYR,2025,,,13.569,0.0,,
TCA,1990,,11688.0,,0.0,,
TCA,1995,,15052.0,,0.0,,
TCA,2000,,18730.0,,0.0,,
TCA,2005,24122.3028180757,23988.0,,0.0,,
TCA,2010,23093.8498268267,29739.0,,0.0,,
TCA,2015,29457.0140691162,36605.0,,0.0,,
TCA,2020,20690.9160546118,44386.0,,0.0,,
TCD,1990,290.599045262191,5982833.0,,0.0,,
TCD,1995,203.964852705041,7089064.0,0.755,0.0,,0.645606011326848
TCD,2000,163.121663683369,8512093.0,0.796,0.0,1.283289695,0.642853283382779
TCD,2005,838.092107712557,10328092.0,0.663,0.0,1.539813972,0.651673787860327
TCD,2010,1141.80069268412,12312575.0,0.911,0.0,1.811623991,0.644084885267353
TCD,2015,993.990730610869,14647621.0,1.032,0.0,2.045593977,0.647435670629029
TCD,2020,866.947814890409,17224679.0,1.695,0.0,2.282753488,0.640172375853037
TCD,2025,,,1.057,0.0,,
TEA,1990,422.071410076562,1579651917.0,,0.0,,
TEA,1995,781.740273011855,1693960469.0,3.01496053849378,0.0,,
TEA,2000,972.833173916046,1795374943.0,3.43001128152857,0.0,,
TEA,2005,1673.19096529507,1874487158.0,4.50383702137591,0.0,,
TEA,2010,4104.80262362259,1948643347.0,4.17487787059342,0.0,,
TEA,2015,6664.48834577557,2030504270.0,4.13377205147226,0.0,,
TEA,2020,8485.32855185979,2095759417.0,4.38103635885362,0.0,,
TEA,2025,,,3.92368997709517,0.0,,
TEC,1990,2374.40408071154,430990546.0,,0.0,,
TEC,1995,2264.47976869591,437796116.0,9.38897907204676,0.0,,
TEC,2000,2044.35074576548,438423541.0,11.0183192610913,0.0,,
TEC,2005,4660.80836930066,438333196.0,9.31364245463686,0.0,,
TEC,2010,8280.72343768265,442936599.0,8.67633640799942,0.0,,
TEC,2015,8009.61874995558,453662073.0,7.60801134268431,0.0,,
TEC,2020,8478.35038656806,462842288.0,7.20291679357834,0.0,,
TEC,2025,,,4.61967413491655,0.0,,
TGO,1990,575.094511928654,3998761.0,,0.0,2.318533345,
TGO,1995,419.220334892756,4410832.0,3.99,2.0,2.737265119,0.532864654966556
TGO,2000,409.889802792768,5140037.0,4.162,1.0,3.086208265,0.524503383116385
TGO,2005,551.259850017077,5844631.0,4.149,0.0,3.280065568,0.515880805681788
TGO,2010,704.986772286079,6732590.0,2.379,0.0,3.492609978,0.510477975597596
TGO,2015,751.051987587248,7663195.0,2.204,0.0,4.453426758,0.503791232907607
TGO,2020,863.468665870276,8669720.0,2.231,0.0,5.590314011,0.498821310512824
TGO,2025,,,1.995,0.0,,
THA,1990,1559.11209344755,54738329.0,,0.0,4.507717011,
THA,1995,2864.36515719866,59098232.0,1.1,0.0,5.096191816,0.444020609255219
THA,2000,2005.97694514234,63007815.0,2.389,0.0,5.66112763,0.445379934658484
THA,2005,2867.70383436062,66017420.0,1.35,1.0,7.08158493,0.434250204168399
THA,2010,4973.86288823778,68579447.0,0.622,1.0,7.611529827,0.432643762721404
THA,2015,5688.85335397884,70540795.0,0.597,1.0,8.180100282,0.435746265201602
THA,2020,6985.64393892574,71641484.0,1.099,1.0,8.834560711,0.435071969016694
THA,2025,,,0.781,0.0,,
TJK,1990,487.03612866309,5398768.0,,0.0,9.306605518,
TJK,1995,207.034457343036,5948584.0,3.45,0.0,10.26935781,0.41604415142597
TJK,2000,136.925716400723,6284735.0,4.15,0.0,10.8042202,0.414429411057027
TJK,2005,333.927150941684,6924720.0,3.45,0.0,10.98564945,0.408861664112762
TJK,2010,737.338883219356,7652141.0,7.037,0.0,11.16707869,0.393958607909386
TJK,2015,956.916310930656,8643840.0,7.033,0.0,11.34850794,0.386570292245911
TJK,2020,834.311715460625,9749310.0,7.576,0.0,11.28955089,0.353171580441205
TJK,2025,,,6.931,0.0,,
TKM,1990,848.155047388424,3760562.0,,0.0,,
TKM,1995,592.247247321132,4191203.0,8.3,0.0,10.95166016,0.391035770662064
TKM,2000,633.835487638011,4582677.0,11.73,1.0,10.91987753,0.383186039815983
TKM,2005,1604.01618452312,5052257.0,7.495,0.0,10.8880949,0.380484592252858
TKM,2010,4058.53937000739,5564356.0,4.0,0.0,10.85631227,0.375066161650224
TKM,2015,5759.497903834,6215770.0,4.016,0.0,10.82452965,0.372206410124467
TKM,2020,5972.72356566861,6949912.0,4.489,0.0,11.14299353,0.372484069419212
TKM,2025,,,4.267,0.0,,
TLA,1990,2439.30313189056,426091608.0,,0.0,,
TLA,1995,3983.209208317,465939463.0,7.85357644180886,0.0,,
TLA,2000,4388.92611014216,504556065.0,9.52894893986909,0.0,,
TLA,2005,5103.97068943224,539188798.0,8.34365571129642,0.0,,
TLA,2010,9115.80144590362,571822092.0,7.26042689855492,0.0,,
TLA,2015,8404.37747196218,603091701.0,6.7292474127348,0.0,,
TLA,2020,6964.3711102796,630051021.0,10.355452107179,0.0,,
TLA,2025,,,5.50985450118759,0.0,,
TLS,1990,168.621010199317,760345.0,,0.0,,
TLS,1995,302.736982028369,868146.0,3.348,0.0,,0.542485641878883
TLS,2000,492.457637913906,745088.0,3.529,0.0,3.771546767,0.54225623721929
TLS,2005,487.464506929223,948311.0,3.611,0.0,4.490834246,0.564912125538902
TLS,2010,813.060220670369,1084679.0,3.301,0.0,5.347300053,0.569714866059991
TLS,2015,1319.59295003154,1205131.0,3.678,0.0,5.274750074,0.557779401978446
TLS,2020,1630.86938521256,1326053.0,2.808,0.0,6.020059751,0.553271435414627
TLS,2025,,,1.592,0.0,,
TMN,1990,1551.33182483379,359343952.0,,0.0,,
TMN,1995,975.846138056246,409972623.0,9.03428655097015,0.0,,
TMN,2000,1246.01975069059,460058369.0,8.70973223936551,0.0,,
TMN,2005,1657.84296915154,513920381.0,7.79217578193013,0.0,,
TMN,2010,2817.90380218571,573609877.0,7.05144257493513,0.0,,
TMN,2015,2799.45441811583,631082594.0,8.96791885955849,0.0,,
TMN,2020,2402.73480964451,687728758.0,9.67954007701653,0.0,,
TMN,2025,,,8.69378066221379,0.0,,
TON,1990,1139.0553819198,99700.0,,0.0,9.118815371,
TON,1995,2084.02759539718,100225.0,1.987,0.0,10.04168343,0.595315757599537
TON,2000,1995.07667546271,102677.0,3.966,0.0,10.04538765,0.58862999002131
TON,2005,2477.72620144825,105671.0,2.542,0.0,10.06649771,0.616640307084301
TON,2010,3416.08356601207,107400.0,1.501,0.0,10.74651165,0.620259023532857
TON,2015,4123.90323993332,106095.0,2.022,0.0,10.88343,0.617722490810839
TON,2020,4792.35854741522,105704.0,2.712,0.0,10.88028609,0.605907116886802
TON,2025,,,2.008,0.0,,
TSA,1990,359.953973128088,1013297018.0,,0.0,,
TSA,1995,370.570693920918,1123515559.0,7.15013674904188,0.0,,
TSA,2000,440.467918910931,1237185482.0,7.17647475389305,0.0,,
TSA,2005,686.338193475473,1346886384.0,7.24801932806737,0.0,,
TSA,2010,1294.02734404973,1444967010.0,7.16328861819797,0.0,,
TSA,2015,1570.54142462917,1537370078.0,7.27349261228767,0.0,,
TSA,2020,1957.20343722686,1621073417.0,7.62561175204578,0.0,,
TSA,2025,,,4.24316978447462,0.0,,
TSS,1990,728.527589410931,521314712.0,,0.0,,
TSS,1995,806.66176584935,596382250.0,6.36295420429711,0.0,,
TSS,2000,629.529731613317,681125107.0,6.35178469623133,0.0,,
TSS,2005,1073.52977403181,779665113.0,5.84542677033048,0.0,,
TSS,2010,1642.64134193596,894666657.0,5.93846630352171,0.0,,
TSS,2015,1646.44941139316,1025251114.0,5.78525200580782,0.0,,
TSS,2020,1627.34569596297,1169015451.0,6.64963226537121,0.0,,
TSS,2025,,,5.65798225644767,0.0,,
TTO,1990,4047.25093594674,1252208.0,,1.0,7.252180099,
TTO,1995,4114.68908475464,1295169.0,17.22,0.0,8.098338498,0.399008098343231
TTO,2000,6178.58975559687,1319774.0,12.1,0.0,8.944496897,0.390277228898419
TTO,2005,12346.4373094075,1294494.0,7.95,0.0,9.790655295,0.387554191907929
TTO,2010,16815.424737361,1317714.0,4.033,0.0,10.47030973,0.386446785958367
TTO,2015,19887.2327716498,1349667.0,2.428,0.0,11.11478428,0.373765778801013
TTO,2020,15283.6270531554,1366725.0,4.206,0.0,11.73800258,0.37457124081302
TTO,2025,,,3.329,0.0,,
TUN,1990,1476.43160477311,8324509.0,,0.0,3.466150007,
TUN,1995,1968.16600944373,9161258.0,16.348,0.0,4.17352756,0.369595931490363
TUN,2000,2199.04465936314,9764935.0,14.94,0.0,4.951642868,0.363244858097207
TUN,2005,3146.8260743927,10255472.0,12.872,0.0,5.810601324,0.361326434386052
TUN,2010,4291.86120891575,10765980.0,13.049,0.0,6.649549961,0.359041892153873
TUN,2015,4014.94773686432,11402264.0,15.159,1.0,7.082895041,0.368216218103645
TUN,2020,3548.65363663803,11974057.0,17.651,0.0,7.953393173,0.375583586595581
TUN,2025,,,15.108,0.0,,
TUR,1990,2689.52621921233,56015628.0,,1.0,4.455356985,
TUR,1995,3845.98997887841,61024503.0,7.644,2.0,4.730743288,0.415230659140729
TUR,2000,4199.3798635759,65425961.0,6.495,1.0,5.448714723,0.407286243167152
TUR,2005,7331.85429430255,69329557.0,10.636,1.0,5.973519802,0.395049414090685
TUR,2010,10698.9699409757,73142150.0,11.879,1.0,7.09209013,0.38347727671225
TUR,2015,11064.6494504662,78218479.0,10.304,1.0,7.958399773,0.380782673370426
TUR,2020,8798.11791709313,83384680.0,13.148,1.0,8.811284129,0.37713102785373
TUR,2025,,,8.52,0.0,,
TUV,1990,1084.66707221699,8798.0,,0.0,7.12797794,
TUV,1995,1284.76446104166,9280.0,,0.0,7.71184567,0.57687217900701
TUV,2000,1579.41906275542,9544.0,,0.0,8.297577875,0.574060445643852
TUV,2005,2304.82694329052,9940.0,,0.0,8.88331008,0.573633353071094
TUV,2010,3024.8170790571,10614.0,,0.0,9.469042284,0.579658259856929
TUV,2015,3357.83417700071,10963.0,,0.0,10.05477449,0.601385088566647
TUV,2020,4976.11254109571,10399.0,,0.0,10.64458626,0.579601682168662
TZA,1990,243.611557006836,26110207.0,,0.0,3.329101206,
TZA,1995,258.418334960938,30383497.0,3.672,0.0,3.78222887,0.556959750239065
TZA,2000,401.698150634766,34260139.0,3.129,0.0,4.226109031,0.55688902910993
TZA,2005,483.334869384766,39182076.0,3.193,0.0,4.642296028,0.54681957697502
TZA,2010,736.530151367188,44758488.0,3.03,0.0,5.218805981,0.543833179275633
TZA,2015,939.127319335938,52020962.0,2.009,0.0,5.493569851,0.5319430679062
TZA,2020,1117.41528320313,60972798.0,1.792,1.0,5.639967963,0.518774219877417
TZA,2025,,,1.572,0.0,,
UGA,1990,244.987168126806,17569897.0,,1.0,3.175858623,
UGA,1995,278.520835668767,20665667.0,3.193,1.0,3.558572639,0.575797466857409
UGA,2000,258.050338731086,24000150.0,3.531,1.0,3.943063563,0.578001085688091
UGA,2005,330.405402707025,27963289.0,1.9,1.0,4.623754978,0.579389217977661
UGA,2010,823.488144282,32390802.0,3.623,1.0,5.893260002,0.564806560383452
UGA,2015,862.934610355811,37531446.0,2.681,1.0,5.698717594,0.547501550629929
UGA,2020,845.766463890124,44457152.0,3.819,0.0,6.235476362,0.535529791665836
UGA,2025,,,2.746,0.0,,
UKR,1990,1563.63415527344,52054092.0,,0.0,9.276183691,
UKR,1995,933.191772460938,51665539.0,5.62,0.0,10.18959346,0.420270606537191
UKR,2000,653.294311523438,49556660.0,11.707,0.0,10.8391293,0.414306214698736
UKR,2005,1875.33508300781,47585556.0,7.18,0.0,11.32628118,0.400856568476572
UKR,2010,3039.63232421875,46456003.0,8.1,0.0,11.50896313,0.388312714384106
UKR,2015,2094.47387695313,45784896.0,9.14,2.0,11.16389722,0.365371598133894
UKR,2020,3709.76928710938,44680014.0,9.475,1.0,11.12330123,0.367944131949858
URY,1990,2995.36105663465,3104403.0,,0.0,7.151282631,
URY,1995,6050.48632253644,3189440.0,10.02,0.0,7.341849769,0.416788976356437
URY,2000,6987.70098766257,3266206.0,12.627,0.0,8.313797133,0.415216449993203
URY,2005,5284.25677987129,3285771.0,12.009,0.0,8.313446681,0.414615597464269
URY,2010,12641.0576849008,3318580.0,7.158,0.0,8.327150345,0.399970571962881
URY,2015,17125.9016800298,3368017.0,7.488,0.0,8.669449806,0.393747261204814
URY,2020,15757.5355995779,3398968.0,10.413,0.0,9.058219782,0.371738954870943
URY,2025,,,7.516,0.0,,
USA,1990,23888.6000088133,249623000.0,,0.0,12.98377037,
USA,1995,28690.8757013347,266278000.0,5.65,0.0,13.13735104,0.31692616602175
USA,2000,36329.9560727102,282162411.0,3.992,0.0,12.96360588,0.316670008240058
USA,2005,44123.4070679055,295516599.0,5.084,1.0,12.82981014,0.317202079106229
USA,2010,48642.6100179312,309378227.0,9.633,1.0,13.05183983,0.313211872231201
USA,2015,56572.9188996063,321815121.0,5.28,1.0,13.25187969,0.310548399216006
USA,2020,63515.9491807833,331577720.0,8.055,0.0,13.68342972,0.311741033207543
USA,2025,,,4.198,0.0,,
UZB,1990,652.9376529256,20464956.0,,0.0,,
UZB,1995,582.54213674034,22917589.0,7.8,1.0,,0.367418297635995
UZB,2000,555.149231099186,24787054.0,12.301,1.0,10.0474884,0.362289872880996
UZB,2005,542.835808692209,26356975.0,7.092,0.0,10.50075322,0.367805942923728
UZB,2010,1753.20730243278,28385506.0,5.36,1.0,10.97446584,0.354044950989855
UZB,2015,2803.19018021751,30749346.0,5.15,0.0,11.35682964,0.353469592143548
UZB,2020,1978.28051860763,33586372.0,5.293,0.0,11.8894949,0.356543026752724
UZB,2025,,,4.622,0.0,,
VCT,1990,2149.73944358984,111812.0,,0.0,,
VCT,1995,2795.36305613955,113047.0,20.005,0.0,,0.464483392932928
VCT,2000,3768.95536604022,113545.0,20.8,0.0,8.738285548,0.452099557782978
VCT,2005,5157.39373878102,112450.0,19.461,0.0,9.312765199,0.447029118686421
VCT,2010,6551.96835992405,109959.0,19.924,0.0,9.92501277,0.454033438886634
VCT,2015,7353.73556054184,106960.0,19.135,0.0,10.57247323,0.430432936370788
VCT,2020,8351.20324040982,103526.0,20.635,0.0,10.99625387,0.438132340635135
VCT,2025,,,18.003,0.0,,
VEN,1990,2451.5523114567,19827010.0,,0.0,5.338530064,
VEN,1995,3486.98350635919,22193821.0,10.24,0.0,6.578029893,0.37929954074482
VEN,2000,4776.2816763938,24526708.0,13.99,0.0,7.817529722,0.37538534515215
VEN,2005,5432.4854184654,26785804.0,10.663,0.0,7.622557831,0.374290908243296
VEN,2010,13646.3046622664,28813101.0,7.112,0.0,8.687755108,0.373576534641939
VEN,2015,4103.1384987005,30573972.0,6.139,0.0,9.641010284,0.373102070786943
VEN,2020,1506.0436210041,28444077.0,7.53,0.0,9.628154421,0.374505975813082
VEN,2025,,,5.307,0.0,,
VGB,1990,,15704.0,,0.0,,
VGB,1995,,17840.0,,0.0,,
VGB,2000,,20241.0,,0.0,,
VGB,2005,,23665.0,,0.0,,
VGB,2010,,27675.0,,0.0,,
VGB,2015,,34498.0,,0.0,,
VGB,2020,,37135.0,,0.0,,
VIR,1990,,103963.0,,0.0,,
VIR,1995,,107818.0,10.611,0.0,,
VIR,2000,,108642.0,9.834,0.0,,
VIR,2005,40828.7460927775,108453.0,10.228,0.0,,
VIR,2010,39905.1284180994,108357.0,11.059,0.0,,
VIR,2015,34007.3529411765,107712.0,11.649,0.0,,
VIR,2020,39787.3741650202,106290.0,14.366,0.0,,
VIR,2025,,,11.443,0.0,,
VNM,1990,98.7983370311401,65504552.0,,0.0,4.101410613,
VNM,1995,287.802661028593,72049940.0,1.955,0.0,4.78844894,0.517533064751055
VNM,2000,404.029784055118,77154011.0,2.26,0.0,5.642042011,0.505260075756312
VNM,2005,710.746759994861,81088313.0,2.078,0.0,6.703828515,0.494486885523639
VNM,2010,1683.16182443979,87455152.0,1.114,0.0,7.62746501,0.476370641029745
VNM,2015,2577.56885340113,92823254.0,1.848,0.0,8.040140152,0.467266633111145
VNM,2020,3534.03953482647,98079191.0,2.103,0.0,8.455348794,0.476911223787016
VNM,2025,,,1.523,0.0,,
VUT,1990,1140.59020311724,148063.0,,0.0,,
VUT,1995,1491.78967004617,167137.0,8.134,0.0,,0.609848974094159
VUT,2000,1460.23817692229,186281.0,8.266,0.0,,0.602533812786826
VUT,2005,1873.99142640619,210760.0,8.121,0.0,5.575515217,0.594770353477192
VUT,2010,2815.18828985779,238248.0,4.681,0.0,6.052020819,0.600381924016249
VUT,2015,2854.89412272653,266101.0,5.168,0.0,6.5640916,0.596411373982685
VUT,2020,3042.98711598286,298858.0,4.046,0.0,7.183209727,0.551030620181952
VUT,2025,,,5.073,0.0,,
WLD,1990,4325.66214326506,5299246757.0,,0.0,,
WLD,1995,5446.76886240778,5736505517.0,5.91942696026279,0.0,,
WLD,2000,5501.26421816454,6161884811.0,6.11126625149596,0.0,,
WLD,2005,7284.31331023763,6575841506.0,6.22389912094209,0.0,,
WLD,2010,9542.72886249208,7001266876.0,6.28092769649237,0.0,,
WLD,2015,10161.9445773234,7441677465.0,5.99825160171964,0.0,,
WLD,2020,10937.6846205191,7854748424.0,6.58731449706782,0.0,,
WLD,2025,,,4.79097241077406,0.0,,
WSM,1990,743.994213008355,169042.0,,0.0,10.12533396,
WSM,1995,1288.10473321401,174571.0,3.244,0.0,10.47841404,0.498375768156731
WSM,2000,1424.75240002471,181685.0,4.733,0.0,10.84380636,0.496252729195231
WSM,2005,2550.04221437511,186978.0,5.212,0.0,11.22298775,0.507556435515833
WSM,2010,3524.2479246203,193023.0,5.621,0.0,11.60372267,0.498937980057668
WSM,2015,4084.36083819933,201782.0,8.901,0.0,11.5408349,0.502501941122815
WSM,2020,4099.59660548583,211944.0,7.467,0.0,11.36735585,0.488683518957759
WSM,2025,,,4.996,0.0,,
XKX,1990,,1973790.0,,0.0,,
XKX,1995,,2137514.0,,0.0,,
XKX,2000,,1802493.0,,0.0,,
XKX,2005,,1818354.0,,0.0,,
XKX,2010,2987.54519574464,1788743.0,,0.0,,
XKX,2015,3520.62850699375,1788274.0,,0.0,,
XKX,2020,4310.88963754863,1790151.0,,0.0,,
YEM,1990,910.422465960748,13887862.0,,0.0,0.29,
YEM,1995,764.414656090937,16740058.0,8.988,0.0,0.65,0.539629884702142
YEM,2000,493.235182634814,19624141.0,11.557,0.0,1.2,0.53080920766452
YEM,2005,734.159908450927,22790085.0,12.213,0.0,1.86,0.522187020457706
YEM,2010,1155.20305261418,26754387.0,12.777,1.0,2.6,0.515790305996504
YEM,2015,1362.1738120601,31159379.0,17.9,2.0,2.705099864,0.52805840529864
YEM,2020,,36134863.0,17.963,2.0,2.776825958,0.528346463425989
YEM,2025,,,17.322,0.0,,
ZAF,1990,3093.48920352334,40746268.0,,0.0,6.514614789,
ZAF,1995,3855.6340871567,44541554.0,22.705,0.0,8.251176204,0.420095080940072
ZAF,2000,3217.84693448467,47159719.0,22.788,0.0,7.257421406,0.409909039633348
ZAF,2005,5836.87663325127,49490033.0,22.472,0.0,8.899390221,0.411870793335461
ZAF,2010,7973.47195771517,52344051.0,24.683,0.0,9.669320107,0.406422016520693
ZAF,2015,6112.27382485974,56723537.0,25.149,0.0,10.23357964,0.398014539067049
ZAF,2020,5580.60383075189,60562381.0,29.217,0.0,10.55465984,0.396480621339519
ZAF,2025,,,32.391,0.0,,
ZMB,1990,422.336298804219,7786169.0,,2.0,4.481160164,
ZMB,1995,433.312782642118,8785763.0,16.834,1.0,4.936194028,0.49604387411646
ZMB,2000,359.429500988221,10017631.0,12.93,0.0,5.391227892,0.498704007347142
ZMB,2005,710.982068171696,11718819.0,15.9,0.0,5.846261757,0.506803596307428
ZMB,2010,1451.10616017155,13965594.0,13.19,2.0,6.301295621,0.505610460469804
ZMB,2015,1295.87788680068,16399089.0,5.951,2.0,6.756329485,0.497209141369562
ZMB,2020,951.644316655957,19059395.0,6.032,2.0,7.284893177,0.488454398332421
ZMB,2025,,,5.918,0.0,,
ZWE,1990,866.928868406131,10137281.0,,0.0,5.021989402,
ZWE,1995,648.315259628165,10974599.0,5.566,0.0,5.777930927,0.508058762198396
ZWE,2000,562.833757496076,11892055.0,5.685,0.0,6.546715927,0.516222435377288
ZWE,2005,461.271387547912,12483432.0,4.632,0.0,7.158780956,0.523748547646841
ZWE,2010,902.010759067388,13356548.0,5.469,0.0,7.666366005,0.518763969698638
ZWE,2015,1387.12632595026,14399013.0,5.399,0.0,8.38904953,0.516161147136235
ZWE,2020,2059.67445384499,15526888.0,8.617,0.0,8.807762621,0.507918458404159
ZWE,2025,,,9.293,0.0,,
ZZA.VHHD,1990,,,,0.0,9.675991193,
ZZA.VHHD,1995,,,,0.0,10.21900804,
ZZA.VHHD,2000,,,,0.0,10.75312066,
ZZA.VHHD,2005,,,,0.0,11.21946031,
ZZA.VHHD,2010,,,,0.0,11.60924744,
ZZA.VHHD,2015,,,,0.0,11.89286228,
ZZA.VHHD,2020,,,,0.0,12.27738546,
ZZB.HHD,1990,,,,0.0,4.661816101,
ZZB.HHD,1995,,,,0.0,5.537737079,
ZZB.HHD,2000,,,,0.0,6.369147269,
ZZB.HHD,2005,,,,0.0,6.958212023,
ZZB.HHD,2010,,,,0.0,7.387482829,
ZZB.HHD,2015,,,,0.0,7.977273409,
ZZB.HHD,2020,,,,0.0,8.617027668,
ZZC.MHD,1990,,,,0.0,2.971559145,
ZZC.MHD,1995,,,,0.0,3.503341469,
ZZC.MHD,2000,,,,0.0,4.25281633,
ZZC.MHD,2005,,,,0.0,4.652637551,
ZZC.MHD,2010,,,,0.0,5.18226924,
ZZC.MHD,2015,,,,0.0,5.818876854,
ZZC.MHD,2020,,,,0.0,6.626016298,
ZZD.LHD,1990,,,,0.0,2.262641924,
ZZD.LHD,1995,,,,0.0,2.745857644,
ZZD.LHD,2000,,,,0.0,2.932190016,
ZZD.LHD,2005,,,,0.0,3.828959477,
ZZD.LHD,2010,,,,0.0,4.14380425,
ZZD.LHD,2015,,,,0.0,4.585321975,
ZZD.LHD,2020,,,,0.0,4.68837459,
ZZE.AS,1990,,,,0.0,3.919923028,
ZZE.AS,1995,,,,0.0,4.689825957,
ZZE.AS,2000,,,,0.0,5.268994702,
ZZE.AS,2005,,,,0.0,5.875913431,
ZZE.AS,2010,,,,0.0,6.609254525,
ZZE.AS,2015,,,,0.0,7.291898955,
ZZE.AS,2020,,,,0.0,7.944512294,
ZZF.EAP,1990,,,,0.0,4.133242839,
ZZF.EAP,1995,,,,0.0,5.020322224,
ZZF.EAP,2000,,,,0.0,5.916262077,
ZZF.EAP,2005,,,,0.0,6.49906935,
ZZF.EAP,2010,,,,0.0,6.915829705,
ZZF.EAP,2015,,,,0.0,7.533697149,
ZZF.EAP,2020,,,,0.0,8.214982495,
ZZG.ECA,1990,,,,0.0,7.409740363,
ZZG.ECA,1995,,,,0.0,8.214373283,
ZZG.ECA,2000,,,,0.0,8.877982906,
ZZG.ECA,2005,,,,0.0,9.337554512,
ZZG.ECA,2010,,,,0.0,9.858087169,
ZZG.ECA,2015,,,,0.0,10.22711599,
ZZG.ECA,2020,,,,0.0,10.62655306,
ZZH.LAC,1990,,,,0.0,5.493441822,
ZZH.LAC,1995,,,,0.0,6.027008355,
ZZH.LAC,2000,,,,0.0,6.598353516,
ZZH.LAC,2005,,,,0.0,7.22837676,
ZZH.LAC,2010,,,,0.0,7.793156956,
ZZH.LAC,2015,,,,0.0,8.357199153,
ZZH.LAC,2020,,,,0.0,8.96917555,
ZZI.SA,1990,,,,0.0,2.977440599,
ZZI.SA,1995,,,,0.0,3.523772186,
ZZI.SA,2000,,,,0.0,4.312758306,
ZZI.SA,2005,,,,0.0,4.811030356,
ZZI.SA,2010,,,,0.0,5.276762014,
ZZI.SA,2015,,,,0.0,5.898464383,
ZZI.SA,2020,,,,0.0,6.58280513,
ZZJ.SSA,1990,,,,0.0,3.634380042,
ZZJ.SSA,1995,,,,0.0,4.408480761,
ZZJ.SSA,2000,,,,0.0,4.037279793,
ZZJ.SSA,2005,,,,0.0,4.620294007,
ZZJ.SSA,2010,,,,0.0,5.063580453,
ZZJ.SSA,2015,,,,0.0,5.527202132,
ZZJ.SSA,2020,,,,0.0,5.886778705,
ZZK.WORLD,1990,,,,0.0,5.88049316,
ZZK.WORLD,1995,,,,0.0,6.472184252,
ZZK.WORLD,2000,,,,0.0,7.021333553,
ZZK.WORLD,2005,,,,0.0,7.415288886,
ZZK.WORLD,2010,,,,0.0,7.769561223,
ZZK.WORLD,2015,,,,0.0,8.199370703,
ZZK.WORLD,2020,,,,0.0,8.686373862,
