dest_name,origin_name,dest_iso3,origin_iso3,1990,1995,2000,2005,2010,2015,2020
Burundi,Kenya,BDI,KEN,82.0,94.0,87.0,219.0,370.0,450.0,533.0
Burundi,Rwanda,BDI,RWA,113171.0,82134.0,34127.0,32291.0,30008.0,35223.0,41839.0
Burundi,Uganda,BDI,UGA,935.0,793.0,488.0,380.0,305.0,371.0,439.0
Burundi,United Republic of Tanzania,BDI,TZA,6074.0,5017.0,2924.0,7283.0,12289.0,14971.0,17783.0
Burundi,Democratic Republic of the Congo,BDI,COD,18691.0,21295.0,19500.0,49131.0,72512.0,86279.0,97828.0
Burundi,Belgium,BDI,BEL,327.0,318.0,244.0,242.0,261.0,317.0,375.0
Burundi,France*,BDI,FRA,164.0,159.0,121.0,120.0,129.0,157.0,184.0
Comoros,Kenya,COM,KEN,47.0,47.0,47.0,45.0,43.0,42.0,40.0
Comoros,Madagascar,COM,MDG,5803.0,5772.0,5744.0,5454.0,5168.0,5112.0,5086.0
Comoros,Réunion,COM,REU,450.0,448.0,445.0,423.0,400.0,395.0,392.0
Comoros,United Republic of Tanzania,COM,TZA,84.0,84.0,83.0,79.0,75.0,74.0,72.0
Comoros,France*,COM,FRA,233.0,232.0,231.0,220.0,208.0,205.0,203.0
Djibouti,Ethiopia,DJI,ETH,7494.0,6114.0,6151.0,5271.0,6287.0,6491.0,7016.0
Djibouti,Somalia,DJI,SOM,47098.0,38421.0,38656.0,33127.0,39512.0,40794.0,44100.0
Djibouti,Yemen,DJI,YEM,150.0,122.0,123.0,106.0,125.0,3183.0,2727.0
Eritrea,Burundi,ERI,BDI,312.0,552.0,792.0,560.0,398.0,485.0,417.0
Eritrea,Comoros,ERI,COM,21.0,34.0,48.0,61.0,75.0,91.0,77.0
Eritrea,Ethiopia,ERI,ETH,616.0,330.0,43.0,722.0,42.0,50.0,42.0
Eritrea,Kenya,ERI,KEN,62.0,81.0,100.0,109.0,122.0,148.0,126.0
Eritrea,Malawi,ERI,MWI,75.0,127.0,180.0,228.0,281.0,343.0,294.0
Eritrea,Mozambique,ERI,MOZ,1724.0,1137.0,546.0,523.0,533.0,649.0,558.0
Eritrea,Rwanda,ERI,RWA,451.0,337.0,223.0,206.0,203.0,247.0,211.0
Eritrea,Somalia,ERI,SOM,697.0,738.0,778.0,1701.0,2270.0,1189.0,1021.0
Eritrea,South Sudan,ERI,SSD,439.0,497.0,554.0,469.0,424.0,516.0,444.0
Eritrea,Uganda,ERI,UGA,66.0,255.0,444.0,424.0,430.0,523.0,450.0
Eritrea,United Republic of Tanzania,ERI,TZA,105.0,147.0,189.0,194.0,209.0,254.0,217.0
Eritrea,Zambia,ERI,ZMB,34.0,45.0,57.0,63.0,71.0,85.0,72.0
Eritrea,Zimbabwe,ERI,ZWE,26.0,37.0,49.0,64.0,79.0,95.0,80.0
Eritrea,Angola,ERI,AGO,109.0,195.0,282.0,187.0,119.0,144.0,123.0
Eritrea,Democratic Republic of the Congo,ERI,COD,172.0,378.0,584.0,591.0,627.0,763.0,656.0
Eritrea,Sudan,ERI,SDN,62.0,70.0,78.0,66.0,60.0,72.0,61.0
Eritrea,South Africa,ERI,ZAF,37.0,55.0,73.0,56.0,44.0,53.0,45.0
Eritrea,China,ERI,CHN,6.0,8.0,10.0,10.0,11.0,13.0,11.0
Eritrea,India,ERI,IND,17.0,31.0,46.0,52.0,61.0,73.0,62.0
Eritrea,United Kingdom*,ERI,GBR,20.0,24.0,29.0,29.0,29.0,35.0,29.0
Eritrea,France*,ERI,FRA,56.0,84.0,112.0,140.0,170.0,207.0,177.0
Ethiopia,Burundi,ETH,BDI,0.0,5.0,8.0,34.0,47.0,48.0,58.0
Ethiopia,Djibouti,ETH,DJI,452.0,9520.0,1135.0,372.0,368.0,357.0,340.0
Ethiopia,Eritrea,ETH,ERI,29808.0,22847.0,13072.0,9451.0,20694.0,70907.0,86375.0
Ethiopia,Kenya,ETH,KEN,88.0,4363.0,1360.0,277.0,2063.0,2156.0,2671.0
Ethiopia,Somalia,ETH,SOM,199241.0,161177.0,88979.0,18178.0,43296.0,133027.0,103519.0
Ethiopia,South Sudan,ETH,SSD,176519.0,31853.0,36390.0,40013.0,16534.0,142227.0,185014.0
Ethiopia,Uganda,ETH,UGA,0.0,56.0,48.0,32.0,18.0,12.0,9.0
Ethiopia,Democratic Republic of the Congo,ETH,COD,0.0,20.0,24.0,83.0,222.0,448.0,476.0
Ethiopia,Sudan,ETH,SDN,30012.0,5134.0,6198.0,7018.0,2681.0,19571.0,22624.0
Ethiopia,China,ETH,CHN,162.0,48.0,817.0,2041.0,15797.0,25338.0,17937.0
Ethiopia,Syrian Arab Republic,ETH,SYR,0.0,0.0,0.0,0.0,0.0,7.0,163.0
Ethiopia,Yemen,ETH,YEM,0.0,17.0,33.0,8.0,6.0,354.0,1057.0
Kenya,Burundi,KEN,BDI,44.0,68.0,99.0,991.0,2150.0,4156.0,7469.0
Kenya,Eritrea,KEN,ERI,0.0,32.0,482.0,337.0,857.0,1070.0,922.0
Kenya,Ethiopia,KEN,ETH,11402.0,12696.0,9447.0,9158.0,17948.0,16857.0,14525.0
Kenya,Mozambique,KEN,MOZ,463.0,445.0,267.0,252.0,298.0,303.0,260.0
Kenya,Rwanda,KEN,RWA,1719.0,2754.0,1643.0,1962.0,3134.0,3188.0,2745.0
Kenya,Somalia,KEN,SOM,3493.0,80916.0,76974.0,98561.0,190369.0,238175.0,205263.0
Kenya,South Sudan,KEN,SSD,2469.0,25412.0,39262.0,29187.0,26058.0,47882.0,60151.0
Kenya,Uganda,KEN,UGA,41264.0,71682.0,136880.0,147181.0,173022.0,175993.0,151658.0
Kenya,United Republic of Tanzania,KEN,TZA,30682.0,34282.0,25615.0,20281.0,19773.0,20112.0,17330.0
Kenya,Democratic Republic of the Congo,KEN,COD,178.0,180.0,337.0,1301.0,4642.0,12369.0,21565.0
Kenya,Sudan,KEN,SDN,347.0,19370.0,28299.0,34519.0,13723.0,5133.0,4910.0
Kenya,Namibia,KEN,NAM,53.0,51.0,30.0,29.0,34.0,35.0,29.0
Kenya,South Africa,KEN,ZAF,87.0,84.0,51.0,48.0,57.0,58.0,49.0
Madagascar,Comoros,MDG,COM,3614.0,3172.0,3510.0,3868.0,4271.0,4715.0,5236.0
Madagascar,China,MDG,CHN,654.0,574.0,638.0,703.0,779.0,867.0,959.0
Madagascar,India,MDG,IND,523.0,457.0,505.0,559.0,617.0,681.0,753.0
Madagascar,France*,MDG,FRA,2947.0,2587.0,2862.0,3154.0,3483.0,3848.0,4264.0
Malawi,Burundi,MWI,BDI,447.0,2688.0,2595.0,2481.0,2441.0,3078.0,4210.0
Malawi,Mozambique,MWI,MOZ,548271.0,28953.0,27951.0,26714.0,26281.0,22867.0,19234.0
Malawi,Rwanda,MWI,RWA,1428.0,2413.0,2330.0,2227.0,3066.0,2667.0,3049.0
Malawi,Somalia,MWI,SOM,133.0,26.0,26.0,64.0,38.0,33.0,44.0
Malawi,United Republic of Tanzania,MWI,TZA,2161.0,5899.0,5695.0,5443.0,5355.0,4659.0,3918.0
Malawi,Zambia,MWI,ZMB,4561.0,28002.0,27033.0,25837.0,25418.0,22116.0,18602.0
Malawi,Zimbabwe,MWI,ZWE,2727.0,23115.0,22315.0,21328.0,20983.0,18257.0,15356.0
Malawi,Congo,MWI,COG,334.0,709.0,685.0,655.0,645.0,561.0,471.0
Malawi,Democratic Republic of the Congo,MWI,COD,850.0,1160.0,1120.0,1113.0,2280.0,5603.0,12845.0
Malawi,South Africa,MWI,ZAF,881.0,5043.0,4869.0,4654.0,4579.0,3984.0,3351.0
Malawi,India,MWI,IND,774.0,1228.0,1186.0,1134.0,1116.0,971.0,816.0
Malawi,United Kingdom*,MWI,GBR,370.0,786.0,759.0,726.0,715.0,622.0,523.0
Mauritius,Madagascar,MUS,MDG,34.0,68.0,154.0,545.0,941.0,1030.0,1040.0
Mauritius,Seychelles,MUS,SYC,31.0,25.0,40.0,55.0,72.0,78.0,77.0
Mauritius,South Africa,MUS,ZAF,112.0,109.0,187.0,246.0,308.0,337.0,339.0
Mauritius,China,MUS,CHN,76.0,2645.0,7175.0,4377.0,1612.0,1764.0,1782.0
Mauritius,"China, Hong Kong SAR",MUS,HKG,42.0,18.0,9.0,7.0,7.0,7.0,6.0
Mauritius,Japan,MUS,JPN,11.0,8.0,12.0,8.0,5.0,5.0,4.0
Mauritius,Bangladesh,MUS,BGD,50.0,95.0,211.0,2482.0,4772.0,5224.0,5297.0
Mauritius,India,MUS,IND,263.0,312.0,593.0,940.0,1294.0,1416.0,1444.0
Mauritius,Pakistan,MUS,PAK,0.0,1.0,4.0,50.0,97.0,106.0,105.0
Mauritius,Sri Lanka,MUS,LKA,7.0,14.0,33.0,393.0,756.0,827.0,834.0
Mauritius,Malaysia,MUS,MYS,21.0,17.0,28.0,28.0,30.0,32.0,31.0
Mauritius,Russian Federation,MUS,RUS,25.0,18.0,26.0,25.0,25.0,27.0,26.0
Mauritius,Ireland,MUS,IRL,16.0,6.0,3.0,11.0,21.0,22.0,21.0
Mauritius,United Kingdom*,MUS,GBR,390.0,237.0,262.0,233.0,206.0,225.0,226.0
Mauritius,Italy,MUS,ITA,21.0,25.0,49.0,51.0,55.0,60.0,59.0
Mauritius,Spain*,MUS,ESP,5.0,2.0,1.0,4.0,9.0,9.0,8.0
Mauritius,Belgium,MUS,BEL,16.0,6.0,3.0,12.0,23.0,25.0,24.0
Mauritius,France*,MUS,FRA,414.0,329.0,489.0,515.0,545.0,596.0,601.0
Mauritius,Germany,MUS,DEU,24.0,31.0,63.0,61.0,60.0,65.0,64.0
Mauritius,Switzerland,MUS,CHE,22.0,9.0,4.0,14.0,26.0,28.0,27.0
Mauritius,Canada,MUS,CAN,23.0,15.0,19.0,16.0,15.0,16.0,15.0
Mauritius,United States of America*,MUS,USA,21.0,15.0,21.0,21.0,23.0,25.0,24.0
Mayotte,Comoros,MYT,COM,4164.0,8961.0,17689.0,25058.0,29720.0,33973.0,46563.0
Mayotte,Madagascar,MYT,MDG,579.0,1008.0,1880.0,2447.0,2750.0,3143.0,4307.0
Mayotte,France*,MYT,FRA,500.0,1079.0,2132.0,3766.0,4994.0,5708.0,7822.0
Mozambique,Burundi,MOZ,BDI,281.0,385.0,463.0,694.0,934.0,3074.0,4289.0
Mozambique,Kenya,MOZ,KEN,4256.0,5828.0,7000.0,10472.0,11972.0,12410.0,12909.0
Mozambique,Malawi,MOZ,MWI,10351.0,14173.0,17021.0,25461.0,29108.0,30176.0,31390.0
Mozambique,Seychelles,MOZ,SYC,3041.0,4165.0,5003.0,7485.0,8557.0,8871.0,9227.0
Mozambique,United Republic of Tanzania,MOZ,TZA,1179.0,1615.0,1940.0,2904.0,3321.0,3442.0,3580.0
Mozambique,Zambia,MOZ,ZMB,914.0,1252.0,1504.0,2251.0,2574.0,2668.0,2774.0
Mozambique,Zimbabwe,MOZ,ZWE,16816.0,23024.0,27651.0,41362.0,47285.0,49022.0,51002.0
Mozambique,Angola,MOZ,AGO,6596.0,9032.0,10847.0,16227.0,18551.0,19232.0,20005.0
Mozambique,Democratic Republic of the Congo,MOZ,COD,1061.0,1453.0,1745.0,2611.0,2986.0,5145.0,5861.0
Mozambique,Lesotho,MOZ,LSO,1455.0,1993.0,2394.0,3583.0,4097.0,4246.0,4417.0
Mozambique,South Africa,MOZ,ZAF,3331.0,4562.0,5479.0,8196.0,9370.0,9713.0,10103.0
Mozambique,Cabo Verde,MOZ,CPV,1090.0,1493.0,1794.0,2684.0,3069.0,3181.0,3308.0
Mozambique,Nigeria,MOZ,NGA,928.0,1271.0,1527.0,2285.0,2613.0,2708.0,2816.0
Mozambique,India,MOZ,IND,304.0,417.0,501.0,751.0,860.0,890.0,926.0
Mozambique,Pakistan,MOZ,PAK,175.0,240.0,289.0,434.0,496.0,513.0,533.0
Mozambique,Portugal,MOZ,PRT,532.0,729.0,876.0,1311.0,1499.0,1553.0,1614.0
Réunion,Comoros,REU,COM,204.0,482.0,787.0,983.0,1127.0,1170.0,1211.0
Réunion,Madagascar,REU,MDG,1546.0,3657.0,5963.0,7449.0,8532.0,8864.0,9181.0
Réunion,Mauritius,REU,MUS,467.0,1104.0,1804.0,2250.0,2575.0,2675.0,2770.0
Réunion,Mayotte,REU,MYT,833.0,1969.0,3214.0,3303.0,3209.0,3334.0,3453.0
Réunion,France*,REU,FRA,16953.0,23058.0,30430.0,34410.0,36528.0,37954.0,39313.0
Rwanda,Burundi,RWA,BDI,12355.0,16599.0,25967.0,32088.0,30008.0,66123.0,65016.0
Rwanda,Kenya,RWA,KEN,400.0,610.0,930.0,1098.0,1090.0,1083.0,1064.0
Rwanda,Uganda,RWA,UGA,16424.0,23541.0,38178.0,45025.0,44731.0,44440.0,43695.0
Rwanda,United Republic of Tanzania,RWA,TZA,7878.0,12011.0,18313.0,21596.0,21455.0,21315.0,20958.0
Rwanda,Democratic Republic of the Congo,RWA,COD,31829.0,45732.0,83820.0,102386.0,107077.0,121566.0,119532.0
Seychelles,Kenya,SYC,KEN,17.0,123.0,229.0,235.0,241.0,255.0,258.0
Seychelles,Madagascar,SYC,MDG,30.0,257.0,485.0,315.0,146.0,154.0,156.0
Seychelles,Mauritius,SYC,MUS,132.0,158.0,185.0,160.0,136.0,144.0,146.0
Seychelles,Somalia,SYC,SOM,2.0,3.0,4.0,12.0,21.0,22.0,21.0
Seychelles,Uganda,SYC,UGA,0.0,2.0,5.0,9.0,14.0,14.0,13.0
Seychelles,South Africa,SYC,ZAF,48.0,59.0,70.0,82.0,95.0,100.0,101.0
Seychelles,Nigeria,SYC,NGA,11.0,13.0,15.0,51.0,88.0,93.0,93.0
Seychelles,China,SYC,CHN,15.0,14.0,14.0,36.0,58.0,61.0,60.0
Seychelles,Bangladesh,SYC,BGD,7.0,6.0,5.0,23.0,42.0,44.0,43.0
Seychelles,India,SYC,IND,264.0,338.0,412.0,1033.0,1655.0,1756.0,1807.0
Seychelles,Maldives,SYC,MDV,2.0,1.0,1.0,7.0,13.0,13.0,12.0
Seychelles,Nepal,SYC,NPL,15.0,22.0,30.0,24.0,19.0,20.0,19.0
Seychelles,Pakistan,SYC,PAK,13.0,10.0,7.0,6.0,5.0,5.0,4.0
Seychelles,Sri Lanka,SYC,LKA,137.0,145.0,153.0,157.0,162.0,171.0,173.0
Seychelles,Indonesia,SYC,IDN,2.0,4.0,6.0,21.0,37.0,39.0,38.0
Seychelles,Philippines,SYC,PHL,33.0,157.0,282.0,225.0,169.0,179.0,181.0
Seychelles,Thailand,SYC,THA,4.0,191.0,378.0,245.0,113.0,119.0,120.0
Seychelles,Russian Federation,SYC,RUS,46.0,26.0,6.0,30.0,54.0,57.0,56.0
Seychelles,United Kingdom*,SYC,GBR,147.0,108.0,70.0,98.0,127.0,134.0,135.0
Seychelles,Italy,SYC,ITA,9.0,11.0,14.0,29.0,45.0,47.0,46.0
Seychelles,Spain*,SYC,ESP,4.0,5.0,7.0,12.0,17.0,18.0,17.0
Seychelles,Belgium,SYC,BEL,17.0,10.0,3.0,13.0,23.0,24.0,23.0
Seychelles,France*,SYC,FRA,111.0,87.0,64.0,87.0,111.0,117.0,118.0
Seychelles,Germany,SYC,DEU,24.0,25.0,27.0,36.0,45.0,47.0,46.0
Seychelles,Cuba,SYC,CUB,11.0,12.0,14.0,18.0,23.0,24.0,23.0
Seychelles,Australia*,SYC,AUS,37.0,28.0,19.0,21.0,23.0,24.0,23.0
Somalia,Eritrea,SOM,ERI,0.0,0.0,0.0,8.0,18.0,15.0,15.0
Somalia,Ethiopia,SOM,ETH,225139.0,8554.0,262.0,540.0,12827.0,6820.0,10210.0
Somalia,Yemen,SOM,YEM,0.0,0.0,0.0,0.0,0.0,2892.0,6202.0
South Sudan,Eritrea,SSD,ERI,0.0,0.0,0.0,0.0,1573.0,1319.0,1353.0
South Sudan,Ethiopia,SSD,ETH,0.0,0.0,0.0,0.0,4099.0,6002.0,6157.0
South Sudan,Kenya,SSD,KEN,0.0,0.0,0.0,0.0,3984.0,3801.0,3899.0
South Sudan,Uganda,SSD,UGA,0.0,0.0,0.0,0.0,60976.0,68427.0,73100.0
South Sudan,Central African Republic,SSD,CAF,0.0,0.0,0.0,0.0,2369.0,1924.0,1973.0
South Sudan,Chad,SSD,TCD,0.0,0.0,0.0,0.0,2367.0,2062.0,2115.0
South Sudan,Democratic Republic of the Congo,SSD,COD,0.0,0.0,0.0,0.0,30481.0,39217.0,43232.0
South Sudan,Egypt,SSD,EGY,0.0,0.0,0.0,0.0,2279.0,2046.0,2098.0
South Sudan,Libya,SSD,LBY,0.0,0.0,0.0,0.0,79.0,67.0,68.0
South Sudan,Sudan,SSD,SDN,0.0,0.0,0.0,0.0,0.0,285260.0,301724.0
South Sudan,Mali,SSD,MLI,0.0,0.0,0.0,0.0,86.0,81.0,83.0
South Sudan,Nigeria,SSD,NGA,0.0,0.0,0.0,0.0,1567.0,1406.0,1442.0
South Sudan,India,SSD,IND,0.0,0.0,0.0,0.0,617.0,562.0,576.0
Uganda,Burundi,UGA,BDI,24889.0,26798.0,28767.0,25042.0,18020.0,18333.0,27745.0
Uganda,Eritrea,UGA,ERI,0.0,0.0,14.0,73.0,2587.0,4733.0,7991.0
Uganda,Ethiopia,UGA,ETH,0.0,11.0,116.0,168.0,867.0,1193.0,1600.0
Uganda,Kenya,UGA,KEN,11496.0,12346.0,13195.0,13452.0,13244.0,13037.0,12829.0
Uganda,Rwanda,UGA,RWA,125867.0,92629.0,52690.0,47407.0,44079.0,42884.0,41770.0
Uganda,Somalia,UGA,SOM,469.0,2110.0,2950.0,4207.0,11247.0,21000.0,27252.0
Uganda,South Sudan,UGA,SSD,0.0,0.0,0.0,0.0,0.0,90380.0,452068.0
Uganda,United Republic of Tanzania,UGA,TZA,27334.0,25052.0,22770.0,20579.0,18458.0,16337.0,14217.0
Uganda,Democratic Republic of the Congo,UGA,COD,24002.0,29412.0,31699.0,42108.0,82362.0,152989.0,272236.0
Uganda,Sudan,UGA,SDN,28315.0,104536.0,119829.0,132884.0,47060.0,47847.0,57643.0
Uganda,United Kingdom*,UGA,GBR,257.0,443.0,630.0,627.0,478.0,328.0,180.0
Uganda,Canada,UGA,CAN,72.0,91.0,111.0,118.0,118.0,118.0,117.0
Uganda,United States of America*,UGA,USA,131.0,255.0,378.0,474.0,547.0,619.0,692.0
Uganda,Australia*,UGA,AUS,74.0,74.0,74.0,79.0,88.0,97.0,105.0
United Republic of Tanzania,Burundi,TZA,BDI,117918.0,155746.0,308640.0,156976.0,54271.0,87662.0,108812.0
United Republic of Tanzania,Comoros,TZA,COM,137.0,182.0,194.0,219.0,225.0,236.0,211.0
United Republic of Tanzania,Kenya,TZA,KEN,19211.0,18133.0,17301.0,16595.0,15965.0,15513.0,13898.0
United Republic of Tanzania,Malawi,TZA,MWI,3305.0,3260.0,3250.0,3226.0,3209.0,3156.0,2827.0
United Republic of Tanzania,Mauritius,TZA,MUS,43.0,57.0,61.0,68.0,70.0,88.0,78.0
United Republic of Tanzania,Mozambique,TZA,MOZ,72912.0,28094.0,22865.0,17854.0,14052.0,7288.0,6529.0
United Republic of Tanzania,Rwanda,TZA,RWA,33591.0,305662.0,23858.0,6451.0,2969.0,202.0,182.0
United Republic of Tanzania,Seychelles,TZA,SYC,85.0,114.0,121.0,137.0,141.0,116.0,112.0
United Republic of Tanzania,Somalia,TZA,SOM,186.0,2098.0,1739.0,1145.0,1065.0,1415.0,1267.0
United Republic of Tanzania,Uganda,TZA,UGA,9408.0,7430.0,5905.0,4522.0,3362.0,2315.0,2073.0
United Republic of Tanzania,Zambia,TZA,ZMB,9839.0,7837.0,7356.0,6330.0,5553.0,4312.0,3862.0
United Republic of Tanzania,Zimbabwe,TZA,ZWE,196.0,262.0,278.0,314.0,323.0,508.0,455.0
United Republic of Tanzania,Angola,TZA,AGO,290.0,387.0,411.0,465.0,478.0,498.0,446.0
United Republic of Tanzania,Congo,TZA,COG,7383.0,10851.0,11685.0,12034.0,12347.0,12618.0,11304.0
United Republic of Tanzania,Democratic Republic of the Congo,TZA,COD,10142.0,11136.0,55150.0,47859.0,31912.0,31093.0,37099.0
United Republic of Tanzania,Botswana,TZA,BWA,26.0,34.0,37.0,41.0,42.0,42.0,36.0
United Republic of Tanzania,Eswatini,TZA,SWZ,17.0,22.0,24.0,26.0,27.0,30.0,23.0
United Republic of Tanzania,Lesotho,TZA,LSO,26.0,34.0,37.0,41.0,42.0,75.0,66.0
United Republic of Tanzania,Namibia,TZA,NAM,146.0,195.0,207.0,233.0,240.0,251.0,224.0
United Republic of Tanzania,South Africa,TZA,ZAF,161.0,215.0,229.0,259.0,266.0,279.0,249.0
United Republic of Tanzania,India,TZA,IND,2137.0,2717.0,2857.0,3087.0,3263.0,3427.0,3070.0
United Republic of Tanzania,Pakistan,TZA,PAK,170.0,215.0,227.0,252.0,258.0,269.0,240.0
United Republic of Tanzania,United Kingdom*,TZA,GBR,292.0,371.0,390.0,422.0,430.0,613.0,548.0
United Republic of Tanzania,Italy,TZA,ITA,153.0,194.0,204.0,226.0,232.0,242.0,216.0
United Republic of Tanzania,Germany,TZA,DEU,257.0,327.0,344.0,382.0,392.0,494.0,442.0
United Republic of Tanzania,Canada,TZA,CAN,75.0,95.0,105.0,110.0,113.0,116.0,103.0
United Republic of Tanzania,United States of America*,TZA,USA,346.0,440.0,463.0,515.0,528.0,627.0,561.0
Zambia,Burundi,ZMB,BDI,0.0,138.0,914.0,1884.0,1561.0,2337.0,3284.0
Zambia,Kenya,ZMB,KEN,157.0,118.0,90.0,131.0,242.0,213.0,288.0
Zambia,Malawi,ZMB,MWI,6632.0,4809.0,2664.0,3711.0,6840.0,5248.0,6605.0
Zambia,Mozambique,ZMB,MOZ,20764.0,1610.0,280.0,432.0,635.0,561.0,761.0
Zambia,Rwanda,ZMB,RWA,0.0,1065.0,3794.0,3356.0,3603.0,3186.0,4330.0
Zambia,Uganda,ZMB,UGA,135.0,138.0,143.0,137.0,177.0,156.0,210.0
Zambia,United Republic of Tanzania,ZMB,TZA,3051.0,2717.0,2101.0,2458.0,2953.0,2550.0,3466.0
Zambia,Zimbabwe,ZMB,ZWE,17995.0,12278.0,4610.0,6334.0,9388.0,7301.0,9079.0
Zambia,Angola,ZMB,AGO,61728.0,70443.0,117525.0,49293.0,18468.0,13831.0,15341.0
Zambia,Cameroon,ZMB,CMR,2.0,2.0,3.0,11.0,114.0,100.0,135.0
Zambia,Congo,ZMB,COG,64.0,251.0,1920.0,3634.0,4219.0,3730.0,5070.0
Zambia,Democratic Republic of the Congo,ZMB,COD,13176.0,15197.0,28266.0,35947.0,10345.0,13066.0,24161.0
Zambia,Egypt,ZMB,EGY,101.0,59.0,35.0,48.0,60.0,53.0,71.0
Zambia,Botswana,ZMB,BWA,294.0,142.0,69.0,198.0,495.0,437.0,593.0
Zambia,Namibia,ZMB,NAM,1087.0,217.0,46.0,114.0,349.0,308.0,417.0
Zambia,South Africa,ZMB,ZAF,3088.0,1292.0,745.0,1053.0,1509.0,1334.0,1813.0
Zambia,Ghana,ZMB,GHA,144.0,84.0,49.0,50.0,56.0,49.0,64.0
Zambia,Mali,ZMB,MLI,54.0,50.0,47.0,49.0,75.0,66.0,88.0
Zambia,Nigeria,ZMB,NGA,47.0,43.0,40.0,76.0,223.0,197.0,267.0
Zambia,Senegal,ZMB,SEN,16.0,19.0,23.0,21.0,35.0,30.0,40.0
Zambia,China,ZMB,CHN,28.0,35.0,46.0,113.0,306.0,270.0,367.0
Zambia,Japan,ZMB,JPN,47.0,44.0,41.0,35.0,50.0,44.0,59.0
Zambia,India,ZMB,IND,2129.0,1915.0,1703.0,1967.0,2112.0,1867.0,2538.0
Zambia,United Kingdom*,ZMB,GBR,897.0,647.0,467.0,520.0,606.0,535.0,726.0
Zambia,France*,ZMB,FRA,24.0,21.0,20.0,22.0,41.0,36.0,48.0
Zambia,Germany,ZMB,DEU,138.0,97.0,69.0,91.0,128.0,113.0,153.0
Zambia,Canada,ZMB,CAN,120.0,99.0,82.0,92.0,106.0,93.0,126.0
Zambia,United States of America*,ZMB,USA,220.0,220.0,221.0,316.0,447.0,395.0,535.0
Zambia,Australia*,ZMB,AUS,42.0,42.0,43.0,76.0,128.0,113.0,153.0
Zimbabwe,Malawi,ZWE,MWI,29478.0,29183.0,39958.0,44086.0,44367.0,45332.0,46661.0
Zimbabwe,Mozambique,ZWE,MOZ,214238.0,114387.0,85019.0,62449.0,50665.0,51767.0,53086.0
Zimbabwe,Zambia,ZWE,ZMB,7715.0,9799.0,11317.0,12589.0,13147.0,13433.0,13723.0
Zimbabwe,Botswana,ZWE,BWA,1264.0,1256.0,1724.0,1776.0,1592.0,1626.0,1672.0
Zimbabwe,South Africa,ZWE,ZAF,4918.0,6577.0,7315.0,8168.0,8123.0,8299.0,8521.0
Zimbabwe,United Kingdom*,ZWE,GBR,8217.0,7788.0,10204.0,8333.0,5230.0,5347.0,5502.0
Angola,Mozambique,AGO,MOZ,44.0,54.0,63.0,86.0,106.0,123.0,124.0
Angola,Rwanda,AGO,RWA,24.0,63.0,102.0,309.0,511.0,691.0,701.0
Angola,Zambia,AGO,ZMB,69.0,84.0,98.0,133.0,164.0,190.0,191.0
Angola,Chad,AGO,TCD,6.0,8.0,9.0,13.0,16.0,18.0,763.0
Angola,Congo,AGO,COG,220.0,267.0,313.0,423.0,523.0,605.0,614.0
Angola,Democratic Republic of the Congo,AGO,COD,5767.0,7392.0,9016.0,12913.0,16544.0,39082.0,36588.0
Angola,Sao Tome and Principe,AGO,STP,1503.0,1820.0,2136.0,2881.0,3563.0,3477.0,3537.0
Angola,Namibia,AGO,NAM,163.0,198.0,232.0,314.0,387.0,447.0,453.0
Angola,South Africa,AGO,ZAF,1154.0,1397.0,1640.0,2212.0,2736.0,3165.0,3220.0
Angola,Cabo Verde,AGO,CPV,1649.0,1996.0,2343.0,3160.0,3909.0,4524.0,4603.0
Angola,Côte d'Ivoire,AGO,CIV,2.0,3.0,3.0,10.0,647.0,2943.0,5114.0
Angola,Guinea,AGO,GIN,68.0,83.0,97.0,132.0,162.0,5454.0,7338.0
Angola,Portugal,AGO,PRT,1919.0,2323.0,2727.0,3386.0,3193.0,2931.0,2676.0
Cameroon,Angola,CMR,AGO,0.0,0.0,0.0,1327.0,1008.0,1430.0,1663.0
Cameroon,Central African Republic,CMR,CAF,0.0,0.0,0.0,8049.0,52284.0,134302.0,150156.0
Cameroon,Chad,CMR,TCD,48377.0,45134.0,41891.0,33351.0,23345.0,15994.0,13113.0
Cameroon,Congo,CMR,COG,0.0,0.0,0.0,1497.0,1138.0,1614.0,1878.0
Cameroon,Democratic Republic of the Congo,CMR,COD,0.0,0.0,0.0,1964.0,1493.0,2118.0,2465.0
Cameroon,Equatorial Guinea,CMR,GNQ,0.0,0.0,0.0,1777.0,1350.0,1916.0,2229.0
Cameroon,Gabon,CMR,GAB,0.0,0.0,0.0,526.0,400.0,568.0,659.0
Cameroon,Benin,CMR,BEN,0.0,0.0,0.0,1066.0,810.0,1150.0,1337.0
Cameroon,Guinea,CMR,GIN,0.0,0.0,0.0,2383.0,1811.0,2570.0,2991.0
Cameroon,Liberia,CMR,LBR,0.0,0.0,0.0,2236.0,1700.0,2412.0,2806.0
Cameroon,Mali,CMR,MLI,0.0,0.0,0.0,2491.0,1893.0,2686.0,3126.0
Cameroon,Niger,CMR,NER,0.0,0.0,0.0,3641.0,2767.0,3926.0,4570.0
Cameroon,Nigeria,CMR,NGA,44537.0,41552.0,38566.0,44594.0,33254.0,72460.0,93383.0
Cameroon,Senegal,CMR,SEN,0.0,0.0,0.0,611.0,464.0,659.0,766.0
Cameroon,United Kingdom*,CMR,GBR,0.0,0.0,0.0,107.0,81.0,116.0,133.0
Cameroon,Greece,CMR,GRC,0.0,0.0,0.0,65.0,49.0,70.0,80.0
Cameroon,Italy,CMR,ITA,0.0,0.0,0.0,219.0,166.0,235.0,272.0
Cameroon,France*,CMR,FRA,5431.0,5067.0,4703.0,2184.0,1660.0,2355.0,2740.0
Cameroon,Germany,CMR,DEU,0.0,0.0,0.0,146.0,111.0,157.0,182.0
Cameroon,Netherlands*,CMR,NLD,0.0,0.0,0.0,64.0,49.0,70.0,80.0
Cameroon,Canada,CMR,CAN,0.0,0.0,0.0,88.0,67.0,95.0,109.0
Cameroon,United States of America*,CMR,USA,0.0,0.0,0.0,405.0,308.0,436.0,506.0
Central African Republic,South Sudan,CAF,SSD,0.0,0.0,0.0,0.0,0.0,0.0,1065.0
Central African Republic,Chad,CAF,TCD,4571.0,5870.0,6681.0,5206.0,5109.0,4434.0,4744.0
Central African Republic,Democratic Republic of the Congo,CAF,COD,6134.0,10346.0,13689.0,10667.0,10469.0,9085.0,9723.0
Central African Republic,Sao Tome and Principe,CAF,STP,47.0,54.0,57.0,45.0,45.0,39.0,40.0
Central African Republic,Egypt,CAF,EGY,21.0,27.0,31.0,25.0,25.0,21.0,22.0
Central African Republic,Sudan,CAF,SDN,10655.0,12683.0,13656.0,10641.0,10443.0,9063.0,9721.0
Central African Republic,South Africa,CAF,ZAF,29.0,25.0,18.0,15.0,15.0,12.0,12.0
Central African Republic,Mali,CAF,MLI,169.0,198.0,211.0,165.0,162.0,140.0,149.0
Central African Republic,Togo,CAF,TGO,2.0,4.0,6.0,6.0,6.0,4.0,3.0
Central African Republic,Cyprus,CAF,CYP,2.0,4.0,6.0,6.0,6.0,4.0,3.0
Central African Republic,Türkiye,CAF,TUR,5.0,7.0,8.0,7.0,7.0,5.0,4.0
Central African Republic,Russian Federation,CAF,RUS,82.0,91.0,93.0,73.0,71.0,62.0,66.0
Central African Republic,Denmark*,CAF,DNK,0.0,1.0,2.0,3.0,3.0,2.0,1.0
Central African Republic,Ireland,CAF,IRL,1.0,5.0,9.0,8.0,8.0,6.0,5.0
Central African Republic,Sweden,CAF,SWE,5.0,7.0,9.0,8.0,8.0,6.0,5.0
Central African Republic,Italy,CAF,ITA,5.0,24.0,41.0,32.0,32.0,27.0,28.0
Central African Republic,Slovenia,CAF,SVN,7.0,19.0,29.0,23.0,23.0,19.0,20.0
Central African Republic,Austria,CAF,AUT,7.0,9.0,11.0,9.0,9.0,7.0,6.0
Central African Republic,France*,CAF,FRA,5141.0,6347.0,7024.0,5473.0,5371.0,4662.0,4988.0
Central African Republic,Netherlands*,CAF,NLD,9.0,17.0,24.0,19.0,19.0,16.0,16.0
Central African Republic,Switzerland,CAF,CHE,83.0,103.0,116.0,91.0,90.0,77.0,81.0
Central African Republic,Canada,CAF,CAN,10.0,78.0,139.0,109.0,107.0,92.0,98.0
Central African Republic,United States of America*,CAF,USA,64.0,91.0,110.0,86.0,85.0,73.0,77.0
Central African Republic,Australia*,CAF,AUS,0.0,4.0,8.0,7.0,7.0,5.0,4.0
Chad,Cameroon,TCD,CMR,14261.0,15517.0,16772.0,13747.0,16450.0,16794.0,19708.0
Chad,Central African Republic,TCD,CAF,3712.0,4039.0,4366.0,34705.0,41530.0,46440.0,54503.0
Chad,Congo,TCD,COG,329.0,358.0,387.0,319.0,381.0,457.0,534.0
Chad,Democratic Republic of the Congo,TCD,COD,45.0,92.0,139.0,115.0,137.0,164.0,191.0
Chad,Gabon,TCD,GAB,134.0,146.0,158.0,131.0,156.0,187.0,218.0
Chad,Libya,TCD,LBY,504.0,549.0,593.0,487.0,583.0,700.0,819.0
Chad,Sudan,TCD,SDN,4385.0,8793.0,13201.0,135259.0,161855.0,174684.0,205024.0
Chad,Niger,TCD,NER,1203.0,1309.0,1415.0,1160.0,1388.0,1668.0,1956.0
Chad,Nigeria,TCD,NGA,6821.0,7421.0,8021.0,1109.0,1327.0,3523.0,7106.0
Chad,France*,TCD,FRA,408.0,444.0,479.0,394.0,471.0,566.0,663.0
Congo,Rwanda,COG,RWA,0.0,2613.0,5933.0,2884.0,7846.0,10873.0,10860.0
Congo,Angola,COG,AGO,5427.0,9616.0,16403.0,8201.0,14277.0,19785.0,19763.0
Congo,Cameroon,COG,CMR,1428.0,1728.0,2496.0,1213.0,3300.0,4573.0,4567.0
Congo,Central African Republic,COG,CAF,4981.0,6134.0,8945.0,8050.0,11830.0,16394.0,16376.0
Congo,Chad,COG,TCD,1136.0,1375.0,1986.0,965.0,2626.0,3639.0,3634.0
Congo,Democratic Republic of the Congo,COG,COD,36580.0,58067.0,95242.0,107545.0,123384.0,83368.0,83294.0
Congo,Equatorial Guinea,COG,GNQ,225.0,272.0,393.0,191.0,520.0,721.0,719.0
Congo,Gabon,COG,GAB,505.0,611.0,883.0,429.0,1168.0,1619.0,1616.0
Congo,Benin,COG,BEN,2273.0,2729.0,3922.0,3357.0,5187.0,7188.0,7179.0
Congo,Mali,COG,MLI,2219.0,3673.0,6120.0,2974.0,8093.0,11215.0,11202.0
Congo,Mauritania,COG,MRT,226.0,274.0,395.0,192.0,522.0,723.0,721.0
Congo,Senegal,COG,SEN,885.0,1136.0,1694.0,3967.0,2241.0,3106.0,3101.0
Congo,Togo,COG,TGO,409.0,495.0,715.0,347.0,945.0,1310.0,1308.0
Congo,China,COG,CHN,23.0,28.0,40.0,19.0,52.0,72.0,71.0
Congo,Lebanon,COG,LBN,138.0,167.0,241.0,117.0,318.0,441.0,439.0
Congo,Russian Federation,COG,RUS,486.0,588.0,850.0,413.0,1124.0,1558.0,1555.0
Congo,Portugal,COG,PRT,190.0,230.0,332.0,161.0,439.0,608.0,607.0
Congo,France*,COG,FRA,4078.0,2920.0,2552.0,1240.0,3375.0,4677.0,4671.0
Congo,Germany,COG,DEU,97.0,118.0,170.0,83.0,224.0,310.0,308.0
Congo,Cuba,COG,CUB,115.0,139.0,201.0,98.0,266.0,369.0,367.0
Congo,United States of America*,COG,USA,21.0,26.0,37.0,18.0,48.0,67.0,66.0
Democratic Republic of the Congo,Burundi,COD,BDI,10478.0,64715.0,18696.0,18330.0,21353.0,22362.0,33249.0
Democratic Republic of the Congo,Rwanda,COD,RWA,11914.0,570688.0,43788.0,41800.0,64244.0,138208.0,126071.0
Democratic Republic of the Congo,South Sudan,COD,SSD,58816.0,69171.0,60504.0,29333.0,2260.0,6279.0,49085.0
Democratic Republic of the Congo,Uganda,COD,UGA,9552.0,10000.0,12319.0,15346.0,16.0,5001.0,4947.0
Democratic Republic of the Congo,Angola,COD,AGO,242957.0,139247.0,165974.0,136073.0,134154.0,89043.0,88073.0
Democratic Republic of the Congo,Central African Republic,COD,CAF,0.0,0.0,0.0,0.0,0.0,120531.0,158149.0
Democratic Republic of the Congo,Congo,COD,COG,1824.0,2958.0,4825.0,4827.0,784.0,5268.0,5197.0
Democratic Republic of the Congo,Sudan,COD,SDN,8244.0,7718.0,8480.0,8482.0,1269.0,4845.0,4789.0
Equatorial Guinea,Cameroon,GNQ,CMR,69.0,92.0,115.0,164.0,213.0,263.0,314.0
Equatorial Guinea,Gabon,GNQ,GAB,29.0,39.0,48.0,69.0,89.0,110.0,132.0
Equatorial Guinea,Sao Tome and Principe,GNQ,STP,152.0,203.0,253.0,361.0,468.0,578.0,693.0
Equatorial Guinea,Nigeria,GNQ,NGA,43.0,58.0,72.0,103.0,133.0,164.0,196.0
Equatorial Guinea,Spain*,GNQ,ESP,135.0,180.0,225.0,321.0,416.0,514.0,616.0
Equatorial Guinea,France*,GNQ,FRA,643.0,857.0,1070.0,1524.0,1977.0,2440.0,2932.0
Gabon,Burundi,GAB,BDI,21.0,29.0,35.0,38.0,42.0,51.0,53.0
Gabon,Rwanda,GAB,RWA,32.0,42.0,53.0,58.0,66.0,79.0,85.0
Gabon,Angola,GAB,AGO,140.0,188.0,234.0,252.0,286.0,344.0,377.0
Gabon,Cameroon,GAB,CMR,7896.0,10568.0,13126.0,14155.0,16098.0,19364.0,21331.0
Gabon,Chad,GAB,TCD,557.0,746.0,928.0,1000.0,1137.0,1368.0,1505.0
Gabon,Congo,GAB,COG,2707.0,3622.0,4499.0,4957.0,5518.0,6638.0,7311.0
Gabon,Democratic Republic of the Congo,GAB,COD,1271.0,1700.0,2113.0,2278.0,2590.0,3116.0,3431.0
Gabon,Equatorial Guinea,GAB,GNQ,13665.0,18288.0,22711.0,24492.0,27851.0,33495.0,36917.0
Gabon,Sao Tome and Principe,GAB,STP,1072.0,1435.0,1781.0,1921.0,2185.0,2629.0,2894.0
Gabon,Algeria,GAB,DZA,14.0,19.0,22.0,24.0,28.0,35.0,36.0
Gabon,Morocco,GAB,MAR,112.0,150.0,187.0,202.0,229.0,276.0,302.0
Gabon,Tunisia,GAB,TUN,31.0,41.0,51.0,55.0,63.0,76.0,82.0
Gabon,South Africa,GAB,ZAF,0.0,0.0,0.0,0.0,0.0,0.0,0.0
Gabon,Benin,GAB,BEN,7999.0,10705.0,13296.0,14338.0,16306.0,19613.0,21605.0
Gabon,Burkina Faso,GAB,BFA,862.0,1153.0,1433.0,1546.0,1758.0,2115.0,2328.0
Gabon,Côte d'Ivoire,GAB,CIV,380.0,509.0,632.0,682.0,775.0,932.0,1026.0
Gabon,Ghana,GAB,GHA,290.0,389.0,482.0,521.0,592.0,712.0,783.0
Gabon,Guinea,GAB,GIN,403.0,540.0,670.0,723.0,821.0,988.0,1086.0
Gabon,Mali,GAB,MLI,6136.0,8212.0,10200.0,11000.0,12510.0,15048.0,16576.0
Gabon,Nigeria,GAB,NGA,2035.0,2723.0,3383.0,3649.0,4148.0,4990.0,5495.0
Gabon,Senegal,GAB,SEN,1925.0,2576.0,3200.0,3451.0,3924.0,4721.0,5198.0
Gabon,Togo,GAB,TGO,3590.0,4805.0,5967.0,6436.0,7320.0,8805.0,9699.0
Gabon,China,GAB,CHN,31.0,41.0,51.0,55.0,63.0,76.0,82.0
Gabon,Dem. People's Republic of Korea,GAB,PRK,20.0,26.0,33.0,36.0,41.0,50.0,52.0
Gabon,Japan,GAB,JPN,5.0,6.0,7.0,8.0,9.0,11.0,10.0
Gabon,Republic of Korea,GAB,KOR,23.0,30.0,38.0,40.0,47.0,57.0,62.0
Gabon,Israel,GAB,ISR,2.0,2.0,3.0,3.0,4.0,4.0,3.0
Gabon,Lebanon,GAB,LBN,237.0,317.0,393.0,424.0,481.0,579.0,636.0
Gabon,Syrian Arab Republic,GAB,SYR,4.0,5.0,7.0,7.0,8.0,10.0,9.0
Gabon,Belgium,GAB,BEL,70.0,94.0,116.0,125.0,142.0,172.0,187.0
Gabon,France*,GAB,FRA,2163.0,2896.0,3596.0,3878.0,4410.0,5305.0,5843.0
Gabon,Germany,GAB,DEU,12.0,16.0,20.0,21.0,24.0,29.0,30.0
Gabon,Canada,GAB,CAN,41.0,54.0,68.0,74.0,84.0,101.0,110.0
Gabon,United States of America*,GAB,USA,78.0,105.0,130.0,140.0,159.0,191.0,210.0
Sao Tome and Principe,Mozambique,STP,MOZ,27.0,30.0,34.0,26.0,20.0,21.0,18.0
Sao Tome and Principe,Angola,STP,AGO,265.0,271.0,387.0,306.0,241.0,214.0,190.0
Sao Tome and Principe,Equatorial Guinea,STP,GNQ,183.0,175.0,168.0,133.0,105.0,93.0,82.0
Sao Tome and Principe,Gabon,STP,GAB,2.0,64.0,127.0,100.0,79.0,70.0,61.0
Sao Tome and Principe,Cabo Verde,STP,CPV,1995.0,1693.0,1276.0,1011.0,798.0,708.0,636.0
Sao Tome and Principe,Portugal,STP,PRT,95.0,99.0,105.0,83.0,65.0,57.0,49.0
Algeria,Somalia,DZA,SOM,473.0,2737.0,5001.0,3954.0,4533.0,4931.0,5134.0
Algeria,Libya,DZA,LBY,859.0,959.0,1058.0,837.0,959.0,1043.0,1084.0
Algeria,Sudan,DZA,SDN,3984.0,2353.0,722.0,570.0,653.0,711.0,738.0
Algeria,Western Sahara,DZA,ESH,75515.0,75210.0,74912.0,59222.0,67896.0,73870.0,76934.0
Algeria,Indonesia,DZA,IDN,191.0,282.0,372.0,294.0,336.0,365.0,379.0
Algeria,Malaysia,DZA,MYS,581.0,423.0,264.0,209.0,239.0,259.0,268.0
Algeria,Iraq,DZA,IRQ,563.0,2185.0,3807.0,3009.0,3449.0,3752.0,3906.0
Algeria,Jordan,DZA,JOR,1050.0,1038.0,1025.0,811.0,929.0,1010.0,1051.0
Algeria,Kuwait,DZA,KWT,579.0,488.0,397.0,314.0,359.0,390.0,404.0
Algeria,Lebanon,DZA,LBN,844.0,783.0,721.0,570.0,653.0,711.0,738.0
Algeria,Saudi Arabia,DZA,SAU,1115.0,1285.0,1454.0,1149.0,1317.0,1432.0,1491.0
Algeria,State of Palestine,DZA,PSE,16984.0,15575.0,14166.0,11199.0,12839.0,13968.0,14544.0
Algeria,Syrian Arab Republic,DZA,SYR,1584.0,1490.0,1396.0,1103.0,1264.0,2943.0,3677.0
Algeria,Yemen,DZA,YEM,1071.0,1016.0,961.0,760.0,871.0,947.0,985.0
Algeria,Russian Federation,DZA,RUS,3959.0,2205.0,451.0,356.0,408.0,443.0,460.0
Algeria,United Kingdom*,DZA,GBR,865.0,656.0,447.0,353.0,404.0,439.0,456.0
Algeria,Italy,DZA,ITA,1376.0,907.0,438.0,346.0,396.0,430.0,447.0
Algeria,France*,DZA,FRA,924.0,614.0,304.0,240.0,275.0,298.0,310.0
Algeria,Germany,DZA,DEU,2850.0,1674.0,497.0,393.0,450.0,490.0,508.0
Algeria,United States of America*,DZA,USA,2038.0,1298.0,558.0,441.0,505.0,549.0,570.0
Egypt,Burundi,EGY,BDI,3.0,17.0,22.0,29.0,23.0,20.0,55.0
Egypt,Comoros,EGY,COM,47.0,69.0,101.0,142.0,177.0,0.0,210.0
Egypt,Djibouti,EGY,DJI,92.0,100.0,116.0,123.0,122.0,8.0,114.0
Egypt,Eritrea,EGY,ERI,115.0,130.0,234.0,270.0,880.0,1559.0,8994.0
Egypt,Ethiopia,EGY,ETH,508.0,221.0,341.0,458.0,586.0,2634.0,7833.0
Egypt,Somalia,EGY,SOM,1768.0,4579.0,5475.0,8386.0,12837.0,3580.0,22599.0
Egypt,South Sudan,EGY,SSD,0.0,0.0,0.0,0.0,0.0,1694.0,9258.0
Egypt,Cameroon,EGY,CMR,8.0,10.0,11.0,16.0,22.0,20.0,51.0
Egypt,Chad,EGY,TCD,49.0,55.0,63.0,65.0,74.0,53.0,88.0
Egypt,Congo,EGY,COG,13.0,16.0,23.0,25.0,32.0,16.0,45.0
Egypt,Algeria,EGY,DZA,211.0,263.0,327.0,391.0,427.0,2.0,426.0
Egypt,Libya,EGY,LBY,1478.0,1543.0,1605.0,1612.0,1698.0,2.0,1628.0
Egypt,Morocco,EGY,MAR,223.0,315.0,440.0,593.0,730.0,2.0,942.0
Egypt,Sudan,EGY,SDN,0.0,472.0,3350.0,11091.0,10508.0,13121.0,23018.0
Egypt,Tunisia,EGY,TUN,175.0,214.0,262.0,310.0,339.0,0.0,343.0
Egypt,South Africa,EGY,ZAF,54.0,70.0,90.0,112.0,128.0,0.0,144.0
Egypt,Côte d'Ivoire,EGY,CIV,13.0,19.0,26.0,149.0,170.0,144.0,106.0
Egypt,Guinea,EGY,GIN,6.0,7.0,7.0,8.0,13.0,31.0,38.0
Egypt,Niger,EGY,NER,4.0,7.0,11.0,16.0,24.0,4.0,39.0
Egypt,Nigeria,EGY,NGA,121.0,168.0,235.0,322.0,400.0,642.0,612.0
Egypt,Senegal,EGY,SEN,35.0,39.0,42.0,45.0,44.0,3.0,36.0
Egypt,Sierra Leone,EGY,SLE,36.0,30.0,95.0,55.0,20.0,6.0,8.0
Egypt,China,EGY,CHN,1820.0,53.0,212.0,71.0,1132.0,6.0,1181.0
Egypt,Japan,EGY,JPN,220.0,281.0,354.0,426.0,467.0,0.0,476.0
Egypt,Republic of Korea,EGY,KOR,52.0,78.0,113.0,154.0,191.0,0.0,244.0
Egypt,Afghanistan,EGY,AFG,339.0,172.0,108.0,45.0,11.0,14.0,37.0
Egypt,Bangladesh,EGY,BGD,44.0,41.0,34.0,21.0,156.0,7.0,117.0
Egypt,India,EGY,IND,187.0,230.0,284.0,337.0,436.0,0.0,356.0
Egypt,Pakistan,EGY,PAK,98.0,107.0,117.0,123.0,118.0,0.0,94.0
Egypt,Indonesia,EGY,IDN,315.0,405.0,523.0,652.0,747.0,0.0,842.0
Egypt,Lao People's Democratic Republic,EGY,LAO,141.0,154.0,169.0,162.0,173.0,0.0,141.0
Egypt,Malaysia,EGY,MYS,419.0,518.0,642.0,769.0,847.0,0.0,888.0
Egypt,Philippines,EGY,PHL,100.0,170.0,286.0,461.0,676.0,0.0,1219.0
Egypt,Singapore,EGY,SGP,39.0,50.0,64.0,79.0,89.0,0.0,99.0
Egypt,Thailand,EGY,THA,74.0,102.0,141.0,190.0,233.0,0.0,305.0
Egypt,Armenia,EGY,ARM,19.0,21.0,23.0,24.0,29.0,0.0,38.0
Egypt,Bahrain,EGY,BHR,257.0,191.0,143.0,103.0,68.0,0.0,25.0
Egypt,Iraq,EGY,IRQ,9025.0,9863.0,10795.0,10377.0,14249.0,3346.0,12170.0
Egypt,Israel,EGY,ISR,3769.0,4114.0,4500.0,4950.0,4910.0,0.0,4166.0
Egypt,Jordan,EGY,JOR,1630.0,1641.0,1649.0,1609.0,1671.0,2.0,1587.0
Egypt,Kuwait,EGY,KWT,586.0,617.0,646.0,658.0,610.0,0.0,458.0
Egypt,Lebanon,EGY,LBN,2071.0,1773.0,1518.0,1271.0,1308.0,2.0,1225.0
Egypt,Oman,EGY,OMN,116.0,116.0,115.0,110.0,97.0,0.0,65.0
Egypt,Qatar,EGY,QAT,137.0,122.0,108.0,94.0,93.0,0.0,80.0
Egypt,Saudi Arabia,EGY,SAU,2030.0,2117.0,2207.0,2220.0,2059.0,0.0,1534.0
Egypt,State of Palestine,EGY,PSE,10216.0,11155.0,12200.0,46999.0,46787.0,33474.0,44758.0
Egypt,Syrian Arab Republic,EGY,SYR,1791.0,1914.0,2040.0,2101.0,1993.0,61185.0,63625.0
Egypt,Türkiye,EGY,TUR,234.0,225.0,216.0,198.0,166.0,0.0,280.0
Egypt,United Arab Emirates,EGY,ARE,246.0,251.0,256.0,253.0,265.0,0.0,252.0
Egypt,Yemen,EGY,YEM,1207.0,1375.0,1771.0,1713.0,1672.0,424.0,5678.0
Egypt,Belarus,EGY,BLR,114.0,125.0,137.0,150.0,149.0,2.0,127.0
Egypt,Czechia,EGY,CZE,81.0,108.0,144.0,187.0,222.0,0.0,269.0
Egypt,Poland,EGY,POL,108.0,179.0,296.0,474.0,694.0,0.0,1269.0
Egypt,Russian Federation,EGY,RUS,2421.0,3626.0,5467.0,7975.0,10687.0,48.0,16457.0
Egypt,Ukraine*,EGY,UKR,868.0,947.0,1036.0,1140.0,1131.0,0.0,960.0
Egypt,Denmark*,EGY,DNK,63.0,86.0,119.0,161.0,198.0,0.0,258.0
Egypt,Finland*,EGY,FIN,97.0,110.0,125.0,138.0,140.0,0.0,123.0
Egypt,Norway*,EGY,NOR,41.0,57.0,80.0,107.0,131.0,0.0,166.0
Egypt,Sweden,EGY,SWE,132.0,181.0,249.0,332.0,405.0,0.0,521.0
Egypt,United Kingdom*,EGY,GBR,1322.0,1885.0,2707.0,3774.0,4831.0,0.0,6827.0
Egypt,Greece,EGY,GRC,1051.0,742.0,525.0,361.0,228.0,0.0,78.0
Egypt,Italy,EGY,ITA,1955.0,2240.0,2568.0,2843.0,2897.0,0.0,2592.0
Egypt,Spain*,EGY,ESP,195.0,234.0,279.0,322.0,341.0,0.0,328.0
Egypt,Belgium,EGY,BEL,98.0,138.0,194.0,264.0,330.0,0.0,446.0
Egypt,France*,EGY,FRA,818.0,942.0,1087.0,1211.0,1240.0,0.0,1118.0
Egypt,Germany,EGY,DEU,1162.0,1613.0,2252.0,3049.0,3790.0,0.0,5047.0
Egypt,Netherlands*,EGY,NLD,194.0,310.0,500.0,783.0,1125.0,0.0,2001.0
Egypt,Switzerland,EGY,CHE,198.0,220.0,243.0,256.0,248.0,0.0,195.0
Egypt,Brazil,EGY,BRA,25.0,35.0,49.0,67.0,82.0,0.0,110.0
Egypt,Canada,EGY,CAN,234.0,277.0,329.0,377.0,398.0,0.0,382.0
Egypt,United States of America*,EGY,USA,1135.0,1267.0,1414.0,1524.0,1512.0,0.0,1283.0
Egypt,Australia*,EGY,AUS,117.0,153.0,203.0,260.0,306.0,0.0,359.0
Libya,Comoros,LBY,COM,142.0,335.0,527.0,478.0,521.0,588.0,616.0
Libya,Djibouti,LBY,DJI,262.0,301.0,338.0,307.0,334.0,377.0,394.0
Libya,Eritrea,LBY,ERI,506.0,535.0,562.0,510.0,814.0,1473.0,1703.0
Libya,Ethiopia,LBY,ETH,965.0,781.0,593.0,537.0,585.0,660.0,690.0
Libya,Kenya,LBY,KEN,84.0,92.0,101.0,92.0,100.0,113.0,116.0
Libya,Somalia,LBY,SOM,2072.0,13935.0,25699.0,23277.0,25331.0,28639.0,30003.0
Libya,South Sudan,LBY,SSD,2148.0,1307.0,457.0,414.0,451.0,509.0,531.0
Libya,United Republic of Tanzania,LBY,TZA,76.0,68.0,60.0,55.0,60.0,67.0,70.0
Libya,Chad,LBY,TCD,302.0,250.0,197.0,178.0,194.0,219.0,227.0
Libya,Congo,LBY,COG,7.0,49.0,91.0,82.0,89.0,100.0,104.0
Libya,Democratic Republic of the Congo,LBY,COD,106.0,97.0,89.0,80.0,86.0,97.0,100.0
Libya,Algeria,LBY,DZA,1021.0,1200.0,1371.0,1242.0,1352.0,1528.0,1599.0
Libya,Egypt,LBY,EGY,3759.0,4614.0,5436.0,4923.0,5357.0,6056.0,6344.0
Libya,Morocco,LBY,MAR,1124.0,1648.0,2161.0,1958.0,2130.0,2408.0,2521.0
Libya,Sudan,LBY,SDN,17446.0,10616.0,3710.0,3362.0,3659.0,4137.0,4333.0
Libya,Tunisia,LBY,TUN,719.0,881.0,1037.0,940.0,1024.0,1157.0,1210.0
Libya,South Africa,LBY,ZAF,228.0,199.0,169.0,153.0,167.0,188.0,195.0
Libya,Côte d'Ivoire,LBY,CIV,165.0,148.0,131.0,119.0,129.0,146.0,151.0
Libya,Ghana,LBY,GHA,129.0,119.0,109.0,99.0,107.0,121.0,125.0
Libya,Guinea-Bissau,LBY,GNB,5.0,4.0,3.0,2.0,2.0,1.0,0.0
Libya,Mali,LBY,MLI,129.0,100.0,71.0,64.0,69.0,77.0,79.0
Libya,Mauritania,LBY,MRT,106.0,87.0,69.0,62.0,67.0,75.0,77.0
Libya,Niger,LBY,NER,13.0,38.0,63.0,57.0,62.0,69.0,72.0
Libya,Nigeria,LBY,NGA,323.0,454.0,582.0,528.0,576.0,650.0,678.0
Libya,Senegal,LBY,SEN,212.0,172.0,131.0,119.0,129.0,146.0,151.0
Libya,Sierra Leone,LBY,SLE,76.0,72.0,69.0,62.0,67.0,75.0,77.0
Libya,Kazakhstan,LBY,KAZ,262.0,201.0,139.0,126.0,136.0,154.0,160.0
Libya,Tajikistan,LBY,TJK,21.0,76.0,131.0,119.0,129.0,146.0,151.0
Libya,Turkmenistan,LBY,TKM,5.0,26.0,48.0,43.0,46.0,51.0,52.0
Libya,Uzbekistan,LBY,UZB,52.0,47.0,43.0,39.0,42.0,46.0,844.0
Libya,China,LBY,CHN,241.0,507.0,770.0,698.0,760.0,858.0,898.0
Libya,Japan,LBY,JPN,1998.0,1164.0,322.0,292.0,318.0,359.0,374.0
Libya,Republic of Korea,LBY,KOR,236.0,213.0,189.0,172.0,187.0,211.0,220.0
Libya,Afghanistan,LBY,AFG,121.0,101.0,81.0,73.0,79.0,89.0,92.0
Libya,Bangladesh,LBY,BGD,66.0,59.0,53.0,48.0,52.0,58.0,59.0
Libya,India,LBY,IND,891.0,936.0,976.0,884.0,963.0,1088.0,1138.0
Libya,Iran (Islamic Republic of),LBY,IRN,172.0,133.0,94.0,85.0,92.0,104.0,108.0
Libya,Pakistan,LBY,PAK,327.0,441.0,552.0,500.0,544.0,615.0,643.0
Libya,Sri Lanka,LBY,LKA,278.0,202.0,126.0,114.0,124.0,140.0,146.0
Libya,Indonesia,LBY,IDN,833.0,1375.0,1909.0,1729.0,1882.0,2127.0,2227.0
Libya,Malaysia,LBY,MYS,2541.0,1957.0,1360.0,1232.0,1342.0,1517.0,1587.0
Libya,Philippines,LBY,PHL,1064.0,1427.0,1780.0,1613.0,1755.0,1984.0,2077.0
Libya,Singapore,LBY,SGP,84.0,125.0,166.0,151.0,165.0,186.0,193.0
Libya,Thailand,LBY,THA,439.0,425.0,409.0,370.0,402.0,455.0,474.0
Libya,Armenia,LBY,ARM,327.0,206.0,84.0,76.0,83.0,93.0,96.0
Libya,Bahrain,LBY,BHR,649.0,429.0,207.0,188.0,205.0,232.0,241.0
Libya,Iraq,LBY,IRQ,2467.0,11052.0,19558.0,17715.0,19278.0,21796.0,22833.0
Libya,Jordan,LBY,JOR,4595.0,4947.0,5265.0,4769.0,5191.0,5868.0,6146.0
Libya,Kuwait,LBY,KWT,2534.0,2296.0,2042.0,1850.0,2014.0,2276.0,2383.0
Libya,Lebanon,LBY,LBN,3696.0,3711.0,3700.0,3351.0,3647.0,4123.0,4318.0
Libya,Oman,LBY,OMN,469.0,389.0,307.0,279.0,305.0,344.0,360.0
Libya,Qatar,LBY,QAT,363.0,323.0,282.0,256.0,278.0,314.0,328.0
Libya,Saudi Arabia,LBY,SAU,4880.0,6197.0,7470.0,6766.0,7364.0,8326.0,8721.0
Libya,State of Palestine,LBY,PSE,74352.0,73835.0,72785.0,65926.0,71746.0,81118.0,83331.0
Libya,Syrian Arab Republic,LBY,SYR,6935.0,7080.0,7175.0,6499.0,7072.0,7995.0,12563.0
Libya,Türkiye,LBY,TUR,492.0,531.0,567.0,514.0,559.0,632.0,661.0
Libya,United Arab Emirates,LBY,ARE,459.0,606.0,750.0,679.0,740.0,835.0,874.0
Libya,Yemen,LBY,YEM,4666.0,4803.0,4907.0,4379.0,4804.0,5436.0,2493.0
Libya,Belarus,LBY,BLR,401.0,336.0,270.0,245.0,266.0,300.0,313.0
Libya,Hungary,LBY,HUN,188.0,164.0,139.0,126.0,136.0,154.0,160.0
Libya,Poland,LBY,POL,485.0,403.0,320.0,291.0,317.0,357.0,373.0
Libya,Romania,LBY,ROU,302.0,290.0,277.0,251.0,273.0,308.0,321.0
Libya,Russian Federation,LBY,RUS,17335.0,9861.0,2317.0,2099.0,2285.0,2584.0,2705.0
Libya,Ukraine*,LBY,UKR,91.0,230.0,369.0,334.0,363.0,410.0,429.0
Libya,Denmark*,LBY,DNK,396.0,309.0,220.0,199.0,217.0,245.0,254.0
Libya,Finland*,LBY,FIN,331.0,303.0,273.0,247.0,268.0,303.0,316.0
Libya,Norway*,LBY,NOR,112.0,113.0,114.0,103.0,112.0,126.0,130.0
Libya,Sweden,LBY,SWE,436.0,327.0,217.0,197.0,214.0,242.0,251.0
Libya,United Kingdom*,LBY,GBR,3786.0,3054.0,2300.0,2083.0,2266.0,2562.0,2682.0
Libya,Albania,LBY,ALB,106.0,95.0,84.0,76.0,83.0,93.0,96.0
Libya,Bosnia and Herzegovina,LBY,BIH,33.0,62.0,91.0,82.0,89.0,100.0,104.0
Libya,Greece,LBY,GRC,2117.0,1538.0,948.0,859.0,935.0,1056.0,1106.0
Libya,Italy,LBY,ITA,6026.0,4153.0,2251.0,2039.0,2220.0,2510.0,2628.0
Libya,Spain*,LBY,ESP,591.0,420.0,247.0,224.0,244.0,275.0,287.0
Libya,Austria,LBY,AUT,1097.0,707.0,312.0,283.0,309.0,348.0,364.0
Libya,Belgium,LBY,BEL,951.0,598.0,242.0,219.0,238.0,268.0,280.0
Libya,France*,LBY,FRA,4047.0,2813.0,1560.0,1413.0,1538.0,1739.0,1820.0
Libya,Germany,LBY,DEU,12477.0,7540.0,2549.0,2309.0,2513.0,2841.0,2975.0
Libya,Monaco,LBY,MCO,93.0,86.0,79.0,72.0,78.0,88.0,91.0
Libya,Netherlands*,LBY,NLD,1452.0,1068.0,678.0,614.0,668.0,755.0,789.0
Libya,Switzerland,LBY,CHE,2383.0,1371.0,351.0,318.0,346.0,391.0,408.0
Libya,El Salvador,LBY,SLV,270.0,246.0,222.0,202.0,220.0,249.0,259.0
Libya,Brazil,LBY,BRA,233.0,162.0,91.0,82.0,89.0,100.0,104.0
Libya,Canada,LBY,CAN,376.0,601.0,822.0,745.0,811.0,917.0,960.0
Libya,United States of America*,LBY,USA,8923.0,5916.0,2868.0,2597.0,2826.0,3195.0,3345.0
Libya,Australia*,LBY,AUS,690.0,447.0,202.0,183.0,199.0,225.0,233.0
Morocco,Congo,MAR,COG,606.0,564.0,604.0,651.0,710.0,919.0,983.0
Morocco,Algeria,MAR,DZA,4330.0,4033.0,4318.0,4643.0,5074.0,6572.0,7031.0
Morocco,Egypt,MAR,EGY,598.0,557.0,597.0,642.0,702.0,908.0,971.0
Morocco,Libya,MAR,LBY,378.0,352.0,378.0,407.0,444.0,575.0,614.0
Morocco,Tunisia,MAR,TUN,830.0,774.0,828.0,891.0,974.0,1261.0,1348.0
Morocco,Guinea,MAR,GIN,317.0,295.0,316.0,341.0,372.0,481.0,514.0
Morocco,Mauritania,MAR,MRT,512.0,477.0,512.0,550.0,602.0,779.0,833.0
Morocco,Senegal,MAR,SEN,581.0,541.0,580.0,625.0,682.0,883.0,943.0
Morocco,Iraq,MAR,IRQ,551.0,514.0,551.0,593.0,647.0,837.0,895.0
Morocco,Lebanon,MAR,LBN,434.0,405.0,433.0,467.0,509.0,659.0,704.0
Morocco,Syrian Arab Republic,MAR,SYR,659.0,614.0,658.0,707.0,773.0,1303.0,1778.0
Morocco,United Kingdom*,MAR,GBR,390.0,363.0,389.0,419.0,458.0,593.0,632.0
Morocco,Italy,MAR,ITA,610.0,568.0,609.0,656.0,716.0,927.0,991.0
Morocco,Spain*,MAR,ESP,1320.0,1230.0,1317.0,1416.0,1548.0,2004.0,2142.0
Morocco,Belgium,MAR,BEL,451.0,421.0,450.0,485.0,530.0,685.0,732.0
Morocco,France*,MAR,FRA,7095.0,6609.0,7077.0,7618.0,13320.0,17253.0,18488.0
Morocco,Germany,MAR,DEU,463.0,432.0,463.0,499.0,545.0,705.0,754.0
Morocco,United States of America*,MAR,USA,589.0,548.0,587.0,632.0,690.0,894.0,955.0
Sudan,Eritrea,SDN,ERI,31481.0,136703.0,220165.0,98523.0,69881.0,77761.0,109150.0
Sudan,Ethiopia,SDN,ETH,478499.0,258412.0,60635.0,52417.0,34930.0,26502.0,37199.0
Sudan,Kenya,SDN,KEN,2973.0,3026.0,3080.0,2834.0,1361.0,1248.0,1750.0
Sudan,Somalia,SDN,SOM,0.0,61.0,24.0,22.0,45.0,66.0,91.0
Sudan,South Sudan,SDN,SSD,0.0,0.0,0.0,0.0,108164.0,129638.0,439105.0
Sudan,Uganda,SDN,UGA,37131.0,28589.0,23344.0,12695.0,1032.0,610.0,863.0
Sudan,Central African Republic,SDN,CAF,8703.0,8859.0,9018.0,10074.0,7867.0,6581.0,12850.0
Sudan,Chad,SDN,TCD,98462.0,43069.0,35248.0,39267.0,37740.0,36883.0,51770.0
Sudan,Democratic Republic of the Congo,SDN,COD,7800.0,6823.0,5989.0,6638.0,12119.0,2896.0,4064.0
Sudan,Egypt,SDN,EGY,10424.0,10611.0,10802.0,11427.0,7099.0,6493.0,9114.0
Sudan,Libya,SDN,LBY,1160.0,1184.0,1209.0,1297.0,823.0,753.0,1057.0
Sudan,Mali,SDN,MLI,514.0,523.0,533.0,566.0,355.0,331.0,463.0
Sudan,Nigeria,SDN,NGA,11280.0,11478.0,11681.0,12467.0,7850.0,7173.0,10068.0
Sudan,China,SDN,CHN,815.0,829.0,845.0,914.0,588.0,537.0,754.0
Sudan,India,SDN,IND,1097.0,1116.0,1137.0,1163.0,675.0,617.0,865.0
Tunisia,Cameroon,TUN,CMR,0.0,0.0,0.0,0.0,269.0,346.0,362.0
Tunisia,Algeria,TUN,DZA,6912.0,6796.0,4932.0,4656.0,3912.0,5033.0,5282.0
Tunisia,Egypt,TUN,EGY,305.0,299.0,343.0,325.0,427.0,549.0,576.0
Tunisia,Libya,TUN,LBY,615.0,604.0,886.0,840.0,3426.0,4410.0,4625.0
Tunisia,Morocco,TUN,MAR,3655.0,3590.0,3248.0,3075.0,2174.0,2798.0,2937.0
Tunisia,Côte d'Ivoire,TUN,CIV,276.0,272.0,311.0,295.0,243.0,311.0,325.0
Tunisia,Mali,TUN,MLI,100.0,98.0,113.0,107.0,374.0,489.0,512.0
Tunisia,Mauritania,TUN,MRT,189.0,185.0,219.0,202.0,198.0,255.0,267.0
Tunisia,Nigeria,TUN,NGA,58.0,59.0,65.0,62.0,204.0,262.0,275.0
Tunisia,Senegal,TUN,SEN,163.0,161.0,184.0,174.0,154.0,198.0,207.0
Tunisia,Iraq,TUN,IRQ,0.0,0.0,5.0,3.0,217.0,304.0,318.0
Tunisia,State of Palestine,TUN,PSE,296.0,311.0,356.0,320.0,199.0,264.0,277.0
Tunisia,Syrian Arab Republic,TUN,SYR,188.0,187.0,214.0,203.0,402.0,582.0,646.0
Tunisia,Italy,TUN,ITA,815.0,801.0,796.0,754.0,827.0,1065.0,1117.0
Tunisia,France*,TUN,FRA,1944.0,1910.0,2354.0,2229.0,3236.0,4165.0,4370.0
Tunisia,Germany,TUN,DEU,454.0,446.0,510.0,483.0,544.0,700.0,734.0
Tunisia,United States of America*,TUN,USA,119.0,116.0,133.0,126.0,228.0,293.0,307.0
Western Sahara,Algeria,ESH,DZA,23.0,25.0,27.0,31.0,35.0,39.0,39.0
Western Sahara,Guinea,ESH,GIN,194.0,212.0,230.0,264.0,298.0,335.0,349.0
Western Sahara,Guinea-Bissau,ESH,GNB,318.0,348.0,378.0,434.0,490.0,552.0,576.0
Western Sahara,Mali,ESH,MLI,74.0,81.0,88.0,101.0,114.0,128.0,133.0
Western Sahara,Mauritania,ESH,MRT,72.0,78.0,85.0,97.0,110.0,124.0,128.0
Western Sahara,Senegal,ESH,SEN,417.0,457.0,497.0,570.0,644.0,726.0,764.0
Western Sahara,France*,ESH,FRA,77.0,84.0,91.0,104.0,118.0,132.0,137.0
Botswana,Kenya,BWA,KEN,54.0,83.0,121.0,191.0,341.0,371.0,394.0
Botswana,Madagascar,BWA,MDG,40.0,66.0,98.0,150.0,204.0,221.0,234.0
Botswana,Malawi,BWA,MWI,269.0,464.0,707.0,592.0,482.0,523.0,558.0
Botswana,Mauritius,BWA,MUS,120.0,187.0,273.0,417.0,101.0,109.0,115.0
Botswana,Mozambique,BWA,MOZ,85.0,130.0,188.0,287.0,221.0,240.0,255.0
Botswana,Seychelles,BWA,SYC,0.0,19.0,40.0,63.0,0.0,0.0,0.0
Botswana,Uganda,BWA,UGA,137.0,184.0,251.0,402.0,111.0,120.0,126.0
Botswana,United Republic of Tanzania,BWA,TZA,203.0,348.0,530.0,809.0,311.0,338.0,359.0
Botswana,Zambia,BWA,ZMB,892.0,1458.0,2178.0,3323.0,1685.0,1832.0,1956.0
Botswana,Zimbabwe,BWA,ZWE,1977.0,3527.0,5449.0,12999.0,23555.0,25606.0,27377.0
Botswana,Angola,BWA,AGO,262.0,433.0,649.0,991.0,351.0,382.0,406.0
Botswana,Democratic Republic of the Congo,BWA,COD,245.0,410.0,619.0,946.0,392.0,426.0,453.0
Botswana,Eswatini,BWA,SWZ,46.0,66.0,92.0,140.0,190.0,206.0,218.0
Botswana,Lesotho,BWA,LSO,256.0,385.0,555.0,847.0,171.0,185.0,196.0
Botswana,Namibia,BWA,NAM,128.0,217.0,328.0,584.0,261.0,284.0,302.0
Botswana,South Africa,BWA,ZAF,1989.0,3239.0,4830.0,3361.0,2267.0,2463.0,2630.0
Botswana,Nigeria,BWA,NGA,46.0,85.0,132.0,198.0,512.0,556.0,593.0
Botswana,China,BWA,CHN,30.0,37.0,47.0,438.0,833.0,905.0,965.0
Botswana,India,BWA,IND,886.0,1077.0,1382.0,1698.0,2026.0,2202.0,2351.0
Botswana,Pakistan,BWA,PAK,63.0,76.0,98.0,166.0,191.0,207.0,219.0
Botswana,Sri Lanka,BWA,LKA,187.0,228.0,292.0,496.0,412.0,447.0,475.0
Botswana,Denmark*,BWA,DNK,47.0,46.0,49.0,96.0,144.0,156.0,165.0
Botswana,Ireland,BWA,IRL,82.0,80.0,86.0,167.0,249.0,270.0,287.0
Botswana,Norway*,BWA,NOR,49.0,48.0,51.0,99.0,149.0,161.0,171.0
Botswana,Sweden,BWA,SWE,49.0,48.0,51.0,99.0,148.0,160.0,170.0
Botswana,United Kingdom*,BWA,GBR,1441.0,1112.0,900.0,621.0,412.0,447.0,475.0
Botswana,Italy,BWA,ITA,56.0,54.0,58.0,113.0,169.0,183.0,193.0
Botswana,Portugal,BWA,PRT,52.0,50.0,54.0,105.0,158.0,171.0,182.0
Botswana,Germany,BWA,DEU,148.0,143.0,154.0,299.0,161.0,174.0,185.0
Botswana,Netherlands*,BWA,NLD,75.0,73.0,78.0,151.0,225.0,244.0,259.0
Botswana,Canada,BWA,CAN,55.0,52.0,54.0,108.0,111.0,120.0,126.0
Botswana,United States of America*,BWA,USA,277.0,147.0,33.0,306.0,422.0,458.0,487.0
Botswana,Australia*,BWA,AUS,59.0,56.0,58.0,116.0,175.0,190.0,201.0
Eswatini,Burundi,SWZ,BDI,3.0,59.0,128.0,177.0,193.0,205.0,238.0
Eswatini,Ethiopia,SWZ,ETH,0.0,1.0,7.0,10.0,14.0,14.0,13.0
Eswatini,Mozambique,SWZ,MOZ,20308.0,7645.0,5097.0,4622.0,4269.0,3862.0,3922.0
Eswatini,Rwanda,SWZ,RWA,0.0,21.0,57.0,102.0,123.0,172.0,193.0
Eswatini,Somalia,SWZ,SOM,0.0,53.0,56.0,79.0,77.0,85.0,143.0
Eswatini,Uganda,SWZ,UGA,0.0,3.0,15.0,20.0,25.0,28.0,27.0
Eswatini,Angola,SWZ,AGO,1.0,63.0,81.0,113.0,108.0,66.0,66.0
Eswatini,Congo,SWZ,COG,0.0,4.0,17.0,25.0,33.0,36.0,35.0
Eswatini,Democratic Republic of the Congo,SWZ,COD,2.0,73.0,94.0,126.0,143.0,288.0,339.0
Eswatini,Botswana,SWZ,BWA,70.0,29.0,48.0,39.0,29.0,27.0,26.0
Eswatini,Lesotho,SWZ,LSO,115.0,52.0,98.0,137.0,174.0,198.0,199.0
Eswatini,South Africa,SWZ,ZAF,10945.0,4876.0,6386.0,6768.0,7576.0,7590.0,7699.0
Eswatini,Liberia,SWZ,LBR,1.0,2.0,9.0,14.0,19.0,24.0,23.0
Eswatini,Canada,SWZ,CAN,1.0,1.0,6.0,8.0,10.0,12.0,11.0
Eswatini,United States of America*,SWZ,USA,155.0,55.0,72.0,104.0,135.0,154.0,155.0
Eswatini,Australia*,SWZ,AUS,0.0,1.0,7.0,13.0,20.0,23.0,22.0
Eswatini,New Zealand*,SWZ,NZL,0.0,0.0,1.0,4.0,7.0,8.0,7.0
Lesotho,Malawi,LSO,MWI,20.0,17.0,14.0,14.0,14.0,19.0,25.0
Lesotho,Mozambique,LSO,MOZ,11.0,9.0,7.0,7.0,7.0,9.0,12.0
Lesotho,Uganda,LSO,UGA,83.0,72.0,58.0,59.0,60.0,83.0,111.0
Lesotho,United Republic of Tanzania,LSO,TZA,59.0,51.0,41.0,41.0,41.0,57.0,76.0
Lesotho,Zambia,LSO,ZMB,37.0,35.0,32.0,32.0,32.0,44.0,59.0
Lesotho,Zimbabwe,LSO,ZWE,37.0,35.0,32.0,32.0,32.0,44.0,59.0
Lesotho,Botswana,LSO,BWA,54.0,56.0,57.0,58.0,59.0,82.0,110.0
Lesotho,Eswatini,LSO,SWZ,27.0,23.0,19.0,19.0,19.0,26.0,34.0
Lesotho,Namibia,LSO,NAM,1.0,1.0,1.0,1.0,1.0,1.0,1.0
Lesotho,South Africa,LSO,ZAF,1500.0,1303.0,1185.0,1210.0,1236.0,1727.0,2317.0
Lesotho,Ghana,LSO,GHA,41.0,35.0,29.0,29.0,29.0,40.0,53.0
Lesotho,China,LSO,CHN,70.0,60.0,49.0,50.0,51.0,71.0,95.0
Lesotho,India,LSO,IND,136.0,118.0,95.0,97.0,99.0,138.0,185.0
Lesotho,Pakistan,LSO,PAK,136.0,118.0,95.0,97.0,99.0,138.0,185.0
Lesotho,United States of America*,LSO,USA,46.0,44.0,41.0,41.0,41.0,57.0,76.0
Namibia,Burundi,NAM,BDI,227.0,215.0,200.0,159.0,152.0,148.0,157.0
Namibia,Ethiopia,NAM,ETH,214.0,203.0,189.0,150.0,144.0,140.0,149.0
Namibia,Kenya,NAM,KEN,819.0,778.0,720.0,572.0,550.0,536.0,572.0
Namibia,Malawi,NAM,MWI,256.0,243.0,226.0,179.0,172.0,167.0,176.0
Namibia,Mauritius,NAM,MUS,94.0,89.0,83.0,66.0,63.0,61.0,64.0
Namibia,Mozambique,NAM,MOZ,88.0,83.0,79.0,62.0,59.0,57.0,60.0
Namibia,Rwanda,NAM,RWA,236.0,224.0,208.0,165.0,158.0,154.0,163.0
Namibia,Seychelles,NAM,SYC,52.0,49.0,47.0,37.0,35.0,34.0,35.0
Namibia,Somalia,NAM,SOM,42.0,39.0,38.0,30.0,28.0,27.0,28.0
Namibia,Uganda,NAM,UGA,352.0,334.0,310.0,246.0,236.0,230.0,244.0
Namibia,United Republic of Tanzania,NAM,TZA,830.0,788.0,730.0,580.0,557.0,543.0,579.0
Namibia,Zambia,NAM,ZMB,1584.0,1505.0,1391.0,1106.0,1063.0,1037.0,1107.0
Namibia,Zimbabwe,NAM,ZWE,10613.0,10084.0,9315.0,7410.0,7125.0,6955.0,7426.0
Namibia,Angola,NAM,AGO,8935.0,8490.0,20302.0,16138.0,15648.0,15319.0,16459.0
Namibia,Cameroon,NAM,CMR,31.0,29.0,28.0,22.0,21.0,20.0,21.0
Namibia,Congo,NAM,COG,697.0,662.0,613.0,487.0,468.0,456.0,485.0
Namibia,Democratic Republic of the Congo,NAM,COD,2453.0,2330.0,2154.0,1811.0,1820.0,1776.0,2210.0
Namibia,Algeria,NAM,DZA,380.0,361.0,335.0,266.0,255.0,248.0,264.0
Namibia,Egypt,NAM,EGY,101.0,95.0,90.0,71.0,68.0,66.0,69.0
Namibia,Libya,NAM,LBY,27.0,25.0,24.0,19.0,18.0,17.0,17.0
Namibia,Sudan,NAM,SDN,164.0,155.0,145.0,115.0,110.0,107.0,114.0
Namibia,Botswana,NAM,BWA,504.0,478.0,441.0,350.0,336.0,327.0,348.0
Namibia,Eswatini,NAM,SWZ,160.0,152.0,141.0,112.0,107.0,104.0,111.0
Namibia,Lesotho,NAM,LSO,97.0,92.0,86.0,68.0,65.0,63.0,66.0
Namibia,South Africa,NAM,ZAF,6325.0,6010.0,5556.0,4420.0,4250.0,4148.0,4428.0
Namibia,Benin,NAM,BEN,131.0,124.0,116.0,92.0,88.0,85.0,89.0
Namibia,Burkina Faso,NAM,BFA,55.0,52.0,50.0,39.0,37.0,36.0,38.0
Namibia,Côte d'Ivoire,NAM,CIV,14.0,13.0,13.0,10.0,9.0,8.0,8.0
Namibia,Gambia,NAM,GMB,71.0,67.0,64.0,50.0,48.0,46.0,48.0
Namibia,Ghana,NAM,GHA,88.0,83.0,79.0,62.0,59.0,57.0,60.0
Namibia,Guinea,NAM,GIN,31.0,29.0,28.0,22.0,21.0,20.0,21.0
Namibia,Nigeria,NAM,NGA,568.0,539.0,500.0,397.0,381.0,371.0,395.0
Namibia,Senegal,NAM,SEN,18.0,17.0,17.0,13.0,12.0,11.0,11.0
Namibia,Sierra Leone,NAM,SLE,131.0,124.0,116.0,92.0,88.0,85.0,89.0
Namibia,China,NAM,CHN,1306.0,1241.0,1147.0,912.0,877.0,856.0,913.0
Namibia,Dem. People's Republic of Korea,NAM,PRK,0.0,0.0,0.0,0.0,0.0,0.0,0.0
Namibia,Japan,NAM,JPN,105.0,99.0,94.0,74.0,71.0,69.0,73.0
Namibia,Republic of Korea,NAM,KOR,31.0,29.0,28.0,22.0,21.0,20.0,21.0
Namibia,Afghanistan,NAM,AFG,38.0,36.0,35.0,27.0,25.0,24.0,25.0
Namibia,Bangladesh,NAM,BGD,18.0,17.0,17.0,13.0,12.0,11.0,11.0
Namibia,India,NAM,IND,348.0,330.0,306.0,243.0,233.0,227.0,241.0
Namibia,Iran (Islamic Republic of),NAM,IRN,18.0,17.0,17.0,13.0,12.0,11.0,11.0
Namibia,Pakistan,NAM,PAK,27.0,25.0,24.0,19.0,18.0,17.0,17.0
Namibia,Indonesia,NAM,IDN,84.0,79.0,75.0,59.0,56.0,54.0,57.0
Namibia,Philippines,NAM,PHL,232.0,220.0,204.0,162.0,155.0,151.0,159.0
Namibia,Thailand,NAM,THA,64.0,60.0,57.0,45.0,43.0,41.0,43.0
Namibia,Armenia,NAM,ARM,1.0,0.0,2.0,1.0,0.0,0.0,0.0
Namibia,Bahrain,NAM,BHR,52.0,49.0,47.0,37.0,35.0,34.0,35.0
Namibia,Israel,NAM,ISR,71.0,67.0,64.0,50.0,48.0,46.0,48.0
Namibia,Lebanon,NAM,LBN,27.0,25.0,24.0,19.0,18.0,17.0,17.0
Namibia,Türkiye,NAM,TUR,21.0,19.0,20.0,15.0,14.0,13.0,13.0
Namibia,Bulgaria,NAM,BGR,35.0,33.0,32.0,25.0,24.0,23.0,24.0
Namibia,Czechia,NAM,CZE,77.0,73.0,69.0,54.0,51.0,49.0,51.0
Namibia,Poland,NAM,POL,164.0,155.0,145.0,115.0,110.0,107.0,114.0
Namibia,Romania,NAM,ROU,21.0,19.0,20.0,15.0,14.0,13.0,13.0
Namibia,Russian Federation,NAM,RUS,280.0,266.0,247.0,196.0,188.0,183.0,194.0
Namibia,Ukraine*,NAM,UKR,52.0,49.0,47.0,37.0,35.0,34.0,35.0
Namibia,Denmark*,NAM,DNK,55.0,52.0,50.0,39.0,37.0,36.0,38.0
Namibia,Finland*,NAM,FIN,84.0,79.0,75.0,59.0,56.0,54.0,57.0
Namibia,Ireland,NAM,IRL,47.0,44.0,42.0,33.0,31.0,30.0,31.0
Namibia,Norway*,NAM,NOR,52.0,49.0,47.0,37.0,35.0,34.0,35.0
Namibia,Sweden,NAM,SWE,81.0,76.0,72.0,57.0,54.0,52.0,55.0
Namibia,United Kingdom*,NAM,GBR,1478.0,1404.0,1298.0,1032.0,992.0,968.0,1033.0
Namibia,Italy,NAM,ITA,677.0,643.0,595.0,473.0,454.0,443.0,472.0
Namibia,Portugal,NAM,PRT,264.0,250.0,233.0,185.0,177.0,172.0,183.0
Namibia,Spain*,NAM,ESP,210.0,199.0,185.0,147.0,141.0,137.0,146.0
Namibia,Austria,NAM,AUT,418.0,397.0,368.0,292.0,280.0,273.0,291.0
Namibia,Belgium,NAM,BEL,136.0,129.0,120.0,95.0,91.0,88.0,94.0
Namibia,France*,NAM,FRA,439.0,417.0,387.0,307.0,295.0,287.0,306.0
Namibia,Germany,NAM,DEU,7781.0,7393.0,6830.0,5433.0,5224.0,5099.0,5443.0
Namibia,Luxembourg,NAM,LUX,35.0,33.0,32.0,25.0,24.0,23.0,24.0
Namibia,Netherlands*,NAM,NLD,393.0,373.0,346.0,275.0,264.0,257.0,274.0
Namibia,Switzerland,NAM,CHE,368.0,349.0,324.0,257.0,247.0,241.0,257.0
Namibia,Antigua and Barbuda,NAM,ATG,418.0,397.0,368.0,292.0,280.0,273.0,291.0
Namibia,Bahamas,NAM,BHS,55.0,52.0,50.0,39.0,37.0,36.0,38.0
Namibia,Cuba,NAM,CUB,601.0,571.0,528.0,420.0,403.0,393.0,419.0
Namibia,Argentina,NAM,ARG,47.0,44.0,42.0,33.0,31.0,30.0,31.0
Namibia,Brazil,NAM,BRA,464.0,440.0,408.0,324.0,311.0,303.0,322.0
Namibia,Chile,NAM,CHL,14.0,13.0,13.0,10.0,9.0,8.0,8.0
Namibia,Canada,NAM,CAN,156.0,148.0,138.0,109.0,104.0,101.0,107.0
Namibia,United States of America*,NAM,USA,906.0,860.0,796.0,633.0,608.0,593.0,632.0
Namibia,Australia*,NAM,AUS,489.0,464.0,430.0,342.0,328.0,320.0,340.0
Namibia,New Zealand*,NAM,NZL,31.0,29.0,28.0,22.0,21.0,20.0,21.0
South Africa,Burundi,ZAF,BDI,2.0,3.0,533.0,2133.0,2068.0,3157.0,4108.0
South Africa,Comoros,ZAF,COM,4.0,7.0,28.0,137.0,18.0,31.0,34.0
South Africa,Eritrea,ZAF,ERI,2.0,3.0,114.0,320.0,385.0,1170.0,1108.0
South Africa,Ethiopia,ZAF,ETH,6.0,37.0,171.0,2735.0,3473.0,14515.0,22660.0
South Africa,Kenya,ZAF,KEN,3105.0,2595.0,3386.0,6624.0,4992.0,4492.0,3617.0
South Africa,Madagascar,ZAF,MDG,252.0,177.0,124.0,117.0,122.0,128.0,129.0
South Africa,Malawi,ZAF,MWI,2251.0,2401.0,3924.0,8644.0,16115.0,30147.0,52178.0
South Africa,Mauritius,ZAF,MUS,2346.0,2342.0,1874.0,1576.0,1392.0,1117.0,886.0
South Africa,Mozambique,ZAF,MOZ,18553.0,77478.0,70796.0,92139.0,118139.0,132859.0,141216.0
South Africa,Réunion,ZAF,REU,769.0,684.0,429.0,227.0,119.0,62.0,33.0
South Africa,Rwanda,ZAF,RWA,28.0,251.0,608.0,1166.0,1222.0,1427.0,1251.0
South Africa,Seychelles,ZAF,SYC,163.0,184.0,156.0,154.0,167.0,172.0,155.0
South Africa,Somalia,ZAF,SOM,6.0,161.0,1649.0,5967.0,6974.0,17464.0,11349.0
South Africa,Uganda,ZAF,UGA,381.0,571.0,971.0,1904.0,1837.0,2634.0,2926.0
South Africa,United Republic of Tanzania,ZAF,TZA,496.0,162.0,389.0,1731.0,1499.0,1943.0,1728.0
South Africa,Zambia,ZAF,ZMB,9003.0,7852.0,10715.0,13181.0,14671.0,13986.0,12412.0
South Africa,Zimbabwe,ZAF,ZWE,40838.0,36571.0,50371.0,107204.0,235294.0,354619.0,440539.0
South Africa,Angola,ZAF,AGO,2060.0,3317.0,5252.0,7785.0,6142.0,3900.0,2442.0
South Africa,Cameroon,ZAF,CMR,2.0,3.0,201.0,933.0,1478.0,1932.0,1875.0
South Africa,Congo,ZAF,COG,1167.0,863.0,2261.0,5542.0,9708.0,12535.0,13074.0
South Africa,Democratic Republic of the Congo,ZAF,COD,1180.0,2299.0,4387.0,12758.0,12793.0,22732.0,23990.0
South Africa,Gabon,ZAF,GAB,7.0,7.0,28.0,197.0,467.0,433.0,272.0
South Africa,Algeria,ZAF,DZA,267.0,124.0,84.0,104.0,187.0,283.0,307.0
South Africa,Egypt,ZAF,EGY,1245.0,975.0,863.0,1075.0,843.0,953.0,750.0
South Africa,Libya,ZAF,LBY,46.0,36.0,41.0,56.0,80.0,95.0,103.0
South Africa,Morocco,ZAF,MAR,37.0,68.0,105.0,139.0,180.0,179.0,161.0
South Africa,Sudan,ZAF,SDN,752.0,602.0,525.0,419.0,296.0,255.0,185.0
South Africa,Western Sahara,ZAF,ESH,3.0,3.0,4.0,4.0,11.0,31.0,84.0
South Africa,Botswana,ZAF,BWA,4099.0,2860.0,5682.0,6890.0,6261.0,5436.0,4697.0
South Africa,Eswatini,ZAF,SWZ,9206.0,7663.0,8691.0,12087.0,16237.0,13250.0,9097.0
South Africa,Lesotho,ZAF,LSO,21921.0,26870.0,47906.0,63067.0,78159.0,97580.0,120714.0
South Africa,Namibia,ZAF,NAM,20605.0,17694.0,21899.0,22353.0,20273.0,19220.0,18769.0
South Africa,Benin,ZAF,BEN,3.0,5.0,35.0,44.0,31.0,54.0,68.0
South Africa,Côte d'Ivoire,ZAF,CIV,426.0,368.0,374.0,325.0,216.0,209.0,173.0
South Africa,Ghana,ZAF,GHA,287.0,536.0,1062.0,1885.0,2443.0,3351.0,3361.0
South Africa,Guinea,ZAF,GIN,4.0,3.0,14.0,22.0,29.0,47.0,66.0
South Africa,Liberia,ZAF,LBR,32.0,60.0,127.0,206.0,162.0,150.0,166.0
South Africa,Mali,ZAF,MLI,1.0,1.0,10.0,51.0,180.0,267.0,262.0
South Africa,Niger,ZAF,NER,1.0,1.0,1.0,21.0,157.0,203.0,293.0
South Africa,Nigeria,ZAF,NGA,1.0,312.0,726.0,4590.0,5048.0,7808.0,6949.0
South Africa,Senegal,ZAF,SEN,75.0,99.0,283.0,317.0,224.0,412.0,519.0
South Africa,Sierra Leone,ZAF,SLE,37.0,41.0,94.0,94.0,67.0,64.0,64.0
South Africa,China,ZAF,CHN,630.0,577.0,1528.0,4103.0,5599.0,5063.0,2928.0
South Africa,"China, Hong Kong SAR",ZAF,HKG,815.0,658.0,472.0,342.0,261.0,256.0,300.0
South Africa,"China, Taiwan Province of China",ZAF,TWN,1996.0,1871.0,1729.0,1597.0,1476.0,1220.0,991.0
South Africa,Dem. People's Republic of Korea,ZAF,PRK,1477.0,1196.0,942.0,706.0,482.0,208.0,78.0
South Africa,Japan,ZAF,JPN,308.0,262.0,291.0,340.0,385.0,316.0,238.0
South Africa,Republic of Korea,ZAF,KOR,690.0,704.0,695.0,660.0,597.0,489.0,391.0
South Africa,Afghanistan,ZAF,AFG,2.0,2.0,6.0,30.0,64.0,166.0,448.0
South Africa,Bangladesh,ZAF,BGD,4.0,36.0,104.0,1648.0,542.0,2706.0,7277.0
South Africa,India,ZAF,IND,6114.0,5671.0,7403.0,10568.0,11601.0,13034.0,12544.0
South Africa,Iran (Islamic Republic of),ZAF,IRN,631.0,538.0,452.0,384.0,302.0,238.0,181.0
South Africa,Nepal,ZAF,NPL,7.0,2.0,27.0,46.0,61.0,109.0,135.0
South Africa,Pakistan,ZAF,PAK,179.0,403.0,799.0,3559.0,2450.0,4383.0,4815.0
South Africa,Sri Lanka,ZAF,LKA,120.0,152.0,196.0,223.0,226.0,198.0,151.0
South Africa,Indonesia,ZAF,IDN,353.0,334.0,318.0,312.0,310.0,291.0,258.0
South Africa,Malaysia,ZAF,MYS,245.0,234.0,224.0,244.0,276.0,255.0,219.0
South Africa,Myanmar,ZAF,MMR,72.0,58.0,47.0,56.0,74.0,103.0,137.0
South Africa,Philippines,ZAF,PHL,170.0,232.0,309.0,363.0,415.0,453.0,516.0
South Africa,Singapore,ZAF,SGP,124.0,144.0,173.0,191.0,202.0,210.0,215.0
South Africa,Thailand,ZAF,THA,5.0,11.0,156.0,353.0,679.0,675.0,566.0
South Africa,Viet Nam,ZAF,VNM,7.0,7.0,9.0,32.0,58.0,99.0,167.0
South Africa,Cyprus,ZAF,CYP,1268.0,921.0,893.0,817.0,699.0,490.0,317.0
South Africa,Israel,ZAF,ISR,1226.0,1021.0,918.0,892.0,884.0,666.0,456.0
South Africa,Lebanon,ZAF,LBN,189.0,165.0,148.0,175.0,230.0,224.0,191.0
South Africa,Saudi Arabia,ZAF,SAU,31.0,64.0,101.0,129.0,158.0,192.0,234.0
South Africa,Türkiye,ZAF,TUR,197.0,179.0,217.0,291.0,385.0,347.0,273.0
South Africa,United Arab Emirates,ZAF,ARE,5.0,6.0,20.0,59.0,103.0,177.0,302.0
South Africa,Yemen,ZAF,YEM,9.0,8.0,6.0,17.0,31.0,45.0,72.0
South Africa,Bulgaria,ZAF,BGR,139.0,298.0,716.0,889.0,858.0,622.0,394.0
South Africa,Czechia,ZAF,CZE,659.0,554.0,466.0,394.0,334.0,297.0,270.0
South Africa,Hungary,ZAF,HUN,611.0,479.0,193.0,200.0,320.0,314.0,251.0
South Africa,Poland,ZAF,POL,2616.0,2417.0,2043.0,2227.0,2649.0,1809.0,1026.0
South Africa,Romania,ZAF,ROU,247.0,283.0,324.0,367.0,410.0,331.0,248.0
South Africa,Russian Federation,ZAF,RUS,1350.0,745.0,730.0,631.0,482.0,458.0,511.0
South Africa,Slovakia,ZAF,SVK,102.0,104.0,104.0,101.0,97.0,92.0,88.0
South Africa,Ukraine*,ZAF,UKR,945.0,877.0,799.0,662.0,529.0,426.0,339.0
South Africa,Denmark*,ZAF,DNK,494.0,436.0,447.0,416.0,362.0,325.0,296.0
South Africa,Estonia,ZAF,EST,8.0,8.0,7.0,30.0,47.0,71.0,93.0
South Africa,Finland*,ZAF,FIN,256.0,256.0,207.0,187.0,189.0,189.0,184.0
South Africa,Iceland,ZAF,ISL,3.0,4.0,5.0,44.0,170.0,169.0,101.0
South Africa,Ireland,ZAF,IRL,3369.0,2961.0,2602.0,2225.0,1853.0,1542.0,1293.0
South Africa,Latvia,ZAF,LVA,128.0,114.0,99.0,77.0,56.0,41.0,31.0
South Africa,Lithuania,ZAF,LTU,150.0,135.0,121.0,104.0,89.0,77.0,66.0
South Africa,Norway*,ZAF,NOR,276.0,264.0,250.0,220.0,189.0,162.0,140.0
South Africa,Sweden,ZAF,SWE,212.0,127.0,76.0,134.0,346.0,408.0,358.0
South Africa,United Kingdom*,ZAF,GBR,86658.0,65442.0,53801.0,43306.0,35364.0,31727.0,31002.0
South Africa,Albania,ZAF,ALB,48.0,20.0,9.0,11.0,20.0,35.0,64.0
South Africa,Bosnia and Herzegovina,ZAF,BIH,262.0,202.0,236.0,327.0,464.0,529.0,577.0
South Africa,Croatia,ZAF,HRV,254.0,257.0,262.0,264.0,263.0,201.0,133.0
South Africa,Greece,ZAF,GRC,2565.0,1876.0,1704.0,1566.0,1393.0,1021.0,695.0
South Africa,Italy,ZAF,ITA,4754.0,3837.0,3963.0,3891.0,3625.0,2745.0,1936.0
South Africa,Malta,ZAF,MLT,137.0,113.0,93.0,88.0,88.0,86.0,84.0
South Africa,Portugal,ZAF,PRT,11534.0,7226.0,8294.0,8312.0,7437.0,5630.0,4027.0
South Africa,Serbia*,ZAF,SRB,634.0,611.0,684.0,486.0,263.0,210.0,189.0
South Africa,Spain*,ZAF,ESP,410.0,301.0,309.0,359.0,414.0,370.0,303.0
South Africa,Austria,ZAF,AUT,1283.0,1149.0,1013.0,988.0,993.0,861.0,713.0
South Africa,Belgium,ZAF,BEL,1922.0,1561.0,1622.0,1629.0,1563.0,1401.0,1229.0
South Africa,France*,ZAF,FRA,1579.0,1384.0,1523.0,1701.0,1843.0,1720.0,1543.0
South Africa,Germany,ZAF,DEU,12082.0,9602.0,10595.0,10570.0,9793.0,8047.0,6462.0
South Africa,Netherlands*,ZAF,NLD,10279.0,8290.0,5371.0,4697.0,4558.0,3114.0,1928.0
South Africa,Switzerland,ZAF,CHE,1393.0,1152.0,408.0,606.0,1588.0,2231.0,2644.0
South Africa,British Virgin Islands*,ZAF,VGB,4.0,4.0,5.0,19.0,56.0,162.0,457.0
South Africa,Cuba,ZAF,CUB,83.0,102.0,218.0,267.0,251.0,232.0,213.0
South Africa,Martinique*,ZAF,MTQ,4.0,4.0,4.0,5.0,14.0,39.0,105.0
South Africa,Mexico,ZAF,MEX,154.0,387.0,108.0,69.0,83.0,102.0,124.0
South Africa,Argentina,ZAF,ARG,468.0,401.0,483.0,500.0,476.0,433.0,382.0
South Africa,Brazil,ZAF,BRA,456.0,461.0,541.0,654.0,775.0,758.0,725.0
South Africa,Chile,ZAF,CHL,193.0,186.0,154.0,139.0,134.0,126.0,118.0
South Africa,Colombia,ZAF,COL,20.0,57.0,68.0,67.0,79.0,92.0,105.0
South Africa,Guyana,ZAF,GUY,11.0,11.0,9.0,9.0,19.0,38.0,74.0
South Africa,Venezuela (Bolivarian Republic of),ZAF,VEN,88.0,68.0,78.0,107.0,153.0,178.0,194.0
South Africa,Canada,ZAF,CAN,1085.0,984.0,1112.0,1150.0,1103.0,1065.0,1028.0
South Africa,United States of America*,ZAF,USA,2251.0,2013.0,1996.0,1982.0,1994.0,2355.0,3121.0
South Africa,Australia*,ZAF,AUS,2208.0,1929.0,1682.0,1496.0,1342.0,1312.0,1342.0
South Africa,New Zealand*,ZAF,NZL,793.0,683.0,586.0,612.0,678.0,592.0,453.0
South Africa,Vanuatu,ZAF,VUT,11.0,11.0,11.0,7.0,17.0,38.0,78.0
South Africa,American Samoa*,ZAF,ASM,6.0,6.0,6.0,15.0,41.0,111.0,298.0
South Africa,Wallis and Futuna Islands*,ZAF,WLF,60.0,47.0,53.0,73.0,105.0,121.0,132.0
Benin,Chad,BEN,TCD,66.0,91.0,116.0,212.0,308.0,362.0,387.0
Benin,Congo,BEN,COG,184.0,251.0,318.0,879.0,1458.0,1828.0,1962.0
Benin,Burkina Faso,BEN,BFA,1441.0,1960.0,2479.0,3638.0,4749.0,5229.0,5615.0
Benin,Côte d'Ivoire,BEN,CIV,1359.0,1849.0,2339.0,7820.0,13498.0,17213.0,18491.0
Benin,Ghana,BEN,GHA,1010.0,1374.0,1738.0,4337.0,7000.0,8666.0,9309.0
Benin,Mali,BEN,MLI,127.0,173.0,219.0,615.0,1024.0,1286.0,1380.0
Benin,Niger,BEN,NER,10878.0,14790.0,18702.0,25798.0,30667.0,32414.0,34821.0
Benin,Nigeria,BEN,NGA,6324.0,8599.0,10874.0,23117.0,33624.0,40356.0,43352.0
Benin,Togo,BEN,TGO,11178.0,15199.0,19220.0,50906.0,56501.0,67338.0,72344.0
Benin,France*,BEN,FRA,180.0,245.0,310.0,451.0,587.0,645.0,691.0
Burkina Faso,Benin,BFA,BEN,1028.0,1276.0,1510.0,1732.0,1964.0,2054.0,2135.0
Burkina Faso,Côte d'Ivoire,BFA,CIV,121146.0,150404.0,192674.0,233429.0,264754.0,276843.0,287906.0
Burkina Faso,Ghana,BFA,GHA,16008.0,19874.0,18781.0,17541.0,19895.0,20803.0,21633.0
Burkina Faso,Mali,BFA,MLI,21430.0,41822.0,24231.0,21667.0,24575.0,25697.0,22275.0
Burkina Faso,Niger,BFA,NER,4105.0,5096.0,5155.0,5174.0,5868.0,6136.0,6379.0
Burkina Faso,Nigeria,BFA,NGA,1365.0,1695.0,2023.0,2335.0,2648.0,2769.0,2878.0
Burkina Faso,Senegal,BFA,SEN,906.0,1125.0,1343.0,1550.0,1758.0,1838.0,1911.0
Burkina Faso,Togo,BFA,TGO,4328.0,5373.0,6874.0,8320.0,9436.0,9867.0,10260.0
Cabo Verde,Mozambique,CPV,MOZ,29.0,35.0,41.0,28.0,14.0,15.0,14.0
Cabo Verde,Angola,CPV,AGO,798.0,930.0,1061.0,624.0,187.0,195.0,205.0
Cabo Verde,Gabon,CPV,GAB,5.0,6.0,7.0,5.0,3.0,3.0,2.0
Cabo Verde,Sao Tome and Principe,CPV,STP,1324.0,1620.0,1915.0,1419.0,923.0,962.0,1015.0
Cabo Verde,Côte d'Ivoire,CPV,CIV,5.0,7.0,8.0,6.0,3.0,3.0,2.0
Cabo Verde,Gambia,CPV,GMB,4.0,6.0,7.0,5.0,3.0,3.0,2.0
Cabo Verde,Ghana,CPV,GHA,29.0,38.0,46.0,34.0,21.0,22.0,22.0
Cabo Verde,Guinea,CPV,GIN,30.0,39.0,48.0,128.0,208.0,217.0,228.0
Cabo Verde,Guinea-Bissau,CPV,GNB,229.0,346.0,462.0,1304.0,2145.0,2235.0,2386.0
Cabo Verde,Mali,CPV,MLI,5.0,6.0,7.0,5.0,3.0,3.0,2.0
Cabo Verde,Nigeria,CPV,NGA,43.0,57.0,70.0,206.0,342.0,356.0,375.0
Cabo Verde,Senegal,CPV,SEN,64.0,168.0,271.0,472.0,673.0,701.0,740.0
Cabo Verde,Sierra Leone,CPV,SLE,11.0,15.0,18.0,13.0,8.0,8.0,7.0
Cabo Verde,China,CPV,CHN,16.0,21.0,25.0,19.0,12.0,13.0,12.0
Cabo Verde,Japan,CPV,JPN,2.0,3.0,3.0,2.0,0.0,0.0,0.0
Cabo Verde,Timor-Leste,CPV,TLS,5.0,6.0,7.0,5.0,3.0,3.0,2.0
Cabo Verde,Russian Federation,CPV,RUS,29.0,37.0,45.0,204.0,363.0,378.0,398.0
Cabo Verde,Ukraine*,CPV,UKR,14.0,18.0,22.0,16.0,10.0,10.0,9.0
Cabo Verde,United Kingdom*,CPV,GBR,7.0,10.0,13.0,19.0,25.0,26.0,26.0
Cabo Verde,Italy,CPV,ITA,89.0,109.0,128.0,154.0,180.0,188.0,198.0
Cabo Verde,Portugal,CPV,PRT,566.0,505.0,443.0,513.0,582.0,606.0,639.0
Cabo Verde,Spain*,CPV,ESP,16.0,20.0,24.0,49.0,73.0,76.0,78.0
Cabo Verde,Belgium,CPV,BEL,7.0,9.0,11.0,8.0,4.0,4.0,3.0
Cabo Verde,France*,CPV,FRA,52.0,68.0,84.0,94.0,103.0,107.0,112.0
Cabo Verde,Germany,CPV,DEU,12.0,15.0,18.0,24.0,30.0,31.0,31.0
Cabo Verde,Luxembourg,CPV,LUX,4.0,6.0,7.0,5.0,3.0,3.0,2.0
Cabo Verde,Netherlands*,CPV,NLD,29.0,33.0,36.0,27.0,17.0,18.0,17.0
Cabo Verde,Switzerland,CPV,CHE,9.0,11.0,13.0,10.0,7.0,7.0,6.0
Cabo Verde,Cuba,CPV,CUB,36.0,46.0,56.0,50.0,43.0,45.0,46.0
Cabo Verde,United States Virgin Islands*,CPV,VIR,10.0,14.0,18.0,26.0,33.0,34.0,34.0
Cabo Verde,Mexico,CPV,MEX,2.0,2.0,2.0,1.0,0.0,0.0,0.0
Cabo Verde,Argentina,CPV,ARG,4.0,6.0,7.0,5.0,3.0,3.0,2.0
Cabo Verde,Brazil,CPV,BRA,39.0,51.0,63.0,104.0,145.0,151.0,158.0
Cabo Verde,Peru,CPV,PER,2.0,2.0,1.0,1.0,0.0,0.0,0.0
Cabo Verde,United States of America*,CPV,USA,91.0,109.0,127.0,149.0,170.0,177.0,186.0
Côte d'Ivoire,Benin,CIV,BEN,20104.0,21800.0,23495.0,25191.0,26886.0,28582.0,30278.0
Côte d'Ivoire,Burkina Faso,CIV,BFA,368407.0,420545.0,472684.0,524822.0,576960.0,629099.0,681238.0
Côte d'Ivoire,Ghana,CIV,GHA,80119.0,68540.0,60602.0,60602.0,60602.0,60602.0,60602.0
Côte d'Ivoire,Guinea,CIV,GIN,51948.0,51440.0,50931.0,50422.0,49913.0,49405.0,48896.0
Côte d'Ivoire,Liberia,CIV,LBR,9436.0,25428.0,34700.0,29324.0,23948.0,18572.0,13196.0
Côte d'Ivoire,Mali,CIV,MLI,151940.0,153270.0,154600.0,155930.0,157261.0,158592.0,159922.0
Côte d'Ivoire,Niger,CIV,NER,11574.0,12377.0,13180.0,13983.0,14785.0,15587.0,16390.0
Côte d'Ivoire,Nigeria,CIV,NGA,12822.0,15491.0,18159.0,20828.0,23497.0,26166.0,28834.0
Côte d'Ivoire,Senegal,CIV,SEN,6180.0,6319.0,6458.0,6597.0,6736.0,6874.0,7013.0
Côte d'Ivoire,Togo,CIV,TGO,14543.0,18317.0,22090.0,25864.0,29636.0,33410.0,37183.0
Gambia,Guinea,GMB,GIN,9725.0,12477.0,16030.0,15678.0,16408.0,17022.0,19051.0
Gambia,Guinea-Bissau,GMB,GNB,3639.0,4669.0,5998.0,5867.0,6140.0,6370.0,7128.0
Gambia,Liberia,GMB,LBR,67.0,130.0,80.0,446.0,403.0,457.0,510.0
Gambia,Mali,GMB,MLI,1944.0,2494.0,3204.0,3134.0,3280.0,3402.0,3807.0
Gambia,Mauritania,GMB,MRT,276.0,354.0,454.0,445.0,466.0,483.0,539.0
Gambia,Senegal,GMB,SEN,34269.0,43965.0,56483.0,55243.0,57819.0,59984.0,67137.0
Gambia,Sierra Leone,GMB,SLE,623.0,3118.0,1027.0,2779.0,1053.0,1092.0,1221.0
Ghana,Ethiopia,GHA,ETH,9.0,8.0,10.0,13.0,12.0,14.0,14.0
Ghana,Kenya,GHA,KEN,2.0,2.0,2.0,3.0,3.0,3.0,2.0
Ghana,Rwanda,GHA,RWA,174.0,157.0,191.0,252.0,201.0,247.0,282.0
Ghana,United Republic of Tanzania,GHA,TZA,3.0,3.0,3.0,4.0,4.0,4.0,3.0
Ghana,Cameroon,GHA,CMR,23.0,21.0,25.0,33.0,32.0,39.0,43.0
Ghana,Chad,GHA,TCD,2.0,2.0,2.0,3.0,3.0,3.0,2.0
Ghana,Democratic Republic of the Congo,GHA,COD,9.0,8.0,10.0,13.0,12.0,14.0,14.0
Ghana,Algeria,GHA,DZA,2.0,2.0,2.0,3.0,3.0,3.0,2.0
Ghana,Egypt,GHA,EGY,10.0,9.0,11.0,15.0,14.0,17.0,18.0
Ghana,Sudan,GHA,SDN,4.0,3.0,4.0,5.0,5.0,6.0,5.0
Ghana,Benin,GHA,BEN,4476.0,4033.0,4925.0,6510.0,6248.0,7691.0,8813.0
Ghana,Burkina Faso,GHA,BFA,18937.0,17063.0,20838.0,21218.0,22640.0,27418.0,31420.0
Ghana,Côte d'Ivoire,GHA,CIV,2466.0,2222.0,2714.0,13685.0,24519.0,30182.0,34589.0
Ghana,Gambia,GHA,GMB,7.0,6.0,8.0,11.0,624.0,768.0,878.0
Ghana,Guinea,GHA,GIN,30.0,27.0,33.0,44.0,42.0,51.0,57.0
Ghana,Liberia,GHA,LBR,4528.0,6700.0,6030.0,23254.0,11542.0,14207.0,16281.0
Ghana,Mali,GHA,MLI,1065.0,960.0,1172.0,1549.0,1228.0,1511.0,1730.0
Ghana,Mauritania,GHA,MRT,3.0,3.0,3.0,4.0,4.0,4.0,3.0
Ghana,Niger,GHA,NER,1202.0,1083.0,1323.0,1749.0,1386.0,1706.0,1953.0
Ghana,Nigeria,GHA,NGA,7004.0,6311.0,7707.0,11871.0,24244.0,29843.0,34200.0
Ghana,Senegal,GHA,SEN,20.0,18.0,22.0,29.0,23.0,28.0,30.0
Ghana,Sierra Leone,GHA,SLE,57.0,514.0,1142.0,1509.0,974.0,1198.0,1371.0
Ghana,Togo,GHA,TGO,34105.0,79378.0,39689.0,47474.0,34279.0,42196.0,48385.0
Ghana,China,GHA,CHN,22.0,20.0,24.0,32.0,31.0,38.0,42.0
Ghana,Japan,GHA,JPN,12.0,11.0,13.0,17.0,16.0,19.0,20.0
Ghana,India,GHA,IND,196.0,177.0,216.0,286.0,275.0,338.0,386.0
Ghana,Pakistan,GHA,PAK,22.0,20.0,24.0,32.0,26.0,32.0,35.0
Ghana,Sri Lanka,GHA,LKA,7.0,6.0,8.0,11.0,8.0,9.0,9.0
Ghana,Philippines,GHA,PHL,10.0,9.0,11.0,15.0,11.0,13.0,13.0
Ghana,Israel,GHA,ISR,12.0,11.0,13.0,17.0,16.0,19.0,20.0
Ghana,Lebanon,GHA,LBN,228.0,205.0,251.0,332.0,319.0,392.0,448.0
Ghana,Syrian Arab Republic,GHA,SYR,17.0,15.0,19.0,25.0,20.0,24.0,25.0
Ghana,Poland,GHA,POL,18.0,16.0,20.0,26.0,21.0,25.0,27.0
Ghana,Russian Federation,GHA,RUS,27.0,24.0,30.0,40.0,31.0,38.0,42.0
Ghana,United Kingdom*,GHA,GBR,503.0,453.0,554.0,732.0,580.0,713.0,815.0
Ghana,Italy,GHA,ITA,53.0,48.0,58.0,77.0,74.0,91.0,103.0
Ghana,France*,GHA,FRA,55.0,50.0,61.0,81.0,78.0,96.0,108.0
Ghana,Netherlands*,GHA,NLD,58.0,52.0,64.0,85.0,67.0,82.0,93.0
Ghana,Switzerland,GHA,CHE,46.0,42.0,51.0,67.0,53.0,65.0,73.0
Ghana,Brazil,GHA,BRA,4.0,3.0,4.0,5.0,5.0,6.0,5.0
Ghana,Canada,GHA,CAN,86.0,78.0,95.0,126.0,121.0,148.0,169.0
Ghana,United States of America*,GHA,USA,236.0,213.0,260.0,344.0,272.0,334.0,382.0
Ghana,Australia*,GHA,AUS,12.0,11.0,13.0,17.0,16.0,19.0,20.0
Guinea,Burundi,GIN,BDI,0.0,0.0,0.0,0.0,0.0,13.0,11.0
Guinea,Comoros,GIN,COM,0.0,0.0,0.0,0.0,0.0,286.0,271.0
Guinea,Djibouti,GIN,DJI,0.0,0.0,0.0,0.0,0.0,4.0,2.0
Guinea,Eritrea,GIN,ERI,0.0,0.0,0.0,0.0,0.0,8.0,6.0
Guinea,Ethiopia,GIN,ETH,0.0,0.0,0.0,0.0,0.0,5.0,3.0
Guinea,Kenya,GIN,KEN,0.0,0.0,0.0,0.0,0.0,833.0,796.0
Guinea,Madagascar,GIN,MDG,0.0,0.0,0.0,0.0,0.0,5.0,3.0
Guinea,Malawi,GIN,MWI,0.0,0.0,0.0,0.0,0.0,5.0,3.0
Guinea,Mauritius,GIN,MUS,0.0,0.0,0.0,0.0,0.0,4.0,2.0
Guinea,Mozambique,GIN,MOZ,0.0,0.0,0.0,0.0,0.0,6.0,4.0
Guinea,Rwanda,GIN,RWA,0.0,0.0,0.0,0.0,0.0,16.0,14.0
Guinea,Seychelles,GIN,SYC,0.0,0.0,0.0,0.0,0.0,1.0,0.0
Guinea,Somalia,GIN,SOM,0.0,0.0,0.0,0.0,0.0,2.0,0.0
Guinea,South Sudan,GIN,SSD,0.0,0.0,0.0,0.0,0.0,1.0,0.0
Guinea,Uganda,GIN,UGA,0.0,0.0,0.0,0.0,0.0,0.0,0.0
Guinea,United Republic of Tanzania,GIN,TZA,0.0,0.0,0.0,0.0,0.0,0.0,0.0
Guinea,Zimbabwe,GIN,ZWE,0.0,0.0,0.0,0.0,0.0,1.0,0.0
Guinea,Angola,GIN,AGO,0.0,0.0,0.0,0.0,0.0,41.0,38.0
Guinea,Cameroon,GIN,CMR,0.0,0.0,0.0,0.0,0.0,54.0,51.0
Guinea,Central African Republic,GIN,CAF,0.0,0.0,0.0,0.0,0.0,4.0,2.0
Guinea,Chad,GIN,TCD,0.0,0.0,0.0,0.0,0.0,114.0,107.0
Guinea,Congo,GIN,COG,0.0,0.0,0.0,0.0,0.0,43.0,40.0
Guinea,Democratic Republic of the Congo,GIN,COD,0.0,0.0,0.0,0.0,0.0,28.0,25.0
Guinea,Equatorial Guinea,GIN,GNQ,0.0,0.0,0.0,0.0,0.0,4457.0,4262.0
Guinea,Gabon,GIN,GAB,0.0,0.0,0.0,0.0,0.0,27.0,24.0
Guinea,Sao Tome and Principe,GIN,STP,0.0,0.0,0.0,0.0,0.0,13.0,11.0
Guinea,Algeria,GIN,DZA,0.0,0.0,0.0,0.0,0.0,2739.0,2619.0
Guinea,Egypt,GIN,EGY,0.0,0.0,0.0,0.0,0.0,6.0,4.0
Guinea,Libya,GIN,LBY,0.0,0.0,0.0,0.0,0.0,15.0,13.0
Guinea,Morocco,GIN,MAR,0.0,0.0,0.0,0.0,0.0,128.0,121.0
Guinea,Sudan,GIN,SDN,0.0,0.0,0.0,0.0,0.0,2.0,0.0
Guinea,Tunisia,GIN,TUN,0.0,0.0,0.0,0.0,0.0,236.0,224.0
Guinea,Botswana,GIN,BWA,0.0,0.0,0.0,0.0,0.0,20.0,18.0
Guinea,Eswatini,GIN,SWZ,0.0,0.0,0.0,0.0,0.0,1.0,0.0
Guinea,Lesotho,GIN,LSO,0.0,0.0,0.0,0.0,0.0,10.0,8.0
Guinea,Namibia,GIN,NAM,0.0,0.0,0.0,0.0,0.0,1.0,0.0
Guinea,South Africa,GIN,ZAF,0.0,0.0,0.0,0.0,0.0,489.0,466.0
Guinea,Benin,GIN,BEN,1079.0,1108.0,775.0,416.0,291.0,128.0,121.0
Guinea,Burkina Faso,GIN,BFA,178.0,182.0,201.0,232.0,250.0,70.0,65.0
Guinea,Cabo Verde,GIN,CPV,47.0,48.0,33.0,20.0,14.0,13.0,11.0
Guinea,Côte d'Ivoire,GIN,CIV,1181.0,1213.0,1341.0,3890.0,6504.0,3266.0,3123.0
Guinea,Gambia,GIN,GMB,321.0,329.0,230.0,180.0,126.0,111.0,105.0
Guinea,Ghana,GIN,GHA,0.0,0.0,0.0,0.0,0.0,109.0,104.0
Guinea,Guinea-Bissau,GIN,GNB,1315.0,1351.0,1493.0,1799.0,2159.0,1948.0,1862.0
Guinea,Liberia,GIN,LBR,174919.0,229283.0,71142.0,56185.0,16151.0,1228.0,1174.0
Guinea,Mali,GIN,MLI,7199.0,7398.0,8179.0,18254.0,30173.0,20713.0,19841.0
Guinea,Mauritania,GIN,MRT,133.0,136.0,150.0,334.0,552.0,378.0,360.0
Guinea,Niger,GIN,NER,687.0,705.0,493.0,154.0,108.0,38.0,35.0
Guinea,Nigeria,GIN,NGA,240.0,246.0,172.0,90.0,63.0,67.0,62.0
Guinea,Senegal,GIN,SEN,2306.0,2369.0,2619.0,2165.0,1407.0,843.0,805.0
Guinea,Sierra Leone,GIN,SLE,8556.0,139293.0,188401.0,14913.0,7456.0,3615.0,3456.0
Guinea,Togo,GIN,TGO,514.0,528.0,583.0,370.0,256.0,146.0,138.0
Guinea,Tajikistan,GIN,TJK,0.0,0.0,0.0,0.0,0.0,0.0,0.0
Guinea,Uzbekistan,GIN,UZB,0.0,0.0,0.0,0.0,0.0,0.0,0.0
Guinea,China,GIN,CHN,32.0,32.0,35.0,22.0,16.0,35.0,32.0
Guinea,Dem. People's Republic of Korea,GIN,PRK,0.0,0.0,0.0,0.0,0.0,514.0,490.0
Guinea,Japan,GIN,JPN,15.0,15.0,16.0,14.0,17.0,21.0,19.0
Guinea,Republic of Korea,GIN,KOR,54.0,55.0,60.0,133.0,219.0,150.0,141.0
Guinea,Afghanistan,GIN,AFG,0.0,0.0,0.0,0.0,0.0,0.0,0.0
Guinea,Bangladesh,GIN,BGD,0.0,0.0,0.0,0.0,0.0,0.0,0.0
Guinea,Bhutan,GIN,BTN,0.0,0.0,0.0,0.0,0.0,1.0,0.0
Guinea,India,GIN,IND,0.0,0.0,0.0,0.0,0.0,3.0,1.0
Guinea,Nepal,GIN,NPL,0.0,0.0,0.0,0.0,0.0,6.0,4.0
Guinea,Pakistan,GIN,PAK,0.0,0.0,0.0,0.0,0.0,4.0,2.0
Guinea,Sri Lanka,GIN,LKA,0.0,0.0,0.0,0.0,0.0,0.0,0.0
Guinea,Cambodia,GIN,KHM,0.0,0.0,0.0,0.0,0.0,4.0,2.0
Guinea,Malaysia,GIN,MYS,0.0,0.0,0.0,0.0,0.0,0.0,0.0
Guinea,Myanmar,GIN,MMR,0.0,0.0,0.0,0.0,0.0,0.0,0.0
Guinea,Philippines,GIN,PHL,0.0,0.0,0.0,0.0,0.0,0.0,0.0
Guinea,Thailand,GIN,THA,0.0,0.0,0.0,0.0,0.0,20.0,18.0
Guinea,Viet Nam,GIN,VNM,0.0,0.0,0.0,0.0,0.0,1.0,0.0
Guinea,Armenia,GIN,ARM,0.0,0.0,0.0,0.0,0.0,0.0,0.0
Guinea,Azerbaijan,GIN,AZE,0.0,0.0,0.0,0.0,0.0,0.0,0.0
Guinea,Bahrain,GIN,BHR,0.0,0.0,0.0,0.0,0.0,1.0,0.0
Guinea,Israel,GIN,ISR,0.0,0.0,0.0,0.0,0.0,4.0,2.0
Guinea,Jordan,GIN,JOR,0.0,0.0,0.0,0.0,0.0,0.0,0.0
Guinea,Lebanon,GIN,LBN,0.0,0.0,0.0,0.0,0.0,30.0,27.0
Guinea,Saudi Arabia,GIN,SAU,333.0,342.0,227.0,87.0,42.0,11.0,9.0
Guinea,Syrian Arab Republic,GIN,SYR,7.0,7.0,7.0,1.0,1.0,1.0,0.0
Guinea,Türkiye,GIN,TUR,0.0,0.0,0.0,0.0,0.0,11.0,9.0
Guinea,Bulgaria,GIN,BGR,0.0,0.0,0.0,0.0,0.0,1.0,0.0
Guinea,Poland,GIN,POL,0.0,0.0,0.0,0.0,0.0,1.0,0.0
Guinea,Republic of Moldova*,GIN,MDA,0.0,0.0,0.0,0.0,0.0,1.0,0.0
Guinea,Romania,GIN,ROU,0.0,0.0,0.0,0.0,0.0,1.0,0.0
Guinea,Russian Federation,GIN,RUS,180.0,184.0,203.0,60.0,30.0,8.0,6.0
Guinea,Ukraine*,GIN,UKR,45.0,46.0,50.0,16.0,8.0,3.0,1.0
Guinea,Denmark*,GIN,DNK,0.0,0.0,0.0,0.0,0.0,28.0,25.0
Guinea,Finland*,GIN,FIN,0.0,0.0,0.0,0.0,0.0,2.0,0.0
Guinea,Latvia,GIN,LVA,0.0,0.0,0.0,0.0,0.0,11.0,9.0
Guinea,Norway*,GIN,NOR,0.0,0.0,0.0,0.0,0.0,0.0,0.0
Guinea,Sweden,GIN,SWE,0.0,0.0,0.0,0.0,0.0,0.0,0.0
Guinea,United Kingdom*,GIN,GBR,0.0,0.0,0.0,0.0,0.0,3.0,1.0
Guinea,Albania,GIN,ALB,0.0,0.0,0.0,0.0,0.0,4.0,2.0
Guinea,Andorra,GIN,AND,0.0,0.0,0.0,0.0,0.0,2.0,0.0
Guinea,Bosnia and Herzegovina,GIN,BIH,0.0,0.0,0.0,0.0,0.0,0.0,0.0
Guinea,Croatia,GIN,HRV,0.0,0.0,0.0,0.0,0.0,7.0,5.0
Guinea,Italy,GIN,ITA,17.0,0.0,0.0,0.0,0.0,35.0,32.0
Guinea,Portugal,GIN,PRT,121.0,124.0,137.0,0.0,0.0,0.0,0.0
Guinea,Serbia*,GIN,SRB,0.0,0.0,0.0,0.0,0.0,1.0,0.0
Guinea,Slovenia,GIN,SVN,0.0,0.0,0.0,0.0,0.0,11.0,9.0
Guinea,Spain*,GIN,ESP,32.0,32.0,35.0,209.0,419.0,487.0,464.0
Guinea,Austria,GIN,AUT,0.0,0.0,0.0,0.0,0.0,0.0,0.0
Guinea,Belgium,GIN,BEL,85.0,87.0,60.0,40.0,28.0,14.0,12.0
Guinea,France*,GIN,FRA,683.0,701.0,490.0,278.0,195.0,75.0,70.0
Guinea,Germany,GIN,DEU,428.0,0.0,0.0,0.0,0.0,9.0,7.0
Guinea,Liechtenstein,GIN,LIE,0.0,0.0,0.0,0.0,0.0,3.0,1.0
Guinea,Netherlands*,GIN,NLD,0.0,0.0,0.0,0.0,0.0,12.0,10.0
Guinea,Switzerland,GIN,CHE,0.0,0.0,0.0,0.0,0.0,6.0,4.0
Guinea,Antigua and Barbuda,GIN,ATG,0.0,0.0,0.0,0.0,0.0,1907.0,1823.0
Guinea,Bahamas,GIN,BHS,0.0,0.0,0.0,0.0,0.0,7.0,5.0
Guinea,Barbados,GIN,BRB,0.0,0.0,0.0,0.0,0.0,1.0,0.0
Guinea,Cuba,GIN,CUB,32.0,32.0,35.0,151.0,757.0,722.0,690.0
Guinea,Dominica,GIN,DMA,0.0,0.0,0.0,0.0,0.0,9.0,7.0
Guinea,Dominican Republic,GIN,DOM,0.0,0.0,0.0,0.0,0.0,1.0,0.0
Guinea,Haiti,GIN,HTI,0.0,0.0,0.0,0.0,0.0,12.0,10.0
Guinea,Saint Vincent and the Grenadines,GIN,VCT,0.0,0.0,0.0,0.0,0.0,11.0,9.0
Guinea,Belize,GIN,BLZ,0.0,0.0,0.0,0.0,0.0,0.0,0.0
Guinea,Costa Rica,GIN,CRI,0.0,0.0,0.0,0.0,0.0,45.0,41.0
Guinea,El Salvador,GIN,SLV,0.0,0.0,0.0,0.0,0.0,2.0,0.0
Guinea,Honduras,GIN,HND,0.0,0.0,0.0,0.0,0.0,132.0,124.0
Guinea,Nicaragua,GIN,NIC,0.0,0.0,0.0,0.0,0.0,2.0,0.0
Guinea,Argentina,GIN,ARG,0.0,0.0,0.0,0.0,0.0,47.0,43.0
Guinea,Bolivia (Plurinational State of),GIN,BOL,0.0,0.0,0.0,0.0,0.0,3.0,1.0
Guinea,Brazil,GIN,BRA,95.0,97.0,67.0,38.0,27.0,4.0,2.0
Guinea,Chile,GIN,CHL,0.0,0.0,0.0,0.0,0.0,3.0,1.0
Guinea,Colombia,GIN,COL,0.0,0.0,0.0,0.0,0.0,1106.0,1056.0
Guinea,Ecuador,GIN,ECU,0.0,0.0,0.0,0.0,0.0,0.0,0.0
Guinea,Uruguay,GIN,URY,0.0,0.0,0.0,0.0,0.0,0.0,0.0
Guinea,Canada,GIN,CAN,139.0,142.0,99.0,57.0,40.0,16.0,14.0
Guinea,United States of America*,GIN,USA,276.0,283.0,312.0,216.0,186.0,119.0,112.0
Guinea,Australia*,GIN,AUS,0.0,0.0,0.0,0.0,0.0,3.0,1.0
Guinea,New Zealand*,GIN,NZL,0.0,0.0,0.0,0.0,0.0,0.0,0.0
Guinea,Fiji,GIN,FJI,0.0,0.0,0.0,0.0,0.0,1.0,0.0
Guinea,Papua New Guinea,GIN,PNG,0.0,0.0,0.0,0.0,0.0,4.0,2.0
Guinea,Solomon Islands,GIN,SLB,0.0,0.0,0.0,0.0,0.0,4.0,2.0
Guinea,Kiribati,GIN,KIR,0.0,0.0,0.0,0.0,0.0,0.0,0.0
Guinea,Marshall Islands,GIN,MHL,0.0,0.0,0.0,0.0,0.0,3.0,1.0
Guinea,Micronesia (Fed. States of),GIN,FSM,0.0,0.0,0.0,0.0,0.0,2.0,0.0
Guinea,Nauru,GIN,NRU,0.0,0.0,0.0,0.0,0.0,6.0,4.0
Guinea,Palau,GIN,PLW,0.0,0.0,0.0,0.0,0.0,4.0,2.0
Guinea,Samoa,GIN,WSM,0.0,0.0,0.0,0.0,0.0,11.0,9.0
Guinea,Tonga,GIN,TON,0.0,0.0,0.0,0.0,0.0,406.0,386.0
Guinea,Tuvalu,GIN,TUV,0.0,0.0,0.0,0.0,0.0,0.0,0.0
Guinea-Bissau,Cabo Verde,GNB,CPV,225.0,283.0,341.0,328.0,315.0,337.0,240.0
Guinea-Bissau,Gambia,GNB,GMB,499.0,628.0,756.0,728.0,700.0,749.0,534.0
Guinea-Bissau,Guinea,GNB,GIN,1478.0,1831.0,2183.0,2233.0,2282.0,2442.0,1745.0
Guinea-Bissau,Liberia,GNB,LBR,1539.0,938.0,336.0,324.0,311.0,333.0,225.0
Guinea-Bissau,Mauritania,GNB,MRT,186.0,234.0,282.0,271.0,260.0,278.0,198.0
Guinea-Bissau,Senegal,GNB,SEN,2981.0,8892.0,4528.0,4946.0,5541.0,5929.0,4765.0
Guinea-Bissau,Sierra Leone,GNB,SLE,28.0,259.0,489.0,432.0,375.0,401.0,282.0
Guinea-Bissau,Portugal,GNB,PRT,241.0,303.0,365.0,381.0,397.0,425.0,303.0
Guinea-Bissau,France*,GNB,FRA,22.0,28.0,33.0,32.0,31.0,33.0,23.0
Guinea-Bissau,Canada,GNB,CAN,22.0,28.0,33.0,32.0,31.0,33.0,23.0
Guinea-Bissau,United States of America*,GNB,USA,119.0,150.0,180.0,175.0,169.0,181.0,128.0
Liberia,Benin,LBR,BEN,25.0,25.0,26.0,8.0,6.0,6.0,2.0
Liberia,Burkina Faso,LBR,BFA,151.0,151.0,153.0,55.0,58.0,67.0,50.0
Liberia,Côte d'Ivoire,LBR,CIV,883.0,917.0,961.0,4099.0,12255.0,17003.0,9041.0
Liberia,Gambia,LBR,GMB,273.0,272.0,275.0,155.0,315.0,364.0,276.0
Liberia,Ghana,LBR,GHA,4667.0,4504.0,4381.0,1932.0,2960.0,3426.0,3392.0
Liberia,Guinea,LBR,GIN,13032.0,13021.0,13125.0,9376.0,15728.0,14564.0,12025.0
Liberia,Guinea-Bissau,LBR,GNB,1120.0,1119.0,1128.0,365.0,262.0,303.0,252.0
Liberia,Mali,LBR,MLI,654.0,653.0,659.0,266.0,354.0,409.0,466.0
Liberia,Niger,LBR,NER,585.0,584.0,590.0,191.0,136.0,157.0,118.0
Liberia,Nigeria,LBR,NGA,910.0,909.0,917.0,529.0,1093.0,1265.0,963.0
Liberia,Senegal,LBR,SEN,85.0,81.0,78.0,48.0,106.0,122.0,91.0
Liberia,Sierra Leone,LBR,SLE,3405.0,60159.0,33513.0,14268.0,5735.0,6688.0,7641.0
Liberia,Togo,LBR,TGO,103.0,103.0,104.0,60.0,127.0,147.0,111.0
Liberia,India,LBR,IND,281.0,280.0,283.0,103.0,109.0,126.0,94.0
Liberia,Lebanon,LBR,LBN,1511.0,1679.0,1862.0,555.0,248.0,287.0,217.0
Liberia,Sweden,LBR,SWE,532.0,531.0,536.0,173.0,124.0,143.0,107.0
Liberia,United Kingdom*,LBR,GBR,538.0,537.0,542.0,175.0,125.0,144.0,108.0
Liberia,Italy,LBR,ITA,102.0,100.0,99.0,32.0,23.0,26.0,18.0
Liberia,Spain*,LBR,ESP,129.0,128.0,130.0,42.0,30.0,34.0,25.0
Liberia,France*,LBR,FRA,139.0,139.0,141.0,45.0,32.0,37.0,27.0
Liberia,Germany,LBR,DEU,450.0,449.0,453.0,146.0,105.0,121.0,90.0
Liberia,Netherlands*,LBR,NLD,139.0,139.0,141.0,45.0,32.0,37.0,27.0
Liberia,Switzerland,LBR,CHE,65.0,65.0,66.0,21.0,15.0,17.0,12.0
Liberia,Canada,LBR,CAN,117.0,116.0,118.0,38.0,27.0,31.0,22.0
Liberia,United States of America*,LBR,USA,1541.0,1539.0,1552.0,464.0,213.0,246.0,186.0
Mali,Rwanda,MLI,RWA,0.0,0.0,0.0,0.0,161.0,198.0,229.0
Mali,United Republic of Tanzania,MLI,TZA,0.0,0.0,0.0,0.0,440.0,540.0,632.0
Mali,Zambia,MLI,ZMB,0.0,0.0,0.0,0.0,278.0,341.0,398.0
Mali,Angola,MLI,AGO,31.0,31.0,29.0,120.0,663.0,816.0,955.0
Mali,Cameroon,MLI,CMR,256.0,267.0,244.0,1030.0,707.0,871.0,1019.0
Mali,Central African Republic,MLI,CAF,137.0,143.0,131.0,551.0,364.0,573.0,619.0
Mali,Chad,MLI,TCD,0.0,0.0,0.0,0.0,246.0,303.0,353.0
Mali,Congo,MLI,COG,1924.0,2014.0,1835.0,7755.0,4069.0,5011.0,5872.0
Mali,Democratic Republic of the Congo,MLI,COD,0.0,0.0,0.0,0.0,921.0,1134.0,1328.0
Mali,Equatorial Guinea,MLI,GNQ,0.0,0.0,0.0,0.0,331.0,407.0,475.0
Mali,Gabon,MLI,GAB,2079.0,2175.0,1982.0,8376.0,4754.0,5857.0,6864.0
Mali,Algeria,MLI,DZA,135.0,235.0,291.0,1227.0,139.0,171.0,198.0
Mali,Egypt,MLI,EGY,0.0,0.0,0.0,0.0,311.0,382.0,445.0
Mali,Libya,MLI,LBY,0.0,0.0,0.0,0.0,331.0,407.0,475.0
Mali,Morocco,MLI,MAR,0.0,0.0,0.0,0.0,375.0,462.0,540.0
Mali,Sudan,MLI,SDN,0.0,0.0,0.0,0.0,204.0,250.0,291.0
Mali,South Africa,MLI,ZAF,0.0,0.0,0.0,0.0,150.0,185.0,215.0
Mali,Benin,MLI,BEN,227.0,236.0,216.0,911.0,547.0,673.0,787.0
Mali,Burkina Faso,MLI,BFA,11419.0,9989.0,9913.0,11015.0,19821.0,24416.0,28618.0
Mali,Côte d'Ivoire,MLI,CIV,23302.0,28484.0,26400.0,38489.0,69376.0,85463.0,100209.0
Mali,Gambia,MLI,GMB,272.0,284.0,260.0,1097.0,514.0,632.0,738.0
Mali,Ghana,MLI,GHA,972.0,1107.0,1083.0,4574.0,1788.0,2203.0,2580.0
Mali,Guinea,MLI,GIN,9680.0,9038.0,7352.0,8252.0,14059.0,17318.0,20298.0
Mali,Guinea-Bissau,MLI,GNB,0.0,0.0,0.0,0.0,193.0,237.0,276.0
Mali,Liberia,MLI,LBR,290.0,303.0,277.0,1169.0,514.0,632.0,738.0
Mali,Mauritania,MLI,MRT,8212.0,10447.0,5320.0,3057.0,4798.0,6126.0,10951.0
Mali,Niger,MLI,NER,1591.0,2207.0,2449.0,2205.0,3823.0,4709.0,5518.0
Mali,Nigeria,MLI,NGA,727.0,760.0,693.0,2926.0,1434.0,1766.0,2070.0
Mali,Senegal,MLI,SEN,6412.0,6174.0,5191.0,4171.0,8416.0,10367.0,12152.0
Mali,Sierra Leone,MLI,SLE,598.0,625.0,570.0,2406.0,921.0,1134.0,1328.0
Mali,Togo,MLI,TGO,367.0,383.0,350.0,1477.0,1371.0,1688.0,1978.0
Mali,Kazakhstan,MLI,KAZ,0.0,0.0,0.0,0.0,632.0,778.0,911.0
Mali,China,MLI,CHN,59.0,45.0,30.0,123.0,1242.0,1530.0,1792.0
Mali,Dem. People's Republic of Korea,MLI,PRK,0.0,0.0,0.0,0.0,792.0,975.0,1141.0
Mali,Japan,MLI,JPN,0.0,0.0,0.0,0.0,257.0,316.0,368.0
Mali,Afghanistan,MLI,AFG,0.0,0.0,0.0,0.0,86.0,105.0,121.0
Mali,Singapore,MLI,SGP,0.0,0.0,0.0,0.0,300.0,369.0,431.0
Mali,Thailand,MLI,THA,0.0,0.0,0.0,0.0,224.0,276.0,321.0
Mali,Israel,MLI,ISR,0.0,0.0,0.0,0.0,503.0,619.0,724.0
Mali,Saudi Arabia,MLI,SAU,0.0,0.0,0.0,0.0,663.0,816.0,955.0
Mali,United Arab Emirates,MLI,ARE,0.0,0.0,0.0,0.0,1178.0,1450.0,1698.0
Mali,Russian Federation,MLI,RUS,202.0,126.0,48.0,199.0,161.0,198.0,229.0
Mali,Albania,MLI,ALB,0.0,0.0,0.0,0.0,567.0,698.0,816.0
Mali,Andorra,MLI,AND,0.0,0.0,0.0,0.0,396.0,487.0,569.0
Mali,Croatia,MLI,HRV,0.0,0.0,0.0,0.0,289.0,355.0,415.0
Mali,France*,MLI,FRA,1246.0,1270.0,1130.0,4774.0,2045.0,2518.0,2949.0
Mali,British Virgin Islands*,MLI,VGB,0.0,0.0,0.0,0.0,235.0,289.0,338.0
Mali,Grenada,MLI,GRD,0.0,0.0,0.0,0.0,171.0,210.0,244.0
Mali,Guadeloupe*,MLI,GLP,0.0,0.0,0.0,0.0,418.0,514.0,601.0
Mali,Turks and Caicos Islands*,MLI,TCA,0.0,0.0,0.0,0.0,300.0,369.0,431.0
Mali,United States Virgin Islands*,MLI,VIR,0.0,0.0,0.0,0.0,193.0,237.0,276.0
Mali,Chile,MLI,CHL,0.0,0.0,0.0,0.0,567.0,698.0,816.0
Mali,Uruguay,MLI,URY,0.0,0.0,0.0,0.0,215.0,264.0,307.0
Mali,United States of America*,MLI,USA,106.0,110.0,101.0,425.0,429.0,528.0,617.0
Mali,American Samoa*,MLI,ASM,0.0,0.0,0.0,0.0,171.0,210.0,244.0
Mali,French Polynesia*,MLI,PYF,0.0,0.0,0.0,0.0,139.0,171.0,198.0
Mauritania,Cameroon,MRT,CMR,161.0,156.0,144.0,140.0,91.0,136.0,148.0
Mauritania,Chad,MRT,TCD,23.0,22.0,20.0,20.0,12.0,17.0,17.0
Mauritania,Democratic Republic of the Congo,MRT,COD,18.0,17.0,15.0,27.0,37.0,35.0,37.0
Mauritania,Gabon,MRT,GAB,42.0,40.0,37.0,36.0,23.0,33.0,35.0
Mauritania,Algeria,MRT,DZA,642.0,622.0,577.0,560.0,365.0,549.0,597.0
Mauritania,Egypt,MRT,EGY,113.0,109.0,101.0,99.0,64.0,95.0,102.0
Mauritania,Libya,MRT,LBY,69.0,66.0,61.0,60.0,39.0,57.0,61.0
Mauritania,Morocco,MRT,MAR,164.0,158.0,146.0,142.0,92.0,138.0,150.0
Mauritania,Tunisia,MRT,TUN,129.0,124.0,115.0,112.0,73.0,108.0,116.0
Mauritania,Western Sahara,MRT,ESH,0.0,0.0,0.0,0.0,12331.0,13283.0,14491.0
Mauritania,Benin,MRT,BEN,260.0,251.0,232.0,226.0,147.0,220.0,238.0
Mauritania,Côte d'Ivoire,MRT,CIV,105.0,101.0,93.0,131.0,152.0,198.0,214.0
Mauritania,Ghana,MRT,GHA,134.0,129.0,119.0,116.0,75.0,112.0,121.0
Mauritania,Guinea,MRT,GIN,1897.0,1838.0,1710.0,1659.0,1084.0,1628.0,1774.0
Mauritania,Guinea-Bissau,MRT,GNB,766.0,742.0,688.0,668.0,436.0,655.0,712.0
Mauritania,Mali,MRT,MLI,4112.0,18426.0,3696.0,3592.0,2344.0,44733.0,48824.0
Mauritania,Niger,MRT,NER,84.0,81.0,75.0,73.0,47.0,70.0,75.0
Mauritania,Senegal,MRT,SEN,43615.0,17994.0,16695.0,16226.0,10592.0,7195.0,7849.0
Mauritania,Togo,MRT,TGO,77.0,74.0,68.0,76.0,55.0,75.0,80.0
Mauritania,China,MRT,CHN,123.0,119.0,110.0,107.0,69.0,103.0,110.0
Mauritania,Republic of Korea,MRT,KOR,46.0,44.0,40.0,39.0,25.0,36.0,38.0
Mauritania,Iraq,MRT,IRQ,44.0,42.0,38.0,37.0,38.0,45.0,47.0
Mauritania,Kuwait,MRT,KWT,20.0,19.0,17.0,17.0,10.0,14.0,14.0
Mauritania,Lebanon,MRT,LBN,65.0,62.0,57.0,56.0,36.0,53.0,57.0
Mauritania,Saudi Arabia,MRT,SAU,140.0,135.0,125.0,122.0,79.0,118.0,128.0
Mauritania,State of Palestine,MRT,PSE,75.0,72.0,66.0,65.0,45.0,66.0,70.0
Mauritania,Syrian Arab Republic,MRT,SYR,77.0,74.0,68.0,66.0,43.0,133.0,250.0
Mauritania,United Arab Emirates,MRT,ARE,38.0,36.0,33.0,33.0,21.0,30.0,32.0
Mauritania,Russian Federation,MRT,RUS,17.0,16.0,14.0,14.0,8.0,11.0,11.0
Mauritania,Italy,MRT,ITA,28.0,27.0,25.0,25.0,16.0,22.0,22.0
Mauritania,Spain*,MRT,ESP,39.0,37.0,34.0,33.0,21.0,30.0,32.0
Mauritania,Belgium,MRT,BEL,31.0,30.0,27.0,27.0,17.0,24.0,25.0
Mauritania,Argentina,MRT,ARG,31.0,30.0,27.0,27.0,17.0,24.0,25.0
Mauritania,Brazil,MRT,BRA,69.0,66.0,61.0,60.0,39.0,57.0,61.0
Mauritania,Canada,MRT,CAN,20.0,19.0,17.0,17.0,10.0,14.0,14.0
Mauritania,United States of America*,MRT,USA,52.0,50.0,46.0,45.0,29.0,42.0,44.0
Niger,Cameroon,NER,CMR,140.0,180.0,222.0,227.0,232.0,234.0,303.0
Niger,Chad,NER,TCD,611.0,465.0,323.0,330.0,336.0,340.0,664.0
Niger,Algeria,NER,DZA,110.0,142.0,177.0,183.0,189.0,182.0,234.0
Niger,Libya,NER,LBY,41.0,54.0,69.0,69.0,68.0,67.0,85.0
Niger,Sudan,NER,SDN,185.0,238.0,293.0,299.0,304.0,308.0,1047.0
Niger,Benin,NER,BEN,5126.0,7912.0,10765.0,10975.0,11164.0,11319.0,14689.0
Niger,Burkina Faso,NER,BFA,4133.0,6150.0,8219.0,8379.0,8524.0,8642.0,11215.0
Niger,Côte d'Ivoire,NER,CIV,2061.0,1339.0,629.0,641.0,653.0,753.0,976.0
Niger,Ghana,NER,GHA,2241.0,1601.0,975.0,994.0,1012.0,1026.0,1330.0
Niger,Mali,NER,MLI,14098.0,32289.0,21918.0,22352.0,22730.0,48847.0,57055.0
Niger,Nigeria,NER,NGA,22835.0,15830.0,8957.0,9132.0,9290.0,47521.0,80183.0
Niger,Senegal,NER,SEN,261.0,336.0,414.0,422.0,430.0,435.0,564.0
Niger,Togo,NER,TGO,3521.0,4908.0,6337.0,6460.0,6571.0,6663.0,8646.0
Nigeria,Cameroon,NGA,CMR,4496.0,4595.0,4882.0,9085.0,9281.0,12138.0,23858.0
Nigeria,Chad,NGA,TCD,4877.0,4985.0,5296.0,9855.0,10069.0,13168.0,14211.0
Nigeria,Benin,NGA,BEN,42406.0,52026.0,63894.0,118911.0,121478.0,158870.0,171468.0
Nigeria,Ghana,NGA,GHA,33066.0,35970.0,40367.0,75126.0,76748.0,100371.0,108326.0
Nigeria,Liberia,NGA,LBR,3434.0,3509.0,3728.0,6939.0,7089.0,9271.0,10004.0
Nigeria,Mali,NGA,MLI,6399.0,17371.0,29220.0,54379.0,55554.0,72653.0,78411.0
Nigeria,Niger,NGA,NER,15558.0,17639.0,20464.0,38084.0,38906.0,50882.0,54915.0
Nigeria,Sierra Leone,NGA,SLE,681.0,696.0,739.0,1375.0,1405.0,1838.0,1983.0
Nigeria,Togo,NGA,TGO,20582.0,23209.0,26811.0,49896.0,50974.0,66664.0,71948.0
Saint Helena,South Africa,SHN,ZAF,13.0,9.0,9.0,15.0,22.0,24.0,24.0
Saint Helena,United Kingdom*,SHN,GBR,47.0,32.0,32.0,52.0,71.0,79.0,84.0
Senegal,Rwanda,SEN,RWA,0.0,168.0,196.0,178.0,143.0,137.0,137.0
Senegal,Cameroon,SEN,CMR,520.0,547.0,517.0,536.0,574.0,611.0,633.0
Senegal,Central African Republic,SEN,CAF,0.0,1.0,1.0,7.0,9.0,324.0,351.0
Senegal,Democratic Republic of the Congo,SEN,COD,0.0,16.0,58.0,140.0,115.0,143.0,175.0
Senegal,Algeria,SEN,DZA,2226.0,2342.0,2217.0,2302.0,2463.0,2630.0,2720.0
Senegal,Morocco,SEN,MAR,1769.0,1861.0,1742.0,1819.0,1957.0,2090.0,2161.0
Senegal,Benin,SEN,BEN,1465.0,1541.0,1459.0,1515.0,1621.0,1731.0,1791.0
Senegal,Côte d'Ivoire,SEN,CIV,1101.0,1158.0,1096.0,1137.0,1217.0,1315.0,1352.0
Senegal,Gambia,SEN,GMB,2405.0,2530.0,2394.0,2486.0,2660.0,2944.0,3076.0
Senegal,Ghana,SEN,GHA,332.0,349.0,331.0,343.0,368.0,393.0,405.0
Senegal,Guinea,SEN,GIN,15818.0,16652.0,15551.0,16270.0,17508.0,18714.0,19384.0
Senegal,Guinea-Bissau,SEN,GNB,13813.0,14526.0,11727.0,13282.0,15273.0,16310.0,16877.0
Senegal,Liberia,SEN,LBR,0.0,123.0,244.0,366.0,286.0,213.0,217.0
Senegal,Mali,SEN,MLI,13668.0,14382.0,12479.0,13061.0,14083.0,15060.0,15586.0
Senegal,Mauritania,SEN,MRT,43087.0,47395.0,27084.0,24816.0,23361.0,21048.0,21557.0
Senegal,Niger,SEN,NER,668.0,702.0,665.0,690.0,738.0,788.0,815.0
Senegal,Nigeria,SEN,NGA,186.0,195.0,185.0,192.0,206.0,210.0,213.0
Senegal,Sierra Leone,SEN,SLE,6623.0,6969.0,5591.0,6356.0,7329.0,7833.0,8109.0
Senegal,Togo,SEN,TGO,466.0,490.0,464.0,481.0,515.0,550.0,572.0
Senegal,Lebanon,SEN,LBN,324.0,340.0,323.0,335.0,359.0,383.0,395.0
Senegal,Saudi Arabia,SEN,SAU,621.0,653.0,619.0,642.0,687.0,733.0,757.0
Senegal,Türkiye,SEN,TUR,0.0,0.0,0.0,0.0,0.0,0.0,41.0
Senegal,France*,SEN,FRA,5946.0,6256.0,5522.0,5953.0,6580.0,7028.0,7272.0
Senegal,Germany,SEN,DEU,362.0,380.0,360.0,372.0,398.0,425.0,438.0
Senegal,Brazil,SEN,BRA,278.0,292.0,277.0,287.0,308.0,328.0,338.0
Senegal,United States of America*,SEN,USA,340.0,357.0,335.0,350.0,377.0,402.0,415.0
Sierra Leone,Eritrea,SLE,ERI,0.0,0.0,0.0,0.0,0.0,0.0,0.0
Sierra Leone,Kenya,SLE,KEN,0.0,0.0,0.0,0.0,0.0,10.0,9.0
Sierra Leone,Rwanda,SLE,RWA,0.0,0.0,0.0,0.0,0.0,0.0,0.0
Sierra Leone,Zambia,SLE,ZMB,0.0,0.0,0.0,0.0,0.0,6.0,5.0
Sierra Leone,Chad,SLE,TCD,0.0,1.0,0.0,0.0,0.0,0.0,0.0
Sierra Leone,Democratic Republic of the Congo,SLE,COD,0.0,0.0,0.0,3.0,0.0,0.0,0.0
Sierra Leone,Equatorial Guinea,SLE,GNQ,0.0,0.0,0.0,1.0,1.0,0.0,0.0
Sierra Leone,Sudan,SLE,SDN,0.0,1.0,0.0,2.0,5.0,7.0,2.0
Sierra Leone,South Africa,SLE,ZAF,188.0,188.0,188.0,34.0,33.0,33.0,30.0
Sierra Leone,Benin,SLE,BEN,160.0,160.0,160.0,3.0,8.0,25.0,31.0
Sierra Leone,Burkina Faso,SLE,BFA,13.0,13.0,13.0,4.0,4.0,4.0,3.0
Sierra Leone,Cabo Verde,SLE,CPV,2.0,2.0,2.0,1.0,4.0,16.0,20.0
Sierra Leone,Côte d'Ivoire,SLE,CIV,29.0,29.0,29.0,186.0,119.0,60.0,42.0
Sierra Leone,Gambia,SLE,GMB,2384.0,2392.0,2400.0,779.0,486.0,273.0,208.0
Sierra Leone,Ghana,SLE,GHA,426.0,427.0,428.0,405.0,395.0,386.0,380.0
Sierra Leone,Guinea,SLE,GIN,30371.0,30449.0,30725.0,25191.0,21074.0,17297.0,15684.0
Sierra Leone,Guinea-Bissau,SLE,GNB,8.0,8.0,8.0,3.0,20.0,146.0,261.0
Sierra Leone,Liberia,SLE,LBR,61373.0,4643.0,5522.0,40993.0,11393.0,5152.0,4088.0
Sierra Leone,Mali,SLE,MLI,871.0,874.0,877.0,157.0,140.0,124.0,114.0
Sierra Leone,Mauritania,SLE,MRT,34.0,34.0,34.0,45.0,40.0,37.0,33.0
Sierra Leone,Niger,SLE,NER,28.0,28.0,28.0,32.0,25.0,20.0,16.0
Sierra Leone,Nigeria,SLE,NGA,759.0,761.0,763.0,489.0,685.0,785.0,881.0
Sierra Leone,Senegal,SLE,SEN,248.0,248.0,248.0,156.0,146.0,137.0,131.0
Sierra Leone,Togo,SLE,TGO,14.0,14.0,14.0,9.0,9.0,10.0,9.0
Sierra Leone,China,SLE,CHN,7.0,7.0,7.0,5.0,19.0,75.0,145.0
Sierra Leone,Dem. People's Republic of Korea,SLE,PRK,1.0,1.0,1.0,1.0,1.0,1.0,0.0
Sierra Leone,Japan,SLE,JPN,4.0,4.0,4.0,0.0,0.0,0.0,0.0
Sierra Leone,Republic of Korea,SLE,KOR,6.0,6.0,6.0,4.0,2.0,1.0,0.0
Sierra Leone,India,SLE,IND,161.0,161.0,161.0,37.0,110.0,332.0,489.0
Sierra Leone,Pakistan,SLE,PAK,0.0,0.0,0.0,37.0,36.0,36.0,33.0
Sierra Leone,Viet Nam,SLE,VNM,0.0,0.0,0.0,0.0,0.0,0.0,0.0
Sierra Leone,Iraq,SLE,IRQ,0.0,0.0,0.0,0.0,0.0,0.0,0.0
Sierra Leone,Lebanon,SLE,LBN,1039.0,1002.0,1045.0,289.0,261.0,239.0,226.0
Sierra Leone,Russian Federation,SLE,RUS,50.0,50.0,50.0,29.0,27.0,26.0,23.0
Sierra Leone,United Kingdom*,SLE,GBR,266.0,266.0,266.0,133.0,92.0,64.0,52.0
Sierra Leone,Germany,SLE,DEU,61.0,61.0,61.0,12.0,12.0,13.0,12.0
Sierra Leone,Canada,SLE,CAN,22.0,22.0,22.0,14.0,9.0,7.0,4.0
Sierra Leone,United States of America*,SLE,USA,251.0,251.0,251.0,131.0,95.0,69.0,57.0
Togo,Rwanda,TGO,RWA,447.0,465.0,799.0,771.0,379.0,344.0,344.0
Togo,Cameroon,TGO,CMR,127.0,143.0,161.0,181.0,223.0,251.0,250.0
Togo,Central African Republic,TGO,CAF,81.0,91.0,102.0,115.0,143.0,161.0,160.0
Togo,Chad,TGO,TCD,117.0,131.0,147.0,165.0,205.0,230.0,230.0
Togo,Congo,TGO,COG,50.0,56.0,63.0,70.0,89.0,100.0,100.0
Togo,Democratic Republic of the Congo,TGO,COD,148.0,166.0,187.0,279.0,298.0,331.0,331.0
Togo,Equatorial Guinea,TGO,GNQ,20.0,22.0,24.0,27.0,36.0,40.0,39.0
Togo,Gabon,TGO,GAB,201.0,226.0,254.0,286.0,353.0,397.0,397.0
Togo,Sao Tome and Principe,TGO,STP,10.0,11.0,12.0,13.0,18.0,20.0,19.0
Togo,Benin,TGO,BEN,10803.0,11673.0,17071.0,24372.0,34923.0,37391.0,37481.0
Togo,Burkina Faso,TGO,BFA,2759.0,3107.0,3549.0,5257.0,5503.0,6198.0,6209.0
Togo,Cabo Verde,TGO,CPV,8.0,9.0,10.0,11.0,16.0,18.0,17.0
Togo,Côte d'Ivoire,TGO,CIV,791.0,891.0,1003.0,1189.0,1414.0,2896.0,2901.0
Togo,Gambia,TGO,GMB,234.0,263.0,296.0,333.0,409.0,460.0,460.0
Togo,Ghana,TGO,GHA,7313.0,11765.0,14738.0,17532.0,24616.0,27549.0,27624.0
Togo,Guinea,TGO,GIN,739.0,832.0,937.0,1055.0,1341.0,1510.0,1512.0
Togo,Guinea-Bissau,TGO,GNB,36.0,40.0,45.0,50.0,65.0,73.0,72.0
Togo,Liberia,TGO,LBR,42.0,47.0,52.0,58.0,74.0,83.0,82.0
Togo,Mali,TGO,MLI,667.0,883.0,1169.0,1886.0,3439.0,3555.0,3562.0
Togo,Mauritania,TGO,MRT,40.0,45.0,50.0,56.0,71.0,80.0,79.0
Togo,Niger,TGO,NER,4314.0,5847.0,10425.0,22631.0,28105.0,29188.0,29247.0
Togo,Nigeria,TGO,NGA,4275.0,5240.0,7523.0,12723.0,12626.0,13928.0,13955.0
Togo,Senegal,TGO,SEN,224.0,252.0,283.0,318.0,391.0,440.0,440.0
Togo,Sierra Leone,TGO,SLE,27.0,30.0,33.0,37.0,50.0,56.0,55.0
Togo,China,TGO,CHN,48.0,54.0,60.0,67.0,85.0,95.0,94.0
Togo,Belgium,TGO,BEL,8.0,9.0,10.0,11.0,18.0,21.0,20.0
Togo,France*,TGO,FRA,855.0,717.0,607.0,504.0,423.0,354.0,353.0
Togo,Germany,TGO,DEU,43.0,50.0,58.0,67.0,91.0,106.0,106.0
Togo,Canada,TGO,CAN,6.0,6.0,6.0,6.0,15.0,17.0,16.0
Togo,United States of America*,TGO,USA,84.0,84.0,84.0,84.0,95.0,95.0,94.0
Kazakhstan,Kyrgyzstan,KAZ,KGZ,49113.0,40874.0,35779.0,38210.0,42731.0,48985.0,57214.0
Kazakhstan,Tajikistan,KAZ,TJK,10066.0,11613.0,11258.0,9481.0,9548.0,10875.0,12789.0
Kazakhstan,Turkmenistan,KAZ,TKM,4089.0,13121.0,54787.0,76841.0,94685.0,97666.0,101144.0
Kazakhstan,Uzbekistan,KAZ,UZB,86364.0,147571.0,216027.0,222515.0,242894.0,275155.0,323067.0
Kazakhstan,China,KAZ,CHN,37778.0,48126.0,55773.0,60031.0,67739.0,78789.0,94272.0
Kazakhstan,Mongolia,KAZ,MNG,25950.0,28167.0,29328.0,29505.0,31117.0,33835.0,37835.0
Kazakhstan,Republic of Korea,KAZ,KOR,1000.0,688.0,508.0,488.0,497.0,521.0,563.0
Kazakhstan,Afghanistan,KAZ,AFG,1428.0,3360.0,3528.0,2859.0,3118.0,3689.0,4388.0
Kazakhstan,India,KAZ,IND,1071.0,740.0,548.0,523.0,532.0,559.0,504.0
Kazakhstan,Iran (Islamic Republic of),KAZ,IRN,1769.0,1741.0,1663.0,1551.0,1516.0,1528.0,1585.0
Kazakhstan,Pakistan,KAZ,PAK,501.0,345.0,260.0,245.0,249.0,261.0,234.0
Kazakhstan,Armenia,KAZ,ARM,4406.0,3753.0,3184.0,2941.0,2942.0,3077.0,3319.0
Kazakhstan,Azerbaijan,KAZ,AZE,15322.0,9491.0,6344.0,5740.0,5668.0,5942.0,6579.0
Kazakhstan,Georgia,KAZ,GEO,18608.0,8683.0,4735.0,4268.0,4084.0,4094.0,4328.0
Kazakhstan,Israel,KAZ,ISR,229.0,158.0,116.0,112.0,114.0,120.0,108.0
Kazakhstan,State of Palestine,KAZ,PSE,0.0,0.0,185.0,6.0,4.0,0.0,0.0
Kazakhstan,Türkiye,KAZ,TUR,3542.0,3543.0,3437.0,3256.0,3233.0,3311.0,3488.0
Kazakhstan,United Arab Emirates,KAZ,ARE,655.0,452.0,332.0,320.0,326.0,342.0,369.0
Kazakhstan,Belarus,KAZ,BLR,62366.0,30699.0,17907.0,17482.0,17680.0,18122.0,18660.0
Kazakhstan,Poland,KAZ,POL,640.0,591.0,526.0,451.0,406.0,377.0,359.0
Kazakhstan,Republic of Moldova*,KAZ,MDA,11724.0,6172.0,3796.0,3801.0,3992.0,4283.0,4645.0
Kazakhstan,Russian Federation,KAZ,RUS,1214156.0,684865.0,437852.0,408532.0,393233.0,387057.0,388184.0
Kazakhstan,Ukraine*,KAZ,UKR,40015.0,47693.0,61944.0,79929.0,76142.0,72248.0,68811.0
Kazakhstan,Estonia,KAZ,EST,1218.0,839.0,619.0,595.0,606.0,636.0,572.0
Kazakhstan,Latvia,KAZ,LVA,2801.0,2187.0,1658.0,1227.0,952.0,762.0,627.0
Kazakhstan,Lithuania,KAZ,LTU,5346.0,4150.0,3125.0,2298.0,1773.0,1410.0,1153.0
Kazakhstan,Germany,KAZ,DEU,3371.0,3060.0,2652.0,2192.0,1899.0,1696.0,1558.0
Kazakhstan,United States of America*,KAZ,USA,413.0,404.0,384.0,356.0,346.0,345.0,356.0
Kyrgyzstan,Kazakhstan,KGZ,KAZ,22287.0,18694.0,14610.0,11867.0,8974.0,7950.0,7739.0
Kyrgyzstan,Tajikistan,KGZ,TJK,3502.0,7345.0,5026.0,1181.0,1287.0,1140.0,1109.0
Kyrgyzstan,Turkmenistan,KGZ,TKM,1676.0,1380.0,1048.0,856.0,654.0,579.0,563.0
Kyrgyzstan,Uzbekistan,KGZ,UZB,10517.0,9527.0,8276.0,7096.0,5834.0,5168.0,5030.0
Kyrgyzstan,China,KGZ,CHN,445.0,334.0,215.0,184.0,153.0,135.0,130.0
Kyrgyzstan,Dem. People's Republic of Korea,KGZ,PRK,456.0,592.0,710.0,918.0,1122.0,994.0,966.0
Kyrgyzstan,Republic of Korea,KGZ,KOR,820.0,595.0,357.0,251.0,144.0,127.0,122.0
Kyrgyzstan,Viet Nam,KGZ,VNM,214.0,140.0,63.0,53.0,44.0,39.0,37.0
Kyrgyzstan,Armenia,KGZ,ARM,4189.0,3199.0,2130.0,1733.0,1315.0,1165.0,1133.0
Kyrgyzstan,Azerbaijan,KGZ,AZE,8083.0,6207.0,4178.0,3421.0,2622.0,2323.0,2261.0
Kyrgyzstan,Georgia,KGZ,GEO,5803.0,4525.0,3135.0,2544.0,1922.0,1702.0,1656.0
Kyrgyzstan,Türkiye,KGZ,TUR,465.0,499.0,519.0,573.0,625.0,554.0,537.0
Kyrgyzstan,Belarus,KGZ,BLR,17721.0,14837.0,11564.0,9378.0,7075.0,6268.0,6101.0
Kyrgyzstan,Poland,KGZ,POL,4410.0,3898.0,3281.0,2785.0,2258.0,2000.0,1946.0
Kyrgyzstan,Republic of Moldova*,KGZ,MDA,4620.0,3731.0,2746.0,2221.0,1667.0,1477.0,1437.0
Kyrgyzstan,Romania,KGZ,ROU,399.0,394.0,377.0,339.0,299.0,265.0,256.0
Kyrgyzstan,Russian Federation,KGZ,RUS,203912.0,166787.0,125361.0,101430.0,76212.0,67502.0,65756.0
Kyrgyzstan,Ukraine*,KGZ,UKR,49593.0,40777.0,30902.0,24834.0,18446.0,16340.0,15908.0
Kyrgyzstan,Estonia,KGZ,EST,889.0,753.0,597.0,492.0,381.0,338.0,328.0
Kyrgyzstan,Finland*,KGZ,FIN,142.0,121.0,97.0,77.0,57.0,50.0,47.0
Kyrgyzstan,Latvia,KGZ,LVA,1457.0,1219.0,949.0,777.0,595.0,527.0,511.0
Kyrgyzstan,Lithuania,KGZ,LTU,3817.0,3300.0,2695.0,2240.0,1759.0,1559.0,1516.0
Kyrgyzstan,Germany,KGZ,DEU,8768.0,6054.0,3202.0,2220.0,1202.0,1065.0,1035.0
Tajikistan,Zambia,TJK,ZMB,20.0,16.0,13.0,13.0,12.0,11.0,9.0
Tajikistan,Algeria,TJK,DZA,110.0,89.0,75.0,73.0,72.0,71.0,69.0
Tajikistan,Niger,TJK,NER,20.0,16.0,13.0,13.0,12.0,11.0,9.0
Tajikistan,Kazakhstan,TJK,KAZ,617.0,501.0,463.0,447.0,444.0,439.0,439.0
Tajikistan,Kyrgyzstan,TJK,KGZ,11242.0,7783.0,5863.0,5627.0,5590.0,5534.0,5571.0
Tajikistan,Turkmenistan,TJK,TKM,608.0,397.0,246.0,234.0,232.0,229.0,228.0
Tajikistan,Uzbekistan,TJK,UZB,10572.0,6912.0,4181.0,3962.0,3936.0,3896.0,3904.0
Tajikistan,China,TJK,CHN,41.0,25.0,20.0,19.0,18.0,17.0,15.0
Tajikistan,Dem. People's Republic of Korea,TJK,PRK,133.0,83.0,68.0,64.0,63.0,62.0,60.0
Tajikistan,Afghanistan,TJK,AFG,4759.0,6731.0,9273.0,6949.0,6903.0,6843.0,6867.0
Tajikistan,India,TJK,IND,524.0,311.0,254.0,236.0,234.0,231.0,230.0
Tajikistan,Iran (Islamic Republic of),TJK,IRN,1017.0,720.0,605.0,577.0,573.0,567.0,567.0
Tajikistan,Pakistan,TJK,PAK,99.0,74.0,62.0,53.0,52.0,51.0,49.0
Tajikistan,Brunei Darussalam,TJK,BRN,20.0,15.0,13.0,13.0,12.0,11.0,9.0
Tajikistan,Armenia,TJK,ARM,143.0,134.0,125.0,122.0,121.0,119.0,117.0
Tajikistan,Azerbaijan,TJK,AZE,143.0,128.0,110.0,108.0,107.0,105.0,103.0
Tajikistan,Georgia,TJK,GEO,488.0,368.0,338.0,325.0,327.0,323.0,322.0
Tajikistan,Iraq,TJK,IRQ,54.0,38.0,32.0,30.0,29.0,28.0,26.0
Tajikistan,Oman,TJK,OMN,31.0,25.0,21.0,20.0,19.0,18.0,16.0
Tajikistan,Türkiye,TJK,TUR,659.0,460.0,386.0,368.0,365.0,361.0,360.0
Tajikistan,Belarus,TJK,BLR,500.0,454.0,422.0,411.0,408.0,403.0,403.0
Tajikistan,Poland,TJK,POL,32.0,25.0,21.0,20.0,19.0,18.0,16.0
Tajikistan,Republic of Moldova*,TJK,MDA,1166.0,841.0,515.0,513.0,509.0,503.0,503.0
Tajikistan,Russian Federation,TJK,RUS,204299.0,168141.0,143429.0,137686.0,136807.0,135466.0,135842.0
Tajikistan,Ukraine*,TJK,UKR,2238.0,1210.0,553.0,481.0,477.0,472.0,472.0
Tajikistan,Denmark*,TJK,DNK,111.0,69.0,56.0,53.0,52.0,51.0,49.0
Tajikistan,United Kingdom*,TJK,GBR,267.0,141.0,103.0,84.0,83.0,82.0,80.0
Tajikistan,Austria,TJK,AUT,54.0,44.0,37.0,36.0,35.0,34.0,32.0
Tajikistan,Germany,TJK,DEU,114.0,77.0,64.0,61.0,60.0,59.0,57.0
Tajikistan,Netherlands*,TJK,NLD,43.0,40.0,35.0,34.0,33.0,32.0,30.0
Tajikistan,Switzerland,TJK,CHE,45.0,32.0,26.0,25.0,24.0,23.0,21.0
Tajikistan,United States Virgin Islands*,TJK,VIR,20.0,16.0,13.0,13.0,12.0,11.0,9.0
Tajikistan,Canada,TJK,CAN,42.0,30.0,25.0,24.0,23.0,22.0,20.0
Tajikistan,United States of America*,TJK,USA,233.0,164.0,137.0,131.0,130.0,128.0,127.0
Tajikistan,New Zealand*,TJK,NZL,92.0,72.0,61.0,59.0,58.0,57.0,55.0
Turkmenistan,Kazakhstan,TKM,KAZ,17071.0,12689.0,10599.0,10406.0,10484.0,10419.0,10190.0
Turkmenistan,Tajikistan,TKM,TJK,742.0,12195.0,8807.0,6877.0,1865.0,739.0,733.0
Turkmenistan,Uzbekistan,TKM,UZB,60266.0,44797.0,37418.0,36457.0,36623.0,36160.0,35362.0
Turkmenistan,Afghanistan,TKM,AFG,163.0,1826.0,1015.0,459.0,189.0,115.0,99.0
Turkmenistan,Iran (Islamic Republic of),TKM,IRN,1460.0,1085.0,906.0,889.0,895.0,974.0,951.0
Turkmenistan,Armenia,TKM,ARM,6128.0,4555.0,3804.0,3734.0,3762.0,3674.0,3593.0
Turkmenistan,Azerbaijan,TKM,AZE,6511.0,4839.0,4041.0,3967.0,3996.0,3922.0,3834.0
Turkmenistan,Belarus,TKM,BLR,1230.0,914.0,763.0,749.0,754.0,736.0,719.0
Turkmenistan,Russian Federation,TKM,RUS,70285.0,52244.0,43133.0,42100.0,42257.0,41619.0,40717.0
Turkmenistan,Ukraine*,TKM,UKR,6638.0,4934.0,4121.0,4046.0,4076.0,3981.0,3893.0
Turkmenistan,Germany,TKM,DEU,980.0,728.0,608.0,596.0,600.0,606.0,591.0
Uzbekistan,Kazakhstan,UZB,KAZ,17258.0,14432.0,12140.0,10384.0,8169.0,7225.0,7149.0
Uzbekistan,Kyrgyzstan,UZB,KGZ,2793.0,2843.0,2968.0,2953.0,2821.0,2673.0,2644.0
Uzbekistan,Tajikistan,UZB,TJK,2528.0,4173.0,18209.0,24018.0,5737.0,5436.0,5378.0
Uzbekistan,Turkmenistan,UZB,TKM,144.0,239.0,346.0,344.0,329.0,311.0,307.0
Uzbekistan,Armenia,UZB,ARM,4681.0,4324.0,3904.0,3560.0,3066.0,2806.0,2775.0
Uzbekistan,Azerbaijan,UZB,AZE,11579.0,11565.0,11543.0,11126.0,10260.0,9612.0,9511.0
Uzbekistan,Belarus,UZB,BLR,19844.0,17822.0,15458.0,15254.0,14446.0,13651.0,13508.0
Uzbekistan,Russian Federation,UZB,RUS,718811.0,663391.0,613078.0,551109.0,501449.0,474188.0,469260.0
Uzbekistan,Ukraine*,UZB,UKR,100617.0,86007.0,73860.0,73270.0,69778.0,66049.0,65360.0
Uzbekistan,Germany,UZB,DEU,10719.0,8242.0,5282.0,5156.0,4824.0,4541.0,4492.0
China,Burundi,CHN,BDI,52.0,66.0,85.0,93.0,103.0,150.0,212.0
China,Ethiopia,CHN,ETH,86.0,103.0,121.0,143.0,172.0,353.0,725.0
China,Kenya,CHN,KEN,135.0,161.0,190.0,225.0,266.0,356.0,481.0
China,Madagascar,CHN,MDG,46.0,56.0,66.0,78.0,93.0,168.0,305.0
China,Mauritius,CHN,MUS,143.0,167.0,198.0,233.0,267.0,157.0,92.0
China,Rwanda,CHN,RWA,29.0,38.0,47.0,49.0,60.0,192.0,584.0
China,Somalia,CHN,SOM,79.0,109.0,121.0,135.0,163.0,291.0,311.0
China,Uganda,CHN,UGA,63.0,76.0,90.0,106.0,126.0,234.0,415.0
China,United Republic of Tanzania,CHN,TZA,94.0,113.0,134.0,158.0,190.0,400.0,842.0
China,Zambia,CHN,ZMB,56.0,67.0,79.0,94.0,114.0,288.0,736.0
China,Zimbabwe,CHN,ZWE,31.0,37.0,44.0,55.0,65.0,284.0,1223.0
China,Cameroon,CHN,CMR,115.0,138.0,163.0,192.0,231.0,440.0,952.0
China,Congo,CHN,COG,179.0,212.0,254.0,297.0,350.0,445.0,558.0
China,Democratic Republic of the Congo,CHN,COD,26.0,32.0,44.0,48.0,55.0,167.0,463.0
China,Equatorial Guinea,CHN,GNQ,33.0,39.0,46.0,55.0,66.0,130.0,259.0
China,Algeria,CHN,DZA,118.0,139.0,164.0,194.0,225.0,196.0,172.0
China,Egypt,CHN,EGY,270.0,319.0,378.0,446.0,524.0,576.0,634.0
China,Morocco,CHN,MAR,45.0,54.0,64.0,75.0,90.0,198.0,439.0
China,Sudan,CHN,SDN,262.0,308.0,364.0,430.0,498.0,424.0,361.0
China,South Africa,CHN,ZAF,380.0,454.0,536.0,634.0,757.0,1296.0,2223.0
China,Côte d'Ivoire,CHN,CIV,20.0,23.0,28.0,36.0,40.0,105.0,246.0
China,Ghana,CHN,GHA,229.0,274.0,324.0,382.0,457.0,817.0,1402.0
China,Guinea,CHN,GIN,73.0,86.0,102.0,120.0,143.0,219.0,292.0
China,Liberia,CHN,LBR,20.0,24.0,29.0,37.0,41.0,141.0,335.0
China,Mali,CHN,MLI,114.0,135.0,159.0,188.0,223.0,313.0,416.0
China,Nigeria,CHN,NGA,254.0,305.0,360.0,426.0,511.0,1083.0,2093.0
China,Kazakhstan,CHN,KAZ,1013.0,1182.0,1397.0,1651.0,1898.0,1277.0,860.0
China,Kyrgyzstan,CHN,KGZ,211.0,248.0,293.0,346.0,401.0,329.0,270.0
China,Tajikistan,CHN,TJK,114.0,135.0,160.0,189.0,222.0,255.0,294.0
China,Turkmenistan,CHN,TKM,97.0,115.0,137.0,161.0,192.0,312.0,508.0
China,Uzbekistan,CHN,UZB,161.0,192.0,227.0,268.0,319.0,469.0,689.0
China,"China, Hong Kong SAR",CHN,HKG,35253.0,43410.0,56001.0,71733.0,91557.0,123588.0,166484.0
China,"China, Macao SAR",CHN,MAC,3938.0,4895.0,6005.0,7357.0,9109.0,15218.0,25399.0
China,"China, Taiwan Province of China",CHN,TWN,26267.0,31048.0,36684.0,43342.0,53259.0,54380.0,55395.0
China,Dem. People's Republic of Korea,CHN,PRK,938.0,1117.0,1320.0,1559.0,1853.0,2766.0,4119.0
China,Japan,CHN,JPN,14145.0,16597.0,19609.0,23168.0,26822.0,22241.0,18478.0
China,Mongolia,CHN,MNG,995.0,1156.0,1365.0,1614.0,1839.0,962.0,504.0
China,Republic of Korea,CHN,KOR,25947.0,30365.0,35876.0,42388.0,48975.0,38213.0,29873.0
China,Afghanistan,CHN,AFG,166.0,166.0,197.0,236.0,279.0,369.0,506.0
China,Bangladesh,CHN,BGD,140.0,168.0,199.0,235.0,284.0,656.0,1519.0
China,Bhutan,CHN,BTN,118.0,137.0,162.0,192.0,218.0,108.0,54.0
China,India,CHN,IND,3240.0,3788.0,4475.0,5288.0,6105.0,4662.0,3568.0
China,Iran (Islamic Republic of),CHN,IRN,238.0,284.0,336.0,397.0,465.0,524.0,593.0
China,Nepal,CHN,NPL,515.0,603.0,713.0,842.0,974.0,786.0,635.0
China,Pakistan,CHN,PAK,1618.0,1914.0,2261.0,2727.0,3191.0,3444.0,3780.0
China,Sri Lanka,CHN,LKA,220.0,257.0,304.0,359.0,412.0,265.0,171.0
China,Cambodia,CHN,KHM,53.0,80.0,76.0,90.0,111.0,525.0,2487.0
China,Indonesia,CHN,IDN,1469.0,1719.0,2031.0,2400.0,2773.0,2175.0,1709.0
China,Lao People's Democratic Republic,CHN,LAO,2247.0,1078.0,333.0,394.0,480.0,1412.0,4166.0
China,Malaysia,CHN,MYS,2307.0,2723.0,3217.0,3801.0,4437.0,4421.0,4413.0
China,Myanmar,CHN,MMR,6085.0,7373.0,8712.0,10293.0,12618.0,43821.0,152546.0
China,Philippines,CHN,PHL,1658.0,1953.0,2307.0,2726.0,3165.0,2895.0,2637.0
China,Singapore,CHN,SGP,2586.0,3045.0,3598.0,4251.0,4936.0,4506.0,4122.0
China,Thailand,CHN,THA,1368.0,1606.0,1898.0,2242.0,2598.0,2201.0,1868.0
China,Viet Nam,CHN,VNM,7220.0,8615.0,10179.0,12026.0,14333.0,23111.0,37077.0
China,Azerbaijan,CHN,AZE,115.0,134.0,158.0,187.0,215.0,148.0,102.0
China,Iraq,CHN,IRQ,290.0,344.0,399.0,474.0,560.0,363.0,228.0
China,Israel,CHN,ISR,160.0,189.0,223.0,264.0,306.0,288.0,272.0
China,Jordan,CHN,JOR,187.0,218.0,257.0,304.0,351.0,264.0,199.0
China,Saudi Arabia,CHN,SAU,207.0,241.0,285.0,336.0,385.0,222.0,129.0
China,Syrian Arab Republic,CHN,SYR,154.0,183.0,216.0,256.0,302.0,399.0,529.0
China,Türkiye,CHN,TUR,373.0,438.0,518.0,612.0,709.0,607.0,526.0
China,Yemen,CHN,YEM,422.0,501.0,592.0,700.0,832.0,1253.0,1881.0
China,Belarus,CHN,BLR,157.0,187.0,221.0,261.0,312.0,501.0,802.0
China,Poland,CHN,POL,167.0,197.0,233.0,275.0,322.0,339.0,357.0
China,Russian Federation,CHN,RUS,2050.0,2418.0,2856.0,3375.0,3934.0,3834.0,3744.0
China,Ukraine*,CHN,UKR,284.0,339.0,401.0,473.0,565.0,962.0,1642.0
China,Denmark*,CHN,DNK,379.0,443.0,524.0,619.0,713.0,524.0,385.0
China,Finland*,CHN,FIN,292.0,341.0,403.0,476.0,547.0,381.0,265.0
China,Ireland,CHN,IRL,202.0,239.0,282.0,334.0,392.0,438.0,490.0
China,Norway*,CHN,NOR,184.0,214.0,253.0,299.0,345.0,251.0,183.0
China,Sweden,CHN,SWE,550.0,645.0,762.0,900.0,1041.0,824.0,655.0
China,United Kingdom*,CHN,GBR,2635.0,3117.0,3682.0,4351.0,5111.0,5568.0,6078.0
China,Italy,CHN,ITA,1261.0,1486.0,1756.0,2075.0,2411.0,2259.0,2120.0
China,Serbia*,CHN,SRB,27.0,33.0,38.0,46.0,55.0,134.0,327.0
China,Spain*,CHN,ESP,722.0,852.0,1007.0,1190.0,1387.0,1355.0,1327.0
China,Austria,CHN,AUT,221.0,261.0,309.0,365.0,427.0,442.0,458.0
China,Belgium,CHN,BEL,335.0,394.0,466.0,550.0,639.0,584.0,535.0
China,France*,CHN,FRA,3214.0,3778.0,4463.0,5273.0,6114.0,5295.0,4595.0
China,Germany,CHN,DEU,3048.0,3596.0,4248.0,5020.0,5850.0,5690.0,5544.0
China,Netherlands*,CHN,NLD,716.0,843.0,997.0,1178.0,1367.0,1246.0,1138.0
China,Switzerland,CHN,CHE,289.0,339.0,400.0,473.0,546.0,432.0,343.0
China,Cuba,CHN,CUB,73.0,87.0,103.0,122.0,144.0,192.0,257.0
China,Jamaica,CHN,JAM,26.0,31.0,37.0,43.0,52.0,113.0,245.0
China,Mexico,CHN,MEX,261.0,310.0,366.0,432.0,509.0,603.0,716.0
China,Panama,CHN,PAN,191.0,225.0,266.0,314.0,367.0,363.0,360.0
China,Argentina,CHN,ARG,366.0,439.0,519.0,614.0,738.0,1545.0,3240.0
China,Brazil,CHN,BRA,616.0,732.0,865.0,1022.0,1209.0,1606.0,2136.0
China,Chile,CHN,CHL,83.0,98.0,116.0,137.0,163.0,254.0,394.0
China,Colombia,CHN,COL,171.0,203.0,240.0,283.0,333.0,377.0,430.0
China,Ecuador,CHN,ECU,57.0,68.0,81.0,95.0,114.0,199.0,349.0
China,Peru,CHN,PER,87.0,103.0,122.0,144.0,171.0,234.0,321.0
China,Venezuela (Bolivarian Republic of),CHN,VEN,418.0,500.0,590.0,698.0,834.0,1457.0,2548.0
China,Canada,CHN,CAN,4162.0,4927.0,5822.0,6879.0,8088.0,9126.0,10315.0
China,United States of America*,CHN,USA,15092.0,17799.0,21030.0,24846.0,28950.0,28067.0,27260.0
China,Australia*,CHN,AUS,2779.0,3286.0,3883.0,4588.0,5384.0,5781.0,6218.0
China,New Zealand*,CHN,NZL,765.0,904.0,1068.0,1262.0,1482.0,1586.0,1702.0
"China, Hong Kong SAR",China,HKG,CHN,738516.0,823343.0,908170.0,1078752.0,1251904.0,1319176.0,1422241.0
"China, Hong Kong SAR","China, Macao SAR",HKG,MAC,27648.0,28618.0,29587.0,34039.0,38572.0,40644.0,43819.0
"China, Hong Kong SAR",Japan,HKG,JPN,4295.0,4826.0,5356.0,6141.0,6940.0,7312.0,7883.0
"China, Hong Kong SAR",Republic of Korea,HKG,KOR,1760.0,1978.0,2195.0,2517.0,2844.0,2996.0,3230.0
"China, Hong Kong SAR",Bangladesh,HKG,BGD,103.0,116.0,128.0,147.0,166.0,174.0,187.0
"China, Hong Kong SAR",India,HKG,IND,5778.0,6492.0,7205.0,8261.0,9337.0,9838.0,10606.0
"China, Hong Kong SAR",Nepal,HKG,NPL,2979.0,3347.0,3715.0,4259.0,4814.0,5072.0,5468.0
"China, Hong Kong SAR",Pakistan,HKG,PAK,1910.0,2146.0,2382.0,2731.0,3086.0,3251.0,3504.0
"China, Hong Kong SAR",Sri Lanka,HKG,LKA,316.0,355.0,394.0,451.0,510.0,537.0,578.0
"China, Hong Kong SAR",Indonesia,HKG,IDN,73256.0,82303.0,91350.0,104741.0,118382.0,124743.0,134488.0
"China, Hong Kong SAR",Malaysia,HKG,MYS,4965.0,5578.0,6191.0,7099.0,8024.0,8455.0,9115.0
"China, Hong Kong SAR",Philippines,HKG,PHL,69690.0,78296.0,86902.0,99641.0,112618.0,115095.0,120011.0
"China, Hong Kong SAR",Singapore,HKG,SGP,3357.0,3772.0,4186.0,4800.0,5425.0,5716.0,6162.0
"China, Hong Kong SAR",Thailand,HKG,THA,10362.0,11642.0,12921.0,14815.0,16745.0,17644.0,19022.0
"China, Hong Kong SAR",Viet Nam,HKG,VNM,4206.0,4726.0,5245.0,6014.0,6797.0,7162.0,7721.0
"China, Hong Kong SAR",Russian Federation,HKG,RUS,46.0,52.0,57.0,65.0,74.0,77.0,83.0
"China, Hong Kong SAR",Ireland,HKG,IRL,184.0,207.0,230.0,263.0,297.0,312.0,336.0
"China, Hong Kong SAR",United Kingdom*,HKG,GBR,4180.0,4696.0,5212.0,5976.0,6755.0,7117.0,7673.0
"China, Hong Kong SAR",Italy,HKG,ITA,151.0,170.0,188.0,216.0,244.0,257.0,277.0
"China, Hong Kong SAR",Portugal,HKG,PRT,38.0,43.0,47.0,54.0,61.0,64.0,69.0
"China, Hong Kong SAR",Spain*,HKG,ESP,125.0,141.0,156.0,178.0,201.0,211.0,227.0
"China, Hong Kong SAR",France*,HKG,FRA,472.0,531.0,589.0,675.0,763.0,804.0,866.0
"China, Hong Kong SAR",Germany,HKG,DEU,333.0,374.0,415.0,476.0,538.0,566.0,610.0
"China, Hong Kong SAR",Netherlands*,HKG,NLD,226.0,254.0,282.0,323.0,364.0,383.0,412.0
"China, Hong Kong SAR",Switzerland,HKG,CHE,137.0,154.0,171.0,197.0,223.0,234.0,252.0
"China, Hong Kong SAR",Canada,HKG,CAN,3740.0,5253.0,6765.0,6609.0,6469.0,6816.0,7348.0
"China, Hong Kong SAR",United States of America*,HKG,USA,3344.0,4697.0,6049.0,5909.0,5783.0,6093.0,6569.0
"China, Hong Kong SAR",Australia*,HKG,AUS,2583.0,2903.0,3222.0,3694.0,4174.0,4398.0,4741.0
"China, Hong Kong SAR",New Zealand*,HKG,NZL,496.0,557.0,618.0,709.0,801.0,844.0,909.0
"China, Macao SAR",China,MAC,CHN,92054.0,102731.0,113647.0,128804.0,134463.0,148392.0,159222.0
"China, Macao SAR","China, Hong Kong SAR",MAC,HKG,5581.0,6228.0,6250.0,7083.0,7707.0,8442.0,9056.0
"China, Macao SAR",Philippines,MAC,PHL,1291.0,1440.0,3399.0,3852.0,9594.0,17816.0,19114.0
"China, Macao SAR",Thailand,MAC,THA,1631.0,1820.0,740.0,838.0,968.0,1133.0,1214.0
"China, Macao SAR",Portugal,MAC,PRT,1642.0,1832.0,636.0,720.0,708.0,915.0,981.0
"China, Taiwan Province of China",China,TWN,CHN,27781.0,45443.0,69820.0,107047.0,164848.0,210602.0,232782.0
"China, Taiwan Province of China","China, Hong Kong SAR",TWN,HKG,2226.0,2651.0,3652.0,4799.0,5933.0,7167.0,9630.0
"China, Taiwan Province of China","China, Macao SAR",TWN,MAC,192.0,230.0,318.0,417.0,516.0,623.0,837.0
"China, Taiwan Province of China",Japan,TWN,JPN,3471.0,2826.0,3786.0,4204.0,3645.0,5031.0,6328.0
"China, Taiwan Province of China",Republic of Korea,TWN,KOR,953.0,1056.0,1249.0,1469.0,1661.0,2097.0,2441.0
"China, Taiwan Province of China",India,TWN,IND,277.0,253.0,332.0,406.0,466.0,689.0,1307.0
"China, Taiwan Province of China",Indonesia,TWN,IDN,393.0,7593.0,51574.0,36301.0,119578.0,169196.0,190591.0
"China, Taiwan Province of China",Malaysia,TWN,MYS,165.0,1390.0,2918.0,3313.0,4283.0,8148.0,10845.0
"China, Taiwan Province of China",Philippines,TWN,PHL,2549.0,28917.0,72136.0,65486.0,45668.0,75295.0,92831.0
"China, Taiwan Province of China",Singapore,TWN,SGP,228.0,226.0,403.0,473.0,500.0,660.0,679.0
"China, Taiwan Province of China",Thailand,TWN,THA,830.0,7615.0,25473.0,23148.0,13415.0,14903.0,13682.0
"China, Taiwan Province of China",Viet Nam,TWN,VNM,53.0,1348.0,13821.0,123161.0,56376.0,67152.0,96483.0
"China, Taiwan Province of China",United Kingdom*,TWN,GBR,271.0,204.0,319.0,366.0,237.0,274.0,420.0
"China, Taiwan Province of China",Italy,TWN,ITA,87.0,113.0,41.0,39.0,40.0,83.0,99.0
"China, Taiwan Province of China",Portugal,TWN,PRT,2.0,2.0,3.0,7.0,15.0,17.0,109.0
"China, Taiwan Province of China",Spain*,TWN,ESP,43.0,35.0,47.0,45.0,56.0,90.0,93.0
"China, Taiwan Province of China",Belgium,TWN,BEL,36.0,29.0,28.0,30.0,23.0,22.0,61.0
"China, Taiwan Province of China",France*,TWN,FRA,234.0,173.0,216.0,207.0,238.0,307.0,374.0
"China, Taiwan Province of China",Germany,TWN,DEU,200.0,163.0,196.0,180.0,179.0,207.0,215.0
"China, Taiwan Province of China",Netherlands*,TWN,NLD,75.0,53.0,76.0,40.0,44.0,38.0,85.0
"China, Taiwan Province of China",Canada,TWN,CAN,321.0,352.0,622.0,1086.0,617.0,604.0,691.0
"China, Taiwan Province of China",United States of America*,TWN,USA,3269.0,2705.0,3144.0,2966.0,2833.0,2758.0,2964.0
"China, Taiwan Province of China",Australia*,TWN,AUS,169.0,159.0,228.0,252.0,217.0,237.0,297.0
Dem. People's Republic of Korea,China,PRK,CHN,8927.0,9068.0,9209.0,10932.0,12655.0,13853.0,14176.0
Dem. People's Republic of Korea,"China, Hong Kong SAR",PRK,HKG,46.0,44.0,41.0,45.0,49.0,54.0,54.0
Dem. People's Republic of Korea,Japan,PRK,JPN,82.0,79.0,75.0,81.0,87.0,95.0,95.0
Dem. People's Republic of Korea,Republic of Korea,PRK,KOR,2882.0,2547.0,2212.0,2324.0,2435.0,2665.0,2723.0
Dem. People's Republic of Korea,Bangladesh,PRK,BGD,53.0,59.0,64.0,74.0,84.0,92.0,92.0
Dem. People's Republic of Korea,India,PRK,IND,85.0,95.0,105.0,132.0,159.0,174.0,176.0
Dem. People's Republic of Korea,Pakistan,PRK,PAK,33.0,42.0,51.0,64.0,77.0,84.0,84.0
Dem. People's Republic of Korea,Sri Lanka,PRK,LKA,96.0,98.0,99.0,97.0,94.0,103.0,103.0
Dem. People's Republic of Korea,Indonesia,PRK,IDN,673.0,697.0,720.0,839.0,958.0,1049.0,1072.0
Dem. People's Republic of Korea,Malaysia,PRK,MYS,62.0,68.0,73.0,80.0,86.0,94.0,94.0
Dem. People's Republic of Korea,Philippines,PRK,PHL,812.0,982.0,1152.0,1395.0,1638.0,1793.0,1832.0
Dem. People's Republic of Korea,Thailand,PRK,THA,152.0,186.0,220.0,259.0,297.0,325.0,331.0
Dem. People's Republic of Korea,Viet Nam,PRK,VNM,287.0,289.0,291.0,300.0,309.0,338.0,344.0
Dem. People's Republic of Korea,Russian Federation,PRK,RUS,20.0,28.0,36.0,49.0,62.0,68.0,68.0
Dem. People's Republic of Korea,United Kingdom*,PRK,GBR,78.0,87.0,96.0,107.0,117.0,128.0,129.0
Dem. People's Republic of Korea,Brazil,PRK,BRA,235.0,581.0,927.0,1095.0,1263.0,1383.0,1412.0
Dem. People's Republic of Korea,Peru,PRK,PER,43.0,106.0,168.0,203.0,237.0,259.0,263.0
Dem. People's Republic of Korea,Canada,PRK,CAN,67.0,81.0,95.0,114.0,132.0,144.0,145.0
Dem. People's Republic of Korea,United States of America*,PRK,USA,312.0,312.0,311.0,375.0,438.0,479.0,489.0
Dem. People's Republic of Korea,Australia*,PRK,AUS,43.0,51.0,59.0,72.0,85.0,93.0,93.0
Japan,Kenya,JPN,KEN,50.0,70.0,99.0,133.0,186.0,268.0,332.0
Japan,Cameroon,JPN,CMR,11.0,17.0,27.0,43.0,70.0,130.0,352.0
Japan,Egypt,JPN,EGY,133.0,230.0,399.0,495.0,645.0,720.0,872.0
Japan,South Africa,JPN,ZAF,48.0,75.0,114.0,169.0,258.0,436.0,592.0
Japan,Ghana,JPN,GHA,82.0,177.0,257.0,288.0,310.0,381.0,569.0
Japan,Nigeria,JPN,NGA,16.0,101.0,157.0,222.0,274.0,324.0,584.0
Japan,Senegal,JPN,SEN,6.0,10.0,16.0,25.0,41.0,77.0,154.0
Japan,Uzbekistan,JPN,UZB,50.0,83.0,134.0,212.0,341.0,560.0,853.0
Japan,China,JPN,CHN,68889.0,111615.0,180022.0,289842.0,401715.0,438026.0,502976.0
Japan,"China, Hong Kong SAR",JPN,HKG,2147.0,2786.0,3442.0,4019.0,4383.0,5394.0,6882.0
Japan,"China, Taiwan Province of China",JPN,TWN,3874.0,6414.0,10329.0,16290.0,26268.0,58669.0,55971.0
Japan,Dem. People's Republic of Korea,JPN,PRK,4101.0,5321.0,6577.0,7817.0,10405.0,15044.0,12518.0
Japan,Mongolia,JPN,MNG,327.0,542.0,873.0,1377.0,2402.0,4097.0,7385.0
Japan,Republic of Korea,JPN,KOR,334706.0,332249.0,321236.0,305312.0,293789.0,284289.0,242335.0
Japan,Afghanistan,JPN,AFG,46.0,76.0,124.0,193.0,313.0,644.0,1135.0
Japan,Bangladesh,JPN,BGD,356.0,878.0,1321.0,2628.0,3081.0,3568.0,5515.0
Japan,India,JPN,IND,908.0,1600.0,2907.0,4940.0,6776.0,8394.0,13328.0
Japan,Iran (Islamic Republic of),JPN,IRN,117.0,794.0,667.0,659.0,812.0,825.0,937.0
Japan,Nepal,JPN,NPL,762.0,1261.0,2031.0,3554.0,6175.0,16670.0,41773.0
Japan,Pakistan,JPN,PAK,216.0,506.0,825.0,1180.0,2024.0,3222.0,5053.0
Japan,Sri Lanka,JPN,LKA,295.0,703.0,1438.0,2263.0,2547.0,3796.0,8217.0
Japan,Cambodia,JPN,KHM,521.0,664.0,809.0,995.0,1177.0,2916.0,8283.0
Japan,Indonesia,JPN,IDN,882.0,1740.0,4738.0,7767.0,8379.0,18412.0,29405.0
Japan,Lao People's Democratic Republic,JPN,LAO,751.0,862.0,962.0,1037.0,1140.0,1301.0,1463.0
Japan,Malaysia,JPN,MYS,1849.0,2275.0,3486.0,3601.0,3864.0,9220.0,8966.0
Japan,Myanmar,JPN,MMR,349.0,578.0,930.0,1775.0,3083.0,6405.0,18658.0
Japan,Philippines,JPN,PHL,35591.0,56560.0,111951.0,144363.0,161955.0,180459.0,211918.0
Japan,Singapore,JPN,SGP,748.0,1010.0,1261.0,1302.0,1370.0,7261.0,7159.0
Japan,Thailand,JPN,THA,3812.0,9391.0,20077.0,27037.0,31298.0,50895.0,55929.0
Japan,Viet Nam,JPN,VNM,2970.0,4440.0,8051.0,13165.0,19120.0,52259.0,190655.0
Japan,Syrian Arab Republic,JPN,SYR,9.0,16.0,25.0,39.0,63.0,119.0,317.0
Japan,Türkiye,JPN,TUR,67.0,112.0,180.0,286.0,460.0,1046.0,1495.0
Japan,Poland,JPN,POL,189.0,310.0,405.0,466.0,537.0,881.0,977.0
Japan,Romania,JPN,ROU,2341.0,2349.0,2294.0,2176.0,2094.0,2070.0,1960.0
Japan,Russian Federation,JPN,RUS,270.0,1230.0,2968.0,4704.0,5035.0,6869.0,7744.0
Japan,Ukraine*,JPN,UKR,478.0,613.0,765.0,935.0,1167.0,1472.0,1608.0
Japan,Denmark*,JPN,DNK,151.0,193.0,187.0,189.0,177.0,355.0,366.0
Japan,Ireland,JPN,IRL,142.0,194.0,221.0,243.0,237.0,353.0,367.0
Japan,Sweden,JPN,SWE,191.0,275.0,378.0,371.0,513.0,1251.0,821.0
Japan,United Kingdom*,JPN,GBR,3641.0,4622.0,5758.0,4944.0,4049.0,6994.0,6896.0
Japan,Italy,JPN,ITA,323.0,440.0,552.0,685.0,886.0,2982.0,2754.0
Japan,Spain*,JPN,ESP,383.0,514.0,613.0,648.0,711.0,1693.0,1838.0
Japan,Belgium,JPN,BEL,129.0,142.0,171.0,204.0,224.0,379.0,421.0
Japan,France*,JPN,FRA,1142.0,1401.0,1957.0,2413.0,2911.0,5297.0,5552.0
Japan,Germany,JPN,DEU,1368.0,1546.0,1668.0,1945.0,2142.0,3581.0,3581.0
Japan,Netherlands*,JPN,NLD,212.0,239.0,261.0,301.0,315.0,742.0,749.0
Japan,Switzerland,JPN,CHE,309.0,309.0,296.0,306.0,346.0,766.0,671.0
Japan,Mexico,JPN,MEX,370.0,599.0,853.0,840.0,854.0,1412.0,1775.0
Japan,Argentina,JPN,ARG,1115.0,1397.0,1473.0,1666.0,1463.0,1344.0,1468.0
Japan,Bolivia (Plurinational State of),JPN,BOL,1497.0,1688.0,1850.0,2074.0,2288.0,2529.0,2894.0
Japan,Brazil,JPN,BRA,18897.0,69456.0,110514.0,130147.0,110395.0,80453.0,97077.0
Japan,Chile,JPN,CHL,118.0,154.0,194.0,241.0,306.0,390.0,491.0
Japan,Colombia,JPN,COL,1140.0,1248.0,1330.0,1374.0,1447.0,1528.0,1635.0
Japan,Paraguay,JPN,PRY,629.0,703.0,764.0,799.0,851.0,891.0,1040.0
Japan,Peru,JPN,PER,3388.0,13889.0,20377.0,25842.0,26074.0,23046.0,23330.0
Japan,Canada,JPN,CAN,1731.0,2669.0,3738.0,3905.0,3339.0,5600.0,5573.0
Japan,United States of America*,JPN,USA,15396.0,16997.0,16900.0,17144.0,17471.0,30326.0,31688.0
Japan,Australia*,JPN,AUS,1557.0,2478.0,3770.0,3904.0,3577.0,13664.0,10952.0
Japan,New Zealand*,JPN,NZL,419.0,713.0,1130.0,1248.0,1057.0,1939.0,1891.0
Mongolia,Kazakhstan,MNG,KAZ,281.0,295.0,311.0,195.0,82.0,129.0,138.0
Mongolia,China,MNG,CHN,705.0,740.0,778.0,937.0,1102.0,1754.0,1903.0
Mongolia,Dem. People's Republic of Korea,MNG,PRK,27.0,27.0,29.0,79.0,130.0,205.0,218.0
Mongolia,Japan,MNG,JPN,58.0,60.0,64.0,103.0,143.0,225.0,240.0
Mongolia,Republic of Korea,MNG,KOR,134.0,140.0,148.0,370.0,596.0,940.0,1007.0
Mongolia,India,MNG,IND,8.0,8.0,9.0,18.0,28.0,44.0,45.0
Mongolia,Pakistan,MNG,PAK,0.0,0.0,0.0,0.0,0.0,0.0,0.0
Mongolia,Lao People's Democratic Republic,MNG,LAO,1.0,0.0,1.0,0.0,0.0,0.0,0.0
Mongolia,Philippines,MNG,PHL,12.0,11.0,12.0,19.0,28.0,44.0,45.0
Mongolia,Viet Nam,MNG,VNM,1.0,0.0,1.0,5.0,10.0,15.0,14.0
Mongolia,Türkiye,MNG,TUR,47.0,48.0,51.0,63.0,76.0,119.0,126.0
Mongolia,Bulgaria,MNG,BGR,1.0,0.0,1.0,1.0,3.0,4.0,3.0
Mongolia,Czechia,MNG,CZE,4.0,3.0,4.0,4.0,5.0,7.0,6.0
Mongolia,Hungary,MNG,HUN,0.0,0.0,0.0,1.0,4.0,6.0,5.0
Mongolia,Poland,MNG,POL,2.0,1.0,2.0,2.0,3.0,4.0,3.0
Mongolia,Russian Federation,MNG,RUS,1477.0,1551.0,1631.0,1467.0,1314.0,2074.0,2243.0
Mongolia,Slovakia,MNG,SVK,3.0,2.0,3.0,1.0,0.0,0.0,0.0
Mongolia,Finland*,MNG,FIN,14.0,13.0,14.0,7.0,1.0,1.0,0.0
Mongolia,Ireland,MNG,IRL,1.0,0.0,1.0,1.0,2.0,3.0,2.0
Mongolia,United Kingdom*,MNG,GBR,37.0,38.0,40.0,29.0,19.0,29.0,29.0
Mongolia,Italy,MNG,ITA,0.0,0.0,0.0,3.0,8.0,12.0,11.0
Mongolia,North Macedonia,MNG,MKD,2.0,1.0,2.0,0.0,0.0,0.0,0.0
Mongolia,Austria,MNG,AUT,2.0,1.0,2.0,2.0,4.0,6.0,5.0
Mongolia,France*,MNG,FRA,3.0,2.0,3.0,7.0,13.0,20.0,20.0
Mongolia,Germany,MNG,DEU,22.0,22.0,24.0,37.0,51.0,80.0,84.0
Mongolia,Switzerland,MNG,CHE,2.0,1.0,2.0,5.0,10.0,15.0,14.0
Mongolia,Uruguay,MNG,URY,3.0,2.0,3.0,1.0,0.0,0.0,0.0
Mongolia,Canada,MNG,CAN,12.0,11.0,12.0,18.0,26.0,41.0,42.0
Mongolia,United States of America*,MNG,USA,112.0,117.0,124.0,197.0,273.0,430.0,459.0
Mongolia,Australia*,MNG,AUS,1.0,0.0,1.0,32.0,65.0,102.0,108.0
Republic of Korea,Kazakhstan,KOR,KAZ,204.0,693.0,1421.0,1600.0,1801.0,1815.0,11299.0
Republic of Korea,Uzbekistan,KOR,UZB,76.0,258.0,529.0,667.0,2490.0,10426.0,19169.0
Republic of Korea,China,KOR,CHN,4441.0,6897.0,24926.0,38401.0,148235.0,317687.0,365129.0
Republic of Korea,Mongolia,KOR,MNG,258.0,875.0,1792.0,2258.0,5822.0,10301.0,18858.0
Republic of Korea,Nepal,KOR,NPL,6.0,80.0,193.0,993.0,2091.0,3084.0,4564.0
Republic of Korea,Sri Lanka,KOR,LKA,90.0,306.0,627.0,706.0,795.0,801.0,779.0
Republic of Korea,Cambodia,KOR,KHM,1397.0,4734.0,9699.0,10913.0,12283.0,12376.0,13543.0
Republic of Korea,Indonesia,KOR,IDN,51.0,663.0,2358.0,1762.0,1937.0,3494.0,3619.0
Republic of Korea,Myanmar,KOR,MMR,57.0,195.0,399.0,449.0,506.0,510.0,1190.0
Republic of Korea,Philippines,KOR,PHL,0.0,2098.0,5363.0,6133.0,9767.0,21906.0,20488.0
Republic of Korea,Thailand,KOR,THA,15.0,204.0,1455.0,2016.0,3722.0,28500.0,87557.0
Republic of Korea,Viet Nam,KOR,VNM,0.0,1777.0,3516.0,5284.0,26917.0,60768.0,96340.0
Republic of Korea,Russian Federation,KOR,RUS,173.0,588.0,1204.0,1518.0,2966.0,3183.0,9784.0
Republic of Korea,United States of America*,KOR,USA,1708.0,2757.0,4435.0,5259.0,17923.0,26501.0,30694.0
Afghanistan,Tajikistan,AFG,TJK,17658.0,16000.0,14343.0,12396.0,10450.0,8667.0,2687.0
Afghanistan,Uzbekistan,AFG,UZB,883.0,800.0,717.0,619.0,522.0,433.0,133.0
Afghanistan,Pakistan,AFG,PAK,3531.0,7503.0,11475.0,16188.0,20902.0,130434.0,52512.0
Bangladesh,China,BGD,CHN,64474.0,60456.0,56437.0,66886.0,73715.0,74875.0,110317.0
Bangladesh,Japan,BGD,JPN,4159.0,4291.0,4424.0,5205.0,5998.0,6330.0,9326.0
Bangladesh,India,BGD,IND,6135.0,8314.0,10493.0,12736.0,14858.0,15838.0,23334.0
Bangladesh,Nepal,BGD,NPL,4448.0,5226.0,6003.0,11497.0,15321.0,17967.0,26470.0
Bangladesh,Cambodia,BGD,KHM,5945.0,6067.0,6189.0,7366.0,8528.0,9035.0,13310.0
Bangladesh,Indonesia,BGD,IDN,32488.0,38663.0,44838.0,56756.0,66077.0,70316.0,103601.0
Bangladesh,Lao People's Democratic Republic,BGD,LAO,27012.0,27395.0,27778.0,33063.0,38279.0,40551.0,59746.0
Bangladesh,Malaysia,BGD,MYS,42565.0,58080.0,73596.0,87600.0,94243.0,93638.0,137962.0
Bangladesh,Myanmar,BGD,MMR,119701.0,120897.0,122106.0,68207.0,124560.0,125805.0,182874.0
Bangladesh,Singapore,BGD,SGP,4855.0,4168.0,3481.0,3825.0,4281.0,4408.0,6494.0
Bangladesh,Thailand,BGD,THA,7131.0,5494.0,3857.0,4223.0,4719.0,4852.0,7147.0
Bangladesh,Viet Nam,BGD,VNM,18440.0,13424.0,8408.0,10190.0,11881.0,12659.0,18650.0
Bangladesh,Bahrain,BGD,BHR,40.0,4772.0,9504.0,11312.0,13096.0,13873.0,20438.0
Bangladesh,Norway*,BGD,NOR,1950.0,3230.0,4509.0,5367.0,6214.0,6583.0,9697.0
Bangladesh,United Kingdom*,BGD,GBR,4181.0,7385.0,10589.0,12575.0,14544.0,15396.0,22683.0
Bangladesh,Brazil,BGD,BRA,253.0,2478.0,4701.0,5595.0,6478.0,6862.0,10110.0
Bangladesh,United States of America*,BGD,USA,13137.0,13839.0,14540.0,17277.0,19989.0,21163.0,31180.0
Bhutan,China,BTN,CHN,197.0,232.0,266.0,338.0,410.0,233.0,243.0
Bhutan,Japan,BTN,JPN,21.0,25.0,28.0,36.0,44.0,46.0,46.0
Bhutan,Republic of Korea,BTN,KOR,8.0,9.0,10.0,13.0,16.0,17.0,16.0
Bhutan,Bangladesh,BTN,BGD,8.0,9.0,10.0,13.0,16.0,17.0,16.0
Bhutan,India,BTN,IND,3524.0,4142.0,4760.0,6041.0,7322.0,6223.0,6566.0
Bhutan,Nepal,BTN,NPL,114.0,134.0,154.0,196.0,238.0,291.0,304.0
Bhutan,Pakistan,BTN,PAK,0.0,0.0,0.0,0.0,0.0,0.0,0.0
Bhutan,Sri Lanka,BTN,LKA,7.0,8.0,9.0,12.0,15.0,15.0,14.0
Bhutan,Myanmar,BTN,MMR,6.0,7.0,8.0,10.0,12.0,13.0,12.0
Bhutan,Philippines,BTN,PHL,2.0,2.0,2.0,3.0,4.0,4.0,3.0
Bhutan,Singapore,BTN,SGP,4.0,5.0,6.0,7.0,8.0,9.0,8.0
Bhutan,Thailand,BTN,THA,13.0,15.0,17.0,22.0,27.0,28.0,28.0
Bhutan,Denmark*,BTN,DNK,6.0,7.0,8.0,10.0,12.0,13.0,12.0
Bhutan,Sweden,BTN,SWE,5.0,5.0,6.0,8.0,10.0,10.0,9.0
Bhutan,United Kingdom*,BTN,GBR,9.0,11.0,13.0,16.0,19.0,21.0,20.0
Bhutan,Italy,BTN,ITA,2.0,2.0,2.0,3.0,4.0,4.0,3.0
Bhutan,France*,BTN,FRA,7.0,8.0,9.0,12.0,15.0,15.0,14.0
Bhutan,Germany,BTN,DEU,5.0,6.0,7.0,9.0,11.0,12.0,11.0
Bhutan,Netherlands*,BTN,NLD,3.0,3.0,4.0,5.0,6.0,6.0,5.0
Bhutan,Switzerland,BTN,CHE,2.0,3.0,3.0,4.0,5.0,5.0,4.0
Bhutan,Canada,BTN,CAN,9.0,10.0,12.0,15.0,18.0,19.0,18.0
Bhutan,United States of America*,BTN,USA,30.0,35.0,40.0,51.0,62.0,65.0,66.0
Bhutan,Australia*,BTN,AUS,2.0,3.0,3.0,4.0,5.0,5.0,4.0
Bhutan,New Zealand*,BTN,NZL,4.0,5.0,6.0,7.0,8.0,9.0,8.0
India,Kenya,IND,KEN,4002.0,2588.0,1568.0,1388.0,1318.0,1243.0,1177.0
India,Mauritius,IND,MUS,1123.0,577.0,244.0,171.0,131.0,122.0,114.0
India,Somalia,IND,SOM,0.0,157.0,56.0,58.0,404.0,332.0,387.0
India,Uganda,IND,UGA,1094.0,706.0,456.0,431.0,449.0,442.0,430.0
India,Zambia,IND,ZMB,533.0,481.0,408.0,259.0,168.0,169.0,170.0
India,Cameroon,IND,CMR,0.0,0.0,0.0,0.0,0.0,11.0,76.0
India,Democratic Republic of the Congo,IND,COD,0.0,0.0,0.0,0.0,7.0,32.0,48.0
India,Sudan,IND,SDN,0.0,52.0,28.0,10.0,10.0,52.0,84.0
India,South Africa,IND,ZAF,2924.0,2921.0,2917.0,2914.0,2894.0,2476.0,2106.0
India,Nigeria,IND,NGA,505.0,455.0,380.0,331.0,271.0,321.0,266.0
India,Kazakhstan,IND,KAZ,4961.0,3632.0,2488.0,448.0,59.0,34.0,14.0
India,China,IND,CHN,7101.0,57464.0,53355.0,48409.0,55002.0,58929.0,48937.0
India,Japan,IND,JPN,461.0,484.0,504.0,532.0,547.0,497.0,449.0
India,Afghanistan,IND,AFG,11193.0,16004.0,11459.0,8656.0,7698.0,8632.0,9520.0
India,Bangladesh,IND,BGD,1924650.0,1878054.0,1775400.0,1562917.0,1373496.0,1301775.0,1236456.0
India,Bhutan,IND,BTN,5143.0,4487.0,3814.0,3801.0,3963.0,3810.0,3643.0
India,Iran (Islamic Republic of),IND,IRN,1851.0,1388.0,1184.0,1091.0,1041.0,960.0,877.0
India,Maldives,IND,MDV,275.0,197.0,124.0,196.0,358.0,366.0,365.0
India,Nepal,IND,NPL,275656.0,303513.0,335228.0,398645.0,513774.0,532707.0,540600.0
India,Pakistan,IND,PAK,860500.0,738581.0,637364.0,540730.0,457529.0,428499.0,402929.0
India,Sri Lanka,IND,LKA,226676.0,142575.0,125696.0,121430.0,134962.0,126518.0,126955.0
India,Brunei Darussalam,IND,BRN,9852.0,15226.0,14648.0,13962.0,13711.0,13341.0,12943.0
India,Indonesia,IND,IDN,957.0,756.0,587.0,568.0,569.0,540.0,510.0
India,Malaysia,IND,MYS,6871.0,8422.0,10463.0,10001.0,8396.0,6961.0,5733.0
India,Myanmar,IND,MMR,39690.0,34011.0,29741.0,29947.0,33949.0,38312.0,34622.0
India,Singapore,IND,SGP,5081.0,4002.0,3120.0,3444.0,4013.0,3789.0,3543.0
India,Viet Nam,IND,VNM,1932.0,960.0,411.0,375.0,421.0,435.0,443.0
India,Iraq,IND,IRQ,614.0,483.0,336.0,304.0,345.0,412.0,308.0
India,Kuwait,IND,KWT,7701.0,5779.0,3901.0,3945.0,4237.0,3929.0,3616.0
India,Saudi Arabia,IND,SAU,2823.0,2668.0,2537.0,3700.0,5813.0,5574.0,5233.0
India,Türkiye,IND,TUR,177.0,111.0,69.0,49.0,37.0,36.0,43.0
India,United Arab Emirates,IND,ARE,4439.0,5596.0,6788.0,8887.0,11704.0,11098.0,10374.0
India,Yemen,IND,YEM,0.0,0.0,0.0,0.0,0.0,50.0,358.0
India,Russian Federation,IND,RUS,282.0,270.0,257.0,244.0,230.0,188.0,155.0
India,Ireland,IND,IRL,143.0,146.0,148.0,151.0,153.0,133.0,116.0
India,United Kingdom*,IND,GBR,2540.0,2694.0,2959.0,3261.0,3594.0,3397.0,3184.0
India,Portugal,IND,PRT,249.0,168.0,104.0,78.0,62.0,58.0,55.0
India,France*,IND,FRA,2841.0,1570.0,781.0,641.0,578.0,545.0,515.0
India,Germany,IND,DEU,2657.0,2202.0,1704.0,1301.0,923.0,770.0,645.0
India,Canada,IND,CAN,3069.0,1887.0,1064.0,1219.0,1586.0,1521.0,1436.0
India,United States of America*,IND,USA,2670.0,2192.0,1744.0,3727.0,9494.0,9108.0,8415.0
India,Australia*,IND,AUS,1511.0,896.0,449.0,619.0,1022.0,959.0,878.0
India,Fiji,IND,FJI,1219.0,445.0,136.0,100.0,92.0,95.0,97.0
Iran (Islamic Republic of),Turkmenistan,IRN,TKM,130.0,129.0,422.0,1229.0,1256.0,956.0,792.0
Iran (Islamic Republic of),Afghanistan,IRN,AFG,1770639.0,1188750.0,999992.0,1071112.0,1160829.0,1191658.0,1239126.0
Iran (Islamic Republic of),Pakistan,IRN,PAK,5242.0,4090.0,6432.0,7835.0,8224.0,6718.0,5269.0
Iran (Islamic Republic of),Armenia,IRN,ARM,319.0,317.0,630.0,933.0,797.0,607.0,503.0
Iran (Islamic Republic of),Azerbaijan,IRN,AZE,466.0,462.0,1414.0,3845.0,3869.0,2950.0,2441.0
Iran (Islamic Republic of),Iraq,IRN,IRQ,141469.0,127283.0,95121.0,56684.0,45875.0,30537.0,24221.0
Iran (Islamic Republic of),Türkiye,IRN,TUR,208.0,306.0,507.0,515.0,714.0,372.0,153.0
Maldives,Egypt,MDV,EGY,7.0,12.0,15.0,11.0,7.0,4.0,3.0
Maldives,Japan,MDV,JPN,29.0,38.0,38.0,34.0,58.0,83.0,89.0
Maldives,Bangladesh,MDV,BGD,731.0,1786.0,2372.0,7716.0,4097.0,478.0,519.0
Maldives,India,MDV,IND,428.0,3216.0,5140.0,5649.0,4596.0,3543.0,3898.0
Maldives,Pakistan,MDV,PAK,36.0,46.0,45.0,43.0,51.0,59.0,63.0
Maldives,Sri Lanka,MDV,LKA,1930.0,3108.0,3469.0,2933.0,1938.0,944.0,1027.0
Maldives,Malaysia,MDV,MYS,21.0,27.0,26.0,25.0,33.0,41.0,43.0
Maldives,Philippines,MDV,PHL,136.0,118.0,70.0,202.0,404.0,607.0,660.0
Maldives,Singapore,MDV,SGP,19.0,24.0,24.0,23.0,16.0,9.0,8.0
Maldives,Thailand,MDV,THA,30.0,39.0,38.0,35.0,125.0,216.0,234.0
Maldives,Lebanon,MDV,LBN,3.0,3.0,3.0,3.0,2.0,1.0,0.0
Maldives,Sweden,MDV,SWE,5.0,12.0,17.0,11.0,7.0,4.0,3.0
Maldives,United Kingdom*,MDV,GBR,42.0,47.0,40.0,41.0,39.0,38.0,39.0
Maldives,Italy,MDV,ITA,140.0,178.0,170.0,127.0,100.0,73.0,78.0
Maldives,Austria,MDV,AUT,23.0,18.0,10.0,7.0,5.0,3.0,2.0
Maldives,France*,MDV,FRA,23.0,35.0,39.0,34.0,24.0,14.0,14.0
Maldives,Germany,MDV,DEU,113.0,107.0,73.0,73.0,52.0,31.0,32.0
Maldives,Switzerland,MDV,CHE,46.0,50.0,42.0,35.0,25.0,15.0,15.0
Maldives,Canada,MDV,CAN,5.0,25.0,39.0,30.0,21.0,12.0,11.0
Maldives,United States of America*,MDV,USA,11.0,10.0,7.0,11.0,7.0,4.0,3.0
Maldives,Australia*,MDV,AUS,17.0,22.0,22.0,23.0,16.0,9.0,8.0
Maldives,New Zealand*,MDV,NZL,3.0,4.0,5.0,6.0,4.0,2.0,1.0
Nepal,China,NPL,CHN,12458.0,12760.0,9472.0,9157.0,14777.0,14356.0,13848.0
Nepal,Bangladesh,NPL,BGD,457.0,468.0,348.0,331.0,121.0,115.0,109.0
Nepal,Bhutan,NPL,BTN,8740.0,53134.0,54567.0,53264.0,36863.0,13980.0,13484.0
Nepal,India,NPL,IND,267540.0,383358.0,391353.0,362498.0,328092.0,318615.0,307369.0
Nepal,Pakistan,NPL,PAK,1485.0,1521.0,1129.0,1078.0,460.0,453.0,436.0
Nepal,Sri Lanka,NPL,LKA,34.0,88.0,67.0,63.0,25.0,26.0,23.0
Pakistan,China,PAK,CHN,207.0,173.0,153.0,146.0,142.0,140.0,123.0
Pakistan,Afghanistan,PAK,AFG,1651680.0,631234.0,963267.0,542604.0,973633.0,899713.0,792861.0
Pakistan,India,PAK,IND,1285346.0,1081631.0,963773.0,917324.0,890146.0,720271.0,634727.0
Pakistan,Iran (Islamic Republic of),PAK,IRN,1862.0,1375.0,1320.0,1062.0,1048.0,1029.0,906.0
Pakistan,Sri Lanka,PAK,LKA,425.0,194.0,261.0,174.0,317.0,292.0,256.0
Pakistan,Indonesia,PAK,IDN,261.0,219.0,193.0,184.0,187.0,178.0,156.0
Pakistan,Myanmar,PAK,MMR,1725.0,1441.0,1280.0,1226.0,1192.0,1181.0,1040.0
Pakistan,Iraq,PAK,IRQ,435.0,226.0,276.0,138.0,138.0,126.0,110.0
Sri Lanka,Seychelles,LKA,SYC,0.0,0.0,1.0,6.0,12.0,12.0,11.0
Sri Lanka,Egypt,LKA,EGY,0.0,2.0,6.0,21.0,42.0,43.0,42.0
Sri Lanka,Libya,LKA,LBY,0.0,0.0,2.0,7.0,15.0,15.0,14.0
Sri Lanka,South Africa,LKA,ZAF,1.0,8.0,24.0,76.0,151.0,156.0,156.0
Sri Lanka,China,LKA,CHN,7.0,27.0,54.0,142.0,277.0,300.0,300.0
Sri Lanka,Japan,LKA,JPN,3.0,23.0,68.0,218.0,434.0,447.0,448.0
Sri Lanka,Republic of Korea,LKA,KOR,3.0,16.0,48.0,151.0,299.0,309.0,310.0
Sri Lanka,Afghanistan,LKA,AFG,0.0,2.0,9.0,30.0,61.0,62.0,61.0
Sri Lanka,Bangladesh,LKA,BGD,2.0,10.0,28.0,86.0,170.0,174.0,173.0
Sri Lanka,Bhutan,LKA,BTN,1.0,5.0,15.0,50.0,99.0,102.0,101.0
Sri Lanka,India,LKA,IND,17182.0,16645.0,15352.0,11124.0,5026.0,5183.0,5234.0
Sri Lanka,Iran (Islamic Republic of),LKA,IRN,0.0,2.0,6.0,19.0,38.0,39.0,38.0
Sri Lanka,Maldives,LKA,MDV,9.0,44.0,130.0,414.0,820.0,845.0,848.0
Sri Lanka,Nepal,LKA,NPL,1.0,6.0,18.0,56.0,111.0,115.0,114.0
Sri Lanka,Pakistan,LKA,PAK,87.0,89.0,120.0,223.0,360.0,490.0,483.0
Sri Lanka,Indonesia,LKA,IDN,2.0,10.0,32.0,104.0,207.0,213.0,213.0
Sri Lanka,Malaysia,LKA,MYS,9.0,33.0,89.0,272.0,536.0,552.0,553.0
Sri Lanka,Singapore,LKA,SGP,3.0,19.0,55.0,174.0,346.0,356.0,356.0
Sri Lanka,Thailand,LKA,THA,1.0,6.0,19.0,61.0,121.0,125.0,124.0
Sri Lanka,Bahrain,LKA,BHR,2.0,10.0,29.0,94.0,187.0,193.0,192.0
Sri Lanka,Cyprus,LKA,CYP,1.0,6.0,18.0,59.0,118.0,122.0,121.0
Sri Lanka,Iraq,LKA,IRQ,0.0,0.0,2.0,9.0,18.0,18.0,17.0
Sri Lanka,Israel,LKA,ISR,0.0,0.0,2.0,9.0,18.0,18.0,17.0
Sri Lanka,Jordan,LKA,JOR,1.0,7.0,22.0,72.0,144.0,148.0,148.0
Sri Lanka,Kuwait,LKA,KWT,10.0,49.0,142.0,448.0,887.0,915.0,919.0
Sri Lanka,Lebanon,LKA,LBN,4.0,20.0,59.0,189.0,375.0,387.0,388.0
Sri Lanka,Oman,LKA,OMN,2.0,9.0,27.0,86.0,171.0,175.0,174.0
Sri Lanka,Qatar,LKA,QAT,1.0,6.0,19.0,60.0,120.0,124.0,123.0
Sri Lanka,Saudi Arabia,LKA,SAU,7.0,35.0,102.0,323.0,639.0,658.0,661.0
Sri Lanka,Syrian Arab Republic,LKA,SYR,0.0,1.0,5.0,18.0,37.0,38.0,37.0
Sri Lanka,Türkiye,LKA,TUR,0.0,0.0,3.0,10.0,21.0,21.0,20.0
Sri Lanka,United Arab Emirates,LKA,ARE,9.0,45.0,130.0,410.0,812.0,837.0,840.0
Sri Lanka,Russian Federation,LKA,RUS,0.0,4.0,13.0,45.0,91.0,93.0,91.0
Sri Lanka,Finland*,LKA,FIN,0.0,1.0,6.0,20.0,40.0,41.0,40.0
Sri Lanka,Norway*,LKA,NOR,0.0,2.0,8.0,28.0,57.0,58.0,57.0
Sri Lanka,Sweden,LKA,SWE,11.0,13.0,17.0,30.0,49.0,50.0,49.0
Sri Lanka,United Kingdom*,LKA,GBR,17.0,46.0,104.0,295.0,573.0,591.0,592.0
Sri Lanka,Greece,LKA,GRC,0.0,2.0,6.0,19.0,39.0,40.0,39.0
Sri Lanka,Italy,LKA,ITA,0.0,119.0,390.0,1283.0,2566.0,2647.0,2660.0
Sri Lanka,Portugal,LKA,PRT,0.0,0.0,1.0,4.0,8.0,17.0,16.0
Sri Lanka,Spain*,LKA,ESP,0.0,0.0,3.0,10.0,20.0,20.0,19.0
Sri Lanka,France*,LKA,FRA,19.0,26.0,38.0,78.0,137.0,141.0,141.0
Sri Lanka,Germany,LKA,DEU,7.0,19.0,44.0,126.0,245.0,252.0,251.0
Sri Lanka,Switzerland,LKA,CHE,2.0,8.0,22.0,67.0,133.0,137.0,137.0
Sri Lanka,Haiti,LKA,HTI,0.0,0.0,3.0,10.0,21.0,21.0,20.0
Sri Lanka,Canada,LKA,CAN,1.0,6.0,18.0,59.0,117.0,121.0,120.0
Sri Lanka,United States of America*,LKA,USA,6.0,20.0,50.0,148.0,291.0,300.0,300.0
Sri Lanka,Australia*,LKA,AUS,19.0,31.0,54.0,127.0,236.0,243.0,242.0
Sri Lanka,New Zealand*,LKA,NZL,0.0,2.0,8.0,28.0,56.0,57.0,56.0
Brunei Darussalam,China,BRN,CHN,700.0,789.0,878.0,892.0,906.0,920.0,1001.0
Brunei Darussalam,"China, Hong Kong SAR",BRN,HKG,194.0,217.0,240.0,244.0,248.0,252.0,273.0
Brunei Darussalam,Japan,BRN,JPN,34.0,56.0,78.0,79.0,80.0,81.0,87.0
Brunei Darussalam,Republic of Korea,BRN,KOR,67.0,68.0,68.0,69.0,70.0,71.0,76.0
Brunei Darussalam,Bangladesh,BRN,BGD,66.0,90.0,114.0,116.0,118.0,120.0,130.0
Brunei Darussalam,India,BRN,IND,414.0,433.0,452.0,459.0,466.0,473.0,514.0
Brunei Darussalam,Nepal,BRN,NPL,853.0,999.0,1145.0,1164.0,1183.0,1202.0,1309.0
Brunei Darussalam,Pakistan,BRN,PAK,129.0,194.0,258.0,262.0,266.0,270.0,293.0
Brunei Darussalam,Sri Lanka,BRN,LKA,425.0,570.0,714.0,726.0,738.0,750.0,816.0
Brunei Darussalam,Indonesia,BRN,IDN,2743.0,3713.0,4683.0,4759.0,4835.0,4911.0,5350.0
Brunei Darussalam,Malaysia,BRN,MYS,18315.0,19257.0,20199.0,20525.0,20852.0,21179.0,23088.0
Brunei Darussalam,Philippines,BRN,PHL,4649.0,6000.0,7351.0,7470.0,7589.0,7708.0,8399.0
Brunei Darussalam,Singapore,BRN,SGP,670.0,652.0,634.0,644.0,654.0,664.0,722.0
Brunei Darussalam,Thailand,BRN,THA,555.0,2264.0,3972.0,4036.0,4100.0,4164.0,4537.0
Brunei Darussalam,United Kingdom*,BRN,GBR,852.0,830.0,807.0,820.0,833.0,846.0,921.0
Brunei Darussalam,Netherlands*,BRN,NLD,112.0,121.0,129.0,131.0,133.0,135.0,146.0
Brunei Darussalam,United States of America*,BRN,USA,33.0,38.0,42.0,43.0,44.0,45.0,47.0
Brunei Darussalam,Australia*,BRN,AUS,122.0,171.0,220.0,224.0,228.0,232.0,251.0
Brunei Darussalam,New Zealand*,BRN,NZL,51.0,66.0,81.0,82.0,83.0,84.0,90.0
Cambodia,China,KHM,CHN,295.0,776.0,1256.0,953.0,651.0,575.0,616.0
Cambodia,"China, Hong Kong SAR",KHM,HKG,23.0,61.0,98.0,74.0,51.0,45.0,46.0
Cambodia,Dem. People's Republic of Korea,KHM,PRK,8.0,21.0,34.0,26.0,18.0,16.0,16.0
Cambodia,Japan,KHM,JPN,22.0,58.0,94.0,71.0,48.0,42.0,43.0
Cambodia,Republic of Korea,KHM,KOR,9.0,24.0,38.0,29.0,20.0,18.0,18.0
Cambodia,India,KHM,IND,11.0,29.0,47.0,36.0,25.0,22.0,22.0
Cambodia,Nepal,KHM,NPL,10.0,27.0,43.0,33.0,23.0,20.0,20.0
Cambodia,Pakistan,KHM,PAK,10.0,27.0,43.0,33.0,23.0,20.0,20.0
Cambodia,Sri Lanka,KHM,LKA,6.0,16.0,26.0,20.0,14.0,12.0,11.0
Cambodia,Indonesia,KHM,IDN,11.0,29.0,47.0,36.0,25.0,22.0,22.0
Cambodia,Lao People's Democratic Republic,KHM,LAO,54.0,142.0,230.0,175.0,119.0,105.0,111.0
Cambodia,Malaysia,KHM,MYS,18.0,48.0,77.0,58.0,40.0,35.0,36.0
Cambodia,Myanmar,KHM,MMR,8.0,21.0,34.0,26.0,18.0,16.0,16.0
Cambodia,Philippines,KHM,PHL,34.0,90.0,145.0,110.0,75.0,66.0,70.0
Cambodia,Singapore,KHM,SGP,20.0,53.0,85.0,65.0,44.0,39.0,40.0
Cambodia,Thailand,KHM,THA,7212.0,19169.0,31139.0,23639.0,16139.0,14265.0,15305.0
Cambodia,Viet Nam,KHM,VNM,8747.0,23212.0,37677.0,28603.0,19528.0,17261.0,18547.0
Cambodia,Russian Federation,KHM,RUS,8.0,21.0,34.0,26.0,18.0,16.0,16.0
Cambodia,United Kingdom*,KHM,GBR,13.0,34.0,55.0,42.0,29.0,26.0,26.0
Cambodia,Italy,KHM,ITA,3.0,8.0,13.0,10.0,7.0,6.0,5.0
Cambodia,France*,KHM,FRA,45.0,119.0,192.0,146.0,100.0,88.0,93.0
Cambodia,Germany,KHM,DEU,7.0,19.0,30.0,23.0,16.0,14.0,13.0
Cambodia,Netherlands*,KHM,NLD,5.0,13.0,21.0,16.0,11.0,10.0,9.0
Cambodia,Canada,KHM,CAN,10.0,27.0,43.0,33.0,23.0,20.0,20.0
Cambodia,United States of America*,KHM,USA,39.0,103.0,166.0,126.0,86.0,76.0,80.0
Cambodia,Australia*,KHM,AUS,20.0,53.0,85.0,65.0,44.0,39.0,40.0
Indonesia,Eritrea,IDN,ERI,0.0,0.0,0.0,0.0,0.0,10.0,82.0
Indonesia,Ethiopia,IDN,ETH,0.0,0.0,0.0,0.0,0.0,64.0,59.0
Indonesia,Somalia,IDN,SOM,2.0,0.0,4.0,6.0,28.0,308.0,478.0
Indonesia,Sudan,IDN,SDN,0.0,0.0,0.0,0.0,0.0,100.0,172.0
Indonesia,China,IDN,CHN,4268.0,185.0,7.0,5.0,9.0,7005.0,22302.0
Indonesia,Japan,IDN,JPN,3421.0,6133.0,11180.0,7727.0,7779.0,5884.0,3480.0
Indonesia,Republic of Korea,IDN,KOR,2297.0,4086.0,7389.0,5130.0,5191.0,3960.0,2289.0
Indonesia,Afghanistan,IDN,AFG,0.0,0.0,24.0,12.0,472.0,1986.0,2602.0
Indonesia,India,IDN,IND,977.0,85.0,6.0,5.0,7.0,1699.0,6154.0
Indonesia,Iran (Islamic Republic of),IDN,IRN,0.0,0.0,18.0,10.0,32.0,242.0,118.0
Indonesia,Pakistan,IDN,PAK,0.0,0.0,2.0,1.0,5.0,160.0,113.0
Indonesia,Sri Lanka,IDN,LKA,0.0,0.0,1.0,4.0,112.0,186.0,156.0
Indonesia,Cambodia,IDN,KHM,333.0,0.0,0.0,0.0,0.0,0.0,0.0
Indonesia,Malaysia,IDN,MYS,445.0,57.0,6.0,5.0,7.0,882.0,44246.0
Indonesia,Myanmar,IDN,MMR,0.0,0.0,0.0,0.0,38.0,326.0,260.0
Indonesia,Philippines,IDN,PHL,1058.0,2207.0,4722.0,3003.0,2737.0,1655.0,580.0
Indonesia,Singapore,IDN,SGP,462.0,774.0,1314.0,945.0,997.0,821.0,600.0
Indonesia,Thailand,IDN,THA,1399.0,1757.0,2184.0,1567.0,1711.0,2707.0,4326.0
Indonesia,Timor-Leste,IDN,TLS,12770.0,16038.0,70294.0,14302.0,15618.0,24702.0,39480.0
Indonesia,Viet Nam,IDN,VNM,421.0,20.0,0.0,3.0,0.0,0.0,7.0
Indonesia,Iraq,IDN,IRQ,0.0,0.0,178.0,16.0,142.0,236.0,254.0
Indonesia,Saudi Arabia,IDN,SAU,1185.0,1488.0,1850.0,1327.0,1449.0,2292.0,3663.0
Indonesia,State of Palestine,IDN,PSE,0.0,0.0,2.0,0.0,0.0,164.0,131.0
Indonesia,Yemen,IDN,YEM,0.0,0.0,0.0,0.0,0.0,28.0,136.0
Indonesia,United Kingdom*,IDN,GBR,647.0,1231.0,2388.0,1593.0,1539.0,1083.0,615.0
Indonesia,United States of America*,IDN,USA,3307.0,3390.0,3494.0,2568.0,2955.0,1436.0,683.0
Indonesia,Australia*,IDN,AUS,2877.0,3224.0,3626.0,2198.0,1950.0,1195.0,686.0
Lao People's Democratic Republic,China,LAO,CHN,1874.0,1699.0,1341.0,1224.0,2534.0,3845.0,4112.0
Lao People's Democratic Republic,Cambodia,LAO,KHM,701.0,687.0,600.0,546.0,1077.0,1608.0,1719.0
Lao People's Democratic Republic,Myanmar,LAO,MMR,191.0,172.0,136.0,123.0,714.0,1305.0,1395.0
Lao People's Democratic Republic,Thailand,LAO,THA,951.0,856.0,669.0,608.0,632.0,656.0,700.0
Lao People's Democratic Republic,Viet Nam,LAO,VNM,7007.0,6779.0,5825.0,5289.0,6432.0,7576.0,8110.0
Lao People's Democratic Republic,Australia*,LAO,AUS,8.0,8.0,8.0,7.0,34.0,61.0,63.0
Malaysia,Somalia,MYS,SOM,0.0,12.0,6.0,10.0,282.0,382.0,1052.0
Malaysia,Sudan,MYS,SDN,0.0,0.0,0.0,9.0,26.0,37.0,99.0
Malaysia,China,MYS,CHN,16831.0,16957.0,17083.0,17083.0,17084.0,17083.0,16917.0
Malaysia,Japan,MYS,JPN,5476.0,5489.0,5502.0,5502.0,5502.0,5502.0,5485.0
Malaysia,Republic of Korea,MYS,KOR,1569.0,1570.0,1571.0,1571.0,1571.0,1571.0,1570.0
Malaysia,Afghanistan,MYS,AFG,0.0,4.0,13.0,16.0,161.0,138.0,830.0
Malaysia,Bangladesh,MYS,BGD,8312.0,5975.0,3637.0,1273.0,7348.0,6496.0,6496.0
Malaysia,India,MYS,IND,0.0,3113.0,7119.0,50740.0,35762.0,52546.0,52546.0
Malaysia,Iran (Islamic Republic of),MYS,IRN,0.0,5.0,1.0,5.0,40.0,162.0,143.0
Malaysia,Nepal,MYS,NPL,0.0,81.0,186.0,53661.0,70145.0,140224.0,140224.0
Malaysia,Pakistan,MYS,PAK,0.0,125.0,285.0,1236.0,2689.0,7094.0,8843.0
Malaysia,Sri Lanka,MYS,LKA,914.0,917.0,915.0,1012.0,1980.0,1984.0,1503.0
Malaysia,Brunei Darussalam,MYS,BRN,2630.0,3776.0,4922.0,6068.0,7214.0,8360.0,9452.0
Malaysia,Indonesia,MYS,IDN,123880.0,254639.0,385407.0,520179.0,649129.0,777848.0,439307.0
Malaysia,Myanmar,MYS,MMR,0.0,1596.0,2142.0,29416.0,68401.0,83779.0,90275.0
Malaysia,Philippines,MYS,PHL,106626.0,109941.0,113255.0,111365.0,119909.0,128313.0,126134.0
Malaysia,Singapore,MYS,SGP,29741.0,30788.0,31835.0,32882.0,33935.0,34976.0,35282.0
Malaysia,Thailand,MYS,THA,28124.0,33142.0,38159.0,43177.0,48205.0,53212.0,56290.0
Malaysia,Viet Nam,MYS,VNM,4061.0,0.0,0.0,8.0,5.0,2.0,2.0
Malaysia,Iraq,MYS,IRQ,0.0,4.0,2.0,10.0,189.0,322.0,407.0
Malaysia,State of Palestine,MYS,PSE,0.0,0.0,0.0,1.0,74.0,167.0,252.0
Malaysia,Syrian Arab Republic,MYS,SYR,0.0,0.0,0.0,0.0,2.0,349.0,1055.0
Malaysia,Yemen,MYS,YEM,0.0,0.0,0.0,0.0,6.0,200.0,1181.0
Malaysia,United Kingdom*,MYS,GBR,1454.0,1455.0,1456.0,1456.0,1456.0,1456.0,1455.0
Malaysia,Australia*,MYS,AUS,1088.0,1088.0,1089.0,1089.0,1089.0,1089.0,1088.0
Malaysia,New Zealand*,MYS,NZL,274.0,274.0,274.0,274.0,274.0,274.0,274.0
Myanmar,China,MMR,CHN,34336.0,26635.0,21772.0,18286.0,16539.0,15727.0,16406.0
Myanmar,Bangladesh,MMR,BGD,212.0,321.0,316.0,265.0,239.0,227.0,236.0
Myanmar,India,MMR,IND,19037.0,17801.0,16898.0,14192.0,12836.0,12206.0,12726.0
Myanmar,Pakistan,MMR,PAK,1147.0,1142.0,1125.0,944.0,853.0,813.0,846.0
Philippines,China,PHL,CHN,28828.0,25035.0,21243.0,17450.0,13721.0,11778.0,9900.0
Philippines,Japan,PHL,JPN,976.0,1768.0,2560.0,3352.0,4066.0,2563.0,1112.0
Philippines,Republic of Korea,PHL,KOR,277.0,868.0,1459.0,2050.0,2601.0,2044.0,1507.0
Philippines,India,PHL,IND,1205.0,1720.0,2235.0,2751.0,3313.0,5216.0,7054.0
Philippines,Viet Nam,PHL,VNM,95.0,137.0,180.0,222.0,270.0,490.0,702.0
Philippines,United Kingdom*,PHL,GBR,3097.0,2635.0,2173.0,1711.0,1246.0,687.0,146.0
Philippines,Germany,PHL,DEU,229.0,404.0,578.0,753.0,910.0,534.0,172.0
Philippines,United States of America*,PHL,USA,8107.0,9159.0,10210.0,11263.0,12081.0,6316.0,746.0
Philippines,Australia*,PHL,AUS,403.0,612.0,821.0,1030.0,1213.0,685.0,174.0
Singapore,China,SGP,CHN,140187.0,166826.0,191767.0,204080.0,281032.0,319952.0,314107.0
Singapore,"China, Hong Kong SAR",SGP,HKG,750.0,887.0,1023.0,1086.0,1506.0,1863.0,1984.0
Singapore,"China, Taiwan Province of China",SGP,TWN,2318.0,2760.0,3182.0,3376.0,4682.0,5792.0,6163.0
Singapore,India,SGP,IND,16647.0,29204.0,49410.0,68469.0,121555.0,150534.0,159745.0
Singapore,Indonesia,SGP,IDN,21624.0,31883.0,45402.0,59526.0,100287.0,114965.0,112969.0
Singapore,Malaysia,SGP,MYS,191991.0,287731.0,414690.0,445105.0,615050.0,749070.0,788815.0
Singapore,Canada,SGP,CAN,178.0,271.0,402.0,571.0,1035.0,1271.0,1335.0
Singapore,United States of America*,SGP,USA,1483.0,2261.0,3349.0,4764.0,8639.0,10610.0,11149.0
Singapore,Australia*,SGP,AUS,2166.0,2892.0,3699.0,3922.0,5381.0,6656.0,7124.0
Singapore,New Zealand*,SGP,NZL,425.0,567.0,725.0,769.0,1054.0,1304.0,1396.0
Thailand,China,THA,CHN,88450.0,81333.0,69867.0,69609.0,69351.0,59420.0,48803.0
Thailand,Japan,THA,JPN,551.0,1695.0,4340.0,17127.0,29913.0,33715.0,36880.0
Thailand,Republic of Korea,THA,KOR,0.0,213.0,2039.0,3972.0,5904.0,6280.0,6544.0
Thailand,India,THA,IND,1499.0,1540.0,4552.0,10688.0,16824.0,18300.0,19447.0
Thailand,Cambodia,THA,KHM,0.0,0.0,12352.0,67419.0,122486.0,139746.0,154335.0
Thailand,Lao People's Democratic Republic,THA,LAO,76.0,75.0,18646.0,73132.0,127618.0,143791.0,157255.0
Thailand,Myanmar,THA,MMR,444.0,443.0,64386.0,320509.0,576632.0,655935.0,722738.0
Thailand,Philippines,THA,PHL,458.0,455.0,965.0,5423.0,9881.0,11283.0,12469.0
Thailand,Viet Nam,THA,VNM,1349.0,1259.0,4553.0,6507.0,8462.0,8495.0,8392.0
Thailand,United Kingdom*,THA,GBR,1694.0,1732.0,1157.0,10176.0,19194.0,22142.0,24661.0
Thailand,France*,THA,FRA,358.0,346.0,475.0,3164.0,5853.0,6715.0,7446.0
Thailand,Germany,THA,DEU,471.0,473.0,489.0,2231.0,3972.0,4504.0,4951.0
Thailand,United States of America*,THA,USA,571.0,610.0,1492.0,5631.0,9772.0,10991.0,12002.0
Timor-Leste,China,TLS,CHN,340.0,375.0,414.0,391.0,345.0,279.0,274.0
Timor-Leste,Bangladesh,TLS,BGD,43.0,50.0,58.0,57.0,55.0,16.0,14.0
Timor-Leste,Pakistan,TLS,PAK,87.0,96.0,106.0,107.0,105.0,107.0,104.0
Timor-Leste,Indonesia,TLS,IDN,2392.0,2641.0,2918.0,3063.0,3112.0,1797.0,1773.0
Timor-Leste,Malaysia,TLS,MYS,63.0,69.0,76.0,77.0,75.0,23.0,21.0
Timor-Leste,Philippines,TLS,PHL,274.0,309.0,349.0,353.0,335.0,129.0,126.0
Timor-Leste,Singapore,TLS,SGP,26.0,29.0,33.0,34.0,33.0,32.0,30.0
Timor-Leste,Thailand,TLS,THA,70.0,77.0,85.0,91.0,96.0,34.0,32.0
Timor-Leste,Viet Nam,TLS,VNM,93.0,101.0,112.0,119.0,123.0,84.0,81.0
Timor-Leste,Portugal,TLS,PRT,135.0,148.0,163.0,170.0,172.0,120.0,117.0
Timor-Leste,Cuba,TLS,CUB,44.0,48.0,54.0,57.0,59.0,12.0,10.0
Timor-Leste,Brazil,TLS,BRA,93.0,98.0,105.0,116.0,126.0,28.0,26.0
Timor-Leste,United States of America*,TLS,USA,38.0,37.0,38.0,44.0,51.0,23.0,21.0
Timor-Leste,Australia*,TLS,AUS,224.0,247.0,273.0,284.0,287.0,213.0,209.0
Timor-Leste,New Zealand*,TLS,NZL,64.0,70.0,77.0,77.0,75.0,26.0,24.0
Viet Nam,China,VNM,CHN,2602.0,4461.0,6517.0,8838.0,11323.0,14087.0,16382.0
Viet Nam,"China, Taiwan Province of China",VNM,TWN,1091.0,1871.0,2733.0,3706.0,4748.0,5907.0,6870.0
Viet Nam,Japan,VNM,JPN,839.0,1439.0,2102.0,2851.0,3653.0,4544.0,5285.0
Viet Nam,Republic of Korea,VNM,KOR,1511.0,2590.0,3784.0,5132.0,6575.0,8179.0,9513.0
Viet Nam,Cambodia,VNM,KHM,12066.0,10752.0,8445.0,1288.0,1170.0,0.0,0.0
Armenia,Kazakhstan,ARM,KAZ,1120.0,1007.0,899.0,789.0,688.0,590.0,494.0
Armenia,Turkmenistan,ARM,TKM,1112.0,986.0,867.0,748.0,641.0,539.0,441.0
Armenia,Uzbekistan,ARM,UZB,1724.0,1502.0,1290.0,1063.0,864.0,667.0,476.0
Armenia,Iran (Islamic Republic of),ARM,IRN,11155.0,9785.0,8439.0,6975.0,5685.0,4372.0,3127.0
Armenia,Azerbaijan,ARM,AZE,91754.0,217582.0,227669.0,181326.0,46501.0,34393.0,47968.0
Armenia,Georgia,ARM,GEO,52400.0,48415.0,41791.0,36220.0,31139.0,26016.0,20866.0
Armenia,Iraq,ARM,IRQ,0.0,0.0,0.0,122.0,488.0,552.0,598.0
Armenia,Lebanon,ARM,LBN,1379.0,1207.0,1032.0,827.0,655.0,465.0,279.0
Armenia,Syrian Arab Republic,ARM,SYR,3910.0,3389.0,2886.0,2340.0,1863.0,10082.0,9033.0
Armenia,Türkiye,ARM,TUR,4463.0,3295.0,2290.0,1140.0,446.0,7.0,17.0
Armenia,Russian Federation,ARM,RUS,24474.0,22178.0,19964.0,17831.0,15865.0,13999.0,12213.0
Armenia,Ukraine*,ARM,UKR,4359.0,3796.0,3270.0,2747.0,2287.0,1899.0,1503.0
Armenia,Greece,ARM,GRC,2540.0,2128.0,1719.0,1223.0,823.0,364.0,7.0
Armenia,Germany,ARM,DEU,609.0,584.0,553.0,510.0,465.0,413.0,353.0
Azerbaijan,Kazakhstan,AZE,KAZ,3330.0,2989.0,2658.0,2329.0,1988.0,1650.0,1363.0
Azerbaijan,Kyrgyzstan,AZE,KGZ,2133.0,1908.0,1689.0,1468.0,1236.0,1003.0,810.0
Azerbaijan,Tajikistan,AZE,TJK,215.0,198.0,180.0,163.0,140.0,117.0,98.0
Azerbaijan,Turkmenistan,AZE,TKM,1658.0,1470.0,1286.0,1099.0,890.0,675.0,507.0
Azerbaijan,Uzbekistan,AZE,UZB,15002.0,27278.0,19632.0,9957.0,8198.0,6428.0,5005.0
Azerbaijan,Afghanistan,AZE,AFG,1.0,0.0,248.0,305.0,273.0,465.0,601.0
Azerbaijan,Iran (Islamic Republic of),AZE,IRN,1027.0,897.0,790.0,736.0,567.0,422.0,300.0
Azerbaijan,Armenia,AZE,ARM,82046.0,176257.0,167741.0,74291.0,71590.0,68828.0,66073.0
Azerbaijan,Georgia,AZE,GEO,49344.0,43152.0,37072.0,30825.0,23876.0,16797.0,11576.0
Azerbaijan,Türkiye,AZE,TUR,408.0,451.0,490.0,518.0,542.0,558.0,569.0
Azerbaijan,Belarus,AZE,BLR,676.0,601.0,515.0,413.0,319.0,234.0,170.0
Azerbaijan,Republic of Moldova*,AZE,MDA,427.0,374.0,322.0,268.0,211.0,154.0,109.0
Azerbaijan,Romania,AZE,ROU,138.0,123.0,109.0,96.0,85.0,76.0,67.0
Azerbaijan,Russian Federation,AZE,RUS,29253.0,26453.0,24829.0,23737.0,19067.0,16339.0,14101.0
Azerbaijan,Ukraine*,AZE,UKR,3687.0,3216.0,2771.0,2342.0,1909.0,1496.0,1157.0
Azerbaijan,Estonia,AZE,EST,523.0,465.0,401.0,318.0,175.0,45.0,7.0
Azerbaijan,Germany,AZE,DEU,229.0,209.0,190.0,171.0,152.0,133.0,115.0
Azerbaijan,Netherlands*,AZE,NLD,161.0,143.0,127.0,112.0,100.0,88.0,78.0
Azerbaijan,Australia*,AZE,AUS,112.0,99.0,87.0,78.0,69.0,61.0,54.0
Bahrain,Eritrea,BHR,ERI,153.0,167.0,189.0,285.0,450.0,515.0,532.0
Bahrain,Ethiopia,BHR,ETH,108.0,118.0,133.0,174.0,258.0,294.0,303.0
Bahrain,Somalia,BHR,SOM,102.0,112.0,126.0,156.0,227.0,260.0,268.0
Bahrain,South Sudan,BHR,SSD,204.0,223.0,245.0,292.0,415.0,470.0,488.0
Bahrain,Chad,BHR,TCD,42.0,46.0,51.0,78.0,124.0,141.0,145.0
Bahrain,Egypt,BHR,EGY,8712.0,8757.0,8902.0,13941.0,22366.0,25437.0,26350.0
Bahrain,Morocco,BHR,MAR,77.0,85.0,94.0,135.0,210.0,239.0,246.0
Bahrain,Sudan,BHR,SDN,1657.0,1816.0,1987.0,2429.0,3480.0,3943.0,4089.0
Bahrain,Tunisia,BHR,TUN,46.0,50.0,57.0,87.0,138.0,156.0,161.0
Bahrain,Nigeria,BHR,NGA,56.0,61.0,69.0,195.0,370.0,421.0,436.0
Bahrain,Afghanistan,BHR,AFG,65.0,70.0,80.0,120.0,190.0,218.0,225.0
Bahrain,Bangladesh,BHR,BGD,2326.0,3574.0,5261.0,7112.0,10576.0,13478.0,13465.0
Bahrain,India,BHR,IND,15059.0,19324.0,24315.0,37751.0,60135.0,70675.0,72432.0
Bahrain,Nepal,BHR,NPL,69.0,76.0,84.0,330.0,652.0,744.0,769.0
Bahrain,Pakistan,BHR,PAK,5311.0,6421.0,7796.0,10859.0,16522.0,19508.0,19963.0
Bahrain,Sri Lanka,BHR,LKA,4432.0,3438.0,2385.0,2845.0,4026.0,4488.0,4680.0
Bahrain,Indonesia,BHR,IDN,3192.0,4586.0,5866.0,9482.0,15458.0,16923.0,17755.0
Bahrain,Philippines,BHR,PHL,3566.0,4016.0,4470.0,6665.0,10455.0,12203.0,12534.0
Bahrain,Thailand,BHR,THA,88.0,96.0,108.0,181.0,299.0,342.0,353.0
Bahrain,Jordan,BHR,JOR,1428.0,1587.0,1754.0,2746.0,4407.0,4993.0,5179.0
Bahrain,Kuwait,BHR,KWT,524.0,583.0,657.0,1001.0,1589.0,1815.0,1876.0
Bahrain,Lebanon,BHR,LBN,218.0,239.0,269.0,558.0,980.0,1120.0,1158.0
Bahrain,Qatar,BHR,QAT,7.0,10.0,15.0,63.0,127.0,139.0,145.0
Bahrain,Saudi Arabia,BHR,SAU,25.0,41.0,57.0,92.0,150.0,170.0,176.0
Bahrain,State of Palestine,BHR,PSE,459.0,507.0,569.0,859.0,1361.0,1555.0,1607.0
Bahrain,Syrian Arab Republic,BHR,SYR,533.0,588.0,660.0,842.0,1234.0,1409.0,1458.0
Bahrain,Türkiye,BHR,TUR,388.0,427.0,479.0,609.0,891.0,1018.0,1052.0
Bahrain,United Arab Emirates,BHR,ARE,472.0,793.0,1091.0,1644.0,2604.0,2899.0,3024.0
Bahrain,Yemen,BHR,YEM,1765.0,1947.0,2185.0,3110.0,4797.0,5483.0,5670.0
Bahrain,United Kingdom*,BHR,GBR,700.0,618.0,542.0,569.0,741.0,841.0,872.0
Bahrain,France*,BHR,FRA,29.0,55.0,82.0,262.0,504.0,568.0,590.0
Bahrain,Netherlands*,BHR,NLD,111.0,89.0,66.0,69.0,92.0,103.0,107.0
Bahrain,United States of America*,BHR,USA,136.0,149.0,168.0,237.0,365.0,417.0,431.0
Cyprus,Burundi,CYP,BDI,0.0,0.0,0.0,0.0,0.0,0.0,0.0
Cyprus,Djibouti,CYP,DJI,1.0,2.0,2.0,3.0,3.0,2.0,1.0
Cyprus,Eritrea,CYP,ERI,1.0,2.0,2.0,3.0,3.0,2.0,1.0
Cyprus,Ethiopia,CYP,ETH,12.0,18.0,23.0,35.0,53.0,46.0,47.0
Cyprus,Kenya,CYP,KEN,10.0,15.0,19.0,29.0,44.0,38.0,39.0
Cyprus,Madagascar,CYP,MDG,1.0,2.0,2.0,3.0,3.0,2.0,1.0
Cyprus,Malawi,CYP,MWI,1.0,2.0,2.0,3.0,3.0,2.0,1.0
Cyprus,Mauritius,CYP,MUS,1.0,2.0,2.0,3.0,3.0,2.0,1.0
Cyprus,Mozambique,CYP,MOZ,2.0,3.0,4.0,6.0,8.0,7.0,6.0
Cyprus,Seychelles,CYP,SYC,1.0,2.0,2.0,3.0,3.0,2.0,1.0
Cyprus,Somalia,CYP,SOM,1.0,2.0,2.0,3.0,3.0,2.0,1.0
Cyprus,Uganda,CYP,UGA,1.0,2.0,2.0,3.0,3.0,2.0,1.0
Cyprus,United Republic of Tanzania,CYP,TZA,18.0,27.0,35.0,52.0,79.0,71.0,73.0
Cyprus,Zambia,CYP,ZMB,21.0,31.0,41.0,63.0,95.0,85.0,88.0
Cyprus,Zimbabwe,CYP,ZWE,43.0,63.0,83.0,126.0,191.0,173.0,176.0
Cyprus,Cameroon,CYP,CMR,6.0,9.0,12.0,18.0,28.0,24.0,841.0
Cyprus,Central African Republic,CYP,CAF,2.0,3.0,4.0,6.0,8.0,7.0,6.0
Cyprus,Democratic Republic of the Congo,CYP,COD,89.0,131.0,173.0,264.0,399.0,361.0,370.0
Cyprus,Algeria,CYP,DZA,4.0,6.0,8.0,12.0,18.0,16.0,16.0
Cyprus,Egypt,CYP,EGY,516.0,759.0,1002.0,1528.0,2310.0,2096.0,2149.0
Cyprus,Libya,CYP,LBY,23.0,34.0,45.0,68.0,103.0,93.0,93.0
Cyprus,Morocco,CYP,MAR,7.0,11.0,14.0,20.0,31.0,27.0,28.0
Cyprus,Sudan,CYP,SDN,63.0,93.0,122.0,186.0,281.0,255.0,262.0
Cyprus,Tunisia,CYP,TUN,3.0,5.0,6.0,9.0,13.0,11.0,11.0
Cyprus,Botswana,CYP,BWA,1.0,2.0,2.0,3.0,3.0,2.0,1.0
Cyprus,Namibia,CYP,NAM,0.0,0.0,0.0,0.0,0.0,0.0,0.0
Cyprus,South Africa,CYP,ZAF,650.0,956.0,1262.0,1925.0,2909.0,2641.0,2707.0
Cyprus,Benin,CYP,BEN,0.0,0.0,0.0,0.0,0.0,0.0,0.0
Cyprus,Ghana,CYP,GHA,10.0,15.0,19.0,29.0,44.0,38.0,39.0
Cyprus,Niger,CYP,NER,1.0,2.0,2.0,3.0,3.0,2.0,1.0
Cyprus,Nigeria,CYP,NGA,32.0,47.0,62.0,95.0,143.0,129.0,132.0
Cyprus,Senegal,CYP,SEN,1.0,2.0,2.0,3.0,3.0,2.0,1.0
Cyprus,Sierra Leone,CYP,SLE,0.0,0.0,0.0,0.0,0.0,0.0,0.0
Cyprus,Kazakhstan,CYP,KAZ,35.0,52.0,68.0,103.0,156.0,140.0,144.0
Cyprus,Kyrgyzstan,CYP,KGZ,3.0,5.0,6.0,9.0,13.0,11.0,11.0
Cyprus,Tajikistan,CYP,TJK,1.0,2.0,2.0,3.0,3.0,2.0,1.0
Cyprus,Turkmenistan,CYP,TKM,2.0,3.0,4.0,6.0,8.0,7.0,6.0
Cyprus,Uzbekistan,CYP,UZB,10.0,15.0,19.0,29.0,44.0,38.0,39.0
Cyprus,China,CYP,CHN,194.0,286.0,377.0,575.0,868.0,788.0,807.0
Cyprus,Dem. People's Republic of Korea,CYP,PRK,5.0,8.0,10.0,15.0,23.0,20.0,20.0
Cyprus,Japan,CYP,JPN,12.0,18.0,23.0,35.0,53.0,46.0,47.0
Cyprus,Republic of Korea,CYP,KOR,2.0,3.0,4.0,6.0,8.0,7.0,6.0
Cyprus,Afghanistan,CYP,AFG,0.0,0.0,0.0,2.0,2.0,1.0,0.0
Cyprus,Bangladesh,CYP,BGD,3.0,5.0,6.0,31.0,13.0,11.0,24.0
Cyprus,India,CYP,IND,270.0,397.0,524.0,799.0,1208.0,1096.0,1124.0
Cyprus,Iran (Islamic Republic of),CYP,IRN,110.0,162.0,214.0,439.0,492.0,446.0,456.0
Cyprus,Nepal,CYP,NPL,2.0,3.0,4.0,6.0,8.0,7.0,6.0
Cyprus,Pakistan,CYP,PAK,9.0,13.0,17.0,97.0,39.0,34.0,89.0
Cyprus,Sri Lanka,CYP,LKA,1899.0,2794.0,3688.0,5625.0,8503.0,7720.0,7915.0
Cyprus,Brunei Darussalam,CYP,BRN,1.0,2.0,2.0,3.0,3.0,2.0,1.0
Cyprus,Indonesia,CYP,IDN,36.0,53.0,70.0,106.0,161.0,145.0,149.0
Cyprus,Lao People's Democratic Republic,CYP,LAO,1.0,2.0,2.0,3.0,3.0,2.0,1.0
Cyprus,Malaysia,CYP,MYS,7.0,11.0,14.0,20.0,31.0,27.0,28.0
Cyprus,Myanmar,CYP,MMR,8.0,12.0,16.0,23.0,36.0,32.0,32.0
Cyprus,Philippines,CYP,PHL,1597.0,2349.0,3101.0,4730.0,7151.0,6492.0,6657.0
Cyprus,Singapore,CYP,SGP,6.0,9.0,12.0,18.0,28.0,24.0,25.0
Cyprus,Thailand,CYP,THA,52.0,77.0,101.0,154.0,232.0,210.0,215.0
Cyprus,Viet Nam,CYP,VNM,13.0,19.0,25.0,38.0,57.0,51.0,52.0
Cyprus,Armenia,CYP,ARM,133.0,196.0,258.0,393.0,594.0,539.0,552.0
Cyprus,Azerbaijan,CYP,AZE,5.0,8.0,10.0,15.0,23.0,20.0,20.0
Cyprus,Bahrain,CYP,BHR,12.0,18.0,23.0,35.0,53.0,46.0,47.0
Cyprus,Georgia,CYP,GEO,1720.0,2530.0,3340.0,5093.0,7700.0,6990.0,7167.0
Cyprus,Iraq,CYP,IRQ,24.0,36.0,47.0,71.0,344.0,561.0,575.0
Cyprus,Israel,CYP,ISR,41.0,61.0,80.0,122.0,184.0,166.0,171.0
Cyprus,Jordan,CYP,JOR,39.0,58.0,76.0,116.0,175.0,158.0,162.0
Cyprus,Kuwait,CYP,KWT,24.0,36.0,47.0,71.0,108.0,96.0,97.0
Cyprus,Lebanon,CYP,LBN,298.0,439.0,579.0,883.0,1335.0,1211.0,1242.0
Cyprus,Oman,CYP,OMN,6.0,9.0,12.0,18.0,28.0,24.0,25.0
Cyprus,Qatar,CYP,QAT,1.0,2.0,2.0,3.0,3.0,2.0,1.0
Cyprus,Saudi Arabia,CYP,SAU,26.0,38.0,50.0,75.0,114.0,103.0,104.0
Cyprus,State of Palestine,CYP,PSE,36.0,53.0,70.0,106.0,1438.0,1072.0,1137.0
Cyprus,Syrian Arab Republic,CYP,SYR,188.0,277.0,365.0,557.0,842.0,3244.0,5225.0
Cyprus,Türkiye,CYP,TUR,77.0,114.0,150.0,229.0,346.0,313.0,320.0
Cyprus,United Arab Emirates,CYP,ARE,15.0,22.0,29.0,43.0,65.0,58.0,59.0
Cyprus,Yemen,CYP,YEM,2.0,3.0,4.0,6.0,8.0,7.0,6.0
Cyprus,Belarus,CYP,BLR,63.0,93.0,122.0,186.0,281.0,255.0,262.0
Cyprus,Bulgaria,CYP,BGR,1030.0,1515.0,2000.0,3050.0,4612.0,4186.0,4292.0
Cyprus,Czechia,CYP,CZE,106.0,156.0,206.0,315.0,476.0,430.0,440.0
Cyprus,Hungary,CYP,HUN,50.0,74.0,97.0,148.0,223.0,202.0,207.0
Cyprus,Poland,CYP,POL,127.0,187.0,247.0,377.0,569.0,516.0,529.0
Cyprus,Republic of Moldova*,CYP,MDA,182.0,268.0,353.0,539.0,813.0,737.0,756.0
Cyprus,Romania,CYP,ROU,922.0,1356.0,1790.0,2730.0,4128.0,3747.0,3841.0
Cyprus,Russian Federation,CYP,RUS,1828.0,2689.0,3550.0,5414.0,8186.0,7431.0,7620.0
Cyprus,Slovakia,CYP,SVK,20.0,30.0,39.0,60.0,90.0,81.0,83.0
Cyprus,Ukraine*,CYP,UKR,528.0,777.0,1025.0,1564.0,2363.0,2144.0,2199.0
Cyprus,Denmark*,CYP,DNK,23.0,34.0,45.0,68.0,103.0,93.0,93.0
Cyprus,Estonia,CYP,EST,5.0,8.0,10.0,15.0,23.0,20.0,20.0
Cyprus,Finland*,CYP,FIN,88.0,130.0,171.0,261.0,394.0,357.0,365.0
Cyprus,Iceland,CYP,ISL,6.0,9.0,12.0,18.0,28.0,24.0,25.0
Cyprus,Ireland,CYP,IRL,123.0,181.0,239.0,364.0,551.0,500.0,513.0
Cyprus,Latvia,CYP,LVA,28.0,41.0,54.0,83.0,125.0,113.0,115.0
Cyprus,Lithuania,CYP,LTU,18.0,27.0,35.0,52.0,79.0,71.0,73.0
Cyprus,Norway*,CYP,NOR,31.0,46.0,60.0,91.0,138.0,124.0,127.0
Cyprus,Sweden,CYP,SWE,143.0,211.0,278.0,424.0,642.0,582.0,596.0
Cyprus,United Kingdom*,CYP,GBR,4694.0,6905.0,9115.0,13936.0,21045.0,19142.0,19575.0
Cyprus,Albania,CYP,ALB,28.0,41.0,54.0,83.0,125.0,113.0,115.0
Cyprus,Bosnia and Herzegovina,CYP,BIH,9.0,13.0,17.0,25.0,39.0,34.0,35.0
Cyprus,Croatia,CYP,HRV,12.0,18.0,23.0,35.0,53.0,46.0,47.0
Cyprus,Gibraltar*,CYP,GIB,0.0,0.0,0.0,0.0,0.0,0.0,0.0
Cyprus,Greece,CYP,GRC,2487.0,3658.0,4829.0,7365.0,11134.0,10108.0,10366.0
Cyprus,Italy,CYP,ITA,59.0,87.0,115.0,175.0,265.0,239.0,245.0
Cyprus,Malta,CYP,MLT,3.0,5.0,6.0,9.0,13.0,11.0,11.0
Cyprus,North Macedonia,CYP,MKD,3.0,5.0,6.0,9.0,13.0,11.0,11.0
Cyprus,Portugal,CYP,PRT,11.0,16.0,21.0,32.0,49.0,43.0,44.0
Cyprus,Serbia*,CYP,SRB,327.0,481.0,635.0,969.0,1463.0,1328.0,1362.0
Cyprus,Slovenia,CYP,SVN,2.0,3.0,4.0,6.0,8.0,7.0,6.0
Cyprus,Spain*,CYP,ESP,27.0,40.0,52.0,79.0,120.0,108.0,110.0
Cyprus,Austria,CYP,AUT,49.0,72.0,95.0,145.0,218.0,197.0,202.0
Cyprus,Belgium,CYP,BEL,33.0,49.0,64.0,97.0,147.0,133.0,136.0
Cyprus,France*,CYP,FRA,131.0,193.0,254.0,387.0,585.0,530.0,543.0
Cyprus,Germany,CYP,DEU,352.0,518.0,684.0,1043.0,1578.0,1432.0,1468.0
Cyprus,Luxembourg,CYP,LUX,2.0,3.0,4.0,6.0,8.0,7.0,6.0
Cyprus,Netherlands*,CYP,NLD,68.0,100.0,132.0,202.0,305.0,276.0,282.0
Cyprus,Switzerland,CYP,CHE,58.0,86.0,113.0,173.0,262.0,236.0,243.0
Cyprus,Cuba,CYP,CUB,4.0,6.0,8.0,12.0,18.0,16.0,16.0
Cyprus,Dominican Republic,CYP,DOM,2.0,3.0,4.0,6.0,8.0,7.0,6.0
Cyprus,Haiti,CYP,HTI,1.0,2.0,2.0,3.0,3.0,2.0,1.0
Cyprus,Jamaica,CYP,JAM,2.0,3.0,4.0,6.0,8.0,7.0,6.0
Cyprus,Puerto Rico*,CYP,PRI,0.0,0.0,0.0,0.0,0.0,0.0,0.0
Cyprus,Trinidad and Tobago,CYP,TTO,3.0,5.0,6.0,9.0,13.0,11.0,11.0
Cyprus,Costa Rica,CYP,CRI,1.0,2.0,2.0,3.0,3.0,2.0,1.0
Cyprus,El Salvador,CYP,SLV,1.0,2.0,2.0,3.0,3.0,2.0,1.0
Cyprus,Honduras,CYP,HND,0.0,0.0,0.0,0.0,0.0,0.0,0.0
Cyprus,Mexico,CYP,MEX,10.0,15.0,19.0,29.0,44.0,38.0,39.0
Cyprus,Nicaragua,CYP,NIC,1.0,2.0,2.0,3.0,3.0,2.0,1.0
Cyprus,Panama,CYP,PAN,1.0,2.0,2.0,3.0,3.0,2.0,1.0
Cyprus,Argentina,CYP,ARG,9.0,13.0,17.0,25.0,39.0,34.0,35.0
Cyprus,Bolivia (Plurinational State of),CYP,BOL,1.0,2.0,2.0,3.0,3.0,2.0,1.0
Cyprus,Brazil,CYP,BRA,9.0,13.0,17.0,25.0,39.0,34.0,35.0
Cyprus,Chile,CYP,CHL,7.0,11.0,14.0,20.0,31.0,27.0,28.0
Cyprus,Colombia,CYP,COL,22.0,33.0,43.0,66.0,100.0,90.0,91.0
Cyprus,Ecuador,CYP,ECU,1.0,2.0,2.0,3.0,3.0,2.0,1.0
Cyprus,Paraguay,CYP,PRY,2.0,3.0,4.0,6.0,8.0,7.0,6.0
Cyprus,Peru,CYP,PER,5.0,8.0,10.0,15.0,23.0,20.0,20.0
Cyprus,Suriname,CYP,SUR,1.0,2.0,2.0,3.0,3.0,2.0,1.0
Cyprus,Uruguay,CYP,URY,1.0,2.0,2.0,3.0,3.0,2.0,1.0
Cyprus,Venezuela (Bolivarian Republic of),CYP,VEN,9.0,13.0,17.0,25.0,39.0,34.0,35.0
Cyprus,Canada,CYP,CAN,189.0,278.0,367.0,560.0,846.0,768.0,787.0
Cyprus,United States of America*,CYP,USA,398.0,586.0,773.0,1179.0,1782.0,1618.0,1658.0
Cyprus,Australia*,CYP,AUS,363.0,534.0,705.0,1076.0,1626.0,1476.0,1513.0
Cyprus,New Zealand*,CYP,NZL,14.0,21.0,27.0,40.0,61.0,55.0,56.0
Cyprus,Fiji,CYP,FJI,1.0,2.0,2.0,3.0,3.0,2.0,1.0
Georgia,Algeria,GEO,DZA,0.0,0.0,11.0,10.0,10.0,10.0,9.0
Georgia,Kazakhstan,GEO,KAZ,11773.0,1436.0,718.0,682.0,688.0,722.0,743.0
Georgia,Kyrgyzstan,GEO,KGZ,1884.0,326.0,163.0,154.0,155.0,162.0,166.0
Georgia,Tajikistan,GEO,TJK,1849.0,1436.0,92.0,87.0,87.0,91.0,92.0
Georgia,Turkmenistan,GEO,TKM,885.0,736.0,128.0,121.0,122.0,128.0,131.0
Georgia,Uzbekistan,GEO,UZB,5555.0,5089.0,476.0,452.0,456.0,478.0,491.0
Georgia,China,GEO,CHN,235.0,178.0,38.0,36.0,36.0,37.0,37.0
Georgia,Mongolia,GEO,MNG,0.0,0.0,22.0,20.0,20.0,20.0,19.0
Georgia,Afghanistan,GEO,AFG,0.0,0.0,20.0,18.0,18.0,18.0,17.0
Georgia,India,GEO,IND,0.0,0.0,13.0,12.0,12.0,12.0,11.0
Georgia,Iran (Islamic Republic of),GEO,IRN,0.0,0.0,53.0,50.0,50.0,52.0,52.0
Georgia,Nepal,GEO,NPL,0.0,0.0,0.0,0.0,0.0,0.0,0.0
Georgia,Pakistan,GEO,PAK,0.0,0.0,7.0,6.0,6.0,6.0,5.0
Georgia,Armenia,GEO,ARM,2212.0,1701.0,5547.0,5269.0,5321.0,5587.0,5764.0
Georgia,Azerbaijan,GEO,AZE,4269.0,3302.0,3795.0,3605.0,3641.0,3823.0,3944.0
Georgia,Israel,GEO,ISR,0.0,0.0,12.0,11.0,11.0,11.0,10.0
Georgia,Lebanon,GEO,LBN,0.0,0.0,6.0,5.0,5.0,5.0,4.0
Georgia,Türkiye,GEO,TUR,245.0,268.0,139.0,132.0,133.0,139.0,142.0
Georgia,Belarus,GEO,BLR,9360.0,1714.0,857.0,814.0,822.0,863.0,888.0
Georgia,Bulgaria,GEO,BGR,0.0,0.0,124.0,117.0,118.0,123.0,125.0
Georgia,Czechia,GEO,CZE,0.0,0.0,22.0,20.0,20.0,20.0,19.0
Georgia,Hungary,GEO,HUN,0.0,0.0,28.0,26.0,26.0,27.0,26.0
Georgia,Poland,GEO,POL,2329.0,252.0,126.0,119.0,120.0,125.0,128.0
Georgia,Republic of Moldova*,GEO,MDA,2441.0,1988.0,379.0,360.0,363.0,381.0,392.0
Georgia,Romania,GEO,ROU,210.0,211.0,162.0,153.0,154.0,161.0,164.0
Georgia,Russian Federation,GEO,RUS,87707.0,51100.0,20440.0,18844.0,19610.0,20590.0,21312.0
Georgia,Ukraine*,GEO,UKR,26194.0,13348.0,6674.0,6340.0,6403.0,6723.0,6936.0
Georgia,Estonia,GEO,EST,469.0,402.0,83.0,78.0,78.0,81.0,82.0
Georgia,Finland*,GEO,FIN,0.0,0.0,9.0,8.0,8.0,8.0,7.0
Georgia,Latvia,GEO,LVA,770.0,260.0,130.0,123.0,124.0,130.0,134.0
Georgia,Lithuania,GEO,LTU,2016.0,314.0,157.0,149.0,150.0,157.0,160.0
Georgia,United Kingdom*,GEO,GBR,0.0,0.0,10.0,9.0,9.0,9.0,8.0
Georgia,Albania,GEO,ALB,0.0,0.0,7.0,6.0,6.0,6.0,5.0
Georgia,Greece,GEO,GRC,0.0,0.0,76.0,72.0,72.0,75.0,76.0
Georgia,Italy,GEO,ITA,0.0,0.0,7.0,6.0,6.0,6.0,5.0
Georgia,Spain*,GEO,ESP,0.0,0.0,10.0,9.0,9.0,9.0,8.0
Georgia,Austria,GEO,AUT,0.0,0.0,12.0,11.0,11.0,11.0,10.0
Georgia,Belgium,GEO,BEL,0.0,0.0,14.0,13.0,13.0,13.0,12.0
Georgia,France*,GEO,FRA,0.0,0.0,27.0,25.0,25.0,26.0,25.0
Georgia,Germany,GEO,DEU,4631.0,668.0,334.0,317.0,320.0,335.0,344.0
Georgia,Netherlands*,GEO,NLD,0.0,0.0,8.0,7.0,7.0,7.0,6.0
Georgia,Switzerland,GEO,CHE,0.0,0.0,8.0,7.0,7.0,7.0,6.0
Georgia,Cuba,GEO,CUB,0.0,0.0,6.0,5.0,5.0,5.0,4.0
Georgia,Argentina,GEO,ARG,0.0,0.0,8.0,7.0,7.0,7.0,6.0
Georgia,Peru,GEO,PER,0.0,0.0,20.0,18.0,18.0,18.0,17.0
Georgia,United States of America*,GEO,USA,0.0,0.0,42.0,39.0,39.0,40.0,40.0
Iraq,Eritrea,IRQ,ERI,87.0,303.0,358.0,301.0,290.0,238.0,257.0
Iraq,Somalia,IRQ,SOM,59.0,136.0,161.0,136.0,131.0,107.0,115.0
Iraq,South Sudan,IRQ,SSD,49.0,46.0,54.0,46.0,45.0,36.0,38.0
Iraq,Egypt,IRQ,EGY,2177.0,3210.0,3790.0,3182.0,3067.0,2516.0,2729.0
Iraq,Morocco,IRQ,MAR,176.0,259.0,306.0,257.0,248.0,203.0,219.0
Iraq,Sudan,IRQ,SDN,402.0,591.0,698.0,586.0,565.0,463.0,501.0
Iraq,Tunisia,IRQ,TUN,36.0,53.0,63.0,53.0,51.0,42.0,45.0
Iraq,Mauritania,IRQ,MRT,41.0,60.0,71.0,61.0,58.0,48.0,52.0
Iraq,Afghanistan,IRQ,AFG,81.0,170.0,201.0,170.0,164.0,134.0,144.0
Iraq,India,IRQ,IND,72.0,106.0,125.0,105.0,102.0,83.0,90.0
Iraq,Iran (Islamic Republic of),IRQ,IRN,5148.0,19330.0,22823.0,9490.0,9149.0,6154.0,6676.0
Iraq,Pakistan,IRQ,PAK,144.0,212.0,250.0,210.0,203.0,166.0,180.0
Iraq,Jordan,IRQ,JOR,2448.0,3610.0,4262.0,3578.0,3449.0,2829.0,3069.0
Iraq,Kuwait,IRQ,KWT,104.0,152.0,179.0,151.0,146.0,120.0,128.0
Iraq,Lebanon,IRQ,LBN,505.0,744.0,878.0,738.0,711.0,583.0,632.0
Iraq,Saudi Arabia,IRQ,SAU,153.0,225.0,266.0,224.0,216.0,176.0,191.0
Iraq,State of Palestine,IRQ,PSE,4832.0,31109.0,29602.0,9450.0,3961.0,5302.0,5753.0
Iraq,Syrian Arab Republic,IRQ,SYR,1826.0,2692.0,3179.0,2670.0,2574.0,111875.0,121410.0
Iraq,Türkiye,IRQ,TUR,307.0,7139.0,5684.0,7225.0,6965.0,7706.0,9782.0
Iraq,United Arab Emirates,IRQ,ARE,54.0,79.0,93.0,79.0,76.0,62.0,66.0
Iraq,Yemen,IRQ,YEM,329.0,485.0,573.0,481.0,464.0,380.0,412.0
Iraq,Russian Federation,IRQ,RUS,68.0,100.0,118.0,99.0,96.0,78.0,83.0
Israel,Eritrea,ISR,ERI,0.0,0.0,6.0,14.0,2358.0,4942.0,3538.0
Israel,Ethiopia,ISR,ETH,17723.0,22084.0,27689.0,33820.0,40689.0,43888.0,47481.0
Israel,Kenya,ISR,KEN,0.0,0.0,0.0,0.0,5.0,0.0,23.0
Israel,South Sudan,ISR,SSD,0.0,0.0,0.0,0.0,0.0,19.0,40.0
Israel,Uganda,ISR,UGA,0.0,0.0,0.0,0.0,0.0,0.0,35.0
Israel,Democratic Republic of the Congo,ISR,COD,0.0,0.0,0.0,18.0,14.0,34.0,62.0
Israel,Algeria,ISR,DZA,22619.0,24839.0,24764.0,24111.0,23569.0,25442.0,27591.0
Israel,Egypt,ISR,EGY,12076.0,12700.0,12102.0,11255.0,10522.0,11244.0,12110.0
Israel,Libya,ISR,LBY,10491.0,11078.0,10432.0,9614.0,8883.0,9638.0,10542.0
Israel,Morocco,ISR,MAR,84202.0,90406.0,88670.0,84938.0,81750.0,87835.0,94885.0
Israel,Sudan,ISR,SDN,0.0,0.0,1.0,12.0,1114.0,918.0,1327.0
Israel,Tunisia,ISR,TUN,17882.0,21948.0,23192.0,23776.0,24370.0,24980.0,25604.0
Israel,South Africa,ISR,ZAF,3977.0,4926.0,5405.0,5781.0,6181.0,6690.0,7354.0
Israel,Côte d'Ivoire,ISR,CIV,0.0,0.0,0.0,43.0,152.0,1.0,3.0
Israel,Ghana,ISR,GHA,0.0,0.0,1.0,4.0,80.0,0.0,110.0
Israel,Liberia,ISR,LBR,13941.0,16822.0,18370.0,18924.0,19460.0,20008.0,20581.0
Israel,Nigeria,ISR,NGA,0.0,0.0,0.0,14.0,222.0,1.0,216.0
Israel,Kazakhstan,ISR,KAZ,3024.0,3755.0,4844.0,6084.0,7467.0,8039.0,8654.0
Israel,Kyrgyzstan,ISR,KGZ,953.0,1149.0,1255.0,1291.0,1328.0,1366.0,1424.0
Israel,Tajikistan,ISR,TJK,2062.0,2491.0,1811.0,1241.0,783.0,840.0,922.0
Israel,Turkmenistan,ISR,TKM,228.0,287.0,501.0,824.0,1249.0,1348.0,1435.0
Israel,Uzbekistan,ISR,UZB,14687.0,17809.0,15481.0,12932.0,10738.0,11517.0,12607.0
Israel,China,ISR,CHN,456.0,560.0,592.0,606.0,622.0,637.0,708.0
Israel,Afghanistan,ISR,AFG,1344.0,1607.0,1505.0,1362.0,1238.0,1304.0,1384.0
Israel,India,ISR,IND,8730.0,9757.0,9818.0,9629.0,9481.0,10153.0,11180.0
Israel,Iran (Islamic Republic of),ISR,IRN,24460.0,27033.0,26996.0,26298.0,25715.0,27574.0,29688.0
Israel,Sri Lanka,ISR,LKA,0.0,0.0,0.0,1.0,2.0,0.0,234.0
Israel,Myanmar,ISR,MMR,0.0,0.0,0.0,8.0,0.0,0.0,6.0
Israel,Azerbaijan,ISR,AZE,7081.0,8560.0,8063.0,7343.0,6715.0,7159.0,7709.0
Israel,Georgia,ISR,GEO,12378.0,14752.0,10090.0,6460.0,3693.0,3867.0,4471.0
Israel,Iraq,ISR,IRQ,39832.0,41928.0,39492.0,36281.0,33452.0,36117.0,39312.0
Israel,Lebanon,ISR,LBN,5760.0,2920.0,3628.0,3221.0,3464.0,3614.0,3760.0
Israel,Syrian Arab Republic,ISR,SYR,6320.0,6464.0,5960.0,5360.0,4833.0,5207.0,5659.0
Israel,Türkiye,ISR,TUR,17167.0,18034.0,16745.0,15136.0,13755.0,14685.0,15954.0
Israel,Yemen,ISR,YEM,17209.0,21125.0,19680.0,17691.0,15936.0,17256.0,18852.0
Israel,Belarus,ISR,BLR,15910.0,19479.0,16947.0,14156.0,11729.0,12695.0,14095.0
Israel,Bulgaria,ISR,BGR,11966.0,11828.0,10792.0,9624.0,8606.0,9223.0,9974.0
Israel,Czechia,ISR,CZE,9222.0,9770.0,9407.0,8756.0,8145.0,8857.0,9707.0
Israel,Hungary,ISR,HUN,9366.0,9338.0,8374.0,7321.0,6397.0,6901.0,7517.0
Israel,Poland,ISR,POL,60342.0,58086.0,47520.0,37547.0,29146.0,31213.0,33892.0
Israel,Republic of Moldova*,ISR,MDA,14097.0,16809.0,11714.0,7664.0,4502.0,4776.0,5316.0
Israel,Romania,ISR,ROU,75631.0,78645.0,70477.0,61233.0,53208.0,56909.0,61479.0
Israel,Russian Federation,ISR,RUS,94569.0,105696.0,89662.0,72606.0,57959.0,62350.0,69015.0
Israel,Ukraine*,ISR,UKR,83352.0,101096.0,91272.0,79425.0,69118.0,74056.0,80876.0
Israel,Denmark*,ISR,DNK,539.0,694.0,875.0,1074.0,1300.0,1449.0,1609.0
Israel,Finland*,ISR,FIN,250.0,310.0,329.0,338.0,348.0,358.0,368.0
Israel,Latvia,ISR,LVA,4791.0,5725.0,4109.0,2779.0,1726.0,1834.0,1994.0
Israel,Lithuania,ISR,LTU,6832.0,8182.0,5217.0,3072.0,1438.0,1533.0,1687.0
Israel,Sweden,ISR,SWE,524.0,642.0,678.0,696.0,713.0,730.0,749.0
Israel,United Kingdom*,ISR,GBR,7050.0,8729.0,9770.0,10666.0,11608.0,12551.0,13566.0
Israel,Greece,ISR,GRC,8231.0,5724.0,3620.0,2180.0,590.0,609.0,660.0
Israel,Italy,ISR,ITA,2187.0,2713.0,2794.0,2798.0,2810.0,3059.0,3341.0
Israel,Spain*,ISR,ESP,1660.0,1967.0,1579.0,1212.0,911.0,956.0,1018.0
Israel,Austria,ISR,AUT,7217.0,4009.0,3369.0,2949.0,2579.0,2787.0,3040.0
Israel,Belgium,ISR,BEL,1811.0,2232.0,2588.0,2927.0,3284.0,3526.0,3779.0
Israel,France*,ISR,FRA,14858.0,17752.0,19298.0,19806.0,20302.0,20810.0,21330.0
Israel,Germany,ISR,DEU,16615.0,16698.0,15375.0,13842.0,12507.0,13360.0,14392.0
Israel,Netherlands*,ISR,NLD,2206.0,2724.0,2828.0,2858.0,2897.0,3138.0,3408.0
Israel,Switzerland,ISR,CHE,1372.0,1693.0,1883.0,2041.0,2207.0,2379.0,2564.0
Israel,Mexico,ISR,MEX,689.0,841.0,1005.0,1169.0,1342.0,1424.0,1507.0
Israel,Argentina,ISR,ARG,11847.0,14649.0,16676.0,18520.0,20464.0,22075.0,23791.0
Israel,Brazil,ISR,BRA,2976.0,3661.0,4127.0,4538.0,4968.0,5333.0,5721.0
Israel,Chile,ISR,CHL,1252.0,1540.0,1645.0,1712.0,1783.0,1920.0,2071.0
Israel,Colombia,ISR,COL,586.0,733.0,987.0,1299.0,1690.0,1778.0,1976.0
Israel,Peru,ISR,PER,338.0,415.0,648.0,967.0,1349.0,1407.0,1453.0
Israel,Uruguay,ISR,URY,2039.0,2517.0,2821.0,3082.0,3357.0,3617.0,3895.0
Israel,Venezuela (Bolivarian Republic of),ISR,VEN,276.0,346.0,448.0,566.0,709.0,768.0,829.0
Israel,Canada,ISR,CAN,2323.0,2846.0,3321.0,3781.0,4263.0,4545.0,4833.0
Israel,United States of America*,ISR,USA,21525.0,26716.0,31341.0,35873.0,40716.0,44024.0,47509.0
Israel,Australia*,ISR,AUS,1038.0,1256.0,1403.0,1527.0,1653.0,1741.0,1832.0
Jordan,Egypt,JOR,EGY,11928.0,15008.0,18088.0,26885.0,68008.0,109132.0,127451.0
Jordan,Libya,JOR,LBY,3.0,163.0,319.0,1034.0,4914.0,8794.0,10442.0
Jordan,Bangladesh,JOR,BGD,0.0,402.0,1346.0,3145.0,9782.0,16418.0,19643.0
Jordan,Philippines,JOR,PHL,850.0,1912.0,2973.0,4752.0,10593.0,16434.0,19410.0
Jordan,Iraq,JOR,IRQ,6341.0,9720.0,14475.0,24308.0,261054.0,87580.0,106775.0
Jordan,State of Palestine,JOR,PSE,432550.0,597451.0,732862.0,838322.0,912999.0,991092.0,1065014.0
Jordan,Syrian Arab Republic,JOR,SYR,12268.0,13511.0,14754.0,57587.0,335594.0,613600.0,725706.0
Jordan,Yemen,JOR,YEM,552.0,662.0,772.0,1641.0,6804.0,11967.0,14101.0
Kuwait,Eritrea,KWT,ERI,1209.0,939.0,997.0,1176.0,1784.0,1840.0,1995.0
Kuwait,Ethiopia,KWT,ETH,850.0,660.0,701.0,828.0,1256.0,1400.0,1517.0
Kuwait,Somalia,KWT,SOM,810.0,629.0,668.0,787.0,1196.0,1233.0,1336.0
Kuwait,South Sudan,KWT,SSD,0.0,0.0,0.0,0.0,0.0,743.0,815.0
Kuwait,Chad,KWT,TCD,334.0,259.0,274.0,324.0,493.0,509.0,550.0
Kuwait,Egypt,KWT,EGY,68338.0,49033.0,46407.0,52245.0,76220.0,159653.0,174337.0
Kuwait,Morocco,KWT,MAR,611.0,475.0,504.0,595.0,905.0,1089.0,1180.0
Kuwait,Sudan,KWT,SDN,14980.0,11342.0,11570.0,13215.0,19334.0,19607.0,21519.0
Kuwait,Tunisia,KWT,TUN,369.0,286.0,304.0,360.0,545.0,695.0,753.0
Kuwait,Nigeria,KWT,NGA,445.0,344.0,367.0,433.0,658.0,1730.0,1876.0
Kuwait,Afghanistan,KWT,AFG,512.0,397.0,422.0,498.0,776.0,1039.0,1126.0
Kuwait,Bangladesh,KWT,BGD,16612.0,19219.0,29814.0,36073.0,66404.0,66850.0,63238.0
Kuwait,India,KWT,IND,113722.0,102946.0,130117.0,151292.0,240115.0,320742.0,335587.0
Kuwait,Nepal,KWT,NPL,543.0,421.0,448.0,529.0,803.0,8842.0,9592.0
Kuwait,Pakistan,KWT,PAK,39954.0,34570.0,41919.0,48822.0,78186.0,91089.0,94733.0
Kuwait,Sri Lanka,KWT,LKA,32149.0,19038.0,12022.0,11502.0,14160.0,19590.0,21965.0
Kuwait,Indonesia,KWT,IDN,25973.0,23771.0,29287.0,38740.0,57402.0,75152.0,86385.0
Kuwait,Philippines,KWT,PHL,26996.0,21379.0,23263.0,26785.0,41892.0,57950.0,61167.0
Kuwait,Thailand,KWT,THA,700.0,544.0,577.0,681.0,1034.0,1462.0,1586.0
Kuwait,Bahrain,KWT,BHR,167.0,186.0,267.0,375.0,581.0,873.0,996.0
Kuwait,Jordan,KWT,JOR,11517.0,8791.0,9076.0,10565.0,15671.0,21626.0,23726.0
Kuwait,Lebanon,KWT,LBN,1732.0,1346.0,1428.0,1684.0,2558.0,4493.0,4872.0
Kuwait,Qatar,KWT,QAT,43.0,51.0,77.0,109.0,168.0,463.0,530.0
Kuwait,Saudi Arabia,KWT,SAU,204.0,212.0,299.0,428.0,728.0,789.0,852.0
Kuwait,State of Palestine,KWT,PSE,3648.0,2832.0,3006.0,3545.0,5381.0,5552.0,6022.0
Kuwait,Syrian Arab Republic,KWT,SYR,4232.0,3286.0,3488.0,4113.0,6246.0,8316.0,9021.0
Kuwait,Türkiye,KWT,TUR,3075.0,2388.0,2534.0,2988.0,4537.0,4791.0,5195.0
Kuwait,United Arab Emirates,KWT,ARE,3860.0,3997.0,5495.0,7754.0,12367.0,13575.0,15255.0
Kuwait,Yemen,KWT,YEM,13994.0,10871.0,11535.0,13601.0,20650.0,25379.0,27533.0
Kuwait,United Kingdom*,KWT,GBR,5659.0,3634.0,2796.0,2788.0,3689.0,3950.0,4322.0
Kuwait,France*,KWT,FRA,231.0,274.0,417.0,664.0,1151.0,2175.0,2399.0
Kuwait,Netherlands*,KWT,NLD,913.0,536.0,337.0,319.0,394.0,461.0,509.0
Kuwait,United States of America*,KWT,USA,1078.0,837.0,889.0,1047.0,1591.0,1855.0,2011.0
Lebanon,Ethiopia,LBN,ETH,23024.0,23024.0,22251.0,21149.0,20047.0,18945.0,17842.0
Lebanon,Egypt,LBN,EGY,6885.0,6885.0,6654.0,6325.0,5995.0,5665.0,5335.0
Lebanon,Sudan,LBN,SDN,4757.0,4757.0,4598.0,4369.0,4141.0,3914.0,3686.0
Lebanon,Bangladesh,LBN,BGD,14250.0,14250.0,13772.0,13090.0,12408.0,11726.0,11044.0
Lebanon,Sri Lanka,LBN,LKA,5997.0,5997.0,5796.0,5509.0,5221.0,4934.0,4647.0
Lebanon,Philippines,LBN,PHL,0.0,0.0,0.0,0.0,0.0,0.0,0.0
Lebanon,Iraq,LBN,IRQ,4919.0,5029.0,5854.0,5081.0,14470.0,11351.0,10122.0
Lebanon,State of Palestine,LBN,PSE,111687.0,128076.0,139481.0,148699.0,151619.0,237748.0,248057.0
Lebanon,Syrian Arab Republic,LBN,SYR,0.0,0.0,0.0,0.0,70.0,576871.0,460993.0
Oman,United Republic of Tanzania,OMN,TZA,1125.0,1394.0,1594.0,1745.0,2149.0,3842.0,4219.0
Oman,Egypt,OMN,EGY,4941.0,6028.0,6858.0,7488.0,9256.0,16876.0,18331.0
Oman,Sudan,OMN,SDN,1209.0,1497.0,1712.0,1875.0,2307.0,4127.0,4532.0
Oman,Bangladesh,OMN,BGD,23692.0,33416.0,39654.0,44486.0,53062.0,80534.0,97490.0
Oman,India,OMN,IND,28095.0,38664.0,45600.0,50920.0,61066.0,95589.0,113555.0
Oman,Nepal,OMN,NPL,340.0,579.0,714.0,828.0,952.0,1127.0,1598.0
Oman,Pakistan,OMN,PAK,9863.0,13551.0,15975.0,17834.0,21394.0,33557.0,39816.0
Oman,Sri Lanka,OMN,LKA,3211.0,3559.0,3881.0,4187.0,5325.0,10918.0,11086.0
Oman,Philippines,OMN,PHL,9229.0,9830.0,10445.0,11335.0,14680.0,31799.0,31474.0
Oman,Jordan,OMN,JOR,1717.0,1886.0,2046.0,2209.0,2819.0,5849.0,5903.0
Qatar,Eritrea,QAT,ERI,134.0,179.0,234.0,244.0,503.0,491.0,1428.0
Qatar,Ethiopia,QAT,ETH,192.0,254.0,332.0,227.0,386.0,441.0,411.0
Qatar,Somalia,QAT,SOM,31.0,56.0,97.0,150.0,337.0,329.0,307.0
Qatar,South Sudan,QAT,SSD,128.0,169.0,223.0,288.0,610.0,593.0,548.0
Qatar,Chad,QAT,TCD,5200.0,4862.0,3733.0,1215.0,138.0,135.0,125.0
Qatar,Egypt,QAT,EGY,52.0,70.0,92.0,11261.0,30143.0,45726.0,45945.0
Qatar,Morocco,QAT,MAR,274.0,365.0,477.0,233.0,299.0,381.0,355.0
Qatar,Sudan,QAT,SDN,670.0,892.0,1166.0,2256.0,5169.0,5425.0,6216.0
Qatar,Tunisia,QAT,TUN,58.0,76.0,101.0,96.0,190.0,258.0,240.0
Qatar,Nigeria,QAT,NGA,131.0,127.0,106.0,212.0,492.0,1081.0,1009.0
Qatar,Afghanistan,QAT,AFG,80.0,107.0,141.0,140.0,284.0,417.0,388.0
Qatar,Bangladesh,QAT,BGD,3442.0,6546.0,10990.0,6308.0,17026.0,21902.0,34151.0
Qatar,India,QAT,IND,577.0,769.0,1005.0,29323.0,87377.0,134754.0,132665.0
Qatar,Nepal,QAT,NPL,96.0,128.0,169.0,5122.0,13850.0,40206.0,60083.0
Qatar,Pakistan,QAT,PAK,70.0,94.0,123.0,7429.0,22616.0,26897.0,43984.0
Qatar,Sri Lanka,QAT,LKA,249.0,322.0,411.0,3970.0,9679.0,19705.0,49552.0
Qatar,Indonesia,QAT,IDN,18767.0,29435.0,44390.0,19313.0,19720.0,21621.0,19238.0
Qatar,Philippines,QAT,PHL,6576.0,9881.0,14400.0,9789.0,18463.0,32658.0,44323.0
Qatar,Thailand,QAT,THA,560.0,1009.0,1702.0,682.0,401.0,607.0,566.0
Qatar,Bahrain,QAT,BHR,28.0,48.0,80.0,126.0,241.0,342.0,305.0
Qatar,Jordan,QAT,JOR,3823.0,5927.0,8948.0,5248.0,6224.0,9373.0,8681.0
Qatar,Kuwait,QAT,KWT,1737.0,2272.0,2943.0,1479.0,1772.0,1734.0,1619.0
Qatar,Lebanon,QAT,LBN,656.0,880.0,1158.0,753.0,1228.0,2195.0,2051.0
Qatar,Saudi Arabia,QAT,SAU,4067.0,5576.0,7610.0,2175.0,216.0,233.0,216.0
Qatar,State of Palestine,QAT,PSE,2029.0,2623.0,3346.0,1494.0,1517.0,1484.0,1386.0
Qatar,Syrian Arab Republic,QAT,SYR,111.0,148.0,192.0,717.0,1820.0,1896.0,6024.0
Qatar,Türkiye,QAT,TUR,487.0,648.0,846.0,700.0,1309.0,1338.0,1249.0
Qatar,United Arab Emirates,QAT,ARE,10407.0,12735.0,15228.0,5658.0,3732.0,3578.0,3147.0
Qatar,Yemen,QAT,YEM,2214.0,2951.0,3856.0,3583.0,7036.0,9253.0,8648.0
Qatar,United Kingdom*,QAT,GBR,850.0,912.0,903.0,661.0,1080.0,1096.0,1785.0
Qatar,France*,QAT,FRA,34.0,71.0,132.0,167.0,334.0,324.0,298.0
Qatar,Netherlands*,QAT,NLD,86.0,114.0,148.0,85.0,125.0,141.0,129.0
Qatar,United States of America*,QAT,USA,170.0,226.0,295.0,262.0,505.0,606.0,1049.0
Saudi Arabia,Ethiopia,SAU,ETH,9892.0,14678.0,16612.0,21638.0,48862.0,112229.0,116218.0
Saudi Arabia,Somalia,SAU,SOM,8196.0,9675.0,10962.0,12852.0,17207.0,23183.0,23122.0
Saudi Arabia,Egypt,SAU,EGY,161881.0,178877.0,204164.0,232281.0,261479.0,295184.0,292758.0
Saudi Arabia,Sudan,SAU,SDN,24509.0,32664.0,37248.0,46348.0,81099.0,143536.0,147148.0
Saudi Arabia,Afghanistan,SAU,AFG,2226.0,3480.0,3938.0,5278.0,13715.0,36363.0,38031.0
Saudi Arabia,Bangladesh,SAU,BGD,17270.0,24827.0,28624.0,37107.0,76107.0,158368.0,166325.0
Saudi Arabia,India,SAU,IND,69995.0,80878.0,93115.0,109006.0,136290.0,171196.0,172908.0
Saudi Arabia,Nepal,SAU,NPL,64.0,111.0,139.0,222.0,890.0,3667.0,4466.0
Saudi Arabia,Pakistan,SAU,PAK,41426.0,51852.0,59641.0,72419.0,108644.0,164325.0,168158.0
Saudi Arabia,Sri Lanka,SAU,LKA,44971.0,43100.0,49012.0,52268.0,43516.0,36217.0,34834.0
Saudi Arabia,Indonesia,SAU,IDN,227876.0,209076.0,237755.0,248648.0,187918.0,141739.0,135332.0
Saudi Arabia,Myanmar,SAU,MMR,77101.0,76464.0,75833.0,75207.0,74587.0,76004.0,74606.0
Saudi Arabia,Philippines,SAU,PHL,189079.0,219286.0,248758.0,288230.0,362733.0,458829.0,456026.0
Saudi Arabia,Iraq,SAU,IRQ,3423.0,8534.0,5171.0,3556.0,3458.0,3451.0,3486.0
Saudi Arabia,Jordan,SAU,JOR,48694.0,54176.0,61434.0,69859.0,80406.0,92863.0,91595.0
Saudi Arabia,Lebanon,SAU,LBN,14851.0,15650.0,17767.0,19724.0,20197.0,20698.0,20239.0
Saudi Arabia,State of Palestine,SAU,PSE,37078.0,41306.0,46838.0,131920.0,57798.0,63486.0,62465.0
Saudi Arabia,Syrian Arab Republic,SAU,SYR,31089.0,42132.0,47804.0,59364.0,104955.0,187745.0,193757.0
Saudi Arabia,Yemen,SAU,YEM,61061.0,84772.0,96385.0,122036.0,235312.0,459903.0,473289.0
State of Palestine,Egypt,PSE,EGY,9917.0,9744.0,9562.0,9515.0,9468.0,9439.0,9413.0
State of Palestine,Tunisia,PSE,TUN,472.0,463.0,455.0,452.0,449.0,446.0,444.0
State of Palestine,Bahrain,PSE,BHR,4287.0,4210.0,4134.0,4113.0,4092.0,4072.0,4060.0
State of Palestine,Israel,PSE,ISR,55644.0,54649.0,53655.0,45860.0,36969.0,36544.0,36594.0
State of Palestine,Jordan,PSE,JOR,30251.0,29710.0,29170.0,33607.0,37666.0,37482.0,37379.0
State of Palestine,Kuwait,PSE,KWT,8574.0,8421.0,8268.0,8227.0,9299.0,9283.0,9257.0
State of Palestine,Lebanon,PSE,LBN,1217.0,1195.0,1173.0,1167.0,1161.0,1155.0,1151.0
State of Palestine,Oman,PSE,OMN,4677.0,4593.0,4510.0,5429.0,5410.0,6173.0,6056.0
State of Palestine,Qatar,PSE,QAT,5067.0,4976.0,4885.0,4861.0,4837.0,4813.0,4799.0
State of Palestine,Saudi Arabia,PSE,SAU,10913.0,10718.0,10523.0,10050.0,12573.0,12696.0,12611.0
State of Palestine,Syrian Arab Republic,PSE,SYR,2843.0,2792.0,2742.0,3321.0,3110.0,3117.0,3108.0
State of Palestine,United Arab Emirates,PSE,ARE,5456.0,5358.0,5261.0,7082.0,7183.0,7147.0,7227.0
State of Palestine,Yemen,PSE,YEM,722.0,709.0,696.0,692.0,688.0,684.0,682.0
State of Palestine,United States of America*,PSE,USA,4393.0,4314.0,4236.0,4215.0,4194.0,4193.0,4131.0
Syrian Arab Republic,Somalia,SYR,SOM,98.0,170.0,219.0,712.0,1518.0,495.0,527.0
Syrian Arab Republic,Sudan,SYR,SDN,0.0,24.0,45.0,109.0,264.0,96.0,101.0
Syrian Arab Republic,Afghanistan,SYR,AFG,0.0,45.0,85.0,308.0,1277.0,708.0,558.0
Syrian Arab Republic,Iraq,SYR,IRQ,1893.0,1508.0,905.0,164991.0,544212.0,95643.0,102165.0
Syrian Arab Republic,State of Palestine,SYR,PSE,119495.0,143635.0,188747.0,216877.0,243742.0,281901.0,301137.0
Türkiye,Somalia,TUR,SOM,3.0,3.0,3.0,453.0,932.0,1403.0,7941.0
Türkiye,Algeria,TUR,DZA,178.0,178.0,178.0,350.0,533.0,794.0,5115.0
Türkiye,Egypt,TUR,EGY,1025.0,682.0,339.0,689.0,1084.0,1768.0,11676.0
Türkiye,Libya,TUR,LBY,1324.0,1324.0,1324.0,2200.0,3132.0,5494.0,10470.0
Türkiye,Morocco,TUR,MAR,189.0,189.0,189.0,891.0,1638.0,2743.0,11874.0
Türkiye,Sudan,TUR,SDN,511.0,511.0,511.0,511.0,511.0,511.0,1392.0
Türkiye,Nigeria,TUR,NGA,40.0,40.0,40.0,211.0,392.0,575.0,1435.0
Türkiye,Kazakhstan,TUR,KAZ,2762.0,2762.0,2762.0,5666.0,8760.0,12328.0,23203.0
Türkiye,Kyrgyzstan,TUR,KGZ,763.0,763.0,763.0,3390.0,6189.0,10143.0,21649.0
Türkiye,Tajikistan,TUR,TJK,65.0,65.0,65.0,426.0,809.0,1194.0,2671.0
Türkiye,Turkmenistan,TUR,TKM,569.0,569.0,569.0,4361.0,8400.0,13798.0,55293.0
Türkiye,Uzbekistan,TUR,UZB,4100.0,4100.0,4100.0,8815.0,13838.0,20714.0,48332.0
Türkiye,China,TUR,CHN,884.0,884.0,884.0,1923.0,3028.0,4529.0,9992.0
Türkiye,Afghanistan,TUR,AFG,3577.0,4523.0,4157.0,7621.0,12332.0,42713.0,118368.0
Türkiye,Iran (Islamic Republic of),TUR,IRN,4328.0,5232.0,6069.0,9358.0,12745.0,23339.0,59906.0
Türkiye,Pakistan,TUR,PAK,457.0,457.0,457.0,556.0,660.0,873.0,3161.0
Türkiye,Indonesia,TUR,IDN,117.0,117.0,117.0,719.0,1362.0,2161.0,4300.0
Türkiye,Azerbaijan,TUR,AZE,8126.0,8126.0,8126.0,14160.0,20587.0,28203.0,53954.0
Türkiye,Cyprus,TUR,CYP,4750.0,5159.0,5567.0,7082.0,8669.0,10352.0,13591.0
Türkiye,Georgia,TUR,GEO,3757.0,3757.0,3757.0,9254.0,15110.0,20742.0,21701.0
Türkiye,Iraq,TUR,IRQ,13592.0,9674.0,4543.0,10648.0,19124.0,72853.0,221086.0
Türkiye,Jordan,TUR,JOR,325.0,325.0,325.0,484.0,653.0,925.0,6315.0
Türkiye,Kuwait,TUR,KWT,101.0,101.0,101.0,258.0,424.0,591.0,3807.0
Türkiye,Lebanon,TUR,LBN,569.0,569.0,569.0,851.0,1149.0,1478.0,4289.0
Türkiye,Saudi Arabia,TUR,SAU,1567.0,1818.0,2068.0,3369.0,4739.0,6367.0,23667.0
Türkiye,State of Palestine,TUR,PSE,124.0,124.0,124.0,251.0,385.0,559.0,4844.0
Türkiye,Syrian Arab Republic,TUR,SYR,2496.0,2667.0,2798.0,11865.0,21528.0,882298.0,1761534.0
Türkiye,United Arab Emirates,TUR,ARE,1629.0,847.0,65.0,361.0,729.0,1096.0,3489.0
Türkiye,Yemen,TUR,YEM,28.0,28.0,28.0,314.0,619.0,924.0,5009.0
Türkiye,Bulgaria,TUR,BGR,237447.0,244728.0,252009.0,236645.0,219806.0,203974.0,197502.0
Türkiye,Republic of Moldova*,TUR,MDA,1967.0,1967.0,1967.0,4607.0,7421.0,10682.0,12543.0
Türkiye,Romania,TUR,ROU,12356.0,12356.0,12356.0,10464.0,8448.0,6680.0,7177.0
Türkiye,Russian Federation,TUR,RUS,4882.0,8380.0,11878.0,15051.0,18204.0,22575.0,40651.0
Türkiye,Ukraine*,TUR,UKR,2925.0,2925.0,2925.0,6341.0,9980.0,14956.0,23181.0
Türkiye,United Kingdom*,TUR,GBR,3138.0,6519.0,9900.0,12562.0,15178.0,17491.0,18574.0
Türkiye,Greece,TUR,GRC,54626.0,43771.0,32914.0,26421.0,20212.0,14594.0,16325.0
Türkiye,North Macedonia,TUR,MKD,74924.0,74924.0,74924.0,57980.0,39932.0,23476.0,21206.0
Türkiye,Austria,TUR,AUT,3428.0,5268.0,7108.0,7740.0,8293.0,9153.0,12930.0
Türkiye,Belgium,TUR,BEL,2350.0,3445.0,4540.0,7994.0,11603.0,14545.0,16573.0
Türkiye,France*,TUR,FRA,4951.0,6509.0,8066.0,10168.0,12307.0,14324.0,19556.0
Türkiye,Germany,TUR,DEU,86704.0,112851.0,138997.0,139130.0,137567.0,137513.0,160686.0
Türkiye,Netherlands*,TUR,NLD,4834.0,7854.0,10874.0,13035.0,15140.0,17166.0,20135.0
Türkiye,Switzerland,TUR,CHE,4050.0,4720.0,5391.0,6004.0,6614.0,7152.0,8061.0
Türkiye,United States of America*,TUR,USA,5144.0,5616.0,6087.0,7930.0,9863.0,11825.0,13444.0
United Arab Emirates,Eritrea,ARE,ERI,1128.0,1380.0,1711.0,2294.0,4287.0,5592.0,5860.0
United Arab Emirates,Ethiopia,ARE,ETH,794.0,972.0,1205.0,1392.0,2449.0,3194.0,3347.0
United Arab Emirates,Somalia,ARE,SOM,757.0,925.0,1147.0,1258.0,2158.0,2814.0,2949.0
United Arab Emirates,South Sudan,ARE,SSD,1515.0,1818.0,2225.0,2346.0,3860.0,5035.0,5276.0
United Arab Emirates,Chad,ARE,TCD,312.0,381.0,473.0,635.0,1183.0,1543.0,1616.0
United Arab Emirates,Egypt,ARE,EGY,63062.0,69873.0,80931.0,112105.0,209369.0,273089.0,286258.0
United Arab Emirates,Morocco,ARE,MAR,572.0,698.0,866.0,1088.0,1982.0,2585.0,2709.0
United Arab Emirates,Sudan,ARE,SDN,12303.0,14769.0,18079.0,19437.0,32297.0,42127.0,44157.0
United Arab Emirates,Tunisia,ARE,TUN,344.0,420.0,522.0,697.0,1302.0,1698.0,1778.0
United Arab Emirates,Nigeria,ARE,NGA,415.0,509.0,630.0,1589.0,3482.0,4541.0,4758.0
United Arab Emirates,Afghanistan,ARE,AFG,478.0,584.0,725.0,972.0,1816.0,2368.0,2481.0
United Arab Emirates,Bangladesh,ARE,BGD,16842.0,31338.0,47104.0,57211.0,133153.0,173534.0,181934.0
United Arab Emirates,India,ARE,IND,107404.0,159801.0,220042.0,303867.0,616528.0,803937.0,842771.0
United Arab Emirates,Nepal,ARE,NPL,507.0,620.0,769.0,2696.0,6183.0,8064.0,8452.0
United Arab Emirates,Pakistan,ARE,PAK,37685.0,52745.0,70470.0,87219.0,171661.0,223834.0,234643.0
United Arab Emirates,Sri Lanka,ARE,LKA,33077.0,26484.0,21790.0,22717.0,35622.0,46471.0,48710.0
United Arab Emirates,Indonesia,ARE,IDN,23749.0,37682.0,53678.0,76300.0,129443.0,168903.0,177032.0
United Arab Emirates,Philippines,ARE,PHL,24847.0,31900.0,40618.0,53569.0,105226.0,137220.0,143844.0
United Arab Emirates,Thailand,ARE,THA,654.0,799.0,992.0,1469.0,2843.0,3708.0,3884.0
United Arab Emirates,Bahrain,ARE,BHR,173.0,324.0,492.0,493.0,730.0,952.0,997.0
United Arab Emirates,Jordan,ARE,JOR,10602.0,12912.0,15950.0,22075.0,40824.0,53250.0,55816.0
United Arab Emirates,Kuwait,ARE,KWT,3870.0,4780.0,5961.0,8053.0,15064.0,19648.0,20594.0
United Arab Emirates,Lebanon,ARE,LBN,1617.0,1978.0,2452.0,4522.0,9294.0,12123.0,12707.0
United Arab Emirates,Qatar,ARE,QAT,51.0,95.0,144.0,522.0,1070.0,1396.0,1461.0
United Arab Emirates,Saudi Arabia,ARE,SAU,187.0,348.0,525.0,743.0,1430.0,1863.0,1952.0
United Arab Emirates,State of Palestine,ARE,PSE,3402.0,4163.0,5161.0,6921.0,12930.0,16864.0,17676.0
United Arab Emirates,Syrian Arab Republic,ARE,SYR,3948.0,4831.0,5990.0,6750.0,11776.0,15358.0,16098.0
United Arab Emirates,Türkiye,ARE,TUR,2869.0,3509.0,4351.0,4881.0,8467.0,11044.0,11575.0
United Arab Emirates,Yemen,ARE,YEM,13053.0,15975.0,19824.0,24985.0,45599.0,59474.0,62341.0
United Arab Emirates,United Kingdom*,ARE,GBR,5203.0,4901.0,4930.0,4529.0,6941.0,9052.0,9487.0
United Arab Emirates,France*,ARE,FRA,213.0,468.0,745.0,2129.0,4597.0,5996.0,6283.0
United Arab Emirates,Netherlands*,ARE,NLD,831.0,693.0,604.0,555.0,830.0,1082.0,1132.0
United Arab Emirates,United States of America*,ARE,USA,1006.0,1231.0,1526.0,1905.0,3465.0,4518.0,4735.0
Yemen,Eritrea,YEM,ERI,0.0,1048.0,1159.0,298.0,572.0,718.0,649.0
Yemen,Ethiopia,YEM,ETH,6629.0,288.0,713.0,802.0,2587.0,6587.0,5969.0
Yemen,Somalia,YEM,SOM,15729.0,26036.0,29814.0,35655.0,87747.0,130423.0,118223.0
Yemen,South Sudan,YEM,SSD,0.0,0.0,0.0,0.0,0.0,259.0,234.0
Yemen,Egypt,YEM,EGY,3819.0,3895.0,4263.0,4667.0,5109.0,3653.0,3310.0
Yemen,Sudan,YEM,SDN,8306.0,8203.0,9306.0,10047.0,11138.0,12710.0,11519.0
Yemen,Iran (Islamic Republic of),YEM,IRN,0.0,0.0,0.0,0.0,4.0,3.0,2.0
Yemen,Viet Nam,YEM,VNM,296.0,0.0,3.0,0.0,12.0,7.0,6.0
Yemen,Iraq,YEM,IRQ,2200.0,2086.0,2491.0,3078.0,4877.0,4733.0,4289.0
Yemen,State of Palestine,YEM,PSE,1140.0,1473.0,1291.0,1557.0,1802.0,1831.0,1658.0
Yemen,Syrian Arab Republic,YEM,SYR,996.0,1031.0,1116.0,1216.0,1355.0,1893.0,1715.0
Belarus,Ethiopia,BLR,ETH,0.0,1.0,1.0,1.0,1.0,1.0,0.0
Belarus,Algeria,BLR,DZA,3.0,6.0,9.0,9.0,9.0,9.0,7.0
Belarus,Kazakhstan,BLR,KAZ,42432.0,40006.0,37579.0,37066.0,36553.0,36218.0,35688.0
Belarus,Kyrgyzstan,BLR,KGZ,3165.0,2984.0,2803.0,2765.0,2727.0,2702.0,2661.0
Belarus,Tajikistan,BLR,TJK,3251.0,3065.0,2879.0,2840.0,2801.0,2774.0,2732.0
Belarus,Turkmenistan,BLR,TKM,3277.0,3090.0,2902.0,2863.0,2823.0,2797.0,2755.0
Belarus,Uzbekistan,BLR,UZB,8947.0,8417.0,7924.0,7805.0,7707.0,7636.0,7523.0
Belarus,Dem. People's Republic of Korea,BLR,PRK,53.0,48.0,43.0,42.0,40.0,41.0,39.0
Belarus,Mongolia,BLR,MNG,56.0,93.0,130.0,125.0,119.0,125.0,122.0
Belarus,Republic of Korea,BLR,KOR,8.0,12.0,15.0,15.0,14.0,15.0,13.0
Belarus,Afghanistan,BLR,AFG,34.0,64.0,93.0,89.0,85.0,90.0,87.0
Belarus,India,BLR,IND,3.0,6.0,9.0,9.0,9.0,9.0,7.0
Belarus,Iran (Islamic Republic of),BLR,IRN,3.0,7.0,10.0,10.0,10.0,10.0,8.0
Belarus,Pakistan,BLR,PAK,0.0,0.0,0.0,0.0,0.0,0.0,0.0
Belarus,Viet Nam,BLR,VNM,75.0,138.0,201.0,193.0,184.0,194.0,190.0
Belarus,Armenia,BLR,ARM,2688.0,2534.0,2380.0,2348.0,2315.0,2294.0,2259.0
Belarus,Azerbaijan,BLR,AZE,6692.0,6310.0,5927.0,5846.0,5765.0,5712.0,5627.0
Belarus,Georgia,BLR,GEO,4214.0,3973.0,3731.0,3680.0,3629.0,3596.0,3542.0
Belarus,Israel,BLR,ISR,81.0,148.0,215.0,207.0,198.0,208.0,204.0
Belarus,Jordan,BLR,JOR,0.0,1.0,1.0,1.0,1.0,1.0,0.0
Belarus,Lebanon,BLR,LBN,0.0,0.0,0.0,0.0,0.0,0.0,0.0
Belarus,Syrian Arab Republic,BLR,SYR,0.0,0.0,0.0,0.0,0.0,0.0,0.0
Belarus,Türkiye,BLR,TUR,0.0,1.0,1.0,1.0,1.0,1.0,0.0
Belarus,United Arab Emirates,BLR,ARE,6.0,9.0,12.0,12.0,11.0,12.0,10.0
Belarus,Yemen,BLR,YEM,2.0,4.0,6.0,6.0,6.0,6.0,4.0
Belarus,Bulgaria,BLR,BGR,11.0,21.0,30.0,29.0,27.0,30.0,28.0
Belarus,Czechia,BLR,CZE,44.0,57.0,69.0,66.0,63.0,67.0,65.0
Belarus,Hungary,BLR,HUN,142.0,182.0,221.0,213.0,204.0,214.0,210.0
Belarus,Poland,BLR,POL,102.0,185.0,267.0,257.0,246.0,257.0,252.0
Belarus,Republic of Moldova*,BLR,MDA,4123.0,3887.0,3651.0,3602.0,3552.0,3519.0,3466.0
Belarus,Romania,BLR,ROU,4.0,9.0,13.0,13.0,13.0,13.0,11.0
Belarus,Russian Federation,BLR,RUS,441924.0,416651.0,391378.0,386035.0,380692.0,377195.0,371772.0
Belarus,Slovakia,BLR,SVK,14.0,16.0,18.0,17.0,16.0,18.0,16.0
Belarus,Ukraine*,BLR,UKR,136498.0,128693.0,120887.0,119237.0,117586.0,116506.0,114804.0
Belarus,Denmark*,BLR,DNK,44.0,64.0,84.0,81.0,77.0,81.0,78.0
Belarus,Estonia,BLR,EST,1720.0,1970.0,2220.0,2133.0,2045.0,2139.0,2107.0
Belarus,Finland*,BLR,FIN,475.0,825.0,1174.0,1128.0,1082.0,1132.0,1114.0
Belarus,Ireland,BLR,IRL,9.0,13.0,16.0,16.0,16.0,16.0,14.0
Belarus,Latvia,BLR,LVA,5948.0,6813.0,7677.0,7375.0,7073.0,7399.0,7289.0
Belarus,Lithuania,BLR,LTU,10284.0,11779.0,13273.0,12751.0,12228.0,12793.0,12605.0
Belarus,Norway*,BLR,NOR,19.0,23.0,27.0,26.0,25.0,27.0,25.0
Belarus,Sweden,BLR,SWE,68.0,119.0,169.0,162.0,155.0,163.0,159.0
Belarus,United Kingdom*,BLR,GBR,162.0,231.0,300.0,289.0,277.0,290.0,285.0
Belarus,Greece,BLR,GRC,89.0,83.0,76.0,73.0,70.0,73.0,71.0
Belarus,Italy,BLR,ITA,1.0,2.0,3.0,3.0,3.0,3.0,1.0
Belarus,Serbia*,BLR,SRB,4.0,9.0,13.0,13.0,13.0,13.0,11.0
Belarus,Spain*,BLR,ESP,12.0,16.0,19.0,18.0,17.0,19.0,17.0
Belarus,Austria,BLR,AUT,23.0,33.0,43.0,42.0,40.0,41.0,39.0
Belarus,Belgium,BLR,BEL,8.0,12.0,15.0,15.0,14.0,15.0,13.0
Belarus,Germany,BLR,DEU,11.0,21.0,31.0,30.0,29.0,31.0,29.0
Belarus,Switzerland,BLR,CHE,9.0,13.0,16.0,16.0,16.0,16.0,14.0
Belarus,Cuba,BLR,CUB,1.0,2.0,3.0,3.0,3.0,3.0,1.0
Belarus,Argentina,BLR,ARG,36.0,53.0,69.0,66.0,63.0,67.0,65.0
Belarus,Brazil,BLR,BRA,37.0,54.0,70.0,68.0,65.0,68.0,66.0
Belarus,Uruguay,BLR,URY,14.0,19.0,24.0,23.0,22.0,24.0,22.0
Belarus,Canada,BLR,CAN,41.0,71.0,100.0,96.0,92.0,97.0,94.0
Belarus,United States of America*,BLR,USA,19.0,36.0,52.0,51.0,49.0,50.0,48.0
Belarus,Australia*,BLR,AUS,9.0,13.0,16.0,16.0,16.0,16.0,14.0
Bulgaria,Burundi,BGR,BDI,2.0,3.0,4.0,6.0,8.0,8.0,8.0
Bulgaria,Djibouti,BGR,DJI,0.0,0.0,0.0,0.0,0.0,0.0,0.0
Bulgaria,Eritrea,BGR,ERI,0.0,0.0,0.0,1.0,1.0,1.0,1.0
Bulgaria,Ethiopia,BGR,ETH,2.0,3.0,4.0,6.0,8.0,13.0,19.0
Bulgaria,Kenya,BGR,KEN,1.0,2.0,3.0,5.0,6.0,10.0,16.0
Bulgaria,Madagascar,BGR,MDG,0.0,0.0,0.0,0.0,0.0,0.0,0.0
Bulgaria,Malawi,BGR,MWI,0.0,0.0,0.0,0.0,0.0,0.0,0.0
Bulgaria,Mauritius,BGR,MUS,0.0,0.0,0.0,1.0,1.0,2.0,4.0
Bulgaria,Mozambique,BGR,MOZ,2.0,4.0,5.0,8.0,10.0,14.0,16.0
Bulgaria,Rwanda,BGR,RWA,0.0,0.0,0.0,1.0,1.0,1.0,1.0
Bulgaria,Seychelles,BGR,SYC,0.0,0.0,0.0,0.0,0.0,0.0,1.0
Bulgaria,Somalia,BGR,SOM,0.0,0.0,0.0,0.0,0.0,8.0,11.0
Bulgaria,Uganda,BGR,UGA,0.0,0.0,0.0,1.0,1.0,2.0,3.0
Bulgaria,United Republic of Tanzania,BGR,TZA,0.0,0.0,0.0,0.0,0.0,1.0,1.0
Bulgaria,Zambia,BGR,ZMB,1.0,2.0,3.0,5.0,6.0,5.0,6.0
Bulgaria,Zimbabwe,BGR,ZWE,1.0,3.0,4.0,6.0,8.0,10.0,18.0
Bulgaria,Angola,BGR,AGO,0.0,1.0,2.0,3.0,4.0,6.0,10.0
Bulgaria,Cameroon,BGR,CMR,0.0,0.0,0.0,0.0,0.0,2.0,6.0
Bulgaria,Chad,BGR,TCD,0.0,0.0,0.0,1.0,1.0,1.0,1.0
Bulgaria,Congo,BGR,COG,1.0,2.0,3.0,4.0,5.0,6.0,15.0
Bulgaria,Democratic Republic of the Congo,BGR,COD,1.0,1.0,1.0,2.0,2.0,2.0,2.0
Bulgaria,Gabon,BGR,GAB,2.0,3.0,4.0,6.0,7.0,7.0,5.0
Bulgaria,Algeria,BGR,DZA,9.0,45.0,80.0,124.0,163.0,153.0,177.0
Bulgaria,Egypt,BGR,EGY,7.0,12.0,16.0,22.0,27.0,56.0,96.0
Bulgaria,Libya,BGR,LBY,12.0,29.0,46.0,67.0,87.0,103.0,124.0
Bulgaria,Morocco,BGR,MAR,4.0,10.0,16.0,24.0,31.0,45.0,67.0
Bulgaria,Sudan,BGR,SDN,1.0,2.0,3.0,5.0,6.0,8.0,8.0
Bulgaria,Tunisia,BGR,TUN,1.0,6.0,10.0,15.0,20.0,24.0,38.0
Bulgaria,Botswana,BGR,BWA,2.0,4.0,5.0,8.0,10.0,10.0,10.0
Bulgaria,Eswatini,BGR,SWZ,1.0,2.0,2.0,3.0,3.0,2.0,1.0
Bulgaria,Namibia,BGR,NAM,0.0,0.0,0.0,1.0,1.0,3.0,4.0
Bulgaria,South Africa,BGR,ZAF,6.0,20.0,33.0,50.0,65.0,98.0,167.0
Bulgaria,Benin,BGR,BEN,0.0,3.0,6.0,10.0,13.0,11.0,11.0
Bulgaria,Burkina Faso,BGR,BFA,1.0,2.0,2.0,3.0,4.0,4.0,4.0
Bulgaria,Cabo Verde,BGR,CPV,0.0,1.0,1.0,2.0,2.0,2.0,2.0
Bulgaria,Côte d'Ivoire,BGR,CIV,0.0,0.0,0.0,1.0,1.0,5.0,6.0
Bulgaria,Gambia,BGR,GMB,1.0,2.0,3.0,4.0,5.0,5.0,5.0
Bulgaria,Ghana,BGR,GHA,1.0,2.0,3.0,5.0,6.0,8.0,10.0
Bulgaria,Guinea,BGR,GIN,1.0,1.0,1.0,2.0,2.0,1.0,1.0
Bulgaria,Guinea-Bissau,BGR,GNB,0.0,1.0,1.0,2.0,2.0,2.0,2.0
Bulgaria,Liberia,BGR,LBR,0.0,1.0,1.0,2.0,2.0,1.0,2.0
Bulgaria,Mali,BGR,MLI,0.0,0.0,0.0,1.0,1.0,2.0,2.0
Bulgaria,Mauritania,BGR,MRT,0.0,0.0,0.0,0.0,0.0,0.0,0.0
Bulgaria,Niger,BGR,NER,3.0,2.0,1.0,1.0,0.0,0.0,0.0
Bulgaria,Nigeria,BGR,NGA,3.0,5.0,6.0,9.0,11.0,22.0,63.0
Bulgaria,Senegal,BGR,SEN,1.0,2.0,2.0,3.0,4.0,4.0,4.0
Bulgaria,Sierra Leone,BGR,SLE,0.0,0.0,0.0,0.0,0.0,0.0,0.0
Bulgaria,Togo,BGR,TGO,0.0,0.0,0.0,0.0,1.0,1.0,3.0
Bulgaria,Kazakhstan,BGR,KAZ,63.0,191.0,319.0,476.0,619.0,928.0,1493.0
Bulgaria,Kyrgyzstan,BGR,KGZ,7.0,16.0,25.0,38.0,49.0,104.0,147.0
Bulgaria,Tajikistan,BGR,TJK,4.0,17.0,30.0,46.0,60.0,79.0,103.0
Bulgaria,Turkmenistan,BGR,TKM,7.0,42.0,76.0,118.0,156.0,168.0,201.0
Bulgaria,Uzbekistan,BGR,UZB,17.0,108.0,199.0,308.0,408.0,457.0,610.0
Bulgaria,China,BGR,CHN,151.0,196.0,241.0,309.0,369.0,558.0,808.0
Bulgaria,Dem. People's Republic of Korea,BGR,PRK,0.0,0.0,0.0,9.0,17.0,19.0,23.0
Bulgaria,Japan,BGR,JPN,13.0,22.0,30.0,42.0,52.0,91.0,121.0
Bulgaria,Mongolia,BGR,MNG,12.0,17.0,22.0,30.0,36.0,52.0,64.0
Bulgaria,Republic of Korea,BGR,KOR,14.0,21.0,28.0,21.0,31.0,76.0,122.0
Bulgaria,Afghanistan,BGR,AFG,77.0,70.0,62.0,553.0,505.0,875.0,128.0
Bulgaria,Bangladesh,BGR,BGD,4.0,69.0,134.0,211.0,282.0,243.0,251.0
Bulgaria,Bhutan,BGR,BTN,0.0,3.0,6.0,9.0,12.0,9.0,9.0
Bulgaria,India,BGR,IND,30.0,30.0,30.0,34.0,37.0,85.0,190.0
Bulgaria,Iran (Islamic Republic of),BGR,IRN,12.0,22.0,32.0,46.0,57.0,87.0,141.0
Bulgaria,Maldives,BGR,MDV,0.0,0.0,0.0,1.0,1.0,1.0,0.0
Bulgaria,Nepal,BGR,NPL,0.0,0.0,0.0,0.0,0.0,0.0,5.0
Bulgaria,Pakistan,BGR,PAK,1.0,2.0,3.0,5.0,6.0,52.0,108.0
Bulgaria,Sri Lanka,BGR,LKA,0.0,1.0,1.0,2.0,3.0,2.0,6.0
Bulgaria,Brunei Darussalam,BGR,BRN,0.0,0.0,0.0,0.0,0.0,0.0,0.0
Bulgaria,Cambodia,BGR,KHM,4.0,6.0,7.0,9.0,11.0,11.0,13.0
Bulgaria,Indonesia,BGR,IDN,1.0,4.0,7.0,10.0,13.0,27.0,49.0
Bulgaria,Lao People's Democratic Republic,BGR,LAO,0.0,0.0,0.0,1.0,1.0,1.0,0.0
Bulgaria,Malaysia,BGR,MYS,0.0,0.0,0.0,1.0,1.0,1.0,6.0
Bulgaria,Philippines,BGR,PHL,6.0,12.0,17.0,25.0,31.0,67.0,136.0
Bulgaria,Singapore,BGR,SGP,1.0,2.0,3.0,4.0,5.0,7.0,18.0
Bulgaria,Thailand,BGR,THA,3.0,5.0,7.0,10.0,12.0,28.0,48.0
Bulgaria,Viet Nam,BGR,VNM,102.0,118.0,133.0,161.0,186.0,195.0,278.0
Bulgaria,Armenia,BGR,ARM,602.0,600.0,597.0,656.0,700.0,795.0,993.0
Bulgaria,Azerbaijan,BGR,AZE,4.0,256.0,508.0,804.0,1077.0,964.0,1068.0
Bulgaria,Bahrain,BGR,BHR,0.0,1.0,2.0,3.0,4.0,9.0,14.0
Bulgaria,Cyprus,BGR,CYP,51.0,58.0,65.0,79.0,90.0,422.0,675.0
Bulgaria,Georgia,BGR,GEO,38.0,64.0,90.0,125.0,156.0,209.0,271.0
Bulgaria,Iraq,BGR,IRQ,53.0,70.0,87.0,296.0,547.0,1302.0,418.0
Bulgaria,Israel,BGR,ISR,17.0,41.0,65.0,96.0,123.0,190.0,306.0
Bulgaria,Jordan,BGR,JOR,9.0,12.0,15.0,19.0,23.0,53.0,80.0
Bulgaria,Kuwait,BGR,KWT,1.0,7.0,12.0,18.0,24.0,34.0,72.0
Bulgaria,Lebanon,BGR,LBN,59.0,73.0,87.0,110.0,131.0,184.0,290.0
Bulgaria,Oman,BGR,OMN,0.0,0.0,0.0,0.0,0.0,0.0,0.0
Bulgaria,Qatar,BGR,QAT,0.0,1.0,1.0,2.0,2.0,9.0,18.0
Bulgaria,Saudi Arabia,BGR,SAU,0.0,3.0,6.0,10.0,13.0,19.0,42.0
Bulgaria,State of Palestine,BGR,PSE,0.0,0.0,0.0,0.0,0.0,14.0,31.0
Bulgaria,Syrian Arab Republic,BGR,SYR,85.0,110.0,134.0,172.0,204.0,5376.0,6872.0
Bulgaria,Türkiye,BGR,TUR,274.0,434.0,593.0,810.0,1004.0,2448.0,4947.0
Bulgaria,United Arab Emirates,BGR,ARE,0.0,6.0,11.0,18.0,24.0,66.0,155.0
Bulgaria,Yemen,BGR,YEM,6.0,7.0,7.0,8.0,9.0,12.0,27.0
Bulgaria,Belarus,BGR,BLR,72.0,159.0,246.0,356.0,456.0,556.0,810.0
Bulgaria,Czechia,BGR,CZE,106.0,194.0,282.0,397.0,500.0,614.0,845.0
Bulgaria,Hungary,BGR,HUN,40.0,73.0,106.0,150.0,189.0,188.0,217.0
Bulgaria,Poland,BGR,POL,295.0,390.0,485.0,628.0,754.0,1007.0,1263.0
Bulgaria,Republic of Moldova*,BGR,MDA,346.0,518.0,690.0,928.0,1140.0,1377.0,1912.0
Bulgaria,Romania,BGR,ROU,88.0,841.0,1593.0,2488.0,3307.0,2538.0,2074.0
Bulgaria,Russian Federation,BGR,RUS,5340.0,6940.0,8539.0,10971.0,13106.0,16054.0,22300.0
Bulgaria,Slovakia,BGR,SVK,51.0,83.0,115.0,158.0,196.0,228.0,273.0
Bulgaria,Ukraine*,BGR,UKR,1225.0,1859.0,2492.0,3364.0,4142.0,4752.0,7419.0
Bulgaria,Denmark*,BGR,DNK,3.0,6.0,9.0,13.0,16.0,78.0,241.0
Bulgaria,Estonia,BGR,EST,3.0,11.0,19.0,30.0,39.0,45.0,69.0
Bulgaria,Finland*,BGR,FIN,6.0,10.0,14.0,19.0,24.0,65.0,104.0
Bulgaria,Iceland,BGR,ISL,0.0,15.0,29.0,47.0,62.0,8.0,15.0
Bulgaria,Ireland,BGR,IRL,2.0,3.0,3.0,4.0,4.0,103.0,176.0
Bulgaria,Isle of Man*,BGR,IMN,0.0,0.0,1.0,1.0,2.0,2.0,6.0
Bulgaria,Latvia,BGR,LVA,9.0,27.0,45.0,67.0,88.0,117.0,166.0
Bulgaria,Lithuania,BGR,LTU,8.0,26.0,44.0,66.0,87.0,96.0,114.0
Bulgaria,Norway*,BGR,NOR,1.0,10.0,18.0,29.0,38.0,116.0,262.0
Bulgaria,Sweden,BGR,SWE,6.0,15.0,24.0,36.0,46.0,135.0,250.0
Bulgaria,United Kingdom*,BGR,GBR,14.0,299.0,583.0,920.0,1229.0,2786.0,5643.0
Bulgaria,Albania,BGR,ALB,49.0,151.0,252.0,377.0,490.0,470.0,574.0
Bulgaria,Andorra,BGR,AND,0.0,0.0,0.0,0.0,0.0,0.0,0.0
Bulgaria,Bosnia and Herzegovina,BGR,BIH,7.0,13.0,19.0,28.0,35.0,37.0,53.0
Bulgaria,Croatia,BGR,HRV,7.0,14.0,20.0,29.0,37.0,41.0,52.0
Bulgaria,Gibraltar*,BGR,GIB,1.0,2.0,3.0,5.0,6.0,4.0,7.0
Bulgaria,Greece,BGR,GRC,469.0,870.0,1270.0,1791.0,2260.0,2947.0,3554.0
Bulgaria,Holy See*,BGR,VAT,0.0,0.0,0.0,0.0,0.0,0.0,0.0
Bulgaria,Italy,BGR,ITA,31.0,105.0,178.0,268.0,349.0,1016.0,1593.0
Bulgaria,Malta,BGR,MLT,1.0,5.0,8.0,12.0,15.0,31.0,74.0
Bulgaria,Montenegro,BGR,MNE,3.0,5.0,6.0,9.0,11.0,12.0,18.0
Bulgaria,North Macedonia,BGR,MKD,449.0,568.0,687.0,873.0,1035.0,1115.0,1680.0
Bulgaria,Portugal,BGR,PRT,0.0,10.0,19.0,31.0,42.0,180.0,284.0
Bulgaria,San Marino,BGR,SMR,1.0,2.0,2.0,3.0,3.0,5.0,4.0
Bulgaria,Serbia*,BGR,SRB,295.0,478.0,661.0,864.0,1081.0,1026.0,1489.0
Bulgaria,Slovenia,BGR,SVN,4.0,7.0,9.0,13.0,16.0,40.0,53.0
Bulgaria,Spain*,BGR,ESP,8.0,161.0,314.0,495.0,661.0,2288.0,3507.0
Bulgaria,Austria,BGR,AUT,12.0,27.0,41.0,59.0,75.0,363.0,874.0
Bulgaria,Belgium,BGR,BEL,3.0,38.0,72.0,114.0,152.0,635.0,1229.0
Bulgaria,France*,BGR,FRA,23.0,66.0,108.0,160.0,208.0,739.0,1353.0
Bulgaria,Germany,BGR,DEU,138.0,307.0,475.0,688.0,880.0,2329.0,5933.0
Bulgaria,Liechtenstein,BGR,LIE,0.0,0.0,0.0,1.0,1.0,1.0,1.0
Bulgaria,Luxembourg,BGR,LUX,1.0,2.0,2.0,3.0,3.0,36.0,53.0
Bulgaria,Monaco,BGR,MCO,1.0,1.0,1.0,2.0,2.0,5.0,6.0
Bulgaria,Netherlands*,BGR,NLD,4.0,25.0,46.0,71.0,94.0,412.0,795.0
Bulgaria,Switzerland,BGR,CHE,8.0,21.0,33.0,49.0,62.0,156.0,268.0
Bulgaria,Anguilla*,BGR,AIA,3.0,6.0,8.0,11.0,13.0,10.0,8.0
Bulgaria,Antigua and Barbuda,BGR,ATG,0.0,0.0,0.0,1.0,1.0,1.0,1.0
Bulgaria,Aruba*,BGR,ABW,0.0,0.0,0.0,1.0,1.0,1.0,1.0
Bulgaria,Bahamas,BGR,BHS,0.0,1.0,2.0,3.0,4.0,4.0,3.0
Bulgaria,Barbados,BGR,BRB,1.0,2.0,2.0,3.0,3.0,3.0,3.0
Bulgaria,British Virgin Islands*,BGR,VGB,7.0,11.0,15.0,21.0,26.0,23.0,25.0
Bulgaria,Cayman Islands*,BGR,CYM,0.0,0.0,0.0,1.0,1.0,1.0,2.0
Bulgaria,Cuba,BGR,CUB,14.0,32.0,50.0,73.0,94.0,99.0,115.0
Bulgaria,Dominica,BGR,DMA,0.0,0.0,0.0,0.0,0.0,0.0,0.0
Bulgaria,Dominican Republic,BGR,DOM,3.0,5.0,7.0,10.0,12.0,26.0,31.0
Bulgaria,Haiti,BGR,HTI,0.0,0.0,0.0,1.0,1.0,1.0,1.0
Bulgaria,Jamaica,BGR,JAM,1.0,2.0,2.0,3.0,3.0,3.0,4.0
Bulgaria,Trinidad and Tobago,BGR,TTO,0.0,0.0,0.0,0.0,0.0,0.0,0.0
Bulgaria,Turks and Caicos Islands*,BGR,TCA,0.0,0.0,0.0,0.0,0.0,0.0,0.0
Bulgaria,Belize,BGR,BLZ,0.0,1.0,1.0,2.0,2.0,2.0,0.0
Bulgaria,Costa Rica,BGR,CRI,0.0,0.0,0.0,0.0,0.0,0.0,2.0
Bulgaria,El Salvador,BGR,SLV,1.0,1.0,1.0,2.0,2.0,3.0,3.0
Bulgaria,Guatemala,BGR,GTM,1.0,2.0,3.0,4.0,5.0,2.0,3.0
Bulgaria,Honduras,BGR,HND,0.0,0.0,0.0,1.0,1.0,1.0,4.0
Bulgaria,Mexico,BGR,MEX,1.0,4.0,7.0,10.0,13.0,29.0,48.0
Bulgaria,Nicaragua,BGR,NIC,1.0,2.0,2.0,3.0,3.0,3.0,5.0
Bulgaria,Panama,BGR,PAN,1.0,1.0,0.0,0.0,0.0,1.0,2.0
Bulgaria,Argentina,BGR,ARG,4.0,17.0,29.0,45.0,59.0,55.0,62.0
Bulgaria,Bolivia (Plurinational State of),BGR,BOL,0.0,2.0,4.0,7.0,10.0,7.0,10.0
Bulgaria,Brazil,BGR,BRA,4.0,14.0,24.0,37.0,49.0,76.0,121.0
Bulgaria,Chile,BGR,CHL,1.0,3.0,4.0,6.0,8.0,8.0,11.0
Bulgaria,Colombia,BGR,COL,1.0,3.0,4.0,6.0,8.0,17.0,36.0
Bulgaria,Ecuador,BGR,ECU,0.0,2.0,4.0,6.0,8.0,13.0,20.0
Bulgaria,Guyana,BGR,GUY,0.0,0.0,0.0,1.0,1.0,1.0,1.0
Bulgaria,Paraguay,BGR,PRY,0.0,0.0,0.0,0.0,0.0,0.0,1.0
Bulgaria,Peru,BGR,PER,1.0,3.0,4.0,6.0,7.0,11.0,15.0
Bulgaria,Suriname,BGR,SUR,0.0,0.0,0.0,0.0,0.0,0.0,0.0
Bulgaria,Uruguay,BGR,URY,2.0,3.0,4.0,5.0,6.0,5.0,5.0
Bulgaria,Venezuela (Bolivarian Republic of),BGR,VEN,0.0,3.0,6.0,10.0,13.0,20.0,28.0
Bulgaria,Bermuda*,BGR,BMU,0.0,0.0,0.0,1.0,1.0,1.0,1.0
Bulgaria,Canada,BGR,CAN,6.0,27.0,48.0,74.0,97.0,238.0,351.0
Bulgaria,Greenland*,BGR,GRL,0.0,0.0,0.0,0.0,0.0,0.0,0.0
Bulgaria,United States of America*,BGR,USA,63.0,167.0,271.0,400.0,517.0,1050.0,1573.0
Bulgaria,Australia*,BGR,AUS,4.0,17.0,29.0,45.0,59.0,90.0,131.0
Bulgaria,New Zealand*,BGR,NZL,2.0,4.0,5.0,7.0,9.0,17.0,26.0
Bulgaria,Fiji,BGR,FJI,0.0,0.0,0.0,1.0,1.0,0.0,0.0
Bulgaria,Papua New Guinea,BGR,PNG,0.0,0.0,0.0,0.0,0.0,0.0,0.0
Bulgaria,Vanuatu,BGR,VUT,0.0,0.0,0.0,1.0,1.0,5.0,5.0
Bulgaria,Kiribati,BGR,KIR,0.0,1.0,1.0,2.0,2.0,2.0,2.0
Bulgaria,Marshall Islands,BGR,MHL,0.0,0.0,0.0,0.0,0.0,0.0,0.0
Bulgaria,Nauru,BGR,NRU,0.0,0.0,0.0,0.0,0.0,0.0,0.0
Bulgaria,Samoa,BGR,WSM,1.0,2.0,3.0,4.0,5.0,4.0,4.0
Bulgaria,Tokelau*,BGR,TKL,0.0,0.0,0.0,1.0,1.0,0.0,0.0
Bulgaria,Tonga,BGR,TON,0.0,0.0,0.0,1.0,1.0,1.0,0.0
Bulgaria,Tuvalu,BGR,TUV,1.0,2.0,2.0,3.0,4.0,1.0,0.0
Bulgaria,Wallis and Futuna Islands*,BGR,WLF,0.0,0.0,0.0,0.0,0.0,1.0,0.0
Czechia,Egypt,CZE,EGY,0.0,0.0,32.0,55.0,80.0,122.0,189.0
Czechia,Tunisia,CZE,TUN,0.0,0.0,23.0,43.0,73.0,100.0,133.0
Czechia,Kazakhstan,CZE,KAZ,0.0,0.0,902.0,1698.0,3146.0,3824.0,4571.0
Czechia,Kyrgyzstan,CZE,KGZ,0.0,0.0,59.0,174.0,430.0,555.0,654.0
Czechia,Uzbekistan,CZE,UZB,0.0,0.0,37.0,228.0,637.0,804.0,904.0
Czechia,China,CZE,CHN,0.0,0.0,451.0,993.0,2034.0,2257.0,2291.0
Czechia,Japan,CZE,JPN,0.0,0.0,40.0,249.0,802.0,880.0,827.0
Czechia,Mongolia,CZE,MNG,0.0,0.0,156.0,930.0,2896.0,3159.0,3022.0
Czechia,Republic of Korea,CZE,KOR,0.0,0.0,12.0,127.0,706.0,847.0,817.0
Czechia,India,CZE,IND,0.0,0.0,60.0,161.0,355.0,681.0,1284.0
Czechia,Iran (Islamic Republic of),CZE,IRN,0.0,0.0,56.0,101.0,174.0,277.0,430.0
Czechia,Philippines,CZE,PHL,0.0,0.0,9.0,70.0,279.0,580.0,1124.0
Czechia,Thailand,CZE,THA,0.0,0.0,6.0,86.0,529.0,822.0,1039.0
Czechia,Viet Nam,CZE,VNM,0.0,0.0,4530.0,9560.0,19196.0,18809.0,16591.0
Czechia,Armenia,CZE,ARM,0.0,24.0,373.0,631.0,1041.0,1117.0,1126.0
Czechia,Azerbaijan,CZE,AZE,0.0,0.0,67.0,181.0,417.0,543.0,647.0
Czechia,Georgia,CZE,GEO,0.0,0.0,144.0,287.0,533.0,595.0,617.0
Czechia,Syrian Arab Republic,CZE,SYR,0.0,28.0,59.0,101.0,171.0,279.0,448.0
Czechia,Türkiye,CZE,TUR,0.0,0.0,41.0,141.0,374.0,505.0,617.0
Czechia,Belarus,CZE,BLR,0.0,0.0,718.0,1346.0,2381.0,2989.0,3575.0
Czechia,Bulgaria,CZE,BGR,18.0,867.0,1771.0,2479.0,3425.0,4074.0,4737.0
Czechia,Hungary,CZE,HUN,4265.0,3886.0,3507.0,3138.0,2782.0,2372.0,1985.0
Czechia,Poland,CZE,POL,16571.0,17020.0,17480.0,16462.0,15972.0,14485.0,13104.0
Czechia,Republic of Moldova*,CZE,MDA,0.0,0.0,140.0,917.0,3058.0,3815.0,4117.0
Czechia,Romania,CZE,ROU,6261.0,6487.0,6718.0,6662.0,6567.0,5942.0,5283.0
Czechia,Russian Federation,CZE,RUS,0.0,426.0,7599.0,12021.0,19041.0,21434.0,23286.0
Czechia,Slovakia,CZE,SVK,150740.0,151859.0,153007.0,152536.0,152797.0,142626.0,131837.0
Czechia,Ukraine*,CZE,UKR,0.0,0.0,15798.0,31944.0,58095.0,67121.0,72639.0
Czechia,Ireland,CZE,IRL,0.0,0.0,15.0,48.0,107.0,208.0,384.0
Czechia,United Kingdom*,CZE,GBR,0.0,0.0,434.0,723.0,1106.0,1729.0,2699.0
Czechia,Bosnia and Herzegovina,CZE,BIH,0.0,262.0,583.0,761.0,965.0,1026.0,1062.0
Czechia,Croatia,CZE,HRV,401.0,579.0,758.0,895.0,1053.0,1008.0,937.0
Czechia,Greece,CZE,GRC,982.0,941.0,899.0,841.0,784.0,838.0,913.0
Czechia,Italy,CZE,ITA,0.0,53.0,336.0,426.0,498.0,803.0,1355.0
Czechia,North Macedonia,CZE,MKD,0.0,0.0,100.0,218.0,446.0,572.0,681.0
Czechia,Serbia*,CZE,SRB,0.0,0.0,0.0,0.0,471.0,869.0,1518.0
Czechia,Spain*,CZE,ESP,0.0,0.0,57.0,136.0,278.0,473.0,787.0
Czechia,Austria,CZE,AUT,6595.0,5646.0,4703.0,3172.0,2034.0,1557.0,1230.0
Czechia,Belgium,CZE,BEL,284.0,326.0,368.0,377.0,381.0,404.0,433.0
Czechia,France*,CZE,FRA,1513.0,1748.0,1987.0,2024.0,2025.0,1884.0,1726.0
Czechia,Germany,CZE,DEU,1225.0,3217.0,5246.0,5584.0,5468.0,5139.0,4778.0
Czechia,Netherlands*,CZE,NLD,0.0,0.0,176.0,359.0,672.0,654.0,581.0
Czechia,Switzerland,CZE,CHE,22.0,96.0,169.0,211.0,257.0,330.0,427.0
Czechia,Brazil,CZE,BRA,0.0,0.0,40.0,92.0,191.0,315.0,506.0
Czechia,Canada,CZE,CAN,0.0,95.0,227.0,314.0,424.0,479.0,528.0
Czechia,United States of America*,CZE,USA,0.0,0.0,825.0,1578.0,2876.0,3106.0,3107.0
Hungary,Burundi,HUN,BDI,0.0,0.0,0.0,0.0,0.0,0.0,5.0
Hungary,Comoros,HUN,COM,0.0,0.0,0.0,0.0,0.0,0.0,0.0
Hungary,Djibouti,HUN,DJI,0.0,0.0,0.0,0.0,0.0,1.0,1.0
Hungary,Eritrea,HUN,ERI,0.0,2.0,4.0,5.0,6.0,12.0,15.0
Hungary,Ethiopia,HUN,ETH,5.0,15.0,24.0,29.0,34.0,46.0,65.0
Hungary,Kenya,HUN,KEN,7.0,18.0,28.0,34.0,40.0,49.0,110.0
Hungary,Madagascar,HUN,MDG,1.0,7.0,13.0,16.0,19.0,16.0,20.0
Hungary,Malawi,HUN,MWI,0.0,0.0,0.0,0.0,0.0,2.0,0.0
Hungary,Mauritius,HUN,MUS,12.0,14.0,16.0,19.0,22.0,28.0,36.0
Hungary,Mozambique,HUN,MOZ,1.0,4.0,6.0,7.0,7.0,9.0,13.0
Hungary,Rwanda,HUN,RWA,0.0,3.0,6.0,7.0,8.0,8.0,13.0
Hungary,Seychelles,HUN,SYC,0.0,0.0,0.0,0.0,0.0,4.0,5.0
Hungary,Somalia,HUN,SOM,1.0,30.0,59.0,72.0,85.0,103.0,57.0
Hungary,Uganda,HUN,UGA,0.0,4.0,8.0,11.0,13.0,15.0,37.0
Hungary,United Republic of Tanzania,HUN,TZA,4.0,8.0,12.0,15.0,18.0,21.0,19.0
Hungary,Zambia,HUN,ZMB,2.0,5.0,7.0,10.0,12.0,8.0,15.0
Hungary,Zimbabwe,HUN,ZWE,6.0,8.0,9.0,11.0,13.0,13.0,44.0
Hungary,Angola,HUN,AGO,4.0,12.0,19.0,23.0,27.0,29.0,48.0
Hungary,Cameroon,HUN,CMR,0.0,19.0,38.0,46.0,54.0,59.0,85.0
Hungary,Central African Republic,HUN,CAF,0.0,1.0,2.0,2.0,1.0,1.0,5.0
Hungary,Chad,HUN,TCD,0.0,1.0,1.0,1.0,1.0,0.0,0.0
Hungary,Congo,HUN,COG,0.0,5.0,9.0,11.0,13.0,17.0,14.0
Hungary,Democratic Republic of the Congo,HUN,COD,4.0,5.0,6.0,7.0,8.0,10.0,30.0
Hungary,Equatorial Guinea,HUN,GNQ,0.0,0.0,0.0,0.0,0.0,0.0,1.0
Hungary,Gabon,HUN,GAB,0.0,1.0,2.0,2.0,1.0,3.0,4.0
Hungary,Algeria,HUN,DZA,11.0,64.0,116.0,141.0,166.0,197.0,236.0
Hungary,Egypt,HUN,EGY,31.0,75.0,118.0,143.0,168.0,435.0,758.0
Hungary,Libya,HUN,LBY,184.0,131.0,77.0,95.0,112.0,159.0,131.0
Hungary,Morocco,HUN,MAR,5.0,21.0,36.0,44.0,52.0,67.0,149.0
Hungary,Sudan,HUN,SDN,9.0,18.0,27.0,33.0,38.0,35.0,45.0
Hungary,Tunisia,HUN,TUN,5.0,13.0,21.0,25.0,29.0,60.0,182.0
Hungary,Western Sahara,HUN,ESH,0.0,0.0,0.0,0.0,0.0,0.0,0.0
Hungary,Botswana,HUN,BWA,0.0,1.0,2.0,2.0,2.0,0.0,4.0
Hungary,Eswatini,HUN,SWZ,0.0,0.0,0.0,0.0,0.0,0.0,2.0
Hungary,Lesotho,HUN,LSO,0.0,1.0,1.0,1.0,1.0,0.0,0.0
Hungary,Namibia,HUN,NAM,0.0,1.0,2.0,2.0,2.0,11.0,15.0
Hungary,South Africa,HUN,ZAF,19.0,65.0,110.0,133.0,156.0,150.0,281.0
Hungary,Benin,HUN,BEN,0.0,2.0,3.0,4.0,5.0,2.0,9.0
Hungary,Burkina Faso,HUN,BFA,0.0,0.0,0.0,0.0,0.0,3.0,5.0
Hungary,Cabo Verde,HUN,CPV,0.0,0.0,0.0,0.0,0.0,2.0,8.0
Hungary,Côte d'Ivoire,HUN,CIV,0.0,2.0,4.0,5.0,6.0,9.0,13.0
Hungary,Gambia,HUN,GMB,0.0,2.0,3.0,4.0,5.0,3.0,5.0
Hungary,Ghana,HUN,GHA,7.0,18.0,29.0,35.0,41.0,42.0,105.0
Hungary,Guinea,HUN,GIN,0.0,3.0,5.0,6.0,6.0,6.0,9.0
Hungary,Guinea-Bissau,HUN,GNB,0.0,0.0,0.0,0.0,0.0,0.0,2.0
Hungary,Liberia,HUN,LBR,0.0,4.0,7.0,8.0,9.0,10.0,2.0
Hungary,Mali,HUN,MLI,2.0,2.0,2.0,2.0,2.0,4.0,5.0
Hungary,Mauritania,HUN,MRT,5.0,3.0,0.0,0.0,0.0,0.0,0.0
Hungary,Niger,HUN,NER,2.0,3.0,4.0,5.0,6.0,3.0,2.0
Hungary,Nigeria,HUN,NGA,28.0,145.0,262.0,317.0,374.0,546.0,607.0
Hungary,Senegal,HUN,SEN,1.0,3.0,5.0,6.0,6.0,9.0,16.0
Hungary,Sierra Leone,HUN,SLE,1.0,1.0,1.0,1.0,1.0,1.0,6.0
Hungary,Togo,HUN,TGO,0.0,1.0,2.0,2.0,1.0,5.0,8.0
Hungary,Kazakhstan,HUN,KAZ,240.0,217.0,193.0,233.0,274.0,319.0,535.0
Hungary,Kyrgyzstan,HUN,KGZ,89.0,81.0,72.0,87.0,101.0,99.0,159.0
Hungary,Tajikistan,HUN,TJK,7.0,7.0,6.0,7.0,8.0,9.0,5.0
Hungary,Turkmenistan,HUN,TKM,0.0,0.0,0.0,0.0,0.0,12.0,19.0
Hungary,Uzbekistan,HUN,UZB,58.0,52.0,46.0,56.0,66.0,71.0,90.0
Hungary,China,HUN,CHN,522.0,2048.0,3574.0,4318.0,5088.0,6907.0,8737.0
Hungary,Dem. People's Republic of Korea,HUN,PRK,0.0,0.0,0.0,0.0,0.0,11.0,13.0
Hungary,Japan,HUN,JPN,151.0,307.0,463.0,559.0,657.0,653.0,906.0
Hungary,Mongolia,HUN,MNG,215.0,420.0,625.0,755.0,890.0,636.0,993.0
Hungary,Republic of Korea,HUN,KOR,490.0,441.0,392.0,474.0,559.0,541.0,846.0
Hungary,Afghanistan,HUN,AFG,152.0,179.0,206.0,911.0,686.0,2809.0,553.0
Hungary,Bangladesh,HUN,BGD,8.0,7.0,6.0,7.0,8.0,14.0,48.0
Hungary,Bhutan,HUN,BTN,0.0,0.0,0.0,0.0,0.0,0.0,7.0
Hungary,India,HUN,IND,337.0,304.0,270.0,327.0,386.0,403.0,1047.0
Hungary,Iran (Islamic Republic of),HUN,IRN,675.0,608.0,540.0,653.0,769.0,796.0,1800.0
Hungary,Nepal,HUN,NPL,0.0,7.0,13.0,16.0,19.0,22.0,39.0
Hungary,Pakistan,HUN,PAK,67.0,60.0,53.0,64.0,75.0,942.0,275.0
Hungary,Sri Lanka,HUN,LKA,19.0,17.0,15.0,18.0,21.0,24.0,25.0
Hungary,Brunei Darussalam,HUN,BRN,0.0,0.0,0.0,0.0,0.0,0.0,0.0
Hungary,Cambodia,HUN,KHM,28.0,25.0,22.0,27.0,32.0,21.0,44.0
Hungary,Indonesia,HUN,IDN,111.0,100.0,89.0,108.0,127.0,132.0,235.0
Hungary,Lao People's Democratic Republic,HUN,LAO,16.0,15.0,13.0,16.0,19.0,19.0,50.0
Hungary,Malaysia,HUN,MYS,0.0,22.0,44.0,53.0,62.0,52.0,95.0
Hungary,Myanmar,HUN,MMR,4.0,4.0,3.0,4.0,5.0,5.0,25.0
Hungary,Philippines,HUN,PHL,0.0,70.0,139.0,169.0,199.0,214.0,384.0
Hungary,Singapore,HUN,SGP,39.0,35.0,31.0,38.0,45.0,37.0,46.0
Hungary,Thailand,HUN,THA,555.0,500.0,444.0,537.0,633.0,671.0,1160.0
Hungary,Viet Nam,HUN,VNM,363.0,797.0,1231.0,1487.0,1752.0,1647.0,2506.0
Hungary,Armenia,HUN,ARM,100.0,90.0,80.0,97.0,114.0,94.0,114.0
Hungary,Azerbaijan,HUN,AZE,69.0,62.0,55.0,68.0,80.0,96.0,203.0
Hungary,Bahrain,HUN,BHR,5.0,5.0,5.0,6.0,6.0,6.0,18.0
Hungary,Cyprus,HUN,CYP,133.0,115.0,96.0,116.0,135.0,128.0,138.0
Hungary,Georgia,HUN,GEO,84.0,76.0,67.0,81.0,95.0,102.0,193.0
Hungary,Iraq,HUN,IRQ,228.0,205.0,182.0,397.0,344.0,773.0,466.0
Hungary,Israel,HUN,ISR,236.0,360.0,484.0,585.0,689.0,648.0,759.0
Hungary,Jordan,HUN,JOR,86.0,78.0,69.0,84.0,99.0,102.0,227.0
Hungary,Kuwait,HUN,KWT,51.0,46.0,41.0,50.0,59.0,87.0,133.0
Hungary,Lebanon,HUN,LBN,69.0,62.0,55.0,68.0,80.0,100.0,158.0
Hungary,Oman,HUN,OMN,10.0,9.0,8.0,10.0,12.0,8.0,18.0
Hungary,Qatar,HUN,QAT,12.0,11.0,10.0,12.0,14.0,22.0,49.0
Hungary,Saudi Arabia,HUN,SAU,76.0,69.0,61.0,74.0,87.0,117.0,153.0
Hungary,State of Palestine,HUN,PSE,17.0,16.0,14.0,17.0,20.0,22.0,54.0
Hungary,Syrian Arab Republic,HUN,SYR,268.0,240.0,212.0,256.0,302.0,4916.0,797.0
Hungary,Türkiye,HUN,TUR,214.0,331.0,447.0,540.0,636.0,653.0,977.0
Hungary,United Arab Emirates,HUN,ARE,0.0,28.0,56.0,68.0,80.0,119.0,248.0
Hungary,Yemen,HUN,YEM,69.0,62.0,55.0,67.0,79.0,88.0,115.0
Hungary,Belarus,HUN,BLR,45.0,76.0,107.0,130.0,153.0,133.0,174.0
Hungary,Bulgaria,HUN,BGR,1090.0,939.0,788.0,952.0,1122.0,719.0,722.0
Hungary,Czechia,HUN,CZE,51.0,371.0,690.0,834.0,982.0,895.0,825.0
Hungary,Poland,HUN,POL,2027.0,1935.0,1843.0,2227.0,2624.0,1986.0,2138.0
Hungary,Republic of Moldova*,HUN,MDA,33.0,62.0,91.0,110.0,129.0,127.0,206.0
Hungary,Romania,HUN,ROU,107876.0,93483.0,79089.0,95536.0,112580.0,100798.0,108116.0
Hungary,Russian Federation,HUN,RUS,21162.0,11575.0,1988.0,2402.0,2830.0,2174.0,2796.0
Hungary,Slovakia,HUN,SVK,176.0,4971.0,9765.0,11797.0,13901.0,12575.0,12669.0
Hungary,Ukraine*,HUN,UKR,1689.0,6910.0,12131.0,14615.0,17235.0,21838.0,33869.0
Hungary,Denmark*,HUN,DNK,24.0,65.0,105.0,127.0,149.0,168.0,266.0
Hungary,Estonia,HUN,EST,27.0,46.0,65.0,79.0,93.0,108.0,116.0
Hungary,Faroe Islands*,HUN,FRO,0.0,0.0,0.0,0.0,0.0,0.0,0.0
Hungary,Finland*,HUN,FIN,51.0,151.0,250.0,302.0,355.0,383.0,467.0
Hungary,Iceland,HUN,ISL,6.0,28.0,49.0,59.0,69.0,69.0,82.0
Hungary,Ireland,HUN,IRL,14.0,142.0,270.0,327.0,386.0,548.0,969.0
Hungary,Latvia,HUN,LVA,18.0,46.0,73.0,89.0,105.0,116.0,124.0
Hungary,Lithuania,HUN,LTU,21.0,39.0,57.0,69.0,81.0,104.0,167.0
Hungary,Norway*,HUN,NOR,65.0,279.0,493.0,596.0,702.0,722.0,900.0
Hungary,Sweden,HUN,SWE,146.0,344.0,541.0,654.0,770.0,725.0,831.0
Hungary,United Kingdom*,HUN,GBR,290.0,930.0,1569.0,1895.0,2233.0,3377.0,6887.0
Hungary,Albania,HUN,ALB,62.0,64.0,66.0,80.0,94.0,99.0,145.0
Hungary,Andorra,HUN,AND,0.0,0.0,0.0,0.0,0.0,1.0,0.0
Hungary,Bosnia and Herzegovina,HUN,BIH,154.0,134.0,113.0,137.0,161.0,92.0,145.0
Hungary,Croatia,HUN,HRV,203.0,536.0,868.0,1049.0,1236.0,1032.0,1120.0
Hungary,Greece,HUN,GRC,889.0,679.0,469.0,568.0,669.0,587.0,648.0
Hungary,Italy,HUN,ITA,216.0,603.0,990.0,1196.0,1410.0,1641.0,2261.0
Hungary,Malta,HUN,MLT,0.0,7.0,13.0,16.0,19.0,35.0,81.0
Hungary,Montenegro,HUN,MNE,0.0,5.0,10.0,12.0,14.0,17.0,34.0
Hungary,North Macedonia,HUN,MKD,25576.0,12806.0,36.0,44.0,52.0,64.0,108.0
Hungary,Portugal,HUN,PRT,12.0,51.0,90.0,109.0,128.0,178.0,251.0
Hungary,San Marino,HUN,SMR,0.0,0.0,0.0,0.0,0.0,1.0,1.0
Hungary,Serbia*,HUN,SRB,0.0,4307.0,8613.0,10405.0,12261.0,17658.0,20673.0
Hungary,Slovenia,HUN,SVN,43.0,92.0,140.0,170.0,200.0,192.0,208.0
Hungary,Spain*,HUN,ESP,30.0,219.0,408.0,493.0,581.0,865.0,1230.0
Hungary,Austria,HUN,AUT,2893.0,2740.0,2586.0,3124.0,3681.0,3999.0,5104.0
Hungary,Belgium,HUN,BEL,55.0,303.0,551.0,666.0,784.0,892.0,1183.0
Hungary,France*,HUN,FRA,996.0,1127.0,1257.0,1519.0,1790.0,1889.0,2198.0
Hungary,Germany,HUN,DEU,10230.0,10696.0,11161.0,13483.0,15887.0,13800.0,16820.0
Hungary,Liechtenstein,HUN,LIE,0.0,2.0,3.0,4.0,5.0,1.0,1.0
Hungary,Luxembourg,HUN,LUX,2.0,23.0,44.0,53.0,62.0,76.0,131.0
Hungary,Monaco,HUN,MCO,0.0,1.0,2.0,2.0,1.0,2.0,4.0
Hungary,Netherlands*,HUN,NLD,101.0,439.0,777.0,939.0,1107.0,1323.0,1806.0
Hungary,Switzerland,HUN,CHE,81.0,398.0,715.0,864.0,1017.0,1149.0,1667.0
Hungary,Antigua and Barbuda,HUN,ATG,0.0,0.0,0.0,0.0,0.0,1.0,0.0
Hungary,Aruba*,HUN,ABW,0.0,0.0,0.0,0.0,0.0,0.0,0.0
Hungary,Bahamas,HUN,BHS,0.0,1.0,2.0,2.0,2.0,2.0,2.0
Hungary,Barbados,HUN,BRB,0.0,1.0,2.0,2.0,2.0,2.0,3.0
Hungary,Cayman Islands*,HUN,CYM,0.0,0.0,0.0,0.0,0.0,1.0,2.0
Hungary,Cuba,HUN,CUB,166.0,205.0,243.0,294.0,347.0,293.0,323.0
Hungary,Dominica,HUN,DMA,0.0,0.0,0.0,0.0,0.0,0.0,0.0
Hungary,Dominican Republic,HUN,DOM,0.0,6.0,11.0,13.0,15.0,16.0,32.0
Hungary,Grenada,HUN,GRD,0.0,1.0,2.0,2.0,1.0,1.0,2.0
Hungary,Haiti,HUN,HTI,0.0,0.0,0.0,0.0,0.0,3.0,6.0
Hungary,Jamaica,HUN,JAM,1.0,4.0,7.0,8.0,9.0,12.0,16.0
Hungary,Saint Kitts and Nevis,HUN,KNA,9.0,6.0,2.0,2.0,1.0,0.0,0.0
Hungary,Saint Lucia,HUN,LCA,0.0,0.0,0.0,0.0,0.0,0.0,0.0
Hungary,Saint Vincent and the Grenadines,HUN,VCT,0.0,1.0,2.0,2.0,2.0,2.0,1.0
Hungary,Trinidad and Tobago,HUN,TTO,0.0,3.0,6.0,7.0,8.0,6.0,6.0
Hungary,Belize,HUN,BLZ,0.0,0.0,0.0,0.0,0.0,1.0,1.0
Hungary,Costa Rica,HUN,CRI,1.0,4.0,7.0,8.0,9.0,21.0,45.0
Hungary,El Salvador,HUN,SLV,5.0,6.0,6.0,7.0,8.0,10.0,11.0
Hungary,Guatemala,HUN,GTM,4.0,6.0,7.0,8.0,9.0,7.0,14.0
Hungary,Honduras,HUN,HND,0.0,2.0,3.0,4.0,5.0,3.0,6.0
Hungary,Mexico,HUN,MEX,9.0,75.0,140.0,170.0,200.0,191.0,318.0
Hungary,Nicaragua,HUN,NIC,2.0,5.0,7.0,10.0,12.0,9.0,12.0
Hungary,Panama,HUN,PAN,1.0,4.0,6.0,7.0,8.0,15.0,14.0
Hungary,Argentina,HUN,ARG,12.0,59.0,105.0,127.0,149.0,160.0,188.0
Hungary,Bolivia (Plurinational State of),HUN,BOL,1.0,6.0,11.0,13.0,15.0,15.0,17.0
Hungary,Brazil,HUN,BRA,42.0,102.0,162.0,197.0,232.0,657.0,629.0
Hungary,Chile,HUN,CHL,42.0,47.0,52.0,63.0,74.0,65.0,102.0
Hungary,Colombia,HUN,COL,13.0,39.0,65.0,79.0,93.0,102.0,171.0
Hungary,Ecuador,HUN,ECU,8.0,19.0,29.0,35.0,41.0,44.0,94.0
Hungary,Falkland Islands (Malvinas)*,HUN,FLK,0.0,0.0,0.0,0.0,0.0,0.0,1.0
Hungary,Guyana,HUN,GUY,1.0,1.0,1.0,1.0,1.0,2.0,4.0
Hungary,Paraguay,HUN,PRY,1.0,5.0,8.0,10.0,12.0,9.0,10.0
Hungary,Peru,HUN,PER,24.0,49.0,74.0,90.0,105.0,96.0,126.0
Hungary,Suriname,HUN,SUR,0.0,0.0,0.0,0.0,0.0,3.0,5.0
Hungary,Uruguay,HUN,URY,33.0,30.0,26.0,32.0,38.0,33.0,32.0
Hungary,Venezuela (Bolivarian Republic of),HUN,VEN,77.0,70.0,62.0,75.0,87.0,97.0,426.0
Hungary,Bermuda*,HUN,BMU,0.0,1.0,1.0,1.0,1.0,1.0,1.0
Hungary,Canada,HUN,CAN,126.0,411.0,696.0,841.0,990.0,1068.0,1336.0
Hungary,Greenland*,HUN,GRL,0.0,0.0,0.0,0.0,0.0,0.0,0.0
Hungary,United States of America*,HUN,USA,1643.0,2058.0,2473.0,2987.0,3520.0,3529.0,4372.0
Hungary,Australia*,HUN,AUS,413.0,372.0,331.0,401.0,473.0,440.0,566.0
Hungary,New Zealand*,HUN,NZL,0.0,28.0,55.0,67.0,79.0,76.0,109.0
Hungary,Fiji,HUN,FJI,0.0,0.0,0.0,0.0,0.0,2.0,1.0
Hungary,New Caledonia*,HUN,NCL,0.0,0.0,0.0,0.0,0.0,1.0,1.0
Hungary,Papua New Guinea,HUN,PNG,0.0,1.0,1.0,1.0,1.0,4.0,3.0
Hungary,Vanuatu,HUN,VUT,0.0,0.0,0.0,0.0,0.0,1.0,0.0
Hungary,Kiribati,HUN,KIR,0.0,0.0,0.0,0.0,0.0,0.0,0.0
Hungary,Nauru,HUN,NRU,0.0,0.0,0.0,0.0,0.0,2.0,0.0
Hungary,Samoa,HUN,WSM,0.0,0.0,0.0,0.0,0.0,2.0,1.0
Hungary,Tonga,HUN,TON,0.0,0.0,0.0,0.0,0.0,0.0,2.0
Poland,Algeria,POL,DZA,82.0,95.0,111.0,108.0,93.0,110.0,135.0
Poland,Egypt,POL,EGY,17.0,28.0,46.0,70.0,102.0,270.0,740.0
Poland,Libya,POL,LBY,105.0,113.0,122.0,105.0,81.0,106.0,153.0
Poland,Morocco,POL,MAR,20.0,27.0,37.0,48.0,58.0,68.0,78.0
Poland,Tunisia,POL,TUN,8.0,13.0,21.0,33.0,46.0,67.0,97.0
Poland,South Africa,POL,ZAF,69.0,91.0,118.0,148.0,179.0,233.0,307.0
Poland,Nigeria,POL,NGA,11.0,17.0,26.0,23.0,15.0,35.0,100.0
Poland,Kazakhstan,POL,KAZ,1081.0,1352.0,1690.0,2152.0,2768.0,3423.0,4225.0
Poland,Uzbekistan,POL,UZB,115.0,152.0,201.0,282.0,397.0,492.0,560.0
Poland,China,POL,CHN,225.0,260.0,301.0,503.0,1000.0,797.0,554.0
Poland,Japan,POL,JPN,57.0,75.0,99.0,184.0,390.0,381.0,322.0
Poland,Mongolia,POL,MNG,50.0,63.0,78.0,136.0,266.0,263.0,233.0
Poland,India,POL,IND,31.0,48.0,72.0,151.0,369.0,372.0,326.0
Poland,Iran (Islamic Republic of),POL,IRN,20.0,26.0,33.0,50.0,80.0,93.0,103.0
Poland,Viet Nam,POL,VNM,393.0,472.0,568.0,833.0,1340.0,1410.0,1386.0
Poland,Armenia,POL,ARM,105.0,170.0,274.0,522.0,1076.0,1175.0,1164.0
Poland,Azerbaijan,POL,AZE,87.0,107.0,132.0,141.0,138.0,181.0,249.0
Poland,Georgia,POL,GEO,106.0,131.0,161.0,198.0,243.0,316.0,411.0
Poland,Iraq,POL,IRQ,39.0,45.0,51.0,77.0,128.0,146.0,157.0
Poland,Israel,POL,ISR,85.0,99.0,114.0,117.0,113.0,165.0,257.0
Poland,Lebanon,POL,LBN,50.0,56.0,63.0,61.0,54.0,77.0,117.0
Poland,Syrian Arab Republic,POL,SYR,51.0,61.0,72.0,87.0,105.0,153.0,230.0
Poland,Türkiye,POL,TUR,63.0,93.0,136.0,203.0,295.0,348.0,400.0
Poland,Belarus,POL,BLR,83462.0,73919.0,65467.0,59953.0,54479.0,47836.0,41144.0
Poland,Bulgaria,POL,BGR,453.0,551.0,671.0,868.0,1170.0,1213.0,1209.0
Poland,Czechia,POL,CZE,4017.0,3892.0,3770.0,3301.0,2841.0,2895.0,3052.0
Poland,Hungary,POL,HUN,1108.0,961.0,831.0,759.0,695.0,798.0,952.0
Poland,Republic of Moldova*,POL,MDA,94.0,131.0,184.0,250.0,344.0,442.0,569.0
Poland,Romania,POL,ROU,2747.0,2388.0,2069.0,1853.0,1681.0,1299.0,950.0
Poland,Russian Federation,POL,RUS,63902.0,49402.0,38193.0,32485.0,28533.0,20351.0,13894.0
Poland,Slovakia,POL,SVK,766.0,821.0,879.0,876.0,880.0,955.0,1079.0
Poland,Ukraine*,POL,UKR,267875.0,230888.0,199008.0,175263.0,152339.0,131363.0,111212.0
Poland,Denmark*,POL,DNK,174.0,255.0,373.0,403.0,371.0,657.0,1305.0
Poland,Finland*,POL,FIN,53.0,72.0,96.0,125.0,153.0,218.0,304.0
Poland,Iceland,POL,ISL,3.0,5.0,9.0,27.0,106.0,292.0,763.0
Poland,Ireland,POL,IRL,0.0,0.0,0.0,268.0,1686.0,4735.0,10370.0
Poland,Latvia,POL,LVA,1762.0,1584.0,1424.0,1280.0,1141.0,1040.0,953.0
Poland,Lithuania,POL,LTU,93161.0,70488.0,53333.0,43709.0,36773.0,26876.0,19108.0
Poland,Norway*,POL,NOR,43.0,70.0,113.0,227.0,503.0,1379.0,3946.0
Poland,Sweden,POL,SWE,113.0,183.0,297.0,348.0,342.0,834.0,2308.0
Poland,United Kingdom*,POL,GBR,865.0,982.0,1113.0,2328.0,7050.0,19614.0,54151.0
Poland,Bosnia and Herzegovina,POL,BIH,2739.0,2303.0,1937.0,2023.0,2257.0,1608.0,1046.0
Poland,Croatia,POL,HRV,456.0,452.0,449.0,408.0,350.0,287.0,232.0
Poland,Greece,POL,GRC,738.0,905.0,1109.0,1219.0,1279.0,1824.0,2752.0
Poland,Italy,POL,ITA,787.0,1190.0,1798.0,2436.0,3109.0,5156.0,8882.0
Poland,North Macedonia,POL,MKD,55.0,61.0,69.0,88.0,119.0,113.0,101.0
Poland,Serbia*,POL,SRB,713.0,633.0,561.0,498.0,442.0,372.0,312.0
Poland,Spain*,POL,ESP,158.0,256.0,413.0,750.0,1433.0,2411.0,3976.0
Poland,Austria,POL,AUT,1641.0,1894.0,2186.0,2090.0,1846.0,2507.0,3687.0
Poland,Belgium,POL,BEL,613.0,894.0,1303.0,1515.0,1585.0,2782.0,5347.0
Poland,France*,POL,FRA,22027.0,20856.0,19740.0,17868.0,15717.0,15040.0,14573.0
Poland,Germany,POL,DEU,62058.0,60921.0,59805.0,52028.0,43070.0,45839.0,51063.0
Poland,Luxembourg,POL,LUX,34.0,46.0,62.0,91.0,128.0,159.0,176.0
Poland,Netherlands*,POL,NLD,118.0,191.0,308.0,480.0,726.0,1776.0,4612.0
Poland,Switzerland,POL,CHE,194.0,225.0,260.0,284.0,297.0,582.0,1267.0
Poland,Cuba,POL,CUB,50.0,55.0,60.0,69.0,81.0,88.0,94.0
Poland,Mexico,POL,MEX,22.0,32.0,48.0,71.0,101.0,141.0,198.0
Poland,Argentina,POL,ARG,40.0,55.0,75.0,96.0,121.0,122.0,118.0
Poland,Brazil,POL,BRA,60.0,83.0,115.0,135.0,137.0,196.0,295.0
Poland,Canada,POL,CAN,572.0,645.0,727.0,778.0,809.0,1332.0,2354.0
Poland,United States of America*,POL,USA,2766.0,3683.0,4903.0,5375.0,5323.0,7878.0,12511.0
Poland,Australia*,POL,AUS,149.0,201.0,270.0,301.0,304.0,489.0,841.0
Republic of Moldova*,Kazakhstan,MDA,KAZ,10234.0,7272.0,5162.0,3695.0,2968.0,2342.0,1737.0
Republic of Moldova*,Kyrgyzstan,MDA,KGZ,810.0,570.0,405.0,284.0,205.0,134.0,56.0
Republic of Moldova*,Tajikistan,MDA,TJK,587.0,412.0,290.0,208.0,157.0,117.0,82.0
Republic of Moldova*,Turkmenistan,MDA,TKM,875.0,649.0,481.0,350.0,249.0,164.0,97.0
Republic of Moldova*,Uzbekistan,MDA,UZB,2600.0,1668.0,1073.0,690.0,485.0,321.0,158.0
Republic of Moldova*,Armenia,MDA,ARM,469.0,402.0,345.0,298.0,234.0,167.0,111.0
Republic of Moldova*,Azerbaijan,MDA,AZE,1307.0,928.0,665.0,478.0,366.0,266.0,172.0
Republic of Moldova*,Georgia,MDA,GEO,3328.0,1764.0,945.0,529.0,363.0,232.0,105.0
Republic of Moldova*,Israel,MDA,ISR,8.0,7.0,6.0,49.0,86.0,126.0,146.0
Republic of Moldova*,Syrian Arab Republic,MDA,SYR,1.0,1.0,3.0,22.0,38.0,178.0,214.0
Republic of Moldova*,Türkiye,MDA,TUR,4.0,4.0,28.0,93.0,150.0,232.0,343.0
Republic of Moldova*,Belarus,MDA,BLR,7968.0,5507.0,3814.0,2628.0,1859.0,1211.0,517.0
Republic of Moldova*,Bulgaria,MDA,BGR,88.0,83.0,78.0,71.0,63.0,55.0,48.0
Republic of Moldova*,Hungary,MDA,HUN,221.0,186.0,152.0,118.0,80.0,50.0,20.0
Republic of Moldova*,Poland,MDA,POL,270.0,222.0,177.0,134.0,91.0,57.0,24.0
Republic of Moldova*,Romania,MDA,ROU,1028.0,995.0,954.0,905.0,847.0,781.0,743.0
Republic of Moldova*,Russian Federation,MDA,RUS,129238.0,91023.0,64258.0,44928.0,32378.0,22021.0,11446.0
Republic of Moldova*,Ukraine*,MDA,UKR,135595.0,94753.0,66523.0,46839.0,33872.0,23062.0,11618.0
Republic of Moldova*,Estonia,MDA,EST,269.0,200.0,150.0,110.0,78.0,51.0,24.0
Republic of Moldova*,Ireland,MDA,IRL,11.0,10.0,9.0,33.0,61.0,96.0,108.0
Republic of Moldova*,Latvia,MDA,LVA,460.0,362.0,286.0,216.0,145.0,86.0,23.0
Republic of Moldova*,Lithuania,MDA,LTU,507.0,383.0,290.0,228.0,212.0,200.0,185.0
Republic of Moldova*,United Kingdom*,MDA,GBR,1.0,2.0,3.0,12.0,38.0,95.0,155.0
Republic of Moldova*,Greece,MDA,GRC,5.0,5.0,5.0,49.0,112.0,218.0,310.0
Republic of Moldova*,Italy,MDA,ITA,6.0,6.0,7.0,202.0,678.0,1702.0,2421.0
Republic of Moldova*,Portugal,MDA,PRT,4.0,5.0,5.0,67.0,172.0,362.0,530.0
Republic of Moldova*,Spain*,MDA,ESP,6.0,6.0,6.0,23.0,76.0,207.0,302.0
Republic of Moldova*,France*,MDA,FRA,6.0,6.0,7.0,38.0,101.0,227.0,319.0
Republic of Moldova*,Germany,MDA,DEU,1012.0,854.0,708.0,566.0,426.0,310.0,206.0
Republic of Moldova*,Canada,MDA,CAN,3.0,4.0,4.0,4.0,20.0,72.0,116.0
Republic of Moldova*,United States of America*,MDA,USA,4.0,5.0,5.0,24.0,52.0,97.0,137.0
Romania,China,ROU,CHN,0.0,29.0,374.0,899.0,916.0,934.0,951.0
Romania,Iran (Islamic Republic of),ROU,IRN,121.0,130.0,139.0,148.0,157.0,166.0,174.0
Romania,Iraq,ROU,IRQ,257.0,262.0,266.0,271.0,276.0,281.0,285.0
Romania,Israel,ROU,ISR,0.0,53.0,147.0,242.0,374.0,528.0,692.0
Romania,Syrian Arab Republic,ROU,SYR,0.0,45.0,1021.0,1553.0,551.0,614.0,1014.0
Romania,Türkiye,ROU,TUR,131.0,266.0,436.0,633.0,898.0,1155.0,1433.0
Romania,Bulgaria,ROU,BGR,14262.0,12788.0,11478.0,9298.0,7183.0,5475.0,4151.0
Romania,Hungary,ROU,HUN,6737.0,5194.0,3892.0,3361.0,3069.0,3492.0,4297.0
Romania,Poland,ROU,POL,362.0,310.0,264.0,220.0,175.0,131.0,88.0
Romania,Republic of Moldova*,ROU,MDA,34227.0,29256.0,24729.0,23010.0,22469.0,27825.0,35808.0
Romania,Russian Federation,ROU,RUS,0.0,506.0,2842.0,4406.0,3526.0,2802.0,2222.0
Romania,Ukraine*,ROU,UKR,9739.0,9042.0,8374.0,6868.0,5261.0,6185.0,7900.0
Romania,Denmark*,ROU,DNK,33.0,29.0,25.0,21.0,18.0,14.0,11.0
Romania,Finland*,ROU,FIN,62.0,64.0,65.0,65.0,64.0,62.0,60.0
Romania,Ireland,ROU,IRL,0.0,0.0,0.0,51.0,130.0,326.0,816.0
Romania,Sweden,ROU,SWE,125.0,78.0,46.0,22.0,3.0,0.0,0.0
Romania,United Kingdom*,ROU,GBR,20.0,75.0,131.0,309.0,852.0,3132.0,12750.0
Romania,Albania,ROU,ALB,339.0,348.0,356.0,364.0,372.0,379.0,385.0
Romania,Greece,ROU,GRC,2642.0,2384.0,2138.0,1953.0,1800.0,2220.0,3020.0
Romania,Italy,ROU,ITA,119.0,368.0,509.0,1505.0,6531.0,15193.0,28916.0
Romania,North Macedonia,ROU,MKD,2080.0,937.0,363.0,0.0,0.0,0.0,0.0
Romania,Portugal,ROU,PRT,23.0,35.0,48.0,92.0,209.0,473.0,1071.0
Romania,Spain*,ROU,ESP,60.0,77.0,92.0,433.0,4156.0,13028.0,27812.0
Romania,Austria,ROU,AUT,459.0,359.0,276.0,363.0,631.0,1096.0,1903.0
Romania,Belgium,ROU,BEL,184.0,146.0,113.0,175.0,389.0,865.0,1924.0
Romania,France*,ROU,FRA,211.0,286.0,357.0,607.0,1218.0,2244.0,4007.0
Romania,Germany,ROU,DEU,1092.0,1108.0,1109.0,1265.0,1545.0,2817.0,5897.0
Romania,Netherlands*,ROU,NLD,16.0,46.0,81.0,105.0,110.0,107.0,99.0
Romania,United States of America*,ROU,USA,287.0,534.0,744.0,892.0,1035.0,1669.0,3018.0
Russian Federation,Egypt,RUS,EGY,763.0,717.0,646.0,488.0,290.0,630.0,1251.0
Russian Federation,Kazakhstan,RUS,KAZ,1196673.0,1296891.0,1349590.0,1364090.0,1331439.0,1089741.0,878820.0
Russian Federation,Kyrgyzstan,RUS,KGZ,220840.0,232512.0,235666.0,269148.0,289820.0,246097.0,204202.0
Russian Federation,Tajikistan,RUS,TJK,216308.0,191940.0,160539.0,175453.0,183304.0,179001.0,173621.0
Russian Federation,Turkmenistan,RUS,TKM,84503.0,87903.0,88084.0,92429.0,93115.0,74613.0,58521.0
Russian Federation,Uzbekistan,RUS,UZB,453721.0,460514.0,450223.0,497620.0,523040.0,468441.0,413122.0
Russian Federation,China,RUS,CHN,34329.0,30308.0,25177.0,24914.0,24205.0,16057.0,10505.0
Russian Federation,Dem. People's Republic of Korea,RUS,PRK,4940.0,4258.0,3421.0,2922.0,2392.0,1162.0,544.0
Russian Federation,Mongolia,RUS,MNG,10767.0,11853.0,12506.0,12056.0,11402.0,7751.0,5204.0
Russian Federation,Republic of Korea,RUS,KOR,1026.0,981.0,901.0,1222.0,1517.0,1196.0,939.0
Russian Federation,Afghanistan,RUS,AFG,9729.0,5765.0,1590.0,1393.0,1165.0,970.0,804.0
Russian Federation,India,RUS,IND,4992.0,3048.0,994.0,1216.0,1386.0,1552.0,1735.0
Russian Federation,Iran (Islamic Republic of),RUS,IRN,1577.0,1238.0,854.0,775.0,681.0,532.0,413.0
Russian Federation,Viet Nam,RUS,VNM,16425.0,11915.0,6970.0,6048.0,5019.0,3447.0,2340.0
Russian Federation,Armenia,RUS,ARM,272605.0,241177.0,200912.0,215716.0,221797.0,195431.0,169515.0
Russian Federation,Azerbaijan,RUS,AZE,477127.0,423965.0,355269.0,348414.0,330363.0,251401.0,187944.0
Russian Federation,Georgia,RUS,GEO,334545.0,315290.0,284484.0,246947.0,204118.0,143421.0,99765.0
Russian Federation,Iraq,RUS,IRQ,725.0,481.0,221.0,203.0,179.0,193.0,208.0
Russian Federation,Israel,RUS,ISR,1447.0,1179.0,869.0,1250.0,1595.0,1432.0,1284.0
Russian Federation,Syrian Arab Republic,RUS,SYR,2783.0,1673.0,502.0,505.0,488.0,567.0,658.0
Russian Federation,Türkiye,RUS,TUR,6637.0,4504.0,2206.0,2184.0,2096.0,2031.0,1967.0
Russian Federation,Belarus,RUS,BLR,412194.0,469619.0,509837.0,473157.0,423645.0,305505.0,216855.0
Russian Federation,Bulgaria,RUS,BGR,5480.0,4403.0,3165.0,2525.0,1832.0,1421.0,1096.0
Russian Federation,Czechia,RUS,CZE,6982.0,7050.0,6861.0,6252.0,5514.0,4261.0,3273.0
Russian Federation,Hungary,RUS,HUN,9287.0,9357.0,9086.0,8765.0,8267.0,6259.0,4706.0
Russian Federation,Poland,RUS,POL,15958.0,16850.0,17126.0,16225.0,15026.0,10711.0,7560.0
Russian Federation,Republic of Moldova*,RUS,MDA,149123.0,139108.0,123997.0,130920.0,132582.0,112082.0,93023.0
Russian Federation,Romania,RUS,ROU,2005.0,2257.0,2428.0,2310.0,2149.0,1554.0,1113.0
Russian Federation,Ukraine*,RUS,UKR,1681629.0,1790184.0,1833145.0,1736026.0,1590208.0,1248683.0,969367.0
Russian Federation,Estonia,RUS,EST,31800.0,33811.0,34585.0,33059.0,30428.0,23518.0,17862.0
Russian Federation,Finland*,RUS,FIN,885.0,1005.0,1090.0,1141.0,1167.0,966.0,797.0
Russian Federation,Latvia,RUS,LVA,48754.0,51425.0,52213.0,49971.0,46062.0,35645.0,27111.0
Russian Federation,Lithuania,RUS,LTU,42214.0,43231.0,42665.0,40251.0,36718.0,26947.0,19495.0
Russian Federation,United Kingdom*,RUS,GBR,458.0,402.0,333.0,547.0,746.0,662.0,586.0
Russian Federation,Greece,RUS,GRC,1017.0,947.0,844.0,840.0,806.0,878.0,956.0
Russian Federation,Italy,RUS,ITA,519.0,449.0,364.0,542.0,699.0,734.0,771.0
Russian Federation,Spain*,RUS,ESP,428.0,418.0,394.0,517.0,621.0,672.0,728.0
Russian Federation,Austria,RUS,AUT,1923.0,1962.0,1931.0,1741.0,1516.0,1154.0,872.0
Russian Federation,France*,RUS,FRA,751.0,723.0,670.0,900.0,1104.0,1024.0,949.0
Russian Federation,Germany,RUS,DEU,73793.0,75322.0,74092.0,72962.0,70331.0,53655.0,40667.0
Russian Federation,Cuba,RUS,CUB,1369.0,1130.0,850.0,853.0,834.0,736.0,650.0
Russian Federation,United States of America*,RUS,USA,1567.0,1468.0,1317.0,1693.0,2000.0,2151.0,2312.0
Slovakia,Burundi,SVK,BDI,0.0,0.0,0.0,0.0,0.0,1.0,1.0
Slovakia,Ethiopia,SVK,ETH,1.0,2.0,5.0,6.0,7.0,9.0,14.0
Slovakia,Kenya,SVK,KEN,0.0,3.0,9.0,10.0,11.0,14.0,15.0
Slovakia,Madagascar,SVK,MDG,0.0,1.0,1.0,1.0,2.0,8.0,9.0
Slovakia,Malawi,SVK,MWI,0.0,0.0,0.0,0.0,0.0,1.0,1.0
Slovakia,Mauritius,SVK,MUS,0.0,0.0,1.0,1.0,1.0,5.0,10.0
Slovakia,Mozambique,SVK,MOZ,0.0,0.0,0.0,0.0,0.0,0.0,0.0
Slovakia,Rwanda,SVK,RWA,0.0,0.0,0.0,0.0,0.0,1.0,0.0
Slovakia,Seychelles,SVK,SYC,0.0,0.0,0.0,0.0,0.0,3.0,3.0
Slovakia,Somalia,SVK,SOM,0.0,0.0,1.0,1.0,1.0,6.0,8.0
Slovakia,Uganda,SVK,UGA,0.0,0.0,1.0,1.0,1.0,5.0,7.0
Slovakia,United Republic of Tanzania,SVK,TZA,0.0,0.0,0.0,0.0,0.0,0.0,0.0
Slovakia,Zambia,SVK,ZMB,0.0,0.0,0.0,0.0,0.0,2.0,3.0
Slovakia,Zimbabwe,SVK,ZWE,0.0,0.0,0.0,0.0,0.0,3.0,4.0
Slovakia,Angola,SVK,AGO,2.0,1.0,1.0,2.0,2.0,4.0,5.0
Slovakia,Cameroon,SVK,CMR,0.0,0.0,0.0,0.0,0.0,2.0,3.0
Slovakia,Central African Republic,SVK,CAF,0.0,0.0,0.0,0.0,0.0,1.0,1.0
Slovakia,Chad,SVK,TCD,3.0,26.0,58.0,65.0,72.0,79.0,76.0
Slovakia,Congo,SVK,COG,0.0,2.0,5.0,6.0,7.0,9.0,9.0
Slovakia,Democratic Republic of the Congo,SVK,COD,0.0,0.0,0.0,0.0,0.0,3.0,3.0
Slovakia,Sao Tome and Principe,SVK,STP,0.0,0.0,0.0,0.0,0.0,0.0,0.0
Slovakia,Algeria,SVK,DZA,2.0,5.0,11.0,13.0,14.0,17.0,20.0
Slovakia,Egypt,SVK,EGY,1.0,2.0,5.0,6.0,6.0,10.0,14.0
Slovakia,Libya,SVK,LBY,1.0,3.0,8.0,9.0,10.0,13.0,26.0
Slovakia,Morocco,SVK,MAR,1.0,2.0,5.0,6.0,6.0,8.0,14.0
Slovakia,Sudan,SVK,SDN,0.0,0.0,0.0,0.0,0.0,2.0,2.0
Slovakia,Tunisia,SVK,TUN,1.0,3.0,7.0,8.0,9.0,11.0,16.0
Slovakia,Botswana,SVK,BWA,0.0,0.0,0.0,0.0,0.0,4.0,2.0
Slovakia,Eswatini,SVK,SWZ,0.0,0.0,0.0,0.0,0.0,0.0,0.0
Slovakia,Lesotho,SVK,LSO,0.0,0.0,0.0,0.0,0.0,3.0,3.0
Slovakia,Namibia,SVK,NAM,0.0,0.0,0.0,0.0,0.0,0.0,0.0
Slovakia,South Africa,SVK,ZAF,2.0,10.0,23.0,26.0,29.0,33.0,44.0
Slovakia,Benin,SVK,BEN,0.0,0.0,0.0,0.0,0.0,1.0,1.0
Slovakia,Burkina Faso,SVK,BFA,0.0,0.0,0.0,0.0,0.0,0.0,0.0
Slovakia,Côte d'Ivoire,SVK,CIV,0.0,0.0,0.0,0.0,0.0,2.0,2.0
Slovakia,Gambia,SVK,GMB,0.0,0.0,0.0,0.0,0.0,0.0,0.0
Slovakia,Ghana,SVK,GHA,0.0,0.0,2.0,3.0,3.0,5.0,7.0
Slovakia,Guinea,SVK,GIN,0.0,0.0,0.0,0.0,0.0,0.0,0.0
Slovakia,Guinea-Bissau,SVK,GNB,0.0,0.0,0.0,0.0,0.0,1.0,1.0
Slovakia,Liberia,SVK,LBR,0.0,0.0,0.0,0.0,0.0,1.0,1.0
Slovakia,Niger,SVK,NER,0.0,0.0,0.0,0.0,0.0,0.0,0.0
Slovakia,Nigeria,SVK,NGA,0.0,1.0,4.0,5.0,5.0,7.0,8.0
Slovakia,Saint Helena,SVK,SHN,0.0,0.0,0.0,0.0,0.0,0.0,0.0
Slovakia,Senegal,SVK,SEN,0.0,0.0,0.0,0.0,0.0,3.0,3.0
Slovakia,Sierra Leone,SVK,SLE,0.0,0.0,0.0,0.0,0.0,0.0,0.0
Slovakia,Togo,SVK,TGO,0.0,0.0,0.0,0.0,0.0,0.0,0.0
Slovakia,Kazakhstan,SVK,KAZ,15.0,46.0,91.0,101.0,111.0,128.0,156.0
Slovakia,Kyrgyzstan,SVK,KGZ,2.0,4.0,8.0,9.0,10.0,11.0,15.0
Slovakia,Tajikistan,SVK,TJK,0.0,0.0,1.0,1.0,1.0,7.0,7.0
Slovakia,Turkmenistan,SVK,TKM,0.0,0.0,1.0,1.0,1.0,6.0,9.0
Slovakia,Uzbekistan,SVK,UZB,7.0,10.0,18.0,20.0,22.0,27.0,28.0
Slovakia,China,SVK,CHN,23.0,166.0,356.0,393.0,435.0,498.0,583.0
Slovakia,Dem. People's Republic of Korea,SVK,PRK,0.0,0.0,1.0,1.0,1.0,7.0,7.0
Slovakia,Japan,SVK,JPN,2.0,25.0,56.0,62.0,68.0,78.0,89.0
Slovakia,Mongolia,SVK,MNG,5.0,13.0,26.0,29.0,32.0,36.0,39.0
Slovakia,Republic of Korea,SVK,KOR,15.0,63.0,144.0,159.0,176.0,196.0,228.0
Slovakia,Afghanistan,SVK,AFG,2.0,19.0,39.0,37.0,20.0,23.0,28.0
Slovakia,Bangladesh,SVK,BGD,0.0,0.0,0.0,0.0,0.0,3.0,3.0
Slovakia,India,SVK,IND,3.0,14.0,29.0,56.0,35.0,42.0,47.0
Slovakia,Iran (Islamic Republic of),SVK,IRN,1.0,28.0,29.0,38.0,25.0,31.0,48.0
Slovakia,Maldives,SVK,MDV,0.0,0.0,0.0,0.0,0.0,0.0,0.0
Slovakia,Nepal,SVK,NPL,0.0,0.0,0.0,0.0,0.0,2.0,3.0
Slovakia,Pakistan,SVK,PAK,0.0,0.0,31.0,23.0,3.0,6.0,12.0
Slovakia,Sri Lanka,SVK,LKA,0.0,1.0,2.0,2.0,2.0,9.0,12.0
Slovakia,Cambodia,SVK,KHM,0.0,0.0,0.0,0.0,1.0,3.0,5.0
Slovakia,Indonesia,SVK,IDN,0.0,3.0,8.0,9.0,10.0,17.0,27.0
Slovakia,Lao People's Democratic Republic,SVK,LAO,0.0,0.0,0.0,0.0,1.0,4.0,4.0
Slovakia,Malaysia,SVK,MYS,0.0,0.0,1.0,1.0,1.0,6.0,8.0
Slovakia,Myanmar,SVK,MMR,0.0,0.0,0.0,0.0,0.0,1.0,1.0
Slovakia,Philippines,SVK,PHL,0.0,5.0,13.0,15.0,16.0,23.0,44.0
Slovakia,Singapore,SVK,SGP,0.0,1.0,2.0,2.0,2.0,10.0,11.0
Slovakia,Thailand,SVK,THA,1.0,16.0,37.0,41.0,45.0,59.0,90.0
Slovakia,Viet Nam,SVK,VNM,70.0,298.0,609.0,672.0,743.0,842.0,949.0
Slovakia,Armenia,SVK,ARM,18.0,28.0,47.0,152.0,58.0,68.0,79.0
Slovakia,Azerbaijan,SVK,AZE,1.0,7.0,15.0,17.0,19.0,22.0,29.0
Slovakia,Bahrain,SVK,BHR,0.0,0.0,1.0,1.0,1.0,5.0,7.0
Slovakia,Cyprus,SVK,CYP,1.0,14.0,31.0,35.0,38.0,47.0,66.0
Slovakia,Georgia,SVK,GEO,6.0,11.0,21.0,52.0,26.0,31.0,36.0
Slovakia,Iraq,SVK,IRQ,1.0,3.0,8.0,9.0,10.0,14.0,82.0
Slovakia,Israel,SVK,ISR,5.0,19.0,40.0,45.0,49.0,58.0,76.0
Slovakia,Jordan,SVK,JOR,1.0,3.0,6.0,7.0,8.0,10.0,15.0
Slovakia,Kuwait,SVK,KWT,3.0,7.0,14.0,16.0,18.0,21.0,26.0
Slovakia,Lebanon,SVK,LBN,3.0,5.0,9.0,11.0,12.0,16.0,26.0
Slovakia,Oman,SVK,OMN,0.0,0.0,0.0,0.0,0.0,3.0,4.0
Slovakia,Qatar,SVK,QAT,0.0,0.0,0.0,0.0,0.0,1.0,3.0
Slovakia,Saudi Arabia,SVK,SAU,0.0,0.0,0.0,1.0,1.0,4.0,8.0
Slovakia,State of Palestine,SVK,PSE,1.0,1.0,3.0,4.0,4.0,6.0,6.0
Slovakia,Syrian Arab Republic,SVK,SYR,4.0,14.0,30.0,34.0,37.0,46.0,61.0
Slovakia,Türkiye,SVK,TUR,1.0,16.0,36.0,40.0,44.0,53.0,66.0
Slovakia,United Arab Emirates,SVK,ARE,1.0,7.0,17.0,19.0,21.0,31.0,51.0
Slovakia,Yemen,SVK,YEM,1.0,1.0,3.0,4.0,4.0,6.0,7.0
Slovakia,Belarus,SVK,BLR,42.0,65.0,107.0,118.0,130.0,153.0,176.0
Slovakia,Bulgaria,SVK,BGR,165.0,301.0,521.0,575.0,636.0,703.0,814.0
Slovakia,Czechia,SVK,CZE,14334.0,22127.0,35798.0,39395.0,43565.0,48134.0,49528.0
Slovakia,Hungary,SVK,HUN,3671.0,4562.0,6717.0,7393.0,8193.0,8713.0,7863.0
Slovakia,Poland,SVK,POL,847.0,1556.0,2694.0,2970.0,3285.0,3602.0,3837.0
Slovakia,Republic of Moldova*,SVK,MDA,6.0,19.0,39.0,43.0,48.0,58.0,72.0
Slovakia,Romania,SVK,ROU,600.0,1273.0,2274.0,2507.0,2773.0,3143.0,3513.0
Slovakia,Russian Federation,SVK,RUS,425.0,765.0,1316.0,1451.0,1604.0,1805.0,1987.0
Slovakia,Ukraine*,SVK,UKR,1607.0,2689.0,4492.0,4951.0,5476.0,6147.0,6815.0
Slovakia,Denmark*,SVK,DNK,2.0,26.0,59.0,66.0,73.0,87.0,112.0
Slovakia,Estonia,SVK,EST,2.0,11.0,25.0,28.0,31.0,37.0,46.0
Slovakia,Faroe Islands*,SVK,FRO,0.0,0.0,0.0,0.0,0.0,1.0,0.0
Slovakia,Finland*,SVK,FIN,2.0,21.0,48.0,53.0,59.0,68.0,97.0
Slovakia,Iceland,SVK,ISL,0.0,7.0,17.0,19.0,21.0,32.0,53.0
Slovakia,Ireland,SVK,IRL,0.0,117.0,268.0,296.0,327.0,421.0,684.0
Slovakia,Isle of Man*,SVK,IMN,0.0,0.0,0.0,0.0,0.0,0.0,0.0
Slovakia,Latvia,SVK,LVA,4.0,26.0,56.0,62.0,69.0,83.0,118.0
Slovakia,Lithuania,SVK,LTU,7.0,28.0,58.0,65.0,72.0,84.0,122.0
Slovakia,Norway*,SVK,NOR,2.0,118.0,268.0,296.0,327.0,406.0,598.0
Slovakia,Sweden,SVK,SWE,5.0,35.0,75.0,83.0,92.0,111.0,140.0
Slovakia,United Kingdom*,SVK,GBR,12.0,682.0,1549.0,1698.0,1878.0,2402.0,4102.0
Slovakia,Albania,SVK,ALB,2.0,4.0,9.0,10.0,11.0,15.0,19.0
Slovakia,Andorra,SVK,AND,0.0,0.0,0.0,0.0,0.0,0.0,0.0
Slovakia,Bosnia and Herzegovina,SVK,BIH,14.0,42.0,83.0,92.0,102.0,113.0,124.0
Slovakia,Croatia,SVK,HRV,34.0,102.0,199.0,220.0,243.0,277.0,376.0
Slovakia,Greece,SVK,GRC,5.0,45.0,99.0,110.0,122.0,147.0,224.0
Slovakia,Holy See*,SVK,VAT,0.0,0.0,0.0,0.0,0.0,1.0,1.0
Slovakia,Italy,SVK,ITA,14.0,222.0,493.0,544.0,601.0,724.0,1045.0
Slovakia,Malta,SVK,MLT,1.0,2.0,5.0,6.0,6.0,11.0,19.0
Slovakia,Montenegro,SVK,MNE,5.0,6.0,9.0,10.0,11.0,14.0,15.0
Slovakia,North Macedonia,SVK,MKD,13.0,78.0,165.0,182.0,201.0,230.0,269.0
Slovakia,Portugal,SVK,PRT,0.0,15.0,36.0,40.0,44.0,53.0,85.0
Slovakia,San Marino,SVK,SMR,0.0,0.0,0.0,0.0,0.0,1.0,0.0
Slovakia,Serbia*,SVK,SRB,156.0,289.0,503.0,555.0,613.0,688.0,893.0
Slovakia,Slovenia,SVK,SVN,7.0,32.0,68.0,76.0,84.0,95.0,118.0
Slovakia,Spain*,SVK,ESP,5.0,118.0,264.0,291.0,322.0,388.0,583.0
Slovakia,Austria,SVK,AUT,170.0,483.0,930.0,1025.0,1134.0,1360.0,1975.0
Slovakia,Belgium,SVK,BEL,35.0,109.0,215.0,237.0,262.0,300.0,366.0
Slovakia,France*,SVK,FRA,278.0,575.0,1030.0,1136.0,1256.0,1376.0,1347.0
Slovakia,Germany,SVK,DEU,132.0,554.0,1129.0,1245.0,1377.0,1609.0,2164.0
Slovakia,Liechtenstein,SVK,LIE,0.0,0.0,0.0,0.0,0.0,3.0,3.0
Slovakia,Luxembourg,SVK,LUX,6.0,10.0,17.0,19.0,21.0,28.0,48.0
Slovakia,Monaco,SVK,MCO,0.0,0.0,0.0,0.0,0.0,1.0,2.0
Slovakia,Netherlands*,SVK,NLD,3.0,52.0,116.0,128.0,141.0,171.0,234.0
Slovakia,Switzerland,SVK,CHE,8.0,85.0,186.0,205.0,226.0,284.0,468.0
Slovakia,Aruba*,SVK,ABW,0.0,0.0,0.0,0.0,0.0,1.0,1.0
Slovakia,Barbados,SVK,BRB,0.0,0.0,0.0,0.0,0.0,0.0,0.0
Slovakia,British Virgin Islands*,SVK,VGB,0.0,0.0,0.0,0.0,0.0,0.0,0.0
Slovakia,Cayman Islands*,SVK,CYM,0.0,0.0,0.0,0.0,0.0,1.0,1.0
Slovakia,Cuba,SVK,CUB,5.0,13.0,26.0,29.0,32.0,38.0,44.0
Slovakia,Dominica,SVK,DMA,0.0,0.0,0.0,0.0,0.0,2.0,2.0
Slovakia,Dominican Republic,SVK,DOM,0.0,1.0,2.0,2.0,2.0,10.0,11.0
Slovakia,Grenada,SVK,GRD,0.0,0.0,0.0,0.0,0.0,1.0,1.0
Slovakia,Haiti,SVK,HTI,0.0,0.0,0.0,0.0,0.0,0.0,0.0
Slovakia,Jamaica,SVK,JAM,0.0,0.0,1.0,1.0,1.0,5.0,5.0
Slovakia,Saint Kitts and Nevis,SVK,KNA,0.0,0.0,0.0,0.0,0.0,0.0,0.0
Slovakia,Saint Lucia,SVK,LCA,0.0,0.0,0.0,0.0,0.0,1.0,0.0
Slovakia,Trinidad and Tobago,SVK,TTO,0.0,0.0,0.0,0.0,0.0,1.0,2.0
Slovakia,Belize,SVK,BLZ,0.0,0.0,0.0,0.0,0.0,0.0,0.0
Slovakia,Costa Rica,SVK,CRI,0.0,0.0,1.0,1.0,1.0,5.0,5.0
Slovakia,El Salvador,SVK,SLV,0.0,0.0,0.0,0.0,0.0,0.0,0.0
Slovakia,Guatemala,SVK,GTM,0.0,0.0,0.0,0.0,0.0,1.0,1.0
Slovakia,Honduras,SVK,HND,0.0,0.0,0.0,0.0,0.0,0.0,0.0
Slovakia,Mexico,SVK,MEX,2.0,8.0,18.0,20.0,22.0,31.0,53.0
Slovakia,Nicaragua,SVK,NIC,0.0,0.0,0.0,0.0,0.0,0.0,2.0
Slovakia,Panama,SVK,PAN,0.0,0.0,1.0,1.0,1.0,6.0,6.0
Slovakia,Argentina,SVK,ARG,11.0,18.0,31.0,35.0,38.0,46.0,44.0
Slovakia,Bolivia (Plurinational State of),SVK,BOL,0.0,0.0,0.0,0.0,0.0,3.0,3.0
Slovakia,Brazil,SVK,BRA,2.0,19.0,43.0,48.0,53.0,67.0,96.0
Slovakia,Chile,SVK,CHL,1.0,3.0,7.0,8.0,9.0,11.0,13.0
Slovakia,Colombia,SVK,COL,1.0,4.0,9.0,10.0,11.0,15.0,20.0
Slovakia,Ecuador,SVK,ECU,0.0,3.0,9.0,10.0,11.0,14.0,20.0
Slovakia,Paraguay,SVK,PRY,0.0,0.0,0.0,0.0,1.0,3.0,5.0
Slovakia,Peru,SVK,PER,2.0,6.0,12.0,14.0,15.0,19.0,21.0
Slovakia,Uruguay,SVK,URY,0.0,0.0,1.0,1.0,1.0,5.0,10.0
Slovakia,Venezuela (Bolivarian Republic of),SVK,VEN,0.0,0.0,1.0,1.0,1.0,5.0,7.0
Slovakia,Canada,SVK,CAN,22.0,73.0,146.0,162.0,179.0,216.0,274.0
Slovakia,Greenland*,SVK,GRL,0.0,0.0,0.0,0.0,0.0,0.0,0.0
Slovakia,United States of America*,SVK,USA,195.0,412.0,744.0,820.0,906.0,1033.0,1202.0
Slovakia,Australia*,SVK,AUS,10.0,42.0,86.0,95.0,105.0,130.0,195.0
Slovakia,New Zealand*,SVK,NZL,0.0,3.0,7.0,8.0,9.0,13.0,23.0
Slovakia,Papua New Guinea,SVK,PNG,0.0,0.0,0.0,0.0,0.0,1.0,1.0
Slovakia,Solomon Islands,SVK,SLB,0.0,0.0,0.0,0.0,0.0,1.0,1.0
Slovakia,Vanuatu,SVK,VUT,0.0,0.0,0.0,0.0,0.0,1.0,0.0
Slovakia,Kiribati,SVK,KIR,0.0,0.0,1.0,1.0,1.0,5.0,5.0
Slovakia,Micronesia (Fed. States of),SVK,FSM,0.0,0.0,0.0,0.0,0.0,0.0,0.0
Slovakia,French Polynesia*,SVK,PYF,0.0,0.0,0.0,0.0,0.0,0.0,0.0
Slovakia,Samoa,SVK,WSM,0.0,0.0,0.0,0.0,0.0,0.0,0.0
Slovakia,Tuvalu,SVK,TUV,0.0,0.0,0.0,0.0,0.0,0.0,0.0
Ukraine*,Morocco,UKR,MAR,631.0,593.0,563.0,513.0,488.0,488.0,494.0
Ukraine*,Kazakhstan,UKR,KAZ,189137.0,163623.0,140107.0,127843.0,121812.0,122050.0,124091.0
Ukraine*,Kyrgyzstan,UKR,KGZ,21319.0,18835.0,16581.0,15129.0,14415.0,14443.0,14683.0
Ukraine*,Tajikistan,UKR,TJK,19923.0,18331.0,16963.0,15478.0,14747.0,14775.0,15021.0
Ukraine*,Turkmenistan,UKR,TKM,17831.0,15715.0,13792.0,12584.0,11990.0,12013.0,12213.0
Ukraine*,Uzbekistan,UKR,UZB,75436.0,100537.0,126867.0,115762.0,110301.0,110516.0,112364.0
Ukraine*,China,UKR,CHN,3036.0,2854.0,2707.0,2470.0,2353.0,2357.0,2395.0
Ukraine*,Afghanistan,UKR,AFG,607.0,571.0,542.0,494.0,583.0,1076.0,1092.0
Ukraine*,India,UKR,IND,961.0,903.0,857.0,781.0,744.0,745.0,756.0
Ukraine*,Iran (Islamic Republic of),UKR,IRN,510.0,479.0,455.0,415.0,395.0,395.0,399.0
Ukraine*,Viet Nam,UKR,VNM,6773.0,6367.0,6039.0,5510.0,5250.0,5260.0,5347.0
Ukraine*,Armenia,UKR,ARM,20083.0,21328.0,22835.0,20836.0,19853.0,19891.0,20222.0
Ukraine*,Azerbaijan,UKR,AZE,46567.0,43917.0,41804.0,38144.0,36344.0,36415.0,37023.0
Ukraine*,Georgia,UKR,GEO,43784.0,38536.0,33759.0,30804.0,29351.0,29408.0,29899.0
Ukraine*,Israel,UKR,ISR,2348.0,2207.0,2094.0,1910.0,1819.0,1822.0,1851.0
Ukraine*,Jordan,UKR,JOR,108.0,101.0,97.0,88.0,83.0,83.0,82.0
Ukraine*,Lebanon,UKR,LBN,125.0,117.0,112.0,102.0,97.0,97.0,96.0
Ukraine*,State of Palestine,UKR,PSE,120.0,112.0,107.0,97.0,92.0,92.0,91.0
Ukraine*,Syrian Arab Republic,UKR,SYR,187.0,175.0,167.0,152.0,144.0,144.0,145.0
Ukraine*,Türkiye,UKR,TUR,247.0,232.0,221.0,201.0,191.0,191.0,192.0
Ukraine*,Belarus,UKR,BLR,230571.0,197047.0,165929.0,151405.0,144263.0,144545.0,146962.0
Ukraine*,Bulgaria,UKR,BGR,722.0,678.0,644.0,587.0,559.0,560.0,568.0
Ukraine*,Poland,UKR,POL,2141.0,2012.0,1909.0,1741.0,1658.0,1661.0,1687.0
Ukraine*,Republic of Moldova*,UKR,MDA,102887.0,97280.0,92861.0,84732.0,80735.0,80893.0,82244.0
Ukraine*,Russian Federation,UKR,RUS,2867854.0,2525437.0,2213844.0,2020067.0,1924799.0,1928582.0,1960865.0
Ukraine*,Estonia,UKR,EST,6049.0,5914.0,5852.0,5339.0,5087.0,5096.0,5179.0
Ukraine*,Latvia,UKR,LVA,11536.0,11278.0,11158.0,10181.0,9700.0,9718.0,9880.0
Ukraine*,Lithuania,UKR,LTU,14448.0,14125.0,13976.0,12752.0,12150.0,12173.0,12375.0
Ukraine*,Germany,UKR,DEU,643.0,604.0,574.0,523.0,498.0,498.0,505.0
Ukraine*,United States of America*,UKR,USA,1611.0,1514.0,1437.0,1311.0,1249.0,1251.0,1270.0
Channel Islands*,Ireland,CHI,IRL,879.0,863.0,917.0,1436.0,1954.0,2068.0,2111.0
Channel Islands*,United Kingdom*,CHI,GBR,28876.0,28341.0,30123.0,29704.0,29293.0,31002.0,31673.0
Channel Islands*,Portugal,CHI,PRT,1790.0,1757.0,1868.0,4351.0,6834.0,7233.0,7387.0
Channel Islands*,France*,CHI,FRA,444.0,436.0,463.0,719.0,975.0,1032.0,1053.0
Denmark*,Burundi,DNK,BDI,13.0,24.0,138.0,227.0,296.0,299.0,301.0
Denmark*,Comoros,DNK,COM,5.0,5.0,5.0,8.0,10.0,9.0,10.0
Denmark*,Djibouti,DNK,DJI,6.0,8.0,9.0,12.0,13.0,12.0,13.0
Denmark*,Eritrea,DNK,ERI,0.0,7.0,48.0,85.0,116.0,549.0,2304.0
Denmark*,Ethiopia,DNK,ETH,225.0,342.0,487.0,552.0,733.0,912.0,1010.0
Denmark*,Kenya,DNK,KEN,346.0,421.0,533.0,625.0,787.0,985.0,1172.0
Denmark*,Madagascar,DNK,MDG,4.0,2.0,10.0,16.0,34.0,33.0,46.0
Denmark*,Malawi,DNK,MWI,21.0,19.0,28.0,32.0,39.0,41.0,51.0
Denmark*,Mauritius,DNK,MUS,44.0,50.0,54.0,60.0,77.0,76.0,79.0
Denmark*,Mozambique,DNK,MOZ,27.0,42.0,72.0,96.0,117.0,139.0,151.0
Denmark*,Réunion,DNK,REU,2.0,0.0,0.0,0.0,0.0,0.0,0.0
Denmark*,Rwanda,DNK,RWA,5.0,18.0,74.0,142.0,188.0,213.0,224.0
Denmark*,Seychelles,DNK,SYC,11.0,12.0,14.0,14.0,13.0,12.0,16.0
Denmark*,Somalia,DNK,SOM,171.0,2242.0,5415.0,5181.0,4648.0,5358.0,5267.0
Denmark*,South Sudan,DNK,SSD,0.0,0.0,0.0,0.0,0.0,5.0,14.0
Denmark*,Uganda,DNK,UGA,157.0,416.0,577.0,693.0,829.0,945.0,1039.0
Denmark*,United Republic of Tanzania,DNK,TZA,233.0,342.0,436.0,500.0,568.0,598.0,627.0
Denmark*,Zambia,DNK,ZMB,104.0,147.0,204.0,265.0,331.0,387.0,441.0
Denmark*,Zimbabwe,DNK,ZWE,77.0,101.0,140.0,152.0,183.0,217.0,237.0
Denmark*,Angola,DNK,AGO,20.0,42.0,57.0,66.0,77.0,84.0,92.0
Denmark*,Cameroon,DNK,CMR,13.0,23.0,60.0,123.0,213.0,293.0,384.0
Denmark*,Central African Republic,DNK,CAF,0.0,0.0,0.0,2.0,5.0,13.0,10.0
Denmark*,Chad,DNK,TCD,0.0,0.0,0.0,3.0,4.0,8.0,14.0
Denmark*,Congo,DNK,COG,18.0,20.0,47.0,179.0,339.0,306.0,127.0
Denmark*,Democratic Republic of the Congo,DNK,COD,28.0,47.0,71.0,92.0,311.0,694.0,913.0
Denmark*,Equatorial Guinea,DNK,GNQ,0.0,0.0,0.0,0.0,0.0,4.0,7.0
Denmark*,Gabon,DNK,GAB,0.0,1.0,0.0,2.0,4.0,5.0,8.0
Denmark*,Sao Tome and Principe,DNK,STP,0.0,0.0,0.0,0.0,0.0,0.0,3.0
Denmark*,Algeria,DNK,DZA,134.0,202.0,287.0,311.0,338.0,364.0,405.0
Denmark*,Egypt,DNK,EGY,312.0,373.0,416.0,460.0,492.0,585.0,666.0
Denmark*,Libya,DNK,LBY,25.0,43.0,60.0,65.0,77.0,96.0,134.0
Denmark*,Morocco,DNK,MAR,1241.0,1622.0,2122.0,2303.0,2478.0,2696.0,2983.0
Denmark*,Sudan,DNK,SDN,16.0,40.0,62.0,161.0,255.0,304.0,347.0
Denmark*,Tunisia,DNK,TUN,81.0,124.0,199.0,236.0,276.0,300.0,336.0
Denmark*,Botswana,DNK,BWA,22.0,31.0,34.0,36.0,40.0,40.0,42.0
Denmark*,Eswatini,DNK,SWZ,15.0,14.0,16.0,14.0,18.0,22.0,20.0
Denmark*,Lesotho,DNK,LSO,22.0,23.0,26.0,27.0,28.0,30.0,31.0
Denmark*,Namibia,DNK,NAM,6.0,16.0,25.0,24.0,34.0,46.0,58.0
Denmark*,South Africa,DNK,ZAF,332.0,360.0,484.0,548.0,755.0,896.0,1122.0
Denmark*,Benin,DNK,BEN,5.0,5.0,10.0,9.0,17.0,24.0,26.0
Denmark*,Burkina Faso,DNK,BFA,1.0,3.0,9.0,20.0,28.0,50.0,53.0
Denmark*,Cabo Verde,DNK,CPV,1.0,2.0,8.0,9.0,14.0,15.0,20.0
Denmark*,Côte d'Ivoire,DNK,CIV,18.0,50.0,97.0,160.0,192.0,221.0,246.0
Denmark*,Gambia,DNK,GMB,61.0,145.0,196.0,218.0,257.0,294.0,310.0
Denmark*,Ghana,DNK,GHA,120.0,225.0,393.0,559.0,725.0,860.0,989.0
Denmark*,Guinea,DNK,GIN,5.0,15.0,26.0,30.0,41.0,47.0,52.0
Denmark*,Guinea-Bissau,DNK,GNB,0.0,0.0,5.0,4.0,12.0,23.0,36.0
Denmark*,Liberia,DNK,LBR,32.0,38.0,46.0,67.0,86.0,90.0,94.0
Denmark*,Mali,DNK,MLI,1.0,6.0,10.0,14.0,18.0,22.0,21.0
Denmark*,Mauritania,DNK,MRT,2.0,6.0,12.0,14.0,16.0,14.0,16.0
Denmark*,Niger,DNK,NER,2.0,2.0,4.0,5.0,6.0,4.0,5.0
Denmark*,Nigeria,DNK,NGA,110.0,136.0,212.0,286.0,445.0,602.0,686.0
Denmark*,Saint Helena,DNK,SHN,1.0,0.0,0.0,0.0,0.0,0.0,0.0
Denmark*,Senegal,DNK,SEN,12.0,18.0,32.0,41.0,57.0,74.0,86.0
Denmark*,Sierra Leone,DNK,SLE,20.0,70.0,124.0,150.0,158.0,167.0,174.0
Denmark*,Togo,DNK,TGO,8.0,12.0,25.0,46.0,52.0,51.0,54.0
Denmark*,Kazakhstan,DNK,KAZ,0.0,15.0,33.0,66.0,101.0,148.0,201.0
Denmark*,Kyrgyzstan,DNK,KGZ,0.0,0.0,1.0,10.0,24.0,41.0,51.0
Denmark*,Tajikistan,DNK,TJK,0.0,0.0,4.0,11.0,18.0,21.0,26.0
Denmark*,Turkmenistan,DNK,TKM,0.0,0.0,2.0,8.0,14.0,16.0,18.0
Denmark*,Uzbekistan,DNK,UZB,0.0,7.0,31.0,90.0,129.0,163.0,179.0
Denmark*,China,DNK,CHN,619.0,1050.0,2096.0,4784.0,6554.0,7782.0,9144.0
Denmark*,"China, Hong Kong SAR",DNK,HKG,270.0,0.0,0.0,0.0,0.0,0.0,0.0
Denmark*,"China, Macao SAR",DNK,MAC,3.0,0.0,0.0,0.0,0.0,0.0,0.0
Denmark*,"China, Taiwan Province of China",DNK,TWN,60.0,70.0,94.0,142.0,198.0,276.0,349.0
Denmark*,Dem. People's Republic of Korea,DNK,PRK,110.0,129.0,142.0,165.0,185.0,206.0,192.0
Denmark*,Japan,DNK,JPN,626.0,726.0,853.0,962.0,1118.0,1203.0,1346.0
Denmark*,Mongolia,DNK,MNG,1.0,5.0,10.0,22.0,46.0,50.0,51.0
Denmark*,Republic of Korea,DNK,KOR,4920.0,5199.0,5332.0,5351.0,5457.0,5579.0,5701.0
Denmark*,Afghanistan,DNK,AFG,132.0,507.0,1542.0,4367.0,4618.0,5576.0,6101.0
Denmark*,Bangladesh,DNK,BGD,178.0,194.0,220.0,236.0,354.0,616.0,897.0
Denmark*,Bhutan,DNK,BTN,0.0,0.0,2.0,9.0,142.0,312.0,303.0
Denmark*,India,DNK,IND,1560.0,1981.0,2531.0,3104.0,4096.0,5184.0,7553.0
Denmark*,Iran (Islamic Republic of),DNK,IRN,2664.0,3706.0,4445.0,4839.0,5107.0,6408.0,7391.0
Denmark*,Maldives,DNK,MDV,0.0,0.0,2.0,5.0,6.0,7.0,8.0
Denmark*,Nepal,DNK,NPL,16.0,27.0,53.0,70.0,489.0,1287.0,2048.0
Denmark*,Pakistan,DNK,PAK,3235.0,3849.0,4552.0,4845.0,5179.0,6194.0,6854.0
Denmark*,Sri Lanka,DNK,LKA,2234.0,3233.0,3832.0,3829.0,3898.0,3974.0,4037.0
Denmark*,Brunei Darussalam,DNK,BRN,2.0,2.0,2.0,3.0,2.0,4.0,6.0
Denmark*,Cambodia,DNK,KHM,25.0,42.0,68.0,90.0,114.0,138.0,170.0
Denmark*,Indonesia,DNK,IDN,244.0,254.0,348.0,487.0,615.0,708.0,804.0
Denmark*,Lao People's Democratic Republic,DNK,LAO,6.0,12.0,12.0,19.0,34.0,49.0,57.0
Denmark*,Malaysia,DNK,MYS,183.0,192.0,224.0,286.0,402.0,492.0,564.0
Denmark*,Myanmar,DNK,MMR,33.0,32.0,36.0,154.0,533.0,784.0,810.0
Denmark*,Philippines,DNK,PHL,1510.0,2213.0,2914.0,3914.0,7783.0,9296.0,9498.0
Denmark*,Singapore,DNK,SGP,156.0,178.0,216.0,262.0,373.0,424.0,522.0
Denmark*,Thailand,DNK,THA,1562.0,2786.0,4459.0,6175.0,8463.0,10062.0,11377.0
Denmark*,Timor-Leste,DNK,TLS,0.0,0.0,0.0,0.0,0.0,0.0,1.0
Denmark*,Viet Nam,DNK,VNM,2224.0,3494.0,4160.0,4590.0,5085.0,5430.0,5808.0
Denmark*,Armenia,DNK,ARM,0.0,36.0,216.0,274.0,324.0,380.0,420.0
Denmark*,Azerbaijan,DNK,AZE,0.0,29.0,68.0,124.0,150.0,187.0,234.0
Denmark*,Bahrain,DNK,BHR,31.0,44.0,47.0,34.0,39.0,46.0,51.0
Denmark*,Cyprus,DNK,CYP,73.0,78.0,84.0,78.0,84.0,116.0,153.0
Denmark*,Georgia,DNK,GEO,0.0,13.0,47.0,78.0,113.0,125.0,147.0
Denmark*,Iraq,DNK,IRQ,712.0,2230.0,5787.0,9218.0,9508.0,9518.0,9848.0
Denmark*,Israel,DNK,ISR,361.0,456.0,512.0,535.0,602.0,620.0,672.0
Denmark*,Jordan,DNK,JOR,226.0,292.0,386.0,444.0,470.0,544.0,579.0
Denmark*,Kuwait,DNK,KWT,38.0,219.0,418.0,543.0,553.0,577.0,619.0
Denmark*,Lebanon,DNK,LBN,3086.0,5075.0,5457.0,5565.0,5530.0,5736.0,6021.0
Denmark*,Oman,DNK,OMN,1.0,7.0,9.0,8.0,12.0,14.0,17.0
Denmark*,Qatar,DNK,QAT,2.0,12.0,24.0,31.0,47.0,67.0,105.0
Denmark*,Saudi Arabia,DNK,SAU,22.0,60.0,90.0,106.0,118.0,147.0,226.0
Denmark*,State of Palestine,DNK,PSE,12.0,0.0,0.0,0.0,0.0,0.0,0.0
Denmark*,Syrian Arab Republic,DNK,SYR,244.0,550.0,739.0,900.0,1101.0,6664.0,15666.0
Denmark*,Türkiye,DNK,TUR,9611.0,11831.0,13874.0,14644.0,15438.0,15433.0,15853.0
Denmark*,United Arab Emirates,DNK,ARE,17.0,40.0,88.0,128.0,149.0,201.0,326.0
Denmark*,Yemen,DNK,YEM,22.0,55.0,68.0,73.0,76.0,86.0,100.0
Denmark*,Belarus,DNK,BLR,0.0,38.0,120.0,310.0,412.0,492.0,586.0
Denmark*,Bulgaria,DNK,BGR,119.0,253.0,386.0,595.0,1493.0,3286.0,4414.0
Denmark*,Czechia,DNK,CZE,0.0,57.0,143.0,267.0,492.0,769.0,1008.0
Denmark*,Hungary,DNK,HUN,583.0,681.0,747.0,834.0,1412.0,2403.0,2960.0
Denmark*,Poland,DNK,POL,5458.0,6355.0,6947.0,7677.0,13340.0,17415.0,19859.0
Denmark*,Republic of Moldova*,DNK,MDA,0.0,6.0,52.0,113.0,180.0,288.0,626.0
Denmark*,Romania,DNK,ROU,431.0,782.0,1180.0,1565.0,3424.0,8823.0,12905.0
Denmark*,Russian Federation,DNK,RUS,0.0,522.0,1456.0,2569.0,3404.0,4187.0,4539.0
Denmark*,Slovakia,DNK,SVK,0.0,14.0,79.0,123.0,414.0,1013.0,1440.0
Denmark*,Ukraine*,DNK,UKR,0.0,126.0,470.0,1257.0,2794.0,4016.0,6287.0
Denmark*,Estonia,DNK,EST,1.0,106.0,332.0,468.0,768.0,1004.0,988.0
Denmark*,Faroe Islands*,DNK,FRO,4294.0,6160.0,6019.0,5808.0,6382.0,6751.0,6234.0
Denmark*,Finland*,DNK,FIN,2297.0,2412.0,2439.0,2390.0,2463.0,2613.0,2751.0
Denmark*,Iceland,DNK,ISL,1804.0,2276.0,2954.0,3802.0,4383.0,4166.0,4565.0
Denmark*,Ireland,DNK,IRL,420.0,409.0,430.0,462.0,535.0,670.0,746.0
Denmark*,Latvia,DNK,LVA,4.0,101.0,444.0,724.0,1697.0,2556.0,2816.0
Denmark*,Lithuania,DNK,LTU,3.0,116.0,645.0,1260.0,2913.0,4988.0,6425.0
Denmark*,Norway*,DNK,NOR,8694.0,8930.0,9929.0,10592.0,11393.0,11979.0,12450.0
Denmark*,Sweden,DNK,SWE,10390.0,10423.0,11020.0,10901.0,11902.0,12593.0,13659.0
Denmark*,United Kingdom*,DNK,GBR,4360.0,5173.0,5435.0,5624.0,6334.0,7125.0,8478.0
Denmark*,Albania,DNK,ALB,2.0,15.0,50.0,101.0,142.0,195.0,327.0
Denmark*,Andorra,DNK,AND,0.0,0.0,0.0,1.0,0.0,1.0,3.0
Denmark*,Bosnia and Herzegovina,DNK,BIH,0.0,3539.0,8920.0,8806.0,8968.0,8655.0,8415.0
Denmark*,Croatia,DNK,HRV,0.0,135.0,272.0,303.0,369.0,594.0,1211.0
Denmark*,Greece,DNK,GRC,225.0,286.0,306.0,329.0,472.0,1013.0,1583.0
Denmark*,Holy See*,DNK,VAT,0.0,0.0,0.0,0.0,0.0,0.0,0.0
Denmark*,Italy,DNK,ITA,694.0,775.0,1006.0,1148.0,1663.0,2719.0,3909.0
Denmark*,Malta,DNK,MLT,23.0,21.0,23.0,24.0,34.0,40.0,68.0
Denmark*,Montenegro,DNK,MNE,0.0,0.0,0.0,0.0,45.0,128.0,187.0
Denmark*,North Macedonia,DNK,MKD,0.0,140.0,672.0,942.0,1186.0,1460.0,1784.0
Denmark*,Portugal,DNK,PRT,228.0,283.0,313.0,356.0,528.0,921.0,1353.0
Denmark*,San Marino,DNK,SMR,1.0,0.0,0.0,0.0,1.0,1.0,3.0
Denmark*,Serbia*,DNK,SRB,0.0,0.0,0.0,0.0,264.0,586.0,879.0
Denmark*,Slovenia,DNK,SVN,0.0,10.0,39.0,52.0,128.0,187.0,236.0
Denmark*,Spain*,DNK,ESP,762.0,1022.0,1300.0,1546.0,2187.0,3102.0,3927.0
Denmark*,Austria,DNK,AUT,786.0,742.0,750.0,761.0,884.0,976.0,1020.0
Denmark*,Belgium,DNK,BEL,430.0,495.0,597.0,697.0,834.0,974.0,1189.0
Denmark*,France*,DNK,FRA,1338.0,1532.0,1818.0,2043.0,2709.0,3103.0,3805.0
Denmark*,Germany,DNK,DEU,13575.0,14097.0,14345.0,14289.0,17304.0,17864.0,19129.0
Denmark*,Liechtenstein,DNK,LIE,0.0,0.0,6.0,9.0,13.0,14.0,16.0
Denmark*,Luxembourg,DNK,LUX,34.0,57.0,109.0,154.0,216.0,255.0,313.0
Denmark*,Monaco,DNK,MCO,2.0,3.0,3.0,5.0,6.0,6.0,8.0
Denmark*,Netherlands*,DNK,NLD,1189.0,1609.0,2037.0,2359.0,2680.0,3025.0,3419.0
Denmark*,Switzerland,DNK,CHE,792.0,830.0,911.0,987.0,1171.0,1297.0,1427.0
Denmark*,Antigua and Barbuda,DNK,ATG,0.0,0.0,0.0,1.0,2.0,2.0,4.0
Denmark*,Aruba*,DNK,ABW,1.0,0.0,0.0,0.0,0.0,0.0,0.0
Denmark*,Bahamas,DNK,BHS,4.0,6.0,7.0,8.0,8.0,12.0,11.0
Denmark*,Barbados,DNK,BRB,6.0,8.0,9.0,10.0,12.0,16.0,14.0
Denmark*,Cuba,DNK,CUB,15.0,27.0,107.0,180.0,236.0,282.0,316.0
Denmark*,Curaçao*,DNK,CUW,6.0,0.0,0.0,0.0,0.0,0.0,0.0
Denmark*,Dominica,DNK,DMA,2.0,4.0,4.0,6.0,7.0,8.0,12.0
Denmark*,Dominican Republic,DNK,DOM,24.0,35.0,51.0,70.0,89.0,105.0,132.0
Denmark*,Grenada,DNK,GRD,3.0,3.0,3.0,3.0,4.0,7.0,5.0
Denmark*,Guadeloupe*,DNK,GLP,3.0,0.0,0.0,0.0,0.0,0.0,0.0
Denmark*,Haiti,DNK,HTI,22.0,39.0,49.0,50.0,57.0,60.0,66.0
Denmark*,Jamaica,DNK,JAM,44.0,51.0,64.0,70.0,82.0,88.0,92.0
Denmark*,Martinique*,DNK,MTQ,3.0,0.0,0.0,0.0,0.0,0.0,0.0
Denmark*,Puerto Rico*,DNK,PRI,3.0,0.0,0.0,0.0,0.0,0.0,0.0
Denmark*,Saint Kitts and Nevis,DNK,KNA,0.0,1.0,1.0,0.0,0.0,1.0,1.0
Denmark*,Saint Lucia,DNK,LCA,1.0,0.0,0.0,3.0,4.0,6.0,4.0
Denmark*,Saint Vincent and the Grenadines,DNK,VCT,0.0,0.0,0.0,0.0,1.0,2.0,2.0
Denmark*,Trinidad and Tobago,DNK,TTO,56.0,77.0,81.0,81.0,90.0,94.0,100.0
Denmark*,Belize,DNK,BLZ,4.0,3.0,4.0,5.0,6.0,4.0,4.0
Denmark*,Costa Rica,DNK,CRI,11.0,27.0,32.0,43.0,59.0,73.0,83.0
Denmark*,El Salvador,DNK,SLV,16.0,20.0,29.0,30.0,43.0,49.0,63.0
Denmark*,Guatemala,DNK,GTM,9.0,43.0,72.0,89.0,115.0,119.0,138.0
Denmark*,Honduras,DNK,HND,25.0,31.0,44.0,48.0,69.0,77.0,94.0
Denmark*,Mexico,DNK,MEX,152.0,187.0,260.0,354.0,516.0,666.0,915.0
Denmark*,Nicaragua,DNK,NIC,17.0,43.0,67.0,82.0,101.0,120.0,143.0
Denmark*,Panama,DNK,PAN,12.0,11.0,14.0,22.0,35.0,56.0,63.0
Denmark*,Argentina,DNK,ARG,463.0,478.0,489.0,532.0,544.0,665.0,1715.0
Denmark*,Bolivia (Plurinational State of),DNK,BOL,28.0,45.0,87.0,159.0,213.0,233.0,252.0
Denmark*,Brazil,DNK,BRA,507.0,741.0,1006.0,1335.0,1944.0,2298.0,3116.0
Denmark*,Chile,DNK,CHL,584.0,606.0,647.0,667.0,730.0,792.0,1112.0
Denmark*,Colombia,DNK,COL,397.0,663.0,931.0,1148.0,1386.0,1656.0,1764.0
Denmark*,Ecuador,DNK,ECU,101.0,140.0,203.0,246.0,298.0,337.0,361.0
Denmark*,Falkland Islands (Malvinas)*,DNK,FLK,0.0,0.0,0.0,0.0,0.0,0.0,0.0
Denmark*,French Guiana*,DNK,GUF,2.0,0.0,0.0,0.0,0.0,0.0,0.0
Denmark*,Guyana,DNK,GUY,53.0,61.0,67.0,64.0,66.0,68.0,67.0
Denmark*,Paraguay,DNK,PRY,18.0,25.0,30.0,27.0,39.0,47.0,54.0
Denmark*,Peru,DNK,PER,149.0,241.0,327.0,453.0,639.0,700.0,808.0
Denmark*,Suriname,DNK,SUR,8.0,10.0,11.0,12.0,13.0,14.0,15.0
Denmark*,Uruguay,DNK,URY,90.0,85.0,94.0,96.0,102.0,115.0,112.0
Denmark*,Venezuela (Bolivarian Republic of),DNK,VEN,105.0,124.0,234.0,264.0,350.0,420.0,557.0
Denmark*,Bermuda*,DNK,BMU,7.0,0.0,0.0,0.0,0.0,0.0,0.0
Denmark*,Canada,DNK,CAN,1239.0,1314.0,1386.0,1498.0,1737.0,1879.0,1925.0
Denmark*,Greenland*,DNK,GRL,5716.0,6460.0,7213.0,7690.0,8470.0,9189.0,9556.0
Denmark*,United States of America*,DNK,USA,3524.0,3761.0,3989.0,4347.0,5228.0,6155.0,6977.0
Denmark*,Australia*,DNK,AUS,549.0,667.0,767.0,863.0,1206.0,1413.0,1572.0
Denmark*,New Zealand*,DNK,NZL,164.0,202.0,208.0,235.0,286.0,331.0,369.0
Denmark*,Fiji,DNK,FJI,10.0,14.0,14.0,17.0,17.0,16.0,19.0
Denmark*,Papua New Guinea,DNK,PNG,1.0,3.0,3.0,4.0,3.0,3.0,8.0
Denmark*,Solomon Islands,DNK,SLB,0.0,0.0,0.0,0.0,0.0,0.0,0.0
Denmark*,Vanuatu,DNK,VUT,0.0,0.0,2.0,2.0,2.0,2.0,2.0
Denmark*,Kiribati,DNK,KIR,0.0,2.0,2.0,1.0,1.0,2.0,1.0
Denmark*,Marshall Islands,DNK,MHL,0.0,0.0,0.0,0.0,0.0,0.0,0.0
Denmark*,Nauru,DNK,NRU,0.0,0.0,0.0,0.0,0.0,0.0,1.0
Denmark*,Cook Islands*,DNK,COK,0.0,0.0,0.0,0.0,0.0,0.0,0.0
Denmark*,Samoa,DNK,WSM,5.0,5.0,8.0,8.0,12.0,12.0,15.0
Denmark*,Tonga,DNK,TON,2.0,2.0,2.0,8.0,5.0,8.0,8.0
Denmark*,Tuvalu,DNK,TUV,0.0,0.0,0.0,0.0,0.0,2.0,2.0
Estonia,Ethiopia,EST,ETH,0.0,0.0,0.0,0.0,0.0,0.0,3.0
Estonia,Kenya,EST,KEN,0.0,0.0,0.0,0.0,0.0,2.0,10.0
Estonia,Madagascar,EST,MDG,0.0,0.0,0.0,0.0,1.0,1.0,0.0
Estonia,Malawi,EST,MWI,0.0,0.0,0.0,0.0,0.0,0.0,0.0
Estonia,Mauritius,EST,MUS,0.0,0.0,0.0,0.0,1.0,3.0,4.0
Estonia,Mozambique,EST,MOZ,0.0,0.0,0.0,0.0,0.0,1.0,0.0
Estonia,Réunion,EST,REU,0.0,0.0,0.0,0.0,0.0,0.0,0.0
Estonia,Rwanda,EST,RWA,0.0,0.0,0.0,0.0,1.0,0.0,1.0
Estonia,Somalia,EST,SOM,0.0,0.0,0.0,0.0,2.0,0.0,0.0
Estonia,Uganda,EST,UGA,0.0,0.0,0.0,0.0,0.0,3.0,1.0
Estonia,United Republic of Tanzania,EST,TZA,0.0,0.0,0.0,0.0,1.0,1.0,1.0
Estonia,Zambia,EST,ZMB,0.0,0.0,0.0,0.0,0.0,0.0,0.0
Estonia,Zimbabwe,EST,ZWE,0.0,0.0,0.0,0.0,0.0,2.0,1.0
Estonia,Angola,EST,AGO,0.0,0.0,0.0,0.0,1.0,1.0,1.0
Estonia,Cameroon,EST,CMR,0.0,0.0,0.0,0.0,0.0,3.0,23.0
Estonia,Central African Republic,EST,CAF,0.0,0.0,0.0,0.0,0.0,0.0,0.0
Estonia,Congo,EST,COG,0.0,0.0,0.0,0.0,1.0,1.0,1.0
Estonia,Democratic Republic of the Congo,EST,COD,0.0,0.0,0.0,0.0,0.0,0.0,3.0
Estonia,Algeria,EST,DZA,0.0,0.0,0.0,0.0,3.0,4.0,6.0
Estonia,Egypt,EST,EGY,0.0,0.0,0.0,0.0,4.0,7.0,23.0
Estonia,Libya,EST,LBY,0.0,0.0,0.0,0.0,2.0,2.0,3.0
Estonia,Morocco,EST,MAR,0.0,0.0,0.0,0.0,3.0,4.0,5.0
Estonia,Sudan,EST,SDN,0.0,0.0,0.0,0.0,1.0,1.0,1.0
Estonia,Tunisia,EST,TUN,0.0,0.0,0.0,0.0,1.0,2.0,2.0
Estonia,Namibia,EST,NAM,0.0,0.0,0.0,0.0,0.0,0.0,3.0
Estonia,South Africa,EST,ZAF,0.0,0.0,0.0,0.0,9.0,10.0,18.0
Estonia,Benin,EST,BEN,0.0,0.0,0.0,0.0,0.0,0.0,0.0
Estonia,Cabo Verde,EST,CPV,0.0,0.0,0.0,0.0,0.0,1.0,0.0
Estonia,Côte d'Ivoire,EST,CIV,0.0,0.0,0.0,0.0,0.0,0.0,0.0
Estonia,Gambia,EST,GMB,0.0,0.0,0.0,0.0,0.0,0.0,0.0
Estonia,Ghana,EST,GHA,0.0,0.0,0.0,0.0,2.0,4.0,11.0
Estonia,Guinea,EST,GIN,0.0,0.0,0.0,0.0,0.0,0.0,0.0
Estonia,Mauritania,EST,MRT,0.0,0.0,0.0,0.0,2.0,2.0,1.0
Estonia,Nigeria,EST,NGA,0.0,0.0,0.0,0.0,4.0,19.0,151.0
Estonia,Senegal,EST,SEN,0.0,0.0,0.0,0.0,1.0,1.0,0.0
Estonia,Sierra Leone,EST,SLE,0.0,0.0,0.0,0.0,0.0,0.0,0.0
Estonia,Togo,EST,TGO,0.0,0.0,0.0,0.0,0.0,0.0,0.0
Estonia,Kazakhstan,EST,KAZ,3841.0,2998.0,2155.0,2227.0,2289.0,2131.0,2125.0
Estonia,Kyrgyzstan,EST,KGZ,545.0,431.0,317.0,324.0,330.0,305.0,309.0
Estonia,Tajikistan,EST,TJK,422.0,305.0,187.0,196.0,204.0,187.0,191.0
Estonia,Turkmenistan,EST,TKM,519.0,369.0,219.0,223.0,226.0,220.0,215.0
Estonia,Uzbekistan,EST,UZB,1112.0,848.0,583.0,613.0,640.0,592.0,601.0
Estonia,China,EST,CHN,31.0,48.0,65.0,82.0,99.0,171.0,250.0
Estonia,"China, Hong Kong SAR",EST,HKG,0.0,0.0,0.0,0.0,1.0,0.0,0.0
Estonia,Dem. People's Republic of Korea,EST,PRK,0.0,0.0,0.0,0.0,1.0,1.0,0.0
Estonia,Japan,EST,JPN,0.0,0.0,0.0,0.0,27.0,37.0,79.0
Estonia,Mongolia,EST,MNG,18.0,28.0,37.0,33.0,29.0,30.0,28.0
Estonia,Republic of Korea,EST,KOR,0.0,0.0,0.0,0.0,12.0,48.0,66.0
Estonia,Afghanistan,EST,AFG,0.0,0.0,0.0,0.0,3.0,6.0,19.0
Estonia,Bangladesh,EST,BGD,0.0,0.0,0.0,0.0,2.0,3.0,51.0
Estonia,Bhutan,EST,BTN,0.0,0.0,0.0,0.0,0.0,0.0,3.0
Estonia,India,EST,IND,9.0,14.0,18.0,21.0,23.0,66.0,162.0
Estonia,Iran (Islamic Republic of),EST,IRN,0.0,0.0,0.0,0.0,5.0,19.0,75.0
Estonia,Nepal,EST,NPL,0.0,0.0,0.0,0.0,1.0,2.0,33.0
Estonia,Pakistan,EST,PAK,0.0,0.0,0.0,0.0,5.0,9.0,66.0
Estonia,Sri Lanka,EST,LKA,0.0,0.0,0.0,0.0,2.0,3.0,15.0
Estonia,Cambodia,EST,KHM,0.0,0.0,0.0,0.0,4.0,5.0,4.0
Estonia,Indonesia,EST,IDN,0.0,0.0,0.0,0.0,1.0,5.0,24.0
Estonia,Malaysia,EST,MYS,0.0,0.0,0.0,0.0,0.0,2.0,5.0
Estonia,Myanmar,EST,MMR,0.0,0.0,0.0,0.0,0.0,0.0,0.0
Estonia,Philippines,EST,PHL,0.0,0.0,0.0,0.0,13.0,39.0,75.0
Estonia,Singapore,EST,SGP,0.0,0.0,0.0,0.0,1.0,6.0,10.0
Estonia,Thailand,EST,THA,0.0,0.0,0.0,0.0,14.0,41.0,82.0
Estonia,Viet Nam,EST,VNM,0.0,0.0,0.0,0.0,3.0,10.0,29.0
Estonia,Armenia,EST,ARM,240.0,236.0,231.0,256.0,280.0,288.0,329.0
Estonia,Azerbaijan,EST,AZE,853.0,718.0,582.0,624.0,663.0,628.0,671.0
Estonia,Bahrain,EST,BHR,0.0,0.0,0.0,0.0,1.0,2.0,0.0
Estonia,Cyprus,EST,CYP,0.0,0.0,0.0,0.0,7.0,7.0,14.0
Estonia,Georgia,EST,GEO,1064.0,920.0,776.0,798.0,817.0,814.0,874.0
Estonia,Iraq,EST,IRQ,0.0,0.0,0.0,0.0,2.0,2.0,22.0
Estonia,Israel,EST,ISR,0.0,0.0,0.0,0.0,15.0,30.0,44.0
Estonia,Jordan,EST,JOR,0.0,0.0,0.0,0.0,1.0,1.0,8.0
Estonia,Kuwait,EST,KWT,0.0,0.0,0.0,0.0,0.0,2.0,1.0
Estonia,Lebanon,EST,LBN,0.0,0.0,0.0,0.0,0.0,2.0,6.0
Estonia,Oman,EST,OMN,0.0,0.0,0.0,0.0,0.0,0.0,1.0
Estonia,Qatar,EST,QAT,0.0,0.0,0.0,0.0,0.0,0.0,0.0
Estonia,Saudi Arabia,EST,SAU,0.0,0.0,0.0,0.0,1.0,1.0,5.0
Estonia,State of Palestine,EST,PSE,0.0,0.0,0.0,0.0,0.0,0.0,0.0
Estonia,Syrian Arab Republic,EST,SYR,0.0,0.0,0.0,0.0,0.0,1.0,75.0
Estonia,Türkiye,EST,TUR,0.0,0.0,0.0,0.0,12.0,36.0,97.0
Estonia,United Arab Emirates,EST,ARE,0.0,0.0,0.0,0.0,2.0,0.0,8.0
Estonia,Yemen,EST,YEM,0.0,0.0,0.0,0.0,0.0,2.0,7.0
Estonia,Belarus,EST,BLR,12527.0,10511.0,8494.0,8110.0,7690.0,6810.0,6439.0
Estonia,Bulgaria,EST,BGR,0.0,0.0,0.0,0.0,28.0,55.0,67.0
Estonia,Czechia,EST,CZE,0.0,0.0,0.0,0.0,27.0,109.0,162.0
Estonia,Hungary,EST,HUN,18.0,28.0,37.0,46.0,55.0,105.0,122.0
Estonia,Poland,EST,POL,144.0,222.0,300.0,310.0,318.0,374.0,358.0
Estonia,Republic of Moldova*,EST,MDA,603.0,498.0,392.0,401.0,409.0,416.0,445.0
Estonia,Romania,EST,ROU,0.0,0.0,0.0,0.0,24.0,55.0,65.0
Estonia,Russian Federation,EST,RUS,162473.0,139527.0,116580.0,107100.0,97155.0,81782.0,74749.0
Estonia,Slovakia,EST,SVK,0.0,0.0,0.0,0.0,11.0,67.0,81.0
Estonia,Ukraine*,EST,UKR,20061.0,16217.0,12389.0,12323.0,12203.0,11257.0,11796.0
Estonia,Denmark*,EST,DNK,8.0,13.0,17.0,27.0,37.0,31.0,60.0
Estonia,Faroe Islands*,EST,FRO,0.0,0.0,0.0,0.0,1.0,1.0,0.0
Estonia,Finland*,EST,FIN,304.0,468.0,632.0,809.0,983.0,1445.0,2279.0
Estonia,Iceland,EST,ISL,0.0,0.0,0.0,0.0,9.0,3.0,9.0
Estonia,Ireland,EST,IRL,0.0,0.0,0.0,0.0,61.0,28.0,147.0
Estonia,Latvia,EST,LVA,3283.0,2878.0,2473.0,2484.0,2484.0,2572.0,2917.0
Estonia,Lithuania,EST,LTU,1570.0,1380.0,1189.0,1183.0,1171.0,1175.0,1198.0
Estonia,Norway*,EST,NOR,0.0,0.0,0.0,0.0,48.0,63.0,156.0
Estonia,Sweden,EST,SWE,39.0,60.0,80.0,113.0,146.0,132.0,232.0
Estonia,United Kingdom*,EST,GBR,11.0,18.0,24.0,92.0,159.0,182.0,414.0
Estonia,Albania,EST,ALB,0.0,0.0,0.0,0.0,0.0,5.0,16.0
Estonia,Andorra,EST,AND,0.0,0.0,0.0,0.0,0.0,0.0,1.0
Estonia,Bosnia and Herzegovina,EST,BIH,0.0,0.0,0.0,0.0,1.0,3.0,0.0
Estonia,Croatia,EST,HRV,0.0,0.0,0.0,0.0,4.0,15.0,23.0
Estonia,Gibraltar*,EST,GIB,0.0,0.0,0.0,0.0,1.0,1.0,0.0
Estonia,Greece,EST,GRC,0.0,0.0,0.0,0.0,12.0,27.0,66.0
Estonia,Holy See*,EST,VAT,0.0,0.0,0.0,0.0,1.0,1.0,0.0
Estonia,Italy,EST,ITA,0.0,0.0,0.0,0.0,81.0,190.0,459.0
Estonia,Malta,EST,MLT,0.0,0.0,0.0,0.0,0.0,1.0,6.0
Estonia,Montenegro,EST,MNE,0.0,0.0,0.0,0.0,0.0,0.0,1.0
Estonia,North Macedonia,EST,MKD,0.0,0.0,0.0,0.0,2.0,2.0,6.0
Estonia,Portugal,EST,PRT,0.0,0.0,0.0,0.0,14.0,37.0,102.0
Estonia,Serbia*,EST,SRB,0.0,0.0,0.0,0.0,4.0,6.0,23.0
Estonia,Slovenia,EST,SVN,0.0,0.0,0.0,0.0,2.0,14.0,23.0
Estonia,Spain*,EST,ESP,0.0,0.0,0.0,0.0,60.0,162.0,322.0
Estonia,Austria,EST,AUT,0.0,0.0,0.0,0.0,37.0,65.0,99.0
Estonia,Belgium,EST,BEL,0.0,0.0,0.0,0.0,49.0,59.0,108.0
Estonia,France*,EST,FRA,23.0,36.0,48.0,64.0,80.0,214.0,386.0
Estonia,Germany,EST,DEU,231.0,356.0,481.0,556.0,629.0,853.0,1202.0
Estonia,Liechtenstein,EST,LIE,0.0,0.0,0.0,0.0,0.0,0.0,0.0
Estonia,Luxembourg,EST,LUX,0.0,0.0,0.0,0.0,7.0,6.0,7.0
Estonia,Monaco,EST,MCO,0.0,0.0,0.0,0.0,1.0,0.0,0.0
Estonia,Netherlands*,EST,NLD,0.0,0.0,0.0,0.0,32.0,52.0,86.0
Estonia,Switzerland,EST,CHE,0.0,0.0,0.0,0.0,9.0,9.0,46.0
Estonia,Antigua and Barbuda,EST,ATG,0.0,0.0,0.0,0.0,0.0,0.0,2.0
Estonia,Barbados,EST,BRB,0.0,0.0,0.0,0.0,0.0,0.0,0.0
Estonia,Cuba,EST,CUB,0.0,0.0,0.0,0.0,9.0,8.0,12.0
Estonia,Dominican Republic,EST,DOM,0.0,0.0,0.0,0.0,0.0,0.0,0.0
Estonia,Jamaica,EST,JAM,0.0,0.0,0.0,0.0,1.0,1.0,0.0
Estonia,Saint Kitts and Nevis,EST,KNA,0.0,0.0,0.0,0.0,1.0,1.0,0.0
Estonia,Trinidad and Tobago,EST,TTO,0.0,0.0,0.0,0.0,2.0,3.0,2.0
Estonia,Belize,EST,BLZ,0.0,0.0,0.0,0.0,0.0,0.0,0.0
Estonia,Costa Rica,EST,CRI,0.0,0.0,0.0,0.0,0.0,0.0,4.0
Estonia,El Salvador,EST,SLV,0.0,0.0,0.0,0.0,0.0,0.0,1.0
Estonia,Guatemala,EST,GTM,0.0,0.0,0.0,0.0,3.0,4.0,1.0
Estonia,Honduras,EST,HND,0.0,0.0,0.0,0.0,0.0,0.0,5.0
Estonia,Mexico,EST,MEX,0.0,0.0,0.0,0.0,10.0,27.0,51.0
Estonia,Nicaragua,EST,NIC,0.0,0.0,0.0,0.0,0.0,1.0,2.0
Estonia,Panama,EST,PAN,0.0,0.0,0.0,0.0,0.0,1.0,1.0
Estonia,Argentina,EST,ARG,0.0,0.0,0.0,0.0,3.0,9.0,16.0
Estonia,Bolivia (Plurinational State of),EST,BOL,0.0,0.0,0.0,0.0,1.0,1.0,1.0
Estonia,Brazil,EST,BRA,0.0,0.0,0.0,0.0,34.0,39.0,100.0
Estonia,Chile,EST,CHL,0.0,0.0,0.0,0.0,0.0,1.0,3.0
Estonia,Colombia,EST,COL,0.0,0.0,0.0,0.0,7.0,6.0,27.0
Estonia,Ecuador,EST,ECU,0.0,0.0,0.0,0.0,2.0,4.0,4.0
Estonia,Falkland Islands (Malvinas)*,EST,FLK,0.0,0.0,0.0,0.0,0.0,1.0,0.0
Estonia,Guyana,EST,GUY,0.0,0.0,0.0,0.0,2.0,2.0,2.0
Estonia,Paraguay,EST,PRY,0.0,0.0,0.0,0.0,0.0,1.0,0.0
Estonia,Peru,EST,PER,0.0,0.0,0.0,0.0,7.0,8.0,12.0
Estonia,Suriname,EST,SUR,0.0,0.0,0.0,0.0,0.0,1.0,0.0
Estonia,Uruguay,EST,URY,0.0,0.0,0.0,0.0,2.0,2.0,1.0
Estonia,Venezuela (Bolivarian Republic of),EST,VEN,0.0,0.0,0.0,0.0,3.0,2.0,14.0
Estonia,Canada,EST,CAN,13.0,21.0,28.0,36.0,43.0,40.0,75.0
Estonia,United States of America*,EST,USA,46.0,71.0,96.0,168.0,240.0,229.0,456.0
Estonia,Australia*,EST,AUS,0.0,0.0,0.0,0.0,19.0,23.0,71.0
Estonia,New Zealand*,EST,NZL,0.0,0.0,0.0,0.0,2.0,3.0,8.0
Estonia,Fiji,EST,FJI,0.0,0.0,0.0,0.0,0.0,0.0,0.0
Estonia,Papua New Guinea,EST,PNG,0.0,0.0,0.0,0.0,0.0,0.0,0.0
Estonia,Kiribati,EST,KIR,0.0,0.0,0.0,0.0,0.0,0.0,0.0
Estonia,Tonga,EST,TON,0.0,0.0,0.0,0.0,0.0,0.0,0.0
Faroe Islands*,Ethiopia,FRO,ETH,0.0,0.0,0.0,1.0,9.0,12.0,13.0
Faroe Islands*,Kenya,FRO,KEN,0.0,0.0,0.0,0.0,2.0,8.0,14.0
Faroe Islands*,Tunisia,FRO,TUN,1.0,0.0,0.0,1.0,2.0,3.0,4.0
Faroe Islands*,South Africa,FRO,ZAF,0.0,2.0,1.0,5.0,6.0,9.0,8.0
Faroe Islands*,Ghana,FRO,GHA,0.0,0.0,0.0,4.0,12.0,12.0,12.0
Faroe Islands*,China,FRO,CHN,0.0,0.0,0.0,6.0,14.0,22.0,23.0
Faroe Islands*,Republic of Korea,FRO,KOR,38.0,32.0,23.0,21.0,22.0,25.0,28.0
Faroe Islands*,India,FRO,IND,8.0,15.0,23.0,36.0,38.0,39.0,40.0
Faroe Islands*,Indonesia,FRO,IDN,1.0,1.0,0.0,3.0,5.0,9.0,10.0
Faroe Islands*,Philippines,FRO,PHL,10.0,9.0,13.0,23.0,45.0,105.0,177.0
Faroe Islands*,Thailand,FRO,THA,2.0,9.0,15.0,41.0,60.0,94.0,114.0
Faroe Islands*,Bulgaria,FRO,BGR,0.0,0.0,1.0,4.0,3.0,3.0,4.0
Faroe Islands*,Poland,FRO,POL,14.0,8.0,20.0,19.0,23.0,20.0,26.0
Faroe Islands*,Romania,FRO,ROU,0.0,0.0,4.0,23.0,38.0,30.0,50.0
Faroe Islands*,Russian Federation,FRO,RUS,2.0,1.0,6.0,19.0,25.0,22.0,24.0
Faroe Islands*,Denmark*,FRO,DNK,1321.0,901.0,1144.0,1409.0,1517.0,1644.0,1935.0
Faroe Islands*,Iceland,FRO,ISL,117.0,85.0,92.0,104.0,111.0,110.0,115.0
Faroe Islands*,Lithuania,FRO,LTU,0.0,0.0,0.0,8.0,8.0,9.0,6.0
Faroe Islands*,Norway*,FRO,NOR,68.0,51.0,67.0,74.0,85.0,90.0,100.0
Faroe Islands*,Sweden,FRO,SWE,23.0,16.0,26.0,25.0,27.0,31.0,32.0
Faroe Islands*,United Kingdom*,FRO,GBR,63.0,51.0,48.0,49.0,50.0,52.0,57.0
Faroe Islands*,Croatia,FRO,HRV,0.0,0.0,0.0,11.0,11.0,9.0,10.0
Faroe Islands*,Serbia*,FRO,SRB,0.0,0.0,5.0,15.0,9.0,24.0,26.0
Faroe Islands*,Germany,FRO,DEU,14.0,9.0,7.0,8.0,10.0,9.0,15.0
Faroe Islands*,Brazil,FRO,BRA,2.0,2.0,3.0,4.0,9.0,7.0,20.0
Faroe Islands*,Colombia,FRO,COL,10.0,16.0,18.0,19.0,14.0,15.0,20.0
Faroe Islands*,Peru,FRO,PER,0.0,0.0,1.0,2.0,3.0,10.0,12.0
Faroe Islands*,Canada,FRO,CAN,1.0,2.0,1.0,4.0,7.0,7.0,9.0
Faroe Islands*,Greenland*,FRO,GRL,82.0,56.0,58.0,81.0,91.0,96.0,115.0
Faroe Islands*,United States of America*,FRO,USA,5.0,9.0,10.0,13.0,18.0,22.0,24.0
Finland*,Burundi,FIN,BDI,0.0,1.0,2.0,10.0,16.0,24.0,35.0
Finland*,Comoros,FIN,COM,0.0,1.0,1.0,1.0,1.0,1.0,1.0
Finland*,Djibouti,FIN,DJI,0.0,1.0,1.0,3.0,5.0,4.0,7.0
Finland*,Eritrea,FIN,ERI,0.0,3.0,6.0,21.0,30.0,48.0,265.0
Finland*,Ethiopia,FIN,ETH,94.0,169.0,243.0,442.0,578.0,805.0,1065.0
Finland*,Kenya,FIN,KEN,39.0,61.0,83.0,276.0,414.0,657.0,841.0
Finland*,Madagascar,FIN,MDG,0.0,1.0,2.0,6.0,8.0,9.0,12.0
Finland*,Malawi,FIN,MWI,0.0,0.0,0.0,3.0,5.0,21.0,50.0
Finland*,Mauritius,FIN,MUS,8.0,10.0,11.0,14.0,13.0,20.0,23.0
Finland*,Mozambique,FIN,MOZ,2.0,8.0,14.0,23.0,27.0,33.0,38.0
Finland*,Rwanda,FIN,RWA,1.0,7.0,13.0,69.0,91.0,218.0,261.0
Finland*,Seychelles,FIN,SYC,0.0,1.0,1.0,3.0,5.0,5.0,6.0
Finland*,Somalia,FIN,SOM,13.0,763.0,1513.0,2720.0,3363.0,4640.0,5775.0
Finland*,South Sudan,FIN,SSD,0.0,0.0,1.0,1.0,2.0,0.0,7.0
Finland*,Uganda,FIN,UGA,2.0,5.0,8.0,36.0,58.0,95.0,150.0
Finland*,United Republic of Tanzania,FIN,TZA,29.0,42.0,54.0,111.0,151.0,203.0,223.0
Finland*,Zambia,FIN,ZMB,21.0,27.0,32.0,60.0,77.0,103.0,170.0
Finland*,Zimbabwe,FIN,ZWE,3.0,6.0,8.0,16.0,18.0,30.0,57.0
Finland*,Angola,FIN,AGO,2.0,18.0,34.0,85.0,123.0,167.0,179.0
Finland*,Cameroon,FIN,CMR,4.0,6.0,8.0,99.0,152.0,282.0,418.0
Finland*,Central African Republic,FIN,CAF,0.0,0.0,0.0,1.0,1.0,1.0,2.0
Finland*,Chad,FIN,TCD,0.0,0.0,0.0,1.0,1.0,2.0,3.0
Finland*,Congo,FIN,COG,7.0,7.0,6.0,26.0,33.0,52.0,52.0
Finland*,Democratic Republic of the Congo,FIN,COD,1.0,49.0,97.0,309.0,439.0,790.0,1040.0
Finland*,Equatorial Guinea,FIN,GNQ,0.0,0.0,0.0,3.0,6.0,8.0,7.0
Finland*,Gabon,FIN,GAB,0.0,1.0,1.0,3.0,4.0,6.0,9.0
Finland*,Algeria,FIN,DZA,17.0,34.0,50.0,98.0,125.0,166.0,240.0
Finland*,Egypt,FIN,EGY,23.0,31.0,38.0,96.0,143.0,222.0,351.0
Finland*,Libya,FIN,LBY,2.0,11.0,20.0,35.0,46.0,68.0,80.0
Finland*,Morocco,FIN,MAR,22.0,82.0,141.0,297.0,410.0,598.0,808.0
Finland*,Sudan,FIN,SDN,66.0,105.0,144.0,0.0,363.0,403.0,526.0
Finland*,Tunisia,FIN,TUN,14.0,23.0,31.0,70.0,95.0,124.0,191.0
Finland*,Botswana,FIN,BWA,0.0,1.0,2.0,3.0,4.0,6.0,8.0
Finland*,Eswatini,FIN,SWZ,0.0,1.0,2.0,3.0,5.0,6.0,5.0
Finland*,Namibia,FIN,NAM,26.0,20.0,13.0,29.0,42.0,54.0,90.0
Finland*,South Africa,FIN,ZAF,64.0,71.0,78.0,165.0,215.0,315.0,402.0
Finland*,Benin,FIN,BEN,0.0,0.0,0.0,1.0,2.0,4.0,6.0
Finland*,Burkina Faso,FIN,BFA,0.0,1.0,1.0,1.0,1.0,2.0,6.0
Finland*,Cabo Verde,FIN,CPV,0.0,1.0,2.0,2.0,2.0,3.0,4.0
Finland*,Côte d'Ivoire,FIN,CIV,1.0,4.0,6.0,17.0,27.0,32.0,42.0
Finland*,Gambia,FIN,GMB,2.0,8.0,14.0,54.0,85.0,132.0,169.0
Finland*,Ghana,FIN,GHA,17.0,36.0,55.0,166.0,241.0,422.0,589.0
Finland*,Guinea,FIN,GIN,1.0,1.0,1.0,6.0,5.0,17.0,24.0
Finland*,Guinea-Bissau,FIN,GNB,0.0,0.0,0.0,1.0,0.0,1.0,2.0
Finland*,Liberia,FIN,LBR,1.0,3.0,5.0,20.0,34.0,36.0,42.0
Finland*,Mali,FIN,MLI,0.0,0.0,0.0,0.0,0.0,4.0,4.0
Finland*,Mauritania,FIN,MRT,0.0,0.0,0.0,0.0,0.0,4.0,13.0
Finland*,Niger,FIN,NER,2.0,3.0,4.0,5.0,5.0,6.0,6.0
Finland*,Nigeria,FIN,NGA,15.0,25.0,35.0,147.0,210.0,529.0,891.0
Finland*,Senegal,FIN,SEN,2.0,3.0,4.0,15.0,24.0,28.0,33.0
Finland*,Sierra Leone,FIN,SLE,2.0,4.0,6.0,17.0,22.0,33.0,36.0
Finland*,Togo,FIN,TGO,0.0,1.0,1.0,6.0,11.0,17.0,16.0
Finland*,Kazakhstan,FIN,KAZ,0.0,12.0,23.0,62.0,89.0,146.0,206.0
Finland*,Kyrgyzstan,FIN,KGZ,0.0,1.0,2.0,11.0,14.0,27.0,43.0
Finland*,Tajikistan,FIN,TJK,0.0,1.0,2.0,10.0,14.0,18.0,25.0
Finland*,Turkmenistan,FIN,TKM,0.0,1.0,2.0,7.0,12.0,13.0,23.0
Finland*,Uzbekistan,FIN,UZB,0.0,3.0,6.0,26.0,38.0,60.0,112.0
Finland*,China,FIN,CHN,175.0,546.0,917.0,2583.0,3832.0,5369.0,6721.0
Finland*,Dem. People's Republic of Korea,FIN,PRK,2.0,2.0,1.0,2.0,1.0,3.0,3.0
Finland*,Japan,FIN,JPN,151.0,207.0,262.0,488.0,657.0,744.0,900.0
Finland*,Mongolia,FIN,MNG,0.0,5.0,9.0,19.0,24.0,33.0,42.0
Finland*,Republic of Korea,FIN,KOR,31.0,47.0,62.0,144.0,197.0,319.0,441.0
Finland*,Afghanistan,FIN,AFG,0.0,72.0,143.0,713.0,1061.0,2102.0,2702.0
Finland*,Bangladesh,FIN,BGD,22.0,64.0,105.0,244.0,331.0,607.0,1027.0
Finland*,Bhutan,FIN,BTN,0.0,0.0,0.0,1.0,1.0,2.0,2.0
Finland*,India,FIN,IND,180.0,265.0,349.0,942.0,1350.0,2055.0,2859.0
Finland*,Iran (Islamic Republic of),FIN,IRN,180.0,422.0,663.0,1233.0,1662.0,2449.0,3325.0
Finland*,Maldives,FIN,MDV,0.0,0.0,0.0,0.0,0.0,1.0,0.0
Finland*,Nepal,FIN,NPL,12.0,20.0,28.0,149.0,214.0,640.0,1207.0
Finland*,Pakistan,FIN,PAK,25.0,63.0,100.0,252.0,343.0,660.0,1044.0
Finland*,Sri Lanka,FIN,LKA,86.0,110.0,134.0,223.0,289.0,412.0,519.0
Finland*,Brunei Darussalam,FIN,BRN,0.0,0.0,0.0,0.0,0.0,0.0,3.0
Finland*,Cambodia,FIN,KHM,31.0,39.0,46.0,90.0,122.0,151.0,198.0
Finland*,Indonesia,FIN,IDN,13.0,38.0,63.0,148.0,205.0,309.0,442.0
Finland*,Lao People's Democratic Republic,FIN,LAO,0.0,2.0,4.0,11.0,13.0,39.0,52.0
Finland*,Malaysia,FIN,MYS,59.0,71.0,82.0,144.0,190.0,220.0,276.0
Finland*,Myanmar,FIN,MMR,4.0,13.0,21.0,234.0,388.0,541.0,589.0
Finland*,Philippines,FIN,PHL,243.0,371.0,498.0,959.0,1260.0,2177.0,3354.0
Finland*,Singapore,FIN,SGP,16.0,24.0,31.0,65.0,92.0,115.0,153.0
Finland*,Thailand,FIN,THA,319.0,705.0,1090.0,3289.0,4772.0,7057.0,8765.0
Finland*,Viet Nam,FIN,VNM,775.0,987.0,1198.0,1864.0,2300.0,3228.0,4782.0
Finland*,Armenia,FIN,ARM,0.0,5.0,10.0,29.0,42.0,51.0,63.0
Finland*,Azerbaijan,FIN,AZE,0.0,3.0,5.0,29.0,47.0,67.0,92.0
Finland*,Bahrain,FIN,BHR,1.0,2.0,2.0,3.0,4.0,4.0,7.0
Finland*,Cyprus,FIN,CYP,8.0,11.0,14.0,24.0,29.0,45.0,63.0
Finland*,Georgia,FIN,GEO,0.0,3.0,6.0,13.0,15.0,34.0,60.0
Finland*,Iraq,FIN,IRQ,73.0,597.0,1121.0,1990.0,2511.0,7852.0,6598.0
Finland*,Israel,FIN,ISR,111.0,114.0,117.0,167.0,207.0,212.0,248.0
Finland*,Jordan,FIN,JOR,4.0,14.0,23.0,50.0,55.0,100.0,134.0
Finland*,Kuwait,FIN,KWT,5.0,13.0,20.0,29.0,33.0,44.0,77.0
Finland*,Lebanon,FIN,LBN,34.0,53.0,72.0,125.0,170.0,198.0,295.0
Finland*,Oman,FIN,OMN,0.0,1.0,1.0,3.0,4.0,6.0,9.0
Finland*,Qatar,FIN,QAT,2.0,2.0,2.0,3.0,4.0,4.0,9.0
Finland*,Saudi Arabia,FIN,SAU,2.0,42.0,82.0,102.0,116.0,151.0,229.0
Finland*,State of Palestine,FIN,PSE,0.0,0.0,0.0,4.0,6.0,16.0,23.0
Finland*,Syrian Arab Republic,FIN,SYR,11.0,35.0,58.0,109.0,145.0,534.0,2699.0
Finland*,Türkiye,FIN,TUR,72.0,224.0,375.0,893.0,1270.0,1813.0,2404.0
Finland*,United Arab Emirates,FIN,ARE,3.0,5.0,7.0,17.0,22.0,56.0,104.0
Finland*,Yemen,FIN,YEM,2.0,5.0,7.0,12.0,16.0,25.0,75.0
Finland*,Belarus,FIN,BLR,0.0,10.0,19.0,75.0,124.0,195.0,276.0
Finland*,Bulgaria,FIN,BGR,114.0,143.0,172.0,348.0,460.0,863.0,1151.0
Finland*,Czechia,FIN,CZE,131.0,136.0,141.0,217.0,48.0,111.0,176.0
Finland*,Hungary,FIN,HUN,264.0,288.0,311.0,530.0,660.0,965.0,1154.0
Finland*,Poland,FIN,POL,554.0,530.0,506.0,937.0,1243.0,1795.0,2237.0
Finland*,Republic of Moldova*,FIN,MDA,0.0,3.0,5.0,28.0,41.0,86.0,167.0
Finland*,Romania,FIN,ROU,53.0,147.0,240.0,500.0,659.0,1133.0,1623.0
Finland*,Russian Federation,FIN,RUS,1177.0,1274.0,1550.0,2526.0,4119.0,6437.0,8371.0
Finland*,Slovakia,FIN,SVK,0.0,3.0,6.0,25.0,37.0,85.0,162.0
Finland*,Ukraine*,FIN,UKR,143.0,53.0,106.0,334.0,487.0,854.0,1548.0
Finland*,Denmark*,FIN,DNK,242.0,240.0,237.0,296.0,321.0,361.0,428.0
Finland*,Estonia,FIN,EST,2960.0,1784.0,3568.0,8484.0,11355.0,21153.0,23540.0
Finland*,Iceland,FIN,ISL,37.0,40.0,42.0,54.0,59.0,56.0,60.0
Finland*,Ireland,FIN,IRL,27.0,34.0,40.0,78.0,101.0,150.0,179.0
Finland*,Latvia,FIN,LVA,134.0,66.0,131.0,378.0,516.0,887.0,1198.0
Finland*,Lithuania,FIN,LTU,0.0,41.0,81.0,233.0,311.0,548.0,709.0
Finland*,Norway*,FIN,NOR,489.0,431.0,372.0,556.0,691.0,767.0,864.0
Finland*,Sweden,FIN,SWE,13111.0,12012.0,10912.0,13134.0,14919.0,14783.0,15945.0
Finland*,United Kingdom*,FIN,GBR,619.0,635.0,651.0,975.0,1206.0,1495.0,1800.0
Finland*,Albania,FIN,ALB,0.0,6.0,12.0,20.0,26.0,86.0,221.0
Finland*,Andorra,FIN,AND,0.0,0.0,0.0,0.0,0.0,0.0,0.0
Finland*,Bosnia and Herzegovina,FIN,BIH,54.0,47.0,94.0,190.0,267.0,318.0,371.0
Finland*,Croatia,FIN,HRV,0.0,25.0,50.0,68.0,77.0,100.0,126.0
Finland*,Greece,FIN,GRC,49.0,55.0,61.0,115.0,150.0,344.0,540.0
Finland*,Holy See*,FIN,VAT,0.0,0.0,0.0,0.0,0.0,0.0,0.0
Finland*,Italy,FIN,ITA,119.0,154.0,188.0,343.0,461.0,700.0,996.0
Finland*,Malta,FIN,MLT,1.0,3.0,4.0,7.0,9.0,16.0,20.0
Finland*,Montenegro,FIN,MNE,0.0,0.0,0.0,1.0,2.0,2.0,7.0
Finland*,North Macedonia,FIN,MKD,14.0,23.0,31.0,44.0,52.0,82.0,100.0
Finland*,Portugal,FIN,PRT,33.0,36.0,38.0,75.0,97.0,169.0,200.0
Finland*,San Marino,FIN,SMR,0.0,0.0,0.0,0.0,0.0,1.0,0.0
Finland*,Serbia*,FIN,SRB,42.0,67.0,92.0,602.0,32.0,68.0,122.0
Finland*,Slovenia,FIN,SVN,0.0,1.0,1.0,6.0,10.0,24.0,49.0
Finland*,Spain*,FIN,ESP,181.0,209.0,236.0,447.0,592.0,1039.0,1240.0
Finland*,Austria,FIN,AUT,105.0,107.0,108.0,174.0,222.0,260.0,297.0
Finland*,Belgium,FIN,BEL,53.0,62.0,71.0,115.0,143.0,196.0,242.0
Finland*,France*,FIN,FRA,221.0,279.0,337.0,544.0,688.0,839.0,987.0
Finland*,Germany,FIN,DEU,1051.0,1086.0,1120.0,1872.0,2433.0,2739.0,2968.0
Finland*,Luxembourg,FIN,LUX,9.0,10.0,10.0,26.0,35.0,49.0,51.0
Finland*,Monaco,FIN,MCO,0.0,0.0,0.0,0.0,0.0,2.0,4.0
Finland*,Netherlands*,FIN,NLD,106.0,127.0,148.0,244.0,319.0,356.0,436.0
Finland*,Switzerland,FIN,CHE,194.0,201.0,207.0,294.0,357.0,391.0,453.0
Finland*,Antigua and Barbuda,FIN,ATG,0.0,0.0,0.0,0.0,1.0,1.0,1.0
Finland*,Aruba*,FIN,ABW,0.0,0.0,0.0,0.0,0.0,1.0,0.0
Finland*,Bahamas,FIN,BHS,1.0,2.0,2.0,3.0,5.0,3.0,2.0
Finland*,Barbados,FIN,BRB,0.0,1.0,2.0,2.0,2.0,1.0,3.0
Finland*,Cuba,FIN,CUB,9.0,26.0,42.0,92.0,129.0,174.0,200.0
Finland*,Dominica,FIN,DMA,0.0,0.0,0.0,0.0,0.0,0.0,0.0
Finland*,Dominican Republic,FIN,DOM,2.0,9.0,16.0,37.0,52.0,72.0,92.0
Finland*,Grenada,FIN,GRD,0.0,0.0,0.0,0.0,0.0,0.0,0.0
Finland*,Haiti,FIN,HTI,0.0,0.0,0.0,2.0,4.0,3.0,4.0
Finland*,Jamaica,FIN,JAM,5.0,8.0,10.0,17.0,24.0,29.0,30.0
Finland*,Saint Kitts and Nevis,FIN,KNA,0.0,0.0,0.0,0.0,0.0,0.0,0.0
Finland*,Saint Lucia,FIN,LCA,0.0,0.0,0.0,1.0,1.0,1.0,1.0
Finland*,Saint Vincent and the Grenadines,FIN,VCT,0.0,0.0,0.0,0.0,0.0,0.0,0.0
Finland*,Trinidad and Tobago,FIN,TTO,5.0,6.0,6.0,10.0,13.0,17.0,25.0
Finland*,Turks and Caicos Islands*,FIN,TCA,0.0,0.0,0.0,0.0,0.0,1.0,0.0
Finland*,Belize,FIN,BLZ,0.0,1.0,1.0,1.0,1.0,0.0,0.0
Finland*,Costa Rica,FIN,CRI,4.0,7.0,10.0,15.0,18.0,20.0,25.0
Finland*,El Salvador,FIN,SLV,1.0,5.0,8.0,19.0,26.0,37.0,41.0
Finland*,Guatemala,FIN,GTM,4.0,5.0,6.0,16.0,22.0,27.0,35.0
Finland*,Honduras,FIN,HND,3.0,7.0,10.0,17.0,23.0,34.0,55.0
Finland*,Mexico,FIN,MEX,26.0,44.0,62.0,147.0,199.0,310.0,434.0
Finland*,Nicaragua,FIN,NIC,2.0,14.0,25.0,36.0,45.0,55.0,66.0
Finland*,Panama,FIN,PAN,4.0,3.0,2.0,5.0,7.0,9.0,13.0
Finland*,Argentina,FIN,ARG,49.0,52.0,55.0,89.0,107.0,149.0,179.0
Finland*,Bolivia (Plurinational State of),FIN,BOL,9.0,15.0,21.0,46.0,66.0,75.0,93.0
Finland*,Brazil,FIN,BRA,92.0,115.0,138.0,361.0,522.0,725.0,1075.0
Finland*,Chile,FIN,CHL,81.0,84.0,87.0,144.0,178.0,205.0,256.0
Finland*,Colombia,FIN,COL,66.0,112.0,157.0,291.0,395.0,482.0,599.0
Finland*,Ecuador,FIN,ECU,11.0,16.0,20.0,44.0,56.0,79.0,99.0
Finland*,Guyana,FIN,GUY,2.0,4.0,5.0,7.0,8.0,9.0,7.0
Finland*,Paraguay,FIN,PRY,3.0,3.0,3.0,5.0,6.0,9.0,12.0
Finland*,Peru,FIN,PER,56.0,70.0,84.0,154.0,208.0,261.0,336.0
Finland*,Suriname,FIN,SUR,0.0,1.0,1.0,1.0,0.0,0.0,0.0
Finland*,Uruguay,FIN,URY,12.0,13.0,13.0,21.0,25.0,42.0,55.0
Finland*,Venezuela (Bolivarian Republic of),FIN,VEN,17.0,20.0,22.0,42.0,49.0,93.0,150.0
Finland*,Bermuda*,FIN,BMU,0.0,0.0,0.0,0.0,0.0,0.0,0.0
Finland*,Canada,FIN,CAN,511.0,492.0,472.0,579.0,662.0,684.0,752.0
Finland*,United States of America*,FIN,USA,1381.0,1231.0,1080.0,1454.0,1720.0,1883.0,2293.0
Finland*,Australia*,FIN,AUS,219.0,230.0,241.0,319.0,372.0,399.0,458.0
Finland*,New Zealand*,FIN,NZL,20.0,21.0,21.0,32.0,40.0,49.0,70.0
Finland*,Fiji,FIN,FJI,3.0,3.0,2.0,3.0,2.0,3.0,4.0
Finland*,Papua New Guinea,FIN,PNG,1.0,1.0,1.0,3.0,4.0,4.0,5.0
Finland*,Solomon Islands,FIN,SLB,0.0,0.0,0.0,1.0,2.0,3.0,1.0
Finland*,Vanuatu,FIN,VUT,0.0,0.0,0.0,0.0,0.0,0.0,0.0
Finland*,Palau,FIN,PLW,0.0,0.0,0.0,0.0,0.0,0.0,0.0
Finland*,French Polynesia*,FIN,PYF,0.0,0.0,0.0,0.0,0.0,0.0,0.0
Finland*,Samoa,FIN,WSM,1.0,1.0,0.0,1.0,2.0,2.0,2.0
Finland*,Tonga,FIN,TON,0.0,0.0,0.0,0.0,0.0,0.0,0.0
Finland*,Tuvalu,FIN,TUV,0.0,0.0,0.0,1.0,1.0,1.0,0.0
Iceland,Djibouti,ISL,DJI,0.0,0.0,0.0,0.0,0.0,0.0,0.0
Iceland,Eritrea,ISL,ERI,0.0,0.0,0.0,0.0,0.0,3.0,4.0
Iceland,Ethiopia,ISL,ETH,7.0,11.0,15.0,26.0,35.0,43.0,47.0
Iceland,Kenya,ISL,KEN,6.0,10.0,13.0,27.0,39.0,61.0,77.0
Iceland,Madagascar,ISL,MDG,0.0,0.0,0.0,1.0,1.0,0.0,0.0
Iceland,Malawi,ISL,MWI,0.0,0.0,0.0,1.0,1.0,1.0,1.0
Iceland,Mauritius,ISL,MUS,2.0,3.0,4.0,4.0,4.0,4.0,5.0
Iceland,Mozambique,ISL,MOZ,3.0,4.0,5.0,6.0,7.0,15.0,17.0
Iceland,Rwanda,ISL,RWA,0.0,0.0,0.0,0.0,0.0,0.0,0.0
Iceland,Somalia,ISL,SOM,0.0,1.0,1.0,1.0,1.0,1.0,9.0
Iceland,Uganda,ISL,UGA,3.0,5.0,6.0,12.0,17.0,26.0,40.0
Iceland,United Republic of Tanzania,ISL,TZA,5.0,6.0,6.0,10.0,13.0,17.0,16.0
Iceland,Zambia,ISL,ZMB,2.0,3.0,3.0,5.0,6.0,7.0,10.0
Iceland,Zimbabwe,ISL,ZWE,4.0,6.0,8.0,8.0,8.0,8.0,9.0
Iceland,Angola,ISL,AGO,4.0,6.0,7.0,9.0,11.0,13.0,14.0
Iceland,Cameroon,ISL,CMR,0.0,0.0,0.0,0.0,0.0,2.0,2.0
Iceland,Chad,ISL,TCD,0.0,0.0,0.0,0.0,0.0,0.0,1.0
Iceland,Congo,ISL,COG,0.0,0.0,0.0,0.0,1.0,1.0,0.0
Iceland,Democratic Republic of the Congo,ISL,COD,0.0,0.0,0.0,0.0,0.0,0.0,0.0
Iceland,Equatorial Guinea,ISL,GNQ,1.0,1.0,1.0,2.0,2.0,7.0,16.0
Iceland,Gabon,ISL,GAB,0.0,0.0,0.0,0.0,1.0,0.0,0.0
Iceland,Algeria,ISL,DZA,2.0,4.0,5.0,6.0,7.0,9.0,17.0
Iceland,Egypt,ISL,EGY,2.0,3.0,4.0,5.0,5.0,8.0,12.0
Iceland,Libya,ISL,LBY,0.0,0.0,0.0,0.0,0.0,2.0,3.0
Iceland,Morocco,ISL,MAR,6.0,16.0,25.0,41.0,55.0,63.0,91.0
Iceland,Sudan,ISL,SDN,0.0,0.0,0.0,0.0,0.0,0.0,0.0
Iceland,Tunisia,ISL,TUN,1.0,2.0,2.0,3.0,4.0,8.0,13.0
Iceland,Namibia,ISL,NAM,5.0,7.0,8.0,15.0,21.0,19.0,28.0
Iceland,South Africa,ISL,ZAF,42.0,41.0,40.0,42.0,42.0,50.0,60.0
Iceland,Benin,ISL,BEN,0.0,0.0,0.0,0.0,0.0,0.0,1.0
Iceland,Burkina Faso,ISL,BFA,0.0,0.0,0.0,0.0,0.0,0.0,0.0
Iceland,Cabo Verde,ISL,CPV,10.0,15.0,19.0,21.0,22.0,18.0,28.0
Iceland,Côte d'Ivoire,ISL,CIV,0.0,1.0,1.0,1.0,1.0,1.0,3.0
Iceland,Gambia,ISL,GMB,1.0,2.0,2.0,3.0,3.0,2.0,4.0
Iceland,Ghana,ISL,GHA,4.0,6.0,8.0,18.0,27.0,30.0,60.0
Iceland,Guinea,ISL,GIN,1.0,2.0,2.0,5.0,8.0,8.0,10.0
Iceland,Guinea-Bissau,ISL,GNB,0.0,0.0,0.0,0.0,0.0,0.0,0.0
Iceland,Liberia,ISL,LBR,0.0,0.0,0.0,0.0,0.0,1.0,2.0
Iceland,Mali,ISL,MLI,0.0,0.0,0.0,0.0,0.0,0.0,0.0
Iceland,Mauritania,ISL,MRT,0.0,0.0,0.0,0.0,0.0,0.0,0.0
Iceland,Nigeria,ISL,NGA,1.0,6.0,10.0,18.0,25.0,26.0,67.0
Iceland,Senegal,ISL,SEN,1.0,2.0,2.0,4.0,5.0,9.0,9.0
Iceland,Sierra Leone,ISL,SLE,2.0,3.0,4.0,5.0,5.0,5.0,6.0
Iceland,Togo,ISL,TGO,0.0,0.0,0.0,1.0,1.0,1.0,4.0
Iceland,Kazakhstan,ISL,KAZ,0.0,1.0,1.0,7.0,13.0,16.0,26.0
Iceland,Kyrgyzstan,ISL,KGZ,0.0,1.0,1.0,1.0,1.0,0.0,3.0
Iceland,Tajikistan,ISL,TJK,67.0,35.0,2.0,3.0,4.0,2.0,2.0
Iceland,Turkmenistan,ISL,TKM,0.0,0.0,0.0,1.0,1.0,1.0,1.0
Iceland,Uzbekistan,ISL,UZB,1.0,1.0,1.0,2.0,3.0,6.0,9.0
Iceland,China,ISL,CHN,32.0,63.0,94.0,207.0,312.0,399.0,478.0
Iceland,Dem. People's Republic of Korea,ISL,PRK,0.0,0.0,0.0,0.0,0.0,0.0,0.0
Iceland,Japan,ISL,JPN,12.0,21.0,29.0,43.0,55.0,65.0,84.0
Iceland,Mongolia,ISL,MNG,2.0,4.0,5.0,10.0,14.0,12.0,13.0
Iceland,Republic of Korea,ISL,KOR,17.0,18.0,19.0,10.0,25.0,25.0,38.0
Iceland,Afghanistan,ISL,AFG,0.0,0.0,0.0,0.0,0.0,6.0,42.0
Iceland,Bangladesh,ISL,BGD,0.0,0.0,0.0,0.0,0.0,0.0,5.0
Iceland,India,ISL,IND,36.0,60.0,83.0,117.0,147.0,160.0,207.0
Iceland,Iran (Islamic Republic of),ISL,IRN,3.0,4.0,4.0,9.0,14.0,23.0,61.0
Iceland,Nepal,ISL,NPL,2.0,3.0,4.0,23.0,40.0,42.0,56.0
Iceland,Pakistan,ISL,PAK,3.0,4.0,5.0,7.0,9.0,17.0,25.0
Iceland,Sri Lanka,ISL,LKA,57.0,63.0,68.0,86.0,102.0,100.0,113.0
Iceland,Cambodia,ISL,KHM,1.0,1.0,1.0,2.0,2.0,1.0,1.0
Iceland,Indonesia,ISL,IDN,35.0,39.0,43.0,55.0,65.0,85.0,102.0
Iceland,Lao People's Democratic Republic,ISL,LAO,0.0,0.0,0.0,0.0,0.0,0.0,0.0
Iceland,Malaysia,ISL,MYS,2.0,3.0,3.0,9.0,14.0,19.0,28.0
Iceland,Myanmar,ISL,MMR,0.0,0.0,0.0,0.0,0.0,0.0,3.0
Iceland,Philippines,ISL,PHL,105.0,306.0,507.0,736.0,945.0,1031.0,1491.0
Iceland,Singapore,ISL,SGP,4.0,6.0,8.0,10.0,11.0,13.0,16.0
Iceland,Thailand,ISL,THA,66.0,248.0,430.0,607.0,767.0,884.0,1100.0
Iceland,Timor-Leste,ISL,TLS,0.0,0.0,0.0,0.0,0.0,0.0,0.0
Iceland,Viet Nam,ISL,VNM,42.0,81.0,119.0,196.0,266.0,338.0,513.0
Iceland,Armenia,ISL,ARM,1.0,2.0,2.0,3.0,4.0,5.0,6.0
Iceland,Azerbaijan,ISL,AZE,1.0,2.0,2.0,4.0,5.0,9.0,10.0
Iceland,Bahrain,ISL,BHR,0.0,0.0,0.0,0.0,0.0,0.0,0.0
Iceland,Cyprus,ISL,CYP,0.0,1.0,1.0,1.0,1.0,2.0,4.0
Iceland,Georgia,ISL,GEO,1.0,2.0,2.0,7.0,12.0,14.0,24.0
Iceland,Iraq,ISL,IRQ,1.0,3.0,5.0,13.0,20.0,22.0,89.0
Iceland,Israel,ISL,ISR,7.0,7.0,7.0,9.0,11.0,14.0,12.0
Iceland,Jordan,ISL,JOR,0.0,4.0,7.0,7.0,7.0,7.0,16.0
Iceland,Kuwait,ISL,KWT,0.0,0.0,0.0,0.0,0.0,0.0,2.0
Iceland,Lebanon,ISL,LBN,4.0,5.0,6.0,8.0,10.0,10.0,16.0
Iceland,Oman,ISL,OMN,0.0,0.0,0.0,0.0,0.0,0.0,2.0
Iceland,Qatar,ISL,QAT,1.0,2.0,2.0,2.0,2.0,2.0,2.0
Iceland,Saudi Arabia,ISL,SAU,1.0,2.0,2.0,2.0,2.0,4.0,6.0
Iceland,State of Palestine,ISL,PSE,0.0,0.0,0.0,0.0,0.0,4.0,5.0
Iceland,Syrian Arab Republic,ISL,SYR,2.0,3.0,3.0,5.0,6.0,9.0,106.0
Iceland,Türkiye,ISL,TUR,7.0,10.0,13.0,18.0,23.0,28.0,35.0
Iceland,United Arab Emirates,ISL,ARE,0.0,0.0,0.0,1.0,1.0,2.0,2.0
Iceland,Yemen,ISL,YEM,0.0,0.0,0.0,1.0,1.0,0.0,0.0
Iceland,Belarus,ISL,BLR,0.0,0.0,0.0,15.0,28.0,31.0,45.0
Iceland,Bulgaria,ISL,BGR,10.0,25.0,40.0,57.0,72.0,119.0,222.0
Iceland,Czechia,ISL,CZE,26.0,38.0,50.0,68.0,83.0,105.0,375.0
Iceland,Hungary,ISL,HUN,21.0,29.0,37.0,53.0,68.0,109.0,230.0
Iceland,Poland,ISL,POL,152.0,489.0,826.0,2636.0,4354.0,5128.0,8384.0
Iceland,Republic of Moldova*,ISL,MDA,0.0,0.0,0.0,4.0,7.0,12.0,55.0
Iceland,Romania,ISL,ROU,0.0,10.0,20.0,55.0,87.0,189.0,530.0
Iceland,Russian Federation,ISL,RUS,22.0,155.0,287.0,241.0,191.0,233.0,307.0
Iceland,Slovakia,ISL,SVK,1.0,2.0,2.0,37.0,70.0,89.0,181.0
Iceland,Ukraine*,ISL,UKR,8.0,12.0,15.0,77.0,136.0,184.0,263.0
Iceland,Denmark*,ISL,DNK,1161.0,1211.0,1261.0,1392.0,1491.0,1664.0,1939.0
Iceland,Estonia,ISL,EST,0.0,7.0,13.0,47.0,79.0,84.0,106.0
Iceland,Faroe Islands*,ISL,FRO,145.0,164.0,183.0,190.0,192.0,194.0,181.0
Iceland,Finland*,ISL,FIN,53.0,68.0,82.0,105.0,125.0,119.0,155.0
Iceland,Ireland,ISL,IRL,39.0,32.0,25.0,26.0,26.0,43.0,61.0
Iceland,Latvia,ISL,LVA,0.0,3.0,6.0,161.0,309.0,383.0,632.0
Iceland,Lithuania,ISL,LTU,0.0,7.0,13.0,328.0,629.0,763.0,1183.0
Iceland,Norway*,ISL,NOR,395.0,432.0,468.0,505.0,531.0,550.0,719.0
Iceland,Sweden,ISL,SWE,549.0,680.0,811.0,895.0,959.0,971.0,1166.0
Iceland,United Kingdom*,ISL,GBR,292.0,303.0,314.0,376.0,429.0,524.0,732.0
Iceland,Albania,ISL,ALB,7.0,10.0,13.0,17.0,21.0,20.0,75.0
Iceland,Andorra,ISL,AND,0.0,0.0,0.0,0.0,0.0,0.0,2.0
Iceland,Bosnia and Herzegovina,ISL,BIH,4.0,6.0,8.0,40.0,70.0,71.0,103.0
Iceland,Croatia,ISL,HRV,3.0,4.0,5.0,38.0,70.0,77.0,212.0
Iceland,Gibraltar*,ISL,GIB,0.0,0.0,0.0,0.0,0.0,0.0,0.0
Iceland,Greece,ISL,GRC,2.0,3.0,4.0,8.0,11.0,15.0,62.0
Iceland,Italy,ISL,ITA,17.0,32.0,46.0,68.0,88.0,111.0,201.0
Iceland,Malta,ISL,MLT,0.0,1.0,1.0,2.0,2.0,3.0,3.0
Iceland,Montenegro,ISL,MNE,0.0,0.0,0.0,0.0,3.0,6.0,6.0
Iceland,North Macedonia,ISL,MKD,3.0,4.0,4.0,9.0,13.0,19.0,41.0
Iceland,Portugal,ISL,PRT,17.0,26.0,35.0,122.0,205.0,214.0,358.0
Iceland,San Marino,ISL,SMR,0.0,0.0,0.0,0.0,0.0,0.0,2.0
Iceland,Serbia*,ISL,SRB,139.0,202.0,264.0,218.0,208.0,267.0,348.0
Iceland,Slovenia,ISL,SVN,3.0,4.0,4.0,8.0,12.0,14.0,37.0
Iceland,Spain*,ISL,ESP,42.0,51.0,59.0,92.0,122.0,220.0,419.0
Iceland,Austria,ISL,AUT,28.0,33.0,38.0,62.0,84.0,68.0,94.0
Iceland,Belgium,ISL,BEL,19.0,30.0,41.0,47.0,51.0,62.0,98.0
Iceland,France*,ISL,FRA,71.0,101.0,131.0,173.0,211.0,252.0,434.0
Iceland,Germany,ISL,DEU,552.0,621.0,690.0,869.0,1026.0,1014.0,1308.0
Iceland,Liechtenstein,ISL,LIE,0.0,0.0,0.0,0.0,0.0,1.0,0.0
Iceland,Luxembourg,ISL,LUX,27.0,32.0,37.0,48.0,58.0,74.0,91.0
Iceland,Monaco,ISL,MCO,0.0,1.0,1.0,1.0,1.0,1.0,0.0
Iceland,Netherlands*,ISL,NLD,66.0,77.0,88.0,120.0,149.0,136.0,187.0
Iceland,Switzerland,ISL,CHE,25.0,30.0,34.0,56.0,76.0,85.0,121.0
Iceland,Antigua and Barbuda,ISL,ATG,0.0,0.0,0.0,0.0,0.0,1.0,0.0
Iceland,Aruba*,ISL,ABW,0.0,0.0,0.0,0.0,0.0,0.0,0.0
Iceland,Bahamas,ISL,BHS,1.0,1.0,1.0,2.0,2.0,3.0,3.0
Iceland,Barbados,ISL,BRB,0.0,0.0,0.0,1.0,1.0,0.0,0.0
Iceland,Cuba,ISL,CUB,3.0,5.0,6.0,13.0,20.0,31.0,34.0
Iceland,Curaçao*,ISL,CUW,0.0,0.0,0.0,0.0,0.0,1.0,0.0
Iceland,Dominica,ISL,DMA,0.0,0.0,0.0,1.0,1.0,1.0,2.0
Iceland,Dominican Republic,ISL,DOM,2.0,3.0,4.0,9.0,14.0,23.0,40.0
Iceland,Haiti,ISL,HTI,1.0,1.0,1.0,3.0,5.0,9.0,9.0
Iceland,Jamaica,ISL,JAM,3.0,4.0,5.0,9.0,12.0,13.0,15.0
Iceland,Puerto Rico*,ISL,PRI,0.0,0.0,0.0,0.0,0.0,0.0,0.0
Iceland,Saint Vincent and the Grenadines,ISL,VCT,0.0,0.0,0.0,0.0,0.0,1.0,0.0
Iceland,Trinidad and Tobago,ISL,TTO,1.0,2.0,2.0,2.0,2.0,2.0,5.0
Iceland,Belize,ISL,BLZ,0.0,1.0,1.0,1.0,1.0,0.0,0.0
Iceland,Costa Rica,ISL,CRI,1.0,2.0,2.0,2.0,2.0,3.0,7.0
Iceland,El Salvador,ISL,SLV,0.0,1.0,1.0,3.0,5.0,8.0,17.0
Iceland,Guatemala,ISL,GTM,6.0,9.0,11.0,13.0,15.0,17.0,15.0
Iceland,Honduras,ISL,HND,1.0,2.0,3.0,11.0,18.0,19.0,37.0
Iceland,Mexico,ISL,MEX,7.0,17.0,27.0,34.0,39.0,48.0,86.0
Iceland,Nicaragua,ISL,NIC,1.0,2.0,3.0,4.0,4.0,5.0,6.0
Iceland,Panama,ISL,PAN,1.0,1.0,1.0,2.0,2.0,3.0,3.0
Iceland,Argentina,ISL,ARG,1.0,3.0,4.0,7.0,10.0,16.0,32.0
Iceland,Bolivia (Plurinational State of),ISL,BOL,4.0,6.0,8.0,8.0,8.0,10.0,9.0
Iceland,Brazil,ISL,BRA,7.0,13.0,18.0,49.0,78.0,103.0,146.0
Iceland,Chile,ISL,CHL,6.0,14.0,21.0,30.0,38.0,31.0,40.0
Iceland,Colombia,ISL,COL,12.0,24.0,35.0,65.0,93.0,121.0,150.0
Iceland,Ecuador,ISL,ECU,4.0,6.0,7.0,12.0,16.0,20.0,31.0
Iceland,Guyana,ISL,GUY,4.0,6.0,8.0,11.0,13.0,14.0,14.0
Iceland,Paraguay,ISL,PRY,1.0,1.0,1.0,1.0,0.0,1.0,2.0
Iceland,Peru,ISL,PER,12.0,18.0,24.0,36.0,46.0,49.0,66.0
Iceland,Uruguay,ISL,URY,1.0,2.0,2.0,2.0,2.0,3.0,3.0
Iceland,Venezuela (Bolivarian Republic of),ISL,VEN,4.0,6.0,8.0,16.0,23.0,26.0,58.0
Iceland,Bermuda*,ISL,BMU,1.0,1.0,1.0,1.0,0.0,1.0,1.0
Iceland,Canada,ISL,CAN,80.0,92.0,104.0,109.0,112.0,147.0,196.0
Iceland,Greenland*,ISL,GRL,19.0,21.0,22.0,28.0,33.0,37.0,49.0
Iceland,United States of America*,ISL,USA,526.0,559.0,656.0,735.0,860.0,935.0,1222.0
Iceland,Australia*,ISL,AUS,37.0,37.0,36.0,42.0,47.0,61.0,80.0
Iceland,New Zealand*,ISL,NZL,62.0,44.0,25.0,26.0,26.0,25.0,34.0
Iceland,Fiji,ISL,FJI,0.0,0.0,0.0,1.0,2.0,1.0,0.0
Iceland,Papua New Guinea,ISL,PNG,0.0,1.0,1.0,1.0,0.0,1.0,1.0
Iceland,Solomon Islands,ISL,SLB,0.0,0.0,0.0,1.0,1.0,1.0,0.0
Iceland,Tonga,ISL,TON,0.0,0.0,0.0,0.0,0.0,0.0,0.0
Ireland,South Africa,IRL,ZAF,1426.0,1567.0,3177.0,3908.0,4137.0,4179.0,6719.0
Ireland,Nigeria,IRL,NGA,1873.0,2120.0,4433.0,8175.0,10403.0,9048.0,10053.0
Ireland,China,IRL,CHN,706.0,926.0,2252.0,4790.0,5910.0,6287.0,8259.0
Ireland,India,IRL,IND,270.0,404.0,1123.0,3739.0,7519.0,9168.0,19677.0
Ireland,Pakistan,IRL,PAK,257.0,385.0,1069.0,1825.0,2742.0,4160.0,5454.0
Ireland,Philippines,IRL,PHL,769.0,1052.0,2675.0,5205.0,7667.0,8574.0,10803.0
Ireland,Hungary,IRL,HUN,51.0,76.0,212.0,1019.0,3085.0,4169.0,4369.0
Ireland,Poland,IRL,POL,199.0,298.0,828.0,14745.0,50066.0,56973.0,54809.0
Ireland,Republic of Moldova*,IRL,MDA,93.0,139.0,385.0,931.0,1592.0,2845.0,5893.0
Ireland,Romania,IRL,ROU,541.0,809.0,2249.0,3672.0,7824.0,12946.0,17877.0
Ireland,Russian Federation,IRL,RUS,512.0,610.0,1345.0,2241.0,3086.0,3533.0,4240.0
Ireland,Slovakia,IRL,SVK,38.0,56.0,156.0,1962.0,4774.0,4787.0,4829.0
Ireland,Ukraine*,IRL,UKR,144.0,211.0,577.0,1366.0,2049.0,2417.0,6393.0
Ireland,Latvia,IRL,LVA,269.0,402.0,1118.0,5103.0,10437.0,10937.0,11391.0
Ireland,Lithuania,IRL,LTU,229.0,342.0,951.0,7559.0,17075.0,18070.0,18408.0
Ireland,United Kingdom*,IRL,GBR,90473.0,97348.0,122061.0,142400.0,145823.0,141454.0,144077.0
Ireland,Croatia,IRL,HRV,60.0,89.0,248.0,426.0,472.0,1705.0,4354.0
Ireland,Italy,IRL,ITA,619.0,794.0,1644.0,3049.0,3129.0,4573.0,6469.0
Ireland,Portugal,IRL,PRT,69.0,84.0,199.0,526.0,876.0,1566.0,2331.0
Ireland,Spain*,IRL,ESP,1033.0,1469.0,2878.0,4235.0,4187.0,6453.0,9418.0
Ireland,France*,IRL,FRA,2405.0,2135.0,3721.0,5951.0,5219.0,5801.0,7076.0
Ireland,Germany,IRL,DEU,2885.0,3283.0,5201.0,7629.0,7293.0,7288.0,8057.0
Ireland,Brazil,IRL,BRA,95.0,142.0,394.0,1491.0,4052.0,7589.0,16063.0
Ireland,Canada,IRL,CAN,1503.0,1433.0,2523.0,2968.0,2786.0,3026.0,3773.0
Ireland,United States of America*,IRL,USA,7889.0,8392.0,12714.0,17228.0,15388.0,15617.0,18103.0
Ireland,Australia*,IRL,AUS,2370.0,2275.0,4033.0,4161.0,3124.0,3286.0,4419.0
Isle of Man*,South Africa,IMN,ZAF,158.0,181.0,203.0,265.0,325.0,409.0,416.0
Isle of Man*,Channel Islands*,IMN,CHI,77.0,81.0,84.0,99.0,113.0,73.0,73.0
Isle of Man*,Ireland,IMN,IRL,935.0,983.0,1031.0,1185.0,1330.0,891.0,907.0
Isle of Man*,United Kingdom*,IMN,GBR,16083.0,16929.0,17778.0,18255.0,18599.0,16906.0,17228.0
Isle of Man*,Canada,IMN,CAN,58.0,66.0,74.0,97.0,119.0,81.0,81.0
Isle of Man*,United States of America*,IMN,USA,134.0,121.0,107.0,140.0,171.0,126.0,126.0
Isle of Man*,Australia*,IMN,AUS,66.0,75.0,84.0,143.0,200.0,97.0,97.0
Isle of Man*,New Zealand*,IMN,NZL,20.0,23.0,25.0,33.0,41.0,38.0,37.0
Latvia,Burundi,LVA,BDI,0.0,0.0,0.0,0.0,0.0,0.0,0.0
Latvia,Eritrea,LVA,ERI,0.0,0.0,0.0,0.0,0.0,0.0,0.0
Latvia,Kenya,LVA,KEN,0.0,0.0,0.0,1.0,2.0,1.0,0.0
Latvia,Madagascar,LVA,MDG,0.0,0.0,0.0,0.0,0.0,0.0,0.0
Latvia,Malawi,LVA,MWI,1.0,1.0,1.0,0.0,0.0,0.0,0.0
Latvia,Mauritius,LVA,MUS,0.0,0.0,0.0,0.0,0.0,1.0,2.0
Latvia,Mozambique,LVA,MOZ,0.0,0.0,0.0,0.0,0.0,0.0,0.0
Latvia,Rwanda,LVA,RWA,0.0,0.0,0.0,0.0,0.0,0.0,0.0
Latvia,Somalia,LVA,SOM,0.0,0.0,0.0,0.0,1.0,1.0,0.0
Latvia,South Sudan,LVA,SSD,1.0,1.0,1.0,0.0,0.0,0.0,0.0
Latvia,Uganda,LVA,UGA,1.0,1.0,1.0,0.0,0.0,0.0,1.0
Latvia,United Republic of Tanzania,LVA,TZA,0.0,0.0,0.0,0.0,0.0,0.0,0.0
Latvia,Zambia,LVA,ZMB,0.0,0.0,0.0,0.0,0.0,0.0,0.0
Latvia,Zimbabwe,LVA,ZWE,0.0,0.0,0.0,0.0,0.0,0.0,0.0
Latvia,Angola,LVA,AGO,1.0,1.0,1.0,1.0,1.0,1.0,0.0
Latvia,Cameroon,LVA,CMR,0.0,0.0,0.0,0.0,0.0,0.0,0.0
Latvia,Central African Republic,LVA,CAF,1.0,1.0,1.0,0.0,0.0,0.0,0.0
Latvia,Congo,LVA,COG,0.0,0.0,0.0,0.0,0.0,0.0,0.0
Latvia,Democratic Republic of the Congo,LVA,COD,0.0,0.0,0.0,0.0,0.0,0.0,0.0
Latvia,Gabon,LVA,GAB,0.0,0.0,0.0,0.0,0.0,0.0,0.0
Latvia,Algeria,LVA,DZA,1.0,1.0,2.0,2.0,2.0,3.0,4.0
Latvia,Egypt,LVA,EGY,1.0,1.0,1.0,4.0,7.0,9.0,16.0
Latvia,Libya,LVA,LBY,1.0,1.0,2.0,2.0,3.0,2.0,2.0
Latvia,Morocco,LVA,MAR,2.0,2.0,3.0,2.0,2.0,1.0,4.0
Latvia,Sudan,LVA,SDN,0.0,0.0,0.0,0.0,0.0,1.0,0.0
Latvia,Tunisia,LVA,TUN,0.0,0.0,0.0,0.0,0.0,0.0,0.0
Latvia,Western Sahara,LVA,ESH,0.0,0.0,0.0,0.0,0.0,0.0,0.0
Latvia,Botswana,LVA,BWA,0.0,0.0,0.0,0.0,0.0,1.0,0.0
Latvia,Namibia,LVA,NAM,0.0,0.0,0.0,0.0,0.0,1.0,0.0
Latvia,South Africa,LVA,ZAF,1.0,1.0,1.0,2.0,4.0,4.0,9.0
Latvia,Benin,LVA,BEN,0.0,0.0,0.0,0.0,0.0,0.0,0.0
Latvia,Cabo Verde,LVA,CPV,0.0,0.0,0.0,0.0,0.0,0.0,0.0
Latvia,Côte d'Ivoire,LVA,CIV,0.0,0.0,0.0,0.0,0.0,1.0,0.0
Latvia,Gambia,LVA,GMB,0.0,0.0,0.0,0.0,0.0,0.0,0.0
Latvia,Ghana,LVA,GHA,0.0,0.0,0.0,0.0,0.0,0.0,0.0
Latvia,Mali,LVA,MLI,0.0,0.0,0.0,0.0,0.0,0.0,0.0
Latvia,Mauritania,LVA,MRT,0.0,0.0,0.0,0.0,0.0,0.0,0.0
Latvia,Nigeria,LVA,NGA,1.0,1.0,1.0,0.0,0.0,1.0,5.0
Latvia,Sierra Leone,LVA,SLE,0.0,0.0,0.0,0.0,0.0,0.0,0.0
Latvia,Togo,LVA,TGO,0.0,0.0,0.0,0.0,0.0,0.0,0.0
Latvia,Kazakhstan,LVA,KAZ,197.0,2422.0,4647.0,4282.0,3873.0,3272.0,3090.0
Latvia,Kyrgyzstan,LVA,KGZ,328.0,503.0,679.0,624.0,563.0,456.0,426.0
Latvia,Tajikistan,LVA,TJK,27.0,220.0,413.0,378.0,339.0,279.0,275.0
Latvia,Turkmenistan,LVA,TKM,13.0,246.0,480.0,430.0,377.0,311.0,299.0
Latvia,Uzbekistan,LVA,UZB,201.0,894.0,1587.0,1430.0,1258.0,1091.0,1160.0
Latvia,China,LVA,CHN,14.0,82.0,151.0,132.0,112.0,116.0,161.0
Latvia,Dem. People's Republic of Korea,LVA,PRK,113.0,59.0,5.0,5.0,5.0,5.0,5.0
Latvia,Japan,LVA,JPN,3.0,4.0,5.0,7.0,9.0,9.0,14.0
Latvia,Mongolia,LVA,MNG,48.0,73.0,98.0,87.0,77.0,67.0,64.0
Latvia,Republic of Korea,LVA,KOR,4.0,6.0,8.0,13.0,19.0,9.0,13.0
Latvia,Afghanistan,LVA,AFG,12.0,7.0,2.0,1.0,1.0,6.0,20.0
Latvia,Bangladesh,LVA,BGD,0.0,0.0,0.0,0.0,0.0,1.0,4.0
Latvia,India,LVA,IND,9.0,13.0,18.0,16.0,15.0,13.0,165.0
Latvia,Iran (Islamic Republic of),LVA,IRN,4.0,6.0,8.0,7.0,6.0,13.0,14.0
Latvia,Nepal,LVA,NPL,1.0,1.0,1.0,1.0,1.0,2.0,10.0
Latvia,Pakistan,LVA,PAK,2.0,2.0,3.0,4.0,5.0,3.0,24.0
Latvia,Sri Lanka,LVA,LKA,18.0,9.0,1.0,7.0,13.0,10.0,48.0
Latvia,Indonesia,LVA,IDN,1.0,1.0,1.0,1.0,1.0,1.0,0.0
Latvia,Malaysia,LVA,MYS,2.0,3.0,4.0,2.0,1.0,2.0,3.0
Latvia,Philippines,LVA,PHL,1.0,1.0,1.0,2.0,3.0,2.0,8.0
Latvia,Singapore,LVA,SGP,1.0,1.0,2.0,1.0,1.0,1.0,0.0
Latvia,Thailand,LVA,THA,1.0,1.0,2.0,7.0,12.0,5.0,24.0
Latvia,Viet Nam,LVA,VNM,1.0,1.0,1.0,2.0,4.0,2.0,46.0
Latvia,Armenia,LVA,ARM,631.0,517.0,404.0,378.0,348.0,268.0,294.0
Latvia,Azerbaijan,LVA,AZE,397.0,819.0,1241.0,1132.0,1011.0,823.0,789.0
Latvia,Bahrain,LVA,BHR,0.0,0.0,0.0,0.0,0.0,0.0,0.0
Latvia,Cyprus,LVA,CYP,1.0,1.0,2.0,7.0,13.0,18.0,26.0
Latvia,Georgia,LVA,GEO,270.0,578.0,886.0,806.0,718.0,597.0,566.0
Latvia,Iraq,LVA,IRQ,1.0,1.0,2.0,3.0,5.0,16.0,21.0
Latvia,Israel,LVA,ISR,7.0,11.0,15.0,32.0,50.0,32.0,43.0
Latvia,Jordan,LVA,JOR,1.0,1.0,1.0,1.0,1.0,0.0,0.0
Latvia,Kuwait,LVA,KWT,1.0,1.0,1.0,0.0,0.0,0.0,0.0
Latvia,Lebanon,LVA,LBN,25.0,14.0,4.0,4.0,5.0,3.0,5.0
Latvia,Qatar,LVA,QAT,0.0,0.0,0.0,0.0,0.0,1.0,3.0
Latvia,Saudi Arabia,LVA,SAU,0.0,0.0,0.0,0.0,0.0,2.0,3.0
Latvia,State of Palestine,LVA,PSE,0.0,0.0,0.0,0.0,0.0,0.0,0.0
Latvia,Syrian Arab Republic,LVA,SYR,1.0,1.0,1.0,0.0,0.0,4.0,15.0
Latvia,Türkiye,LVA,TUR,3.0,4.0,5.0,16.0,28.0,25.0,48.0
Latvia,United Arab Emirates,LVA,ARE,0.0,0.0,0.0,1.0,3.0,7.0,9.0
Latvia,Yemen,LVA,YEM,0.0,0.0,0.0,0.0,0.0,0.0,0.0
Latvia,Belarus,LVA,BLR,34334.0,41211.0,48083.0,42036.0,35540.0,31843.0,27803.0
Latvia,Bulgaria,LVA,BGR,203.0,111.0,19.0,46.0,73.0,55.0,30.0
Latvia,Czechia,LVA,CZE,27.0,71.0,115.0,118.0,121.0,89.0,102.0
Latvia,Hungary,LVA,HUN,140.0,144.0,149.0,142.0,134.0,106.0,99.0
Latvia,Poland,LVA,POL,18693.0,9820.0,947.0,811.0,667.0,460.0,425.0
Latvia,Republic of Moldova*,LVA,MDA,676.0,911.0,1147.0,1069.0,980.0,854.0,844.0
Latvia,Romania,LVA,ROU,1885.0,958.0,31.0,34.0,38.0,32.0,32.0
Latvia,Russian Federation,LVA,RUS,261663.0,202539.0,143385.0,124009.0,103306.0,86507.0,73684.0
Latvia,Slovakia,LVA,SVK,13.0,11.0,10.0,17.0,24.0,9.0,14.0
Latvia,Ukraine*,LVA,UKR,22798.0,25060.0,27320.0,24498.0,21415.0,18439.0,16917.0
Latvia,Denmark*,LVA,DNK,21.0,26.0,32.0,45.0,59.0,43.0,51.0
Latvia,Estonia,LVA,EST,952.0,1573.0,2195.0,2045.0,1874.0,1678.0,1539.0
Latvia,Faroe Islands*,LVA,FRO,0.0,0.0,0.0,0.0,0.0,1.0,0.0
Latvia,Finland*,LVA,FIN,409.0,239.0,69.0,90.0,111.0,75.0,63.0
Latvia,Iceland,LVA,ISL,1.0,1.0,2.0,4.0,7.0,11.0,20.0
Latvia,Ireland,LVA,IRL,9.0,14.0,19.0,198.0,376.0,313.0,392.0
Latvia,Lithuania,LVA,LTU,9435.0,12845.0,16255.0,14239.0,12071.0,10221.0,8779.0
Latvia,Norway*,LVA,NOR,13.0,15.0,18.0,40.0,63.0,141.0,176.0
Latvia,Sweden,LVA,SWE,39.0,54.0,69.0,108.0,147.0,131.0,90.0
Latvia,United Kingdom*,LVA,GBR,32.0,49.0,66.0,324.0,580.0,900.0,1550.0
Latvia,Albania,LVA,ALB,2.0,3.0,4.0,3.0,2.0,4.0,6.0
Latvia,Andorra,LVA,AND,0.0,0.0,0.0,0.0,0.0,0.0,0.0
Latvia,Bosnia and Herzegovina,LVA,BIH,0.0,0.0,0.0,0.0,0.0,1.0,0.0
Latvia,Croatia,LVA,HRV,1.0,1.0,1.0,1.0,1.0,2.0,2.0
Latvia,Greece,LVA,GRC,179.0,92.0,5.0,9.0,13.0,18.0,18.0
Latvia,Italy,LVA,ITA,8.0,14.0,21.0,61.0,101.0,74.0,88.0
Latvia,Malta,LVA,MLT,1.0,1.0,1.0,1.0,2.0,1.0,10.0
Latvia,Montenegro,LVA,MNE,0.0,0.0,0.0,0.0,0.0,0.0,0.0
Latvia,North Macedonia,LVA,MKD,0.0,0.0,0.0,0.0,0.0,4.0,5.0
Latvia,Portugal,LVA,PRT,0.0,0.0,0.0,8.0,16.0,17.0,11.0
Latvia,Serbia*,LVA,SRB,9.0,4.0,0.0,0.0,0.0,2.0,6.0
Latvia,Slovenia,LVA,SVN,2.0,2.0,3.0,4.0,5.0,3.0,6.0
Latvia,Spain*,LVA,ESP,10.0,8.0,6.0,39.0,73.0,52.0,78.0
Latvia,Austria,LVA,AUT,23.0,35.0,48.0,57.0,66.0,38.0,39.0
Latvia,Belgium,LVA,BEL,5.0,8.0,11.0,30.0,49.0,51.0,57.0
Latvia,France*,LVA,FRA,15.0,38.0,61.0,101.0,141.0,75.0,113.0
Latvia,Germany,LVA,DEU,1081.0,1229.0,1377.0,1478.0,1564.0,1264.0,1114.0
Latvia,Liechtenstein,LVA,LIE,0.0,0.0,0.0,0.0,0.0,0.0,0.0
Latvia,Luxembourg,LVA,LUX,1.0,1.0,1.0,3.0,5.0,5.0,5.0
Latvia,Monaco,LVA,MCO,0.0,0.0,0.0,0.0,0.0,0.0,0.0
Latvia,Netherlands*,LVA,NLD,9.0,8.0,8.0,19.0,31.0,43.0,49.0
Latvia,Switzerland,LVA,CHE,4.0,6.0,9.0,22.0,35.0,23.0,30.0
Latvia,Anguilla*,LVA,AIA,2.0,2.0,3.0,1.0,0.0,0.0,0.0
Latvia,Antigua and Barbuda,LVA,ATG,0.0,0.0,0.0,0.0,0.0,1.0,0.0
Latvia,Aruba*,LVA,ABW,0.0,0.0,0.0,0.0,0.0,0.0,0.0
Latvia,Barbados,LVA,BRB,1.0,1.0,1.0,0.0,0.0,2.0,2.0
Latvia,Cuba,LVA,CUB,12.0,18.0,25.0,23.0,21.0,17.0,17.0
Latvia,Dominican Republic,LVA,DOM,0.0,0.0,0.0,0.0,0.0,1.0,0.0
Latvia,Jamaica,LVA,JAM,0.0,0.0,0.0,0.0,0.0,0.0,0.0
Latvia,Trinidad and Tobago,LVA,TTO,0.0,0.0,0.0,0.0,0.0,1.0,0.0
Latvia,Costa Rica,LVA,CRI,0.0,0.0,0.0,0.0,1.0,1.0,0.0
Latvia,Guatemala,LVA,GTM,0.0,0.0,0.0,0.0,0.0,0.0,0.0
Latvia,Mexico,LVA,MEX,3.0,4.0,5.0,6.0,7.0,2.0,7.0
Latvia,Nicaragua,LVA,NIC,1.0,1.0,1.0,0.0,0.0,0.0,0.0
Latvia,Argentina,LVA,ARG,6.0,9.0,13.0,12.0,11.0,8.0,8.0
Latvia,Bolivia (Plurinational State of),LVA,BOL,0.0,0.0,0.0,0.0,0.0,0.0,0.0
Latvia,Brazil,LVA,BRA,4.0,6.0,9.0,9.0,10.0,6.0,13.0
Latvia,Chile,LVA,CHL,0.0,0.0,0.0,0.0,0.0,1.0,0.0
Latvia,Colombia,LVA,COL,2.0,3.0,4.0,5.0,6.0,4.0,7.0
Latvia,Ecuador,LVA,ECU,0.0,0.0,0.0,0.0,0.0,2.0,3.0
Latvia,Paraguay,LVA,PRY,1.0,1.0,1.0,0.0,0.0,1.0,0.0
Latvia,Peru,LVA,PER,1.0,1.0,2.0,1.0,1.0,2.0,3.0
Latvia,Uruguay,LVA,URY,2.0,2.0,3.0,1.0,0.0,1.0,2.0
Latvia,Venezuela (Bolivarian Republic of),LVA,VEN,3.0,4.0,6.0,10.0,14.0,7.0,15.0
Latvia,Canada,LVA,CAN,19.0,29.0,40.0,51.0,63.0,55.0,75.0
Latvia,Greenland*,LVA,GRL,0.0,0.0,0.0,0.0,0.0,1.0,0.0
Latvia,United States of America*,LVA,USA,85.0,148.0,211.0,268.0,324.0,181.0,212.0
Latvia,Australia*,LVA,AUS,19.0,29.0,39.0,49.0,60.0,24.0,34.0
Latvia,New Zealand*,LVA,NZL,1.0,1.0,1.0,2.0,4.0,2.0,3.0
Latvia,Palau,LVA,PLW,1.0,1.0,1.0,0.0,0.0,0.0,0.0
Lithuania,Eritrea,LTU,ERI,4.0,3.0,2.0,2.0,2.0,3.0,9.0
Lithuania,Ethiopia,LTU,ETH,0.0,0.0,0.0,0.0,0.0,0.0,0.0
Lithuania,Kenya,LTU,KEN,2.0,2.0,1.0,1.0,1.0,4.0,3.0
Lithuania,Madagascar,LTU,MDG,2.0,1.0,1.0,1.0,1.0,1.0,5.0
Lithuania,Malawi,LTU,MWI,0.0,0.0,0.0,0.0,0.0,1.0,0.0
Lithuania,Mauritius,LTU,MUS,0.0,0.0,0.0,0.0,0.0,0.0,0.0
Lithuania,Mozambique,LTU,MOZ,0.0,0.0,0.0,0.0,0.0,0.0,0.0
Lithuania,Rwanda,LTU,RWA,0.0,0.0,0.0,0.0,0.0,1.0,0.0
Lithuania,Somalia,LTU,SOM,0.0,0.0,0.0,0.0,0.0,0.0,0.0
Lithuania,Uganda,LTU,UGA,0.0,0.0,0.0,0.0,0.0,0.0,0.0
Lithuania,United Republic of Tanzania,LTU,TZA,0.0,0.0,0.0,0.0,0.0,1.0,1.0
Lithuania,Zambia,LTU,ZMB,0.0,0.0,0.0,0.0,0.0,1.0,0.0
Lithuania,Zimbabwe,LTU,ZWE,0.0,0.0,0.0,0.0,0.0,0.0,2.0
Lithuania,Angola,LTU,AGO,0.0,0.0,0.0,0.0,0.0,0.0,0.0
Lithuania,Cameroon,LTU,CMR,4.0,3.0,2.0,2.0,1.0,3.0,8.0
Lithuania,Congo,LTU,COG,1.0,1.0,0.0,0.0,0.0,2.0,2.0
Lithuania,Democratic Republic of the Congo,LTU,COD,1.0,0.0,0.0,0.0,0.0,1.0,2.0
Lithuania,Algeria,LTU,DZA,2.0,1.0,1.0,1.0,1.0,3.0,3.0
Lithuania,Egypt,LTU,EGY,1.0,1.0,0.0,6.0,13.0,16.0,19.0
Lithuania,Libya,LTU,LBY,0.0,0.0,0.0,0.0,0.0,0.0,0.0
Lithuania,Morocco,LTU,MAR,1.0,1.0,1.0,1.0,0.0,0.0,5.0
Lithuania,Sudan,LTU,SDN,0.0,0.0,0.0,0.0,0.0,1.0,0.0
Lithuania,Tunisia,LTU,TUN,2.0,2.0,1.0,1.0,1.0,5.0,2.0
Lithuania,Namibia,LTU,NAM,0.0,0.0,0.0,0.0,0.0,1.0,0.0
Lithuania,South Africa,LTU,ZAF,5.0,4.0,3.0,2.0,2.0,4.0,10.0
Lithuania,Benin,LTU,BEN,0.0,0.0,0.0,0.0,0.0,0.0,0.0
Lithuania,Côte d'Ivoire,LTU,CIV,0.0,0.0,0.0,0.0,0.0,0.0,0.0
Lithuania,Gambia,LTU,GMB,0.0,0.0,0.0,0.0,0.0,0.0,0.0
Lithuania,Ghana,LTU,GHA,0.0,0.0,0.0,0.0,0.0,1.0,0.0
Lithuania,Guinea,LTU,GIN,0.0,0.0,0.0,0.0,0.0,0.0,0.0
Lithuania,Liberia,LTU,LBR,2.0,1.0,1.0,1.0,1.0,3.0,3.0
Lithuania,Mali,LTU,MLI,0.0,0.0,0.0,0.0,0.0,0.0,0.0
Lithuania,Mauritania,LTU,MRT,0.0,0.0,0.0,0.0,0.0,0.0,0.0
Lithuania,Nigeria,LTU,NGA,0.0,0.0,0.0,0.0,0.0,0.0,2.0
Lithuania,Togo,LTU,TGO,0.0,0.0,0.0,0.0,0.0,0.0,0.0
Lithuania,Kazakhstan,LTU,KAZ,6536.0,4149.0,3256.0,3231.0,2932.0,2519.0,2267.0
Lithuania,Kyrgyzstan,LTU,KGZ,508.0,390.0,306.0,292.0,255.0,218.0,181.0
Lithuania,Tajikistan,LTU,TJK,658.0,292.0,229.0,221.0,196.0,170.0,184.0
Lithuania,Turkmenistan,LTU,TKM,1837.0,262.0,205.0,198.0,176.0,146.0,118.0
Lithuania,Uzbekistan,LTU,UZB,2045.0,1008.0,791.0,726.0,600.0,513.0,420.0
Lithuania,China,LTU,CHN,65.0,72.0,56.0,59.0,58.0,53.0,143.0
Lithuania,Dem. People's Republic of Korea,LTU,PRK,3.0,2.0,2.0,2.0,1.0,5.0,5.0
Lithuania,Japan,LTU,JPN,7.0,8.0,6.0,9.0,12.0,15.0,13.0
Lithuania,Mongolia,LTU,MNG,43.0,47.0,36.0,40.0,42.0,38.0,32.0
Lithuania,Republic of Korea,LTU,KOR,2.0,1.0,1.0,1.0,1.0,0.0,6.0
Lithuania,Afghanistan,LTU,AFG,14.0,16.0,12.0,7.0,2.0,4.0,19.0
Lithuania,Bangladesh,LTU,BGD,1.0,0.0,0.0,0.0,0.0,0.0,3.0
Lithuania,India,LTU,IND,48.0,38.0,30.0,28.0,24.0,0.0,133.0
Lithuania,Iran (Islamic Republic of),LTU,IRN,6.0,6.0,4.0,8.0,13.0,30.0,22.0
Lithuania,Maldives,LTU,MDV,0.0,0.0,0.0,0.0,0.0,0.0,0.0
Lithuania,Nepal,LTU,NPL,1.0,1.0,1.0,1.0,0.0,3.0,2.0
Lithuania,Pakistan,LTU,PAK,6.0,6.0,4.0,4.0,4.0,6.0,4.0
Lithuania,Sri Lanka,LTU,LKA,21.0,17.0,13.0,12.0,10.0,3.0,56.0
Lithuania,Cambodia,LTU,KHM,2.0,2.0,1.0,1.0,1.0,3.0,4.0
Lithuania,Indonesia,LTU,IDN,4.0,3.0,2.0,2.0,1.0,2.0,9.0
Lithuania,Lao People's Democratic Republic,LTU,LAO,0.0,0.0,0.0,0.0,0.0,0.0,0.0
Lithuania,Malaysia,LTU,MYS,1.0,1.0,0.0,0.0,0.0,0.0,4.0
Lithuania,Philippines,LTU,PHL,5.0,4.0,3.0,3.0,2.0,0.0,16.0
Lithuania,Singapore,LTU,SGP,0.0,0.0,0.0,0.0,0.0,2.0,0.0
Lithuania,Thailand,LTU,THA,4.0,3.0,2.0,2.0,2.0,0.0,13.0
Lithuania,Viet Nam,LTU,VNM,18.0,21.0,16.0,17.0,18.0,15.0,17.0
Lithuania,Armenia,LTU,ARM,253.0,269.0,211.0,228.0,227.0,196.0,155.0
Lithuania,Azerbaijan,LTU,AZE,685.0,533.0,418.0,412.0,371.0,316.0,262.0
Lithuania,Bahrain,LTU,BHR,1.0,1.0,1.0,1.0,0.0,1.0,4.0
Lithuania,Cyprus,LTU,CYP,3.0,4.0,3.0,7.0,12.0,14.0,21.0
Lithuania,Georgia,LTU,GEO,823.0,461.0,361.0,345.0,301.0,267.0,241.0
Lithuania,Iraq,LTU,IRQ,8.0,6.0,5.0,4.0,4.0,3.0,20.0
Lithuania,Israel,LTU,ISR,10.0,12.0,9.0,18.0,27.0,18.0,74.0
Lithuania,Jordan,LTU,JOR,2.0,2.0,1.0,1.0,1.0,2.0,5.0
Lithuania,Kuwait,LTU,KWT,1.0,1.0,1.0,1.0,0.0,3.0,2.0
Lithuania,Lebanon,LTU,LBN,10.0,12.0,9.0,7.0,6.0,8.0,9.0
Lithuania,Oman,LTU,OMN,1.0,0.0,0.0,0.0,0.0,1.0,2.0
Lithuania,Qatar,LTU,QAT,3.0,2.0,2.0,1.0,1.0,2.0,7.0
Lithuania,Saudi Arabia,LTU,SAU,4.0,3.0,2.0,2.0,1.0,0.0,11.0
Lithuania,State of Palestine,LTU,PSE,1.0,1.0,1.0,1.0,0.0,3.0,2.0
Lithuania,Syrian Arab Republic,LTU,SYR,73.0,57.0,45.0,42.0,36.0,3.0,196.0
Lithuania,Türkiye,LTU,TUR,9.0,11.0,8.0,13.0,18.0,14.0,72.0
Lithuania,United Arab Emirates,LTU,ARE,7.0,7.0,5.0,9.0,13.0,15.0,24.0
Lithuania,Belarus,LTU,BLR,45489.0,40433.0,31736.0,29998.0,25708.0,21572.0,18444.0
Lithuania,Bulgaria,LTU,BGR,6.0,6.0,4.0,12.0,19.0,20.0,39.0
Lithuania,Czechia,LTU,CZE,33.0,37.0,29.0,41.0,50.0,48.0,58.0
Lithuania,Hungary,LTU,HUN,64.0,71.0,55.0,57.0,56.0,53.0,63.0
Lithuania,Poland,LTU,POL,2517.0,2804.0,2200.0,1976.0,1585.0,1319.0,1054.0
Lithuania,Republic of Moldova*,LTU,MDA,759.0,464.0,364.0,346.0,300.0,255.0,216.0
Lithuania,Romania,LTU,ROU,16.0,18.0,14.0,19.0,23.0,21.0,49.0
Lithuania,Russian Federation,LTU,RUS,85209.0,65154.0,51140.0,48045.0,40803.0,34598.0,29433.0
Lithuania,Slovakia,LTU,SVK,7.0,8.0,6.0,12.0,18.0,20.0,34.0
Lithuania,Ukraine*,LTU,UKR,20452.0,12066.0,9470.0,8826.0,7432.0,6424.0,6012.0
Lithuania,Denmark*,LTU,DNK,28.0,31.0,24.0,84.0,138.0,157.0,229.0
Lithuania,Estonia,LTU,EST,729.0,679.0,532.0,546.0,514.0,450.0,441.0
Lithuania,Finland*,LTU,FIN,30.0,34.0,26.0,31.0,35.0,41.0,64.0
Lithuania,Iceland,LTU,ISL,5.0,5.0,3.0,14.0,24.0,30.0,32.0
Lithuania,Ireland,LTU,IRL,9.0,11.0,8.0,365.0,692.0,706.0,842.0
Lithuania,Latvia,LTU,LVA,5734.0,5446.0,4274.0,4183.0,3736.0,3223.0,3129.0
Lithuania,Norway*,LTU,NOR,13.0,14.0,10.0,284.0,534.0,673.0,1248.0
Lithuania,Sweden,LTU,SWE,164.0,106.0,83.0,115.0,139.0,138.0,237.0
Lithuania,United Kingdom*,LTU,GBR,145.0,161.0,126.0,1045.0,1876.0,2121.0,3127.0
Lithuania,Albania,LTU,ALB,5.0,4.0,3.0,3.0,2.0,1.0,14.0
Lithuania,Bosnia and Herzegovina,LTU,BIH,0.0,0.0,0.0,0.0,0.0,0.0,0.0
Lithuania,Croatia,LTU,HRV,4.0,3.0,2.0,2.0,2.0,4.0,8.0
Lithuania,Greece,LTU,GRC,5.0,5.0,3.0,12.0,20.0,18.0,30.0
Lithuania,Italy,LTU,ITA,17.0,19.0,14.0,62.0,105.0,107.0,170.0
Lithuania,Malta,LTU,MLT,3.0,2.0,2.0,2.0,1.0,2.0,8.0
Lithuania,North Macedonia,LTU,MKD,2.0,2.0,1.0,1.0,1.0,2.0,6.0
Lithuania,Portugal,LTU,PRT,1.0,1.0,0.0,8.0,16.0,17.0,31.0
Lithuania,Serbia*,LTU,SRB,0.0,0.0,0.0,0.0,0.0,2.0,0.0
Lithuania,Slovenia,LTU,SVN,1.0,0.0,0.0,0.0,0.0,1.0,2.0
Lithuania,Spain*,LTU,ESP,615.0,397.0,311.0,306.0,275.0,266.0,345.0
Lithuania,Austria,LTU,AUT,24.0,28.0,21.0,24.0,26.0,26.0,32.0
Lithuania,Belgium,LTU,BEL,8.0,10.0,7.0,46.0,82.0,73.0,92.0
Lithuania,France*,LTU,FRA,119.0,133.0,104.0,131.0,148.0,156.0,185.0
Lithuania,Germany,LTU,DEU,858.0,955.0,749.0,829.0,840.0,786.0,928.0
Lithuania,Luxembourg,LTU,LUX,3.0,2.0,2.0,1.0,1.0,3.0,6.0
Lithuania,Monaco,LTU,MCO,0.0,0.0,0.0,0.0,0.0,0.0,0.0
Lithuania,Netherlands*,LTU,NLD,13.0,14.0,10.0,30.0,49.0,59.0,93.0
Lithuania,Switzerland,LTU,CHE,9.0,11.0,8.0,10.0,13.0,24.0,37.0
Lithuania,Aruba*,LTU,ABW,0.0,0.0,0.0,0.0,0.0,1.0,0.0
Lithuania,Bahamas,LTU,BHS,0.0,0.0,0.0,0.0,0.0,0.0,0.0
Lithuania,Cuba,LTU,CUB,6.0,4.0,3.0,3.0,3.0,8.0,9.0
Lithuania,Dominica,LTU,DMA,0.0,0.0,0.0,0.0,0.0,0.0,0.0
Lithuania,Jamaica,LTU,JAM,0.0,0.0,0.0,0.0,0.0,1.0,0.0
Lithuania,Belize,LTU,BLZ,0.0,0.0,0.0,0.0,0.0,0.0,0.0
Lithuania,Honduras,LTU,HND,0.0,0.0,0.0,0.0,0.0,0.0,0.0
Lithuania,Mexico,LTU,MEX,0.0,0.0,0.0,0.0,0.0,2.0,0.0
Lithuania,Nicaragua,LTU,NIC,0.0,0.0,0.0,0.0,0.0,0.0,0.0
Lithuania,Argentina,LTU,ARG,38.0,43.0,33.0,35.0,35.0,29.0,28.0
Lithuania,Bolivia (Plurinational State of),LTU,BOL,0.0,0.0,0.0,0.0,0.0,0.0,0.0
Lithuania,Brazil,LTU,BRA,39.0,45.0,35.0,39.0,41.0,40.0,41.0
Lithuania,Chile,LTU,CHL,1.0,1.0,0.0,0.0,0.0,2.0,2.0
Lithuania,Colombia,LTU,COL,6.0,4.0,3.0,3.0,3.0,5.0,12.0
Lithuania,Ecuador,LTU,ECU,0.0,0.0,0.0,0.0,0.0,0.0,2.0
Lithuania,Guyana,LTU,GUY,0.0,0.0,0.0,0.0,0.0,0.0,0.0
Lithuania,Paraguay,LTU,PRY,0.0,0.0,0.0,0.0,0.0,1.0,0.0
Lithuania,Peru,LTU,PER,3.0,2.0,2.0,2.0,1.0,4.0,6.0
Lithuania,Suriname,LTU,SUR,0.0,0.0,0.0,0.0,0.0,0.0,0.0
Lithuania,Uruguay,LTU,URY,14.0,16.0,12.0,14.0,15.0,16.0,11.0
Lithuania,Venezuela (Bolivarian Republic of),LTU,VEN,2.0,2.0,1.0,1.0,1.0,1.0,7.0
Lithuania,Canada,LTU,CAN,32.0,36.0,28.0,22.0,16.0,16.0,16.0
Lithuania,United States of America*,LTU,USA,689.0,768.0,602.0,506.0,367.0,293.0,291.0
Lithuania,Australia*,LTU,AUS,9.0,11.0,8.0,8.0,9.0,9.0,9.0
Lithuania,New Zealand*,LTU,NZL,3.0,2.0,2.0,1.0,1.0,4.0,5.0
Lithuania,Samoa,LTU,WSM,0.0,0.0,0.0,0.0,0.0,1.0,0.0
Norway*,Burundi,NOR,BDI,0.0,0.0,27.0,219.0,477.0,540.0,591.0
Norway*,Comoros,NOR,COM,1.0,1.0,1.0,2.0,3.0,5.0,4.0
Norway*,Djibouti,NOR,DJI,3.0,3.0,8.0,9.0,22.0,39.0,40.0
Norway*,Eritrea,NOR,ERI,5.0,22.0,264.0,829.0,2340.0,6359.0,9610.0
Norway*,Ethiopia,NOR,ETH,567.0,871.0,1041.0,1362.0,2406.0,3854.0,4688.0
Norway*,Kenya,NOR,KEN,220.0,310.0,429.0,589.0,850.0,1167.0,1380.0
Norway*,Madagascar,NOR,MDG,158.0,181.0,185.0,219.0,232.0,250.0,266.0
Norway*,Malawi,NOR,MWI,3.0,3.0,7.0,28.0,52.0,65.0,60.0
Norway*,Mauritius,NOR,MUS,74.0,73.0,69.0,79.0,96.0,107.0,117.0
Norway*,Mayotte,NOR,MYT,0.0,0.0,0.0,0.0,0.0,0.0,0.0
Norway*,Mozambique,NOR,MOZ,12.0,18.0,43.0,63.0,82.0,108.0,104.0
Norway*,Rwanda,NOR,RWA,3.0,17.0,81.0,166.0,283.0,332.0,370.0
Norway*,Seychelles,NOR,SYC,1.0,1.0,2.0,2.0,4.0,5.0,7.0
Norway*,Somalia,NOR,SOM,360.0,1289.0,2842.0,5694.0,8381.0,12662.0,13844.0
Norway*,South Sudan,NOR,SSD,0.0,0.0,0.0,0.0,0.0,28.0,76.0
Norway*,Uganda,NOR,UGA,96.0,137.0,213.0,325.0,431.0,602.0,849.0
Norway*,United Republic of Tanzania,NOR,TZA,91.0,149.0,241.0,341.0,427.0,482.0,489.0
Norway*,Zambia,NOR,ZMB,49.0,59.0,95.0,136.0,247.0,294.0,296.0
Norway*,Zimbabwe,NOR,ZWE,31.0,42.0,69.0,89.0,108.0,143.0,155.0
Norway*,Angola,NOR,AGO,15.0,21.0,53.0,129.0,200.0,246.0,267.0
Norway*,Cameroon,NOR,CMR,50.0,67.0,84.0,151.0,236.0,312.0,365.0
Norway*,Central African Republic,NOR,CAF,2.0,3.0,3.0,4.0,3.0,9.0,15.0
Norway*,Chad,NOR,TCD,0.0,0.0,0.0,3.0,4.0,5.0,10.0
Norway*,Congo,NOR,COG,65.0,86.0,131.0,332.0,69.0,114.0,136.0
Norway*,Democratic Republic of the Congo,NOR,COD,13.0,8.0,13.0,62.0,816.0,1101.0,1441.0
Norway*,Equatorial Guinea,NOR,GNQ,1.0,2.0,2.0,3.0,2.0,8.0,9.0
Norway*,Gabon,NOR,GAB,1.0,1.0,2.0,2.0,3.0,4.0,8.0
Norway*,Sao Tome and Principe,NOR,STP,0.0,0.0,1.0,1.0,0.0,5.0,2.0
Norway*,Algeria,NOR,DZA,91.0,130.0,215.0,292.0,392.0,439.0,468.0
Norway*,Egypt,NOR,EGY,75.0,82.0,116.0,152.0,226.0,342.0,439.0
Norway*,Libya,NOR,LBY,6.0,8.0,20.0,52.0,91.0,220.0,300.0
Norway*,Morocco,NOR,MAR,727.0,1009.0,1388.0,1757.0,2092.0,2453.0,2884.0
Norway*,Sudan,NOR,SDN,20.0,39.0,116.0,269.0,448.0,1307.0,1940.0
Norway*,Tunisia,NOR,TUN,53.0,66.0,101.0,163.0,260.0,323.0,395.0
Norway*,Western Sahara,NOR,ESH,0.0,0.0,0.0,0.0,0.0,5.0,4.0
Norway*,Botswana,NOR,BWA,21.0,19.0,37.0,44.0,55.0,62.0,63.0
Norway*,Eswatini,NOR,SWZ,1.0,1.0,2.0,2.0,4.0,5.0,7.0
Norway*,Lesotho,NOR,LSO,1.0,2.0,2.0,3.0,6.0,7.0,6.0
Norway*,Namibia,NOR,NAM,9.0,13.0,22.0,42.0,46.0,51.0,61.0
Norway*,South Africa,NOR,ZAF,320.0,331.0,373.0,423.0,541.0,670.0,794.0
Norway*,Benin,NOR,BEN,0.0,0.0,3.0,4.0,9.0,13.0,15.0
Norway*,Burkina Faso,NOR,BFA,3.0,3.0,3.0,3.0,4.0,6.0,8.0
Norway*,Cabo Verde,NOR,CPV,72.0,74.0,98.0,109.0,174.0,182.0,186.0
Norway*,Côte d'Ivoire,NOR,CIV,18.0,21.0,37.0,66.0,110.0,147.0,173.0
Norway*,Gambia,NOR,GMB,123.0,184.0,263.0,325.0,406.0,480.0,531.0
Norway*,Ghana,NOR,GHA,182.0,411.0,469.0,584.0,710.0,844.0,977.0
Norway*,Guinea,NOR,GIN,9.0,11.0,15.0,33.0,77.0,134.0,147.0
Norway*,Guinea-Bissau,NOR,GNB,3.0,3.0,4.0,5.0,9.0,21.0,21.0
Norway*,Liberia,NOR,LBR,33.0,34.0,36.0,445.0,463.0,479.0,490.0
Norway*,Mali,NOR,MLI,0.0,5.0,5.0,12.0,14.0,21.0,22.0
Norway*,Mauritania,NOR,MRT,0.0,0.0,3.0,0.0,2.0,5.0,7.0
Norway*,Niger,NOR,NER,0.0,0.0,3.0,3.0,5.0,11.0,15.0
Norway*,Nigeria,NOR,NGA,85.0,113.0,145.0,213.0,398.0,740.0,852.0
Norway*,Saint Helena,NOR,SHN,0.0,1.0,1.0,1.0,3.0,3.0,3.0
Norway*,Senegal,NOR,SEN,12.0,15.0,26.0,40.0,65.0,93.0,109.0
Norway*,Sierra Leone,NOR,SLE,29.0,46.0,74.0,166.0,221.0,250.0,253.0
Norway*,Togo,NOR,TGO,5.0,8.0,24.0,29.0,44.0,53.0,53.0
Norway*,Kazakhstan,NOR,KAZ,0.0,3.0,40.0,195.0,411.0,592.0,631.0
Norway*,Kyrgyzstan,NOR,KGZ,0.0,0.0,3.0,42.0,102.0,137.0,169.0
Norway*,Tajikistan,NOR,TJK,0.0,0.0,7.0,29.0,52.0,61.0,70.0
Norway*,Turkmenistan,NOR,TKM,0.0,0.0,4.0,19.0,26.0,39.0,51.0
Norway*,Uzbekistan,NOR,UZB,0.0,4.0,18.0,67.0,166.0,278.0,354.0
Norway*,China,NOR,CHN,793.0,1467.0,2207.0,4081.0,6501.0,7856.0,8771.0
Norway*,"China, Hong Kong SAR",NOR,HKG,307.0,387.0,411.0,419.0,724.0,1004.0,1162.0
Norway*,"China, Macao SAR",NOR,MAC,4.0,9.0,14.0,21.0,22.0,31.0,36.0
Norway*,Dem. People's Republic of Korea,NOR,PRK,12.0,13.0,15.0,13.0,19.0,18.0,17.0
Norway*,Japan,NOR,JPN,506.0,546.0,591.0,612.0,776.0,919.0,1039.0
Norway*,Mongolia,NOR,MNG,0.0,0.0,5.0,29.0,70.0,112.0,115.0
Norway*,Republic of Korea,NOR,KOR,3245.0,3480.0,3763.0,3980.0,4224.0,4417.0,4662.0
Norway*,Afghanistan,NOR,AFG,67.0,145.0,287.0,1970.0,3437.0,5134.0,6308.0
Norway*,Bangladesh,NOR,BGD,208.0,247.0,262.0,308.0,364.0,454.0,616.0
Norway*,Bhutan,NOR,BTN,0.0,0.0,4.0,3.0,124.0,206.0,208.0
Norway*,India,NOR,IND,1937.0,2285.0,2686.0,3084.0,4054.0,5625.0,7016.0
Norway*,Iran (Islamic Republic of),NOR,IRN,1752.0,2592.0,3645.0,5043.0,5818.0,7429.0,8634.0
Norway*,Maldives,NOR,MDV,0.0,0.0,0.0,0.0,2.0,2.0,1.0
Norway*,Nepal,NOR,NPL,23.0,31.0,74.0,142.0,297.0,649.0,1021.0
Norway*,Pakistan,NOR,PAK,4345.0,5196.0,6189.0,7199.0,8275.0,9291.0,10287.0
Norway*,Sri Lanka,NOR,LKA,1434.0,2349.0,3329.0,3914.0,4141.0,4430.0,4655.0
Norway*,Brunei Darussalam,NOR,BRN,8.0,6.0,7.0,8.0,12.0,14.0,14.0
Norway*,Cambodia,NOR,KHM,51.0,75.0,87.0,111.0,177.0,243.0,301.0
Norway*,Indonesia,NOR,IDN,220.0,252.0,317.0,477.0,749.0,941.0,1090.0
Norway*,Lao People's Democratic Republic,NOR,LAO,28.0,32.0,26.0,33.0,60.0,76.0,101.0
Norway*,Malaysia,NOR,MYS,95.0,133.0,170.0,216.0,344.0,487.0,562.0
Norway*,Myanmar,NOR,MMR,5.0,14.0,18.0,216.0,1144.0,1534.0,1624.0
Norway*,Philippines,NOR,PHL,2423.0,3302.0,4094.0,5897.0,10106.0,15842.0,18733.0
Norway*,Singapore,NOR,SGP,157.0,179.0,220.0,273.0,347.0,439.0,507.0
Norway*,Thailand,NOR,THA,1006.0,1772.0,2896.0,5920.0,10560.0,14667.0,18197.0
Norway*,Timor-Leste,NOR,TLS,0.0,1.0,1.0,1.0,5.0,2.0,3.0
Norway*,Viet Nam,NOR,VNM,3288.0,4926.0,5422.0,6142.0,6835.0,7513.0,8238.0
Norway*,Armenia,NOR,ARM,0.0,7.0,17.0,82.0,101.0,174.0,191.0
Norway*,Azerbaijan,NOR,AZE,0.0,3.0,38.0,107.0,211.0,293.0,315.0
Norway*,Bahrain,NOR,BHR,3.0,6.0,8.0,10.0,13.0,16.0,18.0
Norway*,Cyprus,NOR,CYP,12.0,22.0,27.0,32.0,30.0,59.0,80.0
Norway*,Georgia,NOR,GEO,0.0,6.0,8.0,66.0,111.0,173.0,181.0
Norway*,Iraq,NOR,IRQ,202.0,825.0,2596.0,6273.0,8794.0,9661.0,10427.0
Norway*,Israel,NOR,ISR,160.0,196.0,208.0,240.0,300.0,351.0,392.0
Norway*,Jordan,NOR,JOR,17.0,27.0,41.0,64.0,131.0,207.0,292.0
Norway*,Kuwait,NOR,KWT,11.0,35.0,63.0,82.0,124.0,164.0,199.0
Norway*,Lebanon,NOR,LBN,190.0,373.0,493.0,610.0,739.0,824.0,1305.0
Norway*,Oman,NOR,OMN,7.0,6.0,13.0,9.0,12.0,16.0,17.0
Norway*,Qatar,NOR,QAT,0.0,0.0,4.0,11.0,15.0,33.0,44.0
Norway*,Saudi Arabia,NOR,SAU,16.0,29.0,96.0,116.0,183.0,298.0,454.0
Norway*,State of Palestine,NOR,PSE,263.0,329.0,17.0,221.0,921.0,1313.0,1384.0
Norway*,Syrian Arab Republic,NOR,SYR,62.0,167.0,249.0,432.0,648.0,4853.0,12666.0
Norway*,Türkiye,NOR,TUR,1901.0,2593.0,3185.0,3910.0,4530.0,4891.0,5424.0
Norway*,United Arab Emirates,NOR,ARE,11.0,18.0,41.0,64.0,125.0,197.0,283.0
Norway*,Yemen,NOR,YEM,4.0,12.0,17.0,33.0,77.0,165.0,264.0
Norway*,Belarus,NOR,BLR,0.0,17.0,77.0,288.0,485.0,705.0,846.0
Norway*,Bulgaria,NOR,BGR,135.0,231.0,390.0,617.0,990.0,2545.0,3307.0
Norway*,Czechia,NOR,CZE,67.0,89.0,273.0,505.0,692.0,1040.0,1117.0
Norway*,Hungary,NOR,HUN,515.0,525.0,616.0,691.0,987.0,1778.0,2081.0
Norway*,Poland,NOR,POL,2385.0,3238.0,3763.0,4867.0,16831.0,31600.0,37013.0
Norway*,Republic of Moldova*,NOR,MDA,3.0,4.0,19.0,112.0,205.0,426.0,657.0
Norway*,Romania,NOR,ROU,136.0,337.0,651.0,1079.0,2157.0,5424.0,6748.0
Norway*,Russian Federation,NOR,RUS,40.0,531.0,2147.0,5886.0,9012.0,11237.0,12391.0
Norway*,Slovakia,NOR,SVK,3.0,12.0,86.0,239.0,670.0,1368.0,1500.0
Norway*,Ukraine*,NOR,UKR,3.0,46.0,239.0,846.0,1859.0,3129.0,4081.0
Norway*,Denmark*,NOR,DNK,11164.0,11292.0,11304.0,11039.0,11116.0,12130.0,11911.0
Norway*,Estonia,NOR,EST,10.0,98.0,235.0,464.0,974.0,2072.0,2175.0
Norway*,Faroe Islands*,NOR,FRO,315.0,424.0,460.0,419.0,420.0,432.0,396.0
Norway*,Finland*,NOR,FIN,2445.0,2633.0,3880.0,3844.0,3921.0,4062.0,4358.0
Norway*,Iceland,NOR,ISL,1186.0,1360.0,1947.0,1854.0,2366.0,3898.0,3819.0
Norway*,Ireland,NOR,IRL,258.0,259.0,246.0,244.0,299.0,426.0,457.0
Norway*,Isle of Man*,NOR,IMN,0.0,0.0,0.0,0.0,0.0,1.0,0.0
Norway*,Latvia,NOR,LVA,4.0,85.0,248.0,507.0,1284.0,3979.0,4567.0
Norway*,Lithuania,NOR,LTU,5.0,55.0,221.0,904.0,4075.0,14565.0,16946.0
Norway*,Sweden,NOR,SWE,11246.0,12803.0,17743.0,17033.0,20792.0,24212.0,23843.0
Norway*,United Kingdom*,NOR,GBR,6685.0,6300.0,6282.0,6211.0,6828.0,7520.0,7771.0
Norway*,Albania,NOR,ALB,8.0,39.0,68.0,118.0,209.0,405.0,935.0
Norway*,Andorra,NOR,AND,1.0,1.0,2.0,3.0,5.0,5.0,7.0
Norway*,Bosnia and Herzegovina,NOR,BIH,0.0,4750.0,5878.0,6296.0,6550.0,6716.0,7102.0
Norway*,Croatia,NOR,HRV,3.0,50.0,640.0,1169.0,1310.0,1569.0,2231.0
Norway*,Gibraltar*,NOR,GIB,0.0,1.0,1.0,1.0,3.0,3.0,3.0
Norway*,Greece,NOR,GRC,115.0,128.0,142.0,185.0,263.0,887.0,1408.0
Norway*,Italy,NOR,ITA,353.0,403.0,504.0,543.0,807.0,1465.0,1902.0
Norway*,Malta,NOR,MLT,16.0,18.0,20.0,23.0,30.0,51.0,54.0
Norway*,Montenegro,NOR,MNE,55.0,68.0,87.0,109.0,152.0,204.0,253.0
Norway*,North Macedonia,NOR,MKD,0.0,12.0,248.0,832.0,998.0,1160.0,1389.0
Norway*,Portugal,NOR,PRT,241.0,266.0,317.0,333.0,484.0,1203.0,1456.0
Norway*,San Marino,NOR,SMR,0.0,0.0,1.0,1.0,2.0,3.0,2.0
Norway*,Serbia*,NOR,SRB,667.0,832.0,1058.0,1686.0,1659.0,1932.0,3418.0
Norway*,Slovenia,NOR,SVN,0.0,5.0,34.0,57.0,98.0,188.0,211.0
Norway*,Spain*,NOR,ESP,510.0,577.0,700.0,812.0,1205.0,2867.0,3387.0
Norway*,Austria,NOR,AUT,477.0,462.0,502.0,518.0,632.0,756.0,817.0
Norway*,Belgium,NOR,BEL,433.0,437.0,462.0,502.0,643.0,797.0,895.0
Norway*,France*,NOR,FRA,1197.0,1200.0,1373.0,1449.0,2029.0,2747.0,2980.0
Norway*,Germany,NOR,DEU,4926.0,5140.0,6051.0,7145.0,11554.0,13190.0,13674.0
Norway*,Liechtenstein,NOR,LIE,0.0,3.0,3.0,0.0,12.0,11.0,8.0
Norway*,Luxembourg,NOR,LUX,28.0,26.0,34.0,41.0,48.0,51.0,56.0
Norway*,Monaco,NOR,MCO,2.0,2.0,3.0,4.0,9.0,8.0,8.0
Norway*,Netherlands*,NOR,NLD,1702.0,1817.0,2018.0,2217.0,3335.0,3882.0,4103.0
Norway*,Switzerland,NOR,CHE,612.0,658.0,781.0,800.0,949.0,1140.0,1234.0
Norway*,Antigua and Barbuda,NOR,ATG,0.0,0.0,0.0,0.0,1.0,1.0,2.0
Norway*,Aruba*,NOR,ABW,0.0,1.0,1.0,1.0,3.0,4.0,4.0
Norway*,Bahamas,NOR,BHS,3.0,4.0,5.0,4.0,6.0,10.0,12.0
Norway*,Barbados,NOR,BRB,4.0,5.0,8.0,10.0,8.0,7.0,9.0
Norway*,"Bonaire, Sint Eustatius and Saba*",NOR,BES,0.0,0.0,0.0,0.0,0.0,1.0,0.0
Norway*,British Virgin Islands*,NOR,VGB,0.0,0.0,0.0,0.0,1.0,1.0,1.0
Norway*,Cayman Islands*,NOR,CYM,0.0,0.0,0.0,0.0,1.0,2.0,2.0
Norway*,Cuba,NOR,CUB,22.0,24.0,128.0,331.0,485.0,620.0,692.0
Norway*,Dominica,NOR,DMA,2.0,3.0,3.0,4.0,7.0,9.0,11.0
Norway*,Dominican Republic,NOR,DOM,38.0,91.0,161.0,251.0,358.0,487.0,581.0
Norway*,Grenada,NOR,GRD,1.0,2.0,2.0,3.0,0.0,9.0,9.0
Norway*,Haiti,NOR,HTI,3.0,5.0,3.0,7.0,11.0,16.0,24.0
Norway*,Jamaica,NOR,JAM,27.0,30.0,46.0,65.0,76.0,86.0,102.0
Norway*,Montserrat*,NOR,MSR,0.0,0.0,0.0,0.0,1.0,2.0,1.0
Norway*,Puerto Rico*,NOR,PRI,0.0,0.0,6.0,9.0,0.0,0.0,0.0
Norway*,Saint Kitts and Nevis,NOR,KNA,0.0,0.0,0.0,1.0,2.0,2.0,2.0
Norway*,Saint Lucia,NOR,LCA,1.0,2.0,3.0,3.0,6.0,8.0,8.0
Norway*,Saint Vincent and the Grenadines,NOR,VCT,0.0,1.0,1.0,1.0,9.0,1.0,1.0
Norway*,Trinidad and Tobago,NOR,TTO,112.0,116.0,139.0,163.0,181.0,195.0,208.0
Norway*,Turks and Caicos Islands*,NOR,TCA,0.0,0.0,0.0,0.0,0.0,0.0,1.0
Norway*,Belize,NOR,BLZ,0.0,1.0,1.0,1.0,2.0,4.0,4.0
Norway*,Costa Rica,NOR,CRI,67.0,78.0,89.0,107.0,125.0,134.0,164.0
Norway*,El Salvador,NOR,SLV,29.0,45.0,59.0,64.0,75.0,103.0,108.0
Norway*,Guatemala,NOR,GTM,100.0,110.0,140.0,171.0,189.0,224.0,237.0
Norway*,Honduras,NOR,HND,28.0,33.0,30.0,35.0,47.0,68.0,78.0
Norway*,Mexico,NOR,MEX,121.0,158.0,230.0,324.0,489.0,692.0,867.0
Norway*,Nicaragua,NOR,NIC,23.0,28.0,49.0,67.0,91.0,107.0,124.0
Norway*,Panama,NOR,PAN,7.0,13.0,18.0,23.0,35.0,37.0,55.0
Norway*,Argentina,NOR,ARG,242.0,266.0,289.0,343.0,420.0,532.0,599.0
Norway*,Bolivia (Plurinational State of),NOR,BOL,56.0,75.0,118.0,155.0,203.0,253.0,284.0
Norway*,Brazil,NOR,BRA,361.0,552.0,774.0,1253.0,2444.0,3489.0,4339.0
Norway*,Chile,NOR,CHL,2379.0,2364.0,2522.0,2749.0,2991.0,3175.0,3258.0
Norway*,Colombia,NOR,COL,712.0,1112.0,1426.0,1854.0,2243.0,2694.0,2976.0
Norway*,Ecuador,NOR,ECU,87.0,134.0,182.0,235.0,283.0,378.0,425.0
Norway*,Falkland Islands (Malvinas)*,NOR,FLK,0.0,0.0,0.0,0.0,1.0,1.0,0.0
Norway*,Guyana,NOR,GUY,39.0,41.0,49.0,52.0,54.0,56.0,61.0
Norway*,Paraguay,NOR,PRY,31.0,35.0,41.0,59.0,82.0,92.0,108.0
Norway*,Peru,NOR,PER,137.0,214.0,293.0,455.0,726.0,902.0,1035.0
Norway*,Suriname,NOR,SUR,4.0,5.0,10.0,12.0,23.0,24.0,24.0
Norway*,Uruguay,NOR,URY,78.0,72.0,82.0,81.0,96.0,117.0,120.0
Norway*,Venezuela (Bolivarian Republic of),NOR,VEN,43.0,78.0,109.0,163.0,355.0,590.0,691.0
Norway*,Bermuda*,NOR,BMU,1.0,2.0,2.0,3.0,7.0,7.0,6.0
Norway*,Canada,NOR,CAN,1156.0,1158.0,1232.0,1262.0,1473.0,1579.0,1762.0
Norway*,Greenland*,NOR,GRL,78.0,99.0,113.0,129.0,149.0,170.0,167.0
Norway*,United States of America*,NOR,USA,8463.0,8249.0,7866.0,7518.0,8261.0,8931.0,9541.0
Norway*,Australia*,NOR,AUS,442.0,481.0,471.0,532.0,726.0,860.0,959.0
Norway*,New Zealand*,NOR,NZL,152.0,175.0,175.0,180.0,231.0,257.0,250.0
Norway*,Fiji,NOR,FJI,4.0,7.0,11.0,13.0,20.0,18.0,17.0
Norway*,New Caledonia*,NOR,NCL,0.0,0.0,1.0,1.0,3.0,3.0,2.0
Norway*,Papua New Guinea,NOR,PNG,1.0,2.0,2.0,3.0,5.0,5.0,9.0
Norway*,Solomon Islands,NOR,SLB,1.0,1.0,1.0,2.0,3.0,5.0,4.0
Norway*,Vanuatu,NOR,VUT,0.0,0.0,0.0,0.0,1.0,0.0,0.0
Norway*,Kiribati,NOR,KIR,0.0,0.0,0.0,0.0,0.0,0.0,1.0
Norway*,Micronesia (Fed. States of),NOR,FSM,0.0,0.0,0.0,0.0,1.0,1.0,0.0
Norway*,Palau,NOR,PLW,0.0,0.0,0.0,0.0,1.0,1.0,1.0
Norway*,French Polynesia*,NOR,PYF,1.0,1.0,1.0,2.0,3.0,6.0,3.0
Norway*,Samoa,NOR,WSM,0.0,1.0,1.0,1.0,3.0,3.0,3.0
Norway*,Tonga,NOR,TON,0.0,1.0,1.0,1.0,3.0,3.0,4.0
Norway*,Tuvalu,NOR,TUV,0.0,0.0,0.0,0.0,1.0,1.0,0.0
Sweden,Eritrea,SWE,ERI,357.0,557.0,1238.0,2536.0,4989.0,11467.0,21004.0
Sweden,Ethiopia,SWE,ETH,5968.0,6176.0,5675.0,5328.0,6459.0,8163.0,10869.0
Sweden,Somalia,SWE,SOM,3050.0,4749.0,6131.0,7630.0,17594.0,29666.0,35465.0
Sweden,Democratic Republic of the Congo,SWE,COD,207.0,312.0,433.0,608.0,1051.0,1614.0,2694.0
Sweden,Egypt,SWE,EGY,450.0,613.0,740.0,882.0,1237.0,2147.0,3542.0
Sweden,Morocco,SWE,MAR,1104.0,1477.0,1794.0,2353.0,3409.0,4546.0,5902.0
Sweden,Sudan,SWE,SDN,143.0,225.0,304.0,420.0,709.0,1597.0,2962.0
Sweden,Nigeria,SWE,NGA,50.0,95.0,191.0,333.0,824.0,1599.0,2515.0
Sweden,China,SWE,CHN,2439.0,3630.0,4661.0,8102.0,13925.0,17147.0,21081.0
Sweden,Mongolia,SWE,MNG,10.0,16.0,26.0,75.0,404.0,1456.0,2707.0
Sweden,Republic of Korea,SWE,KOR,5173.0,5438.0,5810.0,6095.0,6333.0,6492.0,7060.0
Sweden,Afghanistan,SWE,AFG,490.0,741.0,1757.0,3664.0,5734.0,11976.0,20569.0
Sweden,Bangladesh,SWE,BGD,720.0,984.0,1339.0,1669.0,2254.0,3012.0,5017.0
Sweden,India,SWE,IND,5099.0,6006.0,6595.0,7284.0,8586.0,11027.0,19340.0
Sweden,Iran (Islamic Republic of),SWE,IRN,18129.0,22241.0,23298.0,25235.0,28917.0,32944.0,38146.0
Sweden,Pakistan,SWE,PAK,472.0,790.0,1340.0,1754.0,2803.0,4352.0,8242.0
Sweden,Sri Lanka,SWE,LKA,3031.0,3198.0,3288.0,3509.0,3757.0,3916.0,4183.0
Sweden,Philippines,SWE,PHL,2382.0,3137.0,4117.0,5431.0,7416.0,9433.0,11974.0
Sweden,Thailand,SWE,THA,3717.0,5707.0,7445.0,13164.0,23486.0,30100.0,34433.0
Sweden,Viet Nam,SWE,VNM,3181.0,3013.0,5641.0,6487.0,7672.0,9123.0,11327.0
Sweden,Iraq,SWE,IRQ,4162.0,10542.0,20317.0,32378.0,54840.0,60620.0,67585.0
Sweden,Lebanon,SWE,LBN,7043.0,9446.0,9001.0,9557.0,10697.0,11522.0,12877.0
Sweden,Saudi Arabia,SWE,SAU,197.0,282.0,400.0,488.0,767.0,1535.0,3099.0
Sweden,State of Palestine,SWE,PSE,207.0,347.0,382.0,717.0,1307.0,2248.0,3318.0
Sweden,Syrian Arab Republic,SWE,SYR,2985.0,4604.0,6947.0,8314.0,9974.0,34703.0,84770.0
Sweden,Türkiye,SWE,TUR,12239.0,14059.0,15081.0,16632.0,18961.0,20775.0,23396.0
Sweden,Bulgaria,SWE,BGR,1252.0,1614.0,1811.0,2102.0,3119.0,4160.0,4852.0
Sweden,Hungary,SWE,HUN,7243.0,7170.0,6969.0,6843.0,7639.0,8296.0,8537.0
Sweden,Poland,SWE,POL,24975.0,26686.0,26247.0,28969.0,39599.0,46202.0,49381.0
Sweden,Romania,SWE,ROU,5245.0,6303.0,6479.0,7063.0,10042.0,13070.0,16034.0
Sweden,Russian Federation,SWE,RUS,1097.0,1751.0,3997.0,7007.0,10070.0,12702.0,14694.0
Sweden,Ukraine*,SWE,UKR,281.0,440.0,936.0,1860.0,3125.0,4781.0,7280.0
Sweden,Denmark*,SWE,DNK,20732.0,19266.0,18407.0,19754.0,21269.0,19735.0,18431.0
Sweden,Estonia,SWE,EST,7020.0,6764.0,5871.0,5856.0,5939.0,5941.0,5420.0
Sweden,Finland*,SWE,FIN,124429.0,119006.0,114461.0,108819.0,101659.0,94689.0,86601.0
Sweden,Latvia,SWE,LVA,1038.0,1361.0,1353.0,1680.0,2666.0,3792.0,4391.0
Sweden,Lithuania,SWE,LTU,163.0,251.0,438.0,1257.0,3204.0,5339.0,7348.0
Sweden,Norway*,SWE,NOR,31568.0,26885.0,24949.0,25603.0,24499.0,23453.0,22650.0
Sweden,United Kingdom*,SWE,GBR,3870.0,4353.0,5193.0,5860.0,6924.0,8439.0,10605.0
Sweden,Albania,SWE,ALB,66.0,107.0,161.0,290.0,516.0,1000.0,3263.0
Sweden,Bosnia and Herzegovina,SWE,BIH,21754.0,22955.0,25755.0,27618.0,28459.0,29088.0,30298.0
Sweden,Croatia,SWE,HRV,978.0,1217.0,2451.0,2913.0,3157.0,3883.0,5673.0
Sweden,Greece,SWE,GRC,4835.0,4614.0,4386.0,4326.0,4589.0,6525.0,8653.0
Sweden,Italy,SWE,ITA,1606.0,1713.0,2038.0,2165.0,2625.0,3813.0,5508.0
Sweden,North Macedonia,SWE,MKD,191.0,305.0,1050.0,1591.0,2242.0,3021.0,4396.0
Sweden,Serbia*,SWE,SRB,761.0,10561.0,13097.0,6765.0,6969.0,4622.0,7544.0
Sweden,Spain*,SWE,ESP,1918.0,1995.0,2077.0,2363.0,2842.0,4343.0,5739.0
Sweden,France*,SWE,FRA,1512.0,1715.0,2276.0,2637.0,3225.0,3877.0,4950.0
Sweden,Germany,SWE,DEU,20449.0,19871.0,21056.0,22404.0,25531.0,26168.0,27078.0
Sweden,Netherlands*,SWE,NLD,1434.0,1524.0,1875.0,2429.0,3636.0,4448.0,5501.0
Sweden,Brazil,SWE,BRA,1478.0,1864.0,2140.0,2751.0,3768.0,4509.0,6274.0
Sweden,Chile,SWE,CHL,13818.0,13535.0,13387.0,13814.0,14086.0,13946.0,13852.0
Sweden,Colombia,SWE,COL,2322.0,2814.0,3357.0,4113.0,5053.0,5879.0,6495.0
Sweden,Peru,SWE,PER,1384.0,1720.0,2325.0,2879.0,3597.0,4024.0,4374.0
Sweden,United States of America*,SWE,USA,6003.0,6417.0,6804.0,7208.0,7969.0,9267.0,11094.0
United Kingdom*,Kenya,GBR,KEN,54027.0,58641.0,63687.0,67590.0,71488.0,71783.0,71531.0
United Kingdom*,Somalia,GBR,SOM,0.0,4628.0,21015.0,34436.0,54542.0,60493.0,62827.0
United Kingdom*,Zimbabwe,GBR,ZWE,10128.0,16127.0,24997.0,39668.0,63556.0,68763.0,69499.0
United Kingdom*,South Africa,GBR,ZAF,34018.0,49243.0,70310.0,85898.0,102210.0,108480.0,113077.0
United Kingdom*,Ghana,GBR,GHA,15892.0,21142.0,27840.0,36443.0,47673.0,57938.0,69010.0
United Kingdom*,Nigeria,GBR,NGA,22064.0,30690.0,42216.0,61892.0,92019.0,113266.0,135515.0
United Kingdom*,China,GBR,CHN,8178.0,25157.0,65887.0,103890.0,151599.0,135568.0,111419.0
United Kingdom*,"China, Hong Kong SAR",GBR,HKG,35037.0,38655.0,42505.0,46738.0,51391.0,56505.0,62149.0
United Kingdom*,Afghanistan,GBR,AFG,0.0,0.0,3799.0,9559.0,21864.0,29187.0,35946.0
United Kingdom*,Bangladesh,GBR,BGD,47375.0,58909.0,73122.0,85575.0,99056.0,115217.0,134099.0
United Kingdom*,India,GBR,IND,208085.0,223397.0,239675.0,284631.0,344471.0,398152.0,457069.0
United Kingdom*,Iran (Islamic Republic of),GBR,IRN,13138.0,15265.0,17703.0,23664.0,32527.0,38758.0,45200.0
United Kingdom*,Pakistan,GBR,PAK,110230.0,130133.0,153269.0,188303.0,233343.0,268904.0,306509.0
United Kingdom*,Sri Lanka,GBR,LKA,17154.0,22233.0,28510.0,39882.0,56871.0,64331.0,70284.0
United Kingdom*,Malaysia,GBR,MYS,23685.0,25771.0,27755.0,32313.0,38232.0,38032.0,36493.0
United Kingdom*,Philippines,GBR,PHL,15382.0,21305.0,28932.0,47524.0,77615.0,90056.0,100049.0
United Kingdom*,Singapore,GBR,SGP,17696.0,19292.0,21032.0,21905.0,22641.0,22611.0,22434.0
United Kingdom*,Iraq,GBR,IRQ,5685.0,8184.0,11579.0,17335.0,26304.0,32031.0,37662.0
United Kingdom*,Türkiye,GBR,TUR,10616.0,15643.0,22769.0,30468.0,40201.0,48626.0,58055.0
United Kingdom*,Poland,GBR,POL,31517.0,31877.0,32134.0,85745.0,282221.0,358682.0,396230.0
United Kingdom*,Romania,GBR,ROU,1738.0,2596.0,3820.0,10819.0,34707.0,91126.0,234299.0
United Kingdom*,Ukraine*,GBR,UKR,471.0,2563.0,4649.0,7615.0,12206.0,15868.0,20045.0
United Kingdom*,Ireland,GBR,IRL,343928.0,322617.0,302785.0,281943.0,262317.0,222678.0,184870.0
United Kingdom*,Lithuania,GBR,LTU,0.0,0.0,196.0,4040.0,43145.0,72345.0,90747.0
United Kingdom*,Croatia,GBR,HRV,3101.0,3507.0,3911.0,4421.0,4886.0,6006.0,7256.0
United Kingdom*,Italy,GBR,ITA,45312.0,48892.0,52683.0,58665.0,65604.0,89822.0,127300.0
United Kingdom*,Portugal,GBR,PRT,10018.0,13563.0,18131.0,27637.0,43235.0,58206.0,76603.0
United Kingdom*,Spain*,GBR,ESP,21558.0,26135.0,31097.0,37912.0,45387.0,62310.0,86918.0
United Kingdom*,France*,GBR,FRA,32249.0,42154.0,54388.0,64290.0,74997.0,80801.0,86562.0
United Kingdom*,Germany,GBR,DEU,127352.0,139902.0,153253.0,162283.0,170308.0,163984.0,151632.0
United Kingdom*,Jamaica,GBR,JAM,73607.0,76212.0,78688.0,83391.0,88446.0,86379.0,83187.0
United Kingdom*,Canada,GBR,CAN,35176.0,37380.0,39733.0,42223.0,44932.0,43218.0,40766.0
United Kingdom*,United States of America*,GBR,USA,72104.0,77024.0,82346.0,92230.0,104314.0,109107.0,112517.0
United Kingdom*,Australia*,GBR,AUS,39495.0,47823.0,57800.0,62542.0,66414.0,63917.0,60469.0
United Kingdom*,New Zealand*,GBR,NZL,21245.0,25182.0,29807.0,30807.0,31070.0,28256.0,25226.0
Albania,Türkiye,ALB,TUR,856.0,919.0,983.0,767.0,625.0,616.0,576.0
Albania,Greece,ALB,GRC,22823.0,24520.0,26217.0,20447.0,16671.0,16433.0,15397.0
Albania,Italy,ALB,ITA,5714.0,6139.0,6564.0,5119.0,4174.0,4114.0,3852.0
Albania,North Macedonia,ALB,MKD,377.0,405.0,433.0,338.0,276.0,272.0,253.0
Albania,Canada,ALB,CAN,243.0,262.0,280.0,218.0,178.0,175.0,162.0
Albania,United States of America*,ALB,USA,1227.0,1319.0,1410.0,1099.0,896.0,883.0,826.0
Andorra,Morocco,AND,MAR,137.0,181.0,224.0,259.0,263.0,218.0,231.0
Andorra,Philippines,AND,PHL,68.0,105.0,141.0,185.0,209.0,194.0,206.0
Andorra,Denmark*,AND,DNK,39.0,53.0,66.0,67.0,57.0,0.0,0.0
Andorra,Sweden,AND,SWE,25.0,24.0,23.0,26.0,25.0,0.0,0.0
Andorra,United Kingdom*,AND,GBR,486.0,459.0,431.0,512.0,531.0,486.0,519.0
Andorra,Italy,AND,ITA,51.0,61.0,71.0,164.0,249.0,215.0,228.0
Andorra,Portugal,AND,PRT,1840.0,2531.0,3222.0,5056.0,6459.0,4981.0,5330.0
Andorra,Spain*,AND,ESP,12605.0,12686.0,12775.0,13432.0,12237.0,10434.0,11173.0
Andorra,Belgium,AND,BEL,112.0,113.0,114.0,120.0,109.0,96.0,101.0
Andorra,France*,AND,FRA,1923.0,1984.0,2045.0,2301.0,2263.0,1774.0,1898.0
Andorra,Germany,AND,DEU,162.0,165.0,169.0,189.0,185.0,157.0,167.0
Andorra,Netherlands*,AND,NLD,88.0,98.0,108.0,123.0,122.0,110.0,116.0
Andorra,Switzerland,AND,CHE,30.0,33.0,35.0,41.0,41.0,0.0,0.0
Andorra,Argentina,AND,ARG,40.0,56.0,71.0,233.0,387.0,333.0,355.0
Andorra,Chile,AND,CHL,32.0,30.0,28.0,70.0,109.0,99.0,104.0
Andorra,Uruguay,AND,URY,36.0,37.0,37.0,50.0,57.0,47.0,48.0
Andorra,United States of America*,AND,USA,47.0,45.0,42.0,48.0,47.0,46.0,47.0
Andorra,Australia*,AND,AUS,17.0,19.0,20.0,28.0,33.0,0.0,0.0
Bosnia and Herzegovina,Hungary,BIH,HUN,166.0,165.0,164.0,107.0,110.0,109.0,102.0
Bosnia and Herzegovina,Romania,BIH,ROU,517.0,427.0,336.0,256.0,321.0,319.0,300.0
Bosnia and Herzegovina,Russian Federation,BIH,RUS,217.0,179.0,141.0,108.0,135.0,134.0,126.0
Bosnia and Herzegovina,Slovakia,BIH,SVK,2389.0,2908.0,3426.0,2010.0,1726.0,1716.0,1628.0
Bosnia and Herzegovina,Croatia,BIH,HRV,10875.0,14015.0,17155.0,9257.0,6567.0,6530.0,6223.0
Bosnia and Herzegovina,Italy,BIH,ITA,96.0,110.0,123.0,75.0,68.0,67.0,63.0
Bosnia and Herzegovina,Montenegro,BIH,MNE,1912.0,2410.0,2908.0,2019.0,2266.0,2253.0,2138.0
Bosnia and Herzegovina,North Macedonia,BIH,MKD,1284.0,1628.0,1972.0,1409.0,1639.0,1629.0,1546.0
Bosnia and Herzegovina,Serbia*,BIH,SRB,8700.0,11209.0,13725.0,7406.0,5253.0,5223.0,4960.0
Bosnia and Herzegovina,Slovenia,BIH,SVN,1719.0,1894.0,2069.0,1272.0,1191.0,1184.0,1123.0
Bosnia and Herzegovina,Austria,BIH,AUT,169.0,159.0,148.0,101.0,110.0,109.0,102.0
Bosnia and Herzegovina,France*,BIH,FRA,143.0,130.0,117.0,82.0,93.0,92.0,86.0
Bosnia and Herzegovina,Germany,BIH,DEU,441.0,438.0,435.0,284.0,293.0,291.0,275.0
Croatia,Zambia,HRV,ZMB,0.0,0.0,0.0,10.0,19.0,19.0,17.0
Croatia,Algeria,HRV,DZA,0.0,0.0,0.0,15.0,29.0,29.0,26.0
Croatia,Egypt,HRV,EGY,97.0,137.0,119.0,67.0,133.0,134.0,125.0
Croatia,Libya,HRV,LBY,52.0,74.0,64.0,36.0,72.0,73.0,67.0
Croatia,Morocco,HRV,MAR,0.0,0.0,0.0,9.0,18.0,18.0,16.0
Croatia,Sudan,HRV,SDN,0.0,0.0,0.0,9.0,17.0,17.0,15.0
Croatia,South Africa,HRV,ZAF,78.0,111.0,96.0,54.0,108.0,109.0,100.0
Croatia,Nigeria,HRV,NGA,0.0,0.0,0.0,6.0,12.0,12.0,11.0
Croatia,Kazakhstan,HRV,KAZ,0.0,0.0,0.0,27.0,54.0,54.0,50.0
Croatia,China,HRV,CHN,164.0,232.0,201.0,113.0,225.0,227.0,212.0
Croatia,Japan,HRV,JPN,0.0,0.0,0.0,21.0,42.0,42.0,39.0
Croatia,Republic of Korea,HRV,KOR,0.0,0.0,0.0,9.0,18.0,18.0,16.0
Croatia,India,HRV,IND,0.0,0.0,0.0,13.0,26.0,26.0,24.0
Croatia,Iran (Islamic Republic of),HRV,IRN,0.0,0.0,0.0,11.0,21.0,21.0,19.0
Croatia,Indonesia,HRV,IDN,0.0,0.0,0.0,9.0,17.0,17.0,15.0
Croatia,Philippines,HRV,PHL,43.0,62.0,53.0,30.0,60.0,61.0,56.0
Croatia,Iraq,HRV,IRQ,0.0,0.0,0.0,9.0,18.0,18.0,16.0
Croatia,Israel,HRV,ISR,0.0,0.0,0.0,9.0,18.0,18.0,16.0
Croatia,Jordan,HRV,JOR,0.0,0.0,0.0,4.0,8.0,8.0,7.0
Croatia,Lebanon,HRV,LBN,0.0,0.0,0.0,8.0,15.0,15.0,13.0
Croatia,State of Palestine,HRV,PSE,0.0,0.0,0.0,2.0,3.0,3.0,2.0
Croatia,Syrian Arab Republic,HRV,SYR,0.0,0.0,0.0,12.0,23.0,23.0,21.0
Croatia,Türkiye,HRV,TUR,0.0,0.0,0.0,17.0,34.0,34.0,31.0
Croatia,Belarus,HRV,BLR,56.0,79.0,69.0,39.0,77.0,78.0,72.0
Croatia,Bulgaria,HRV,BGR,141.0,87.0,164.0,185.0,205.0,207.0,194.0
Croatia,Czechia,HRV,CZE,497.0,336.0,631.0,661.0,691.0,697.0,654.0
Croatia,Hungary,HRV,HUN,1156.0,995.0,714.0,711.0,707.0,714.0,670.0
Croatia,Poland,HRV,POL,541.0,549.0,492.0,538.0,584.0,589.0,551.0
Croatia,Republic of Moldova*,HRV,MDA,72.0,103.0,89.0,50.0,100.0,101.0,94.0
Croatia,Romania,HRV,ROU,212.0,113.0,212.0,270.0,328.0,331.0,310.0
Croatia,Russian Federation,HRV,RUS,773.0,1096.0,949.0,529.0,1058.0,1068.0,1002.0
Croatia,Slovakia,HRV,SVK,345.0,221.0,416.0,455.0,493.0,498.0,467.0
Croatia,Ukraine*,HRV,UKR,431.0,611.0,529.0,296.0,591.0,596.0,557.0
Croatia,Denmark*,HRV,DNK,28.0,23.0,15.0,33.0,50.0,50.0,47.0
Croatia,Estonia,HRV,EST,0.0,2.0,3.0,8.0,13.0,13.0,12.0
Croatia,Finland*,HRV,FIN,0.0,9.0,16.0,21.0,25.0,25.0,23.0
Croatia,Ireland,HRV,IRL,0.0,3.0,5.0,17.0,28.0,28.0,25.0
Croatia,Latvia,HRV,LVA,0.0,9.0,17.0,21.0,24.0,24.0,22.0
Croatia,Lithuania,HRV,LTU,0.0,7.0,14.0,18.0,21.0,21.0,19.0
Croatia,Norway*,HRV,NOR,0.0,10.0,19.0,37.0,55.0,56.0,51.0
Croatia,Sweden,HRV,SWE,178.0,174.0,149.0,239.0,329.0,332.0,311.0
Croatia,United Kingdom*,HRV,GBR,129.0,116.0,90.0,200.0,309.0,312.0,291.0
Croatia,Albania,HRV,ALB,66.0,42.0,79.0,88.0,96.0,97.0,90.0
Croatia,Bosnia and Herzegovina,HRV,BIH,163974.0,265425.0,224706.0,218340.0,211973.0,213933.0,201047.0
Croatia,Greece,HRV,GRC,0.0,35.0,65.0,70.0,75.0,76.0,70.0
Croatia,Italy,HRV,ITA,1224.0,1110.0,863.0,1193.0,1522.0,1536.0,1442.0
Croatia,Montenegro,HRV,MNE,2387.0,3383.0,2931.0,1633.0,3265.0,3295.0,3095.0
Croatia,North Macedonia,HRV,MKD,6071.0,5743.0,4726.0,4911.0,5096.0,5143.0,4831.0
Croatia,Portugal,HRV,PRT,0.0,9.0,16.0,20.0,23.0,23.0,21.0
Croatia,Serbia*,HRV,SRB,21447.0,30390.0,26330.0,14521.0,29042.0,29811.0,28013.0
Croatia,Slovenia,HRV,SVN,19261.0,17465.0,13573.0,12947.0,12321.0,12435.0,11684.0
Croatia,Spain*,HRV,ESP,0.0,22.0,42.0,75.0,107.0,108.0,100.0
Croatia,Austria,HRV,AUT,775.0,861.0,843.0,1685.0,2527.0,2550.0,2394.0
Croatia,Belgium,HRV,BEL,103.0,116.0,116.0,157.0,197.0,199.0,187.0
Croatia,France*,HRV,FRA,499.0,390.0,235.0,573.0,910.0,918.0,862.0
Croatia,Germany,HRV,DEU,3005.0,4025.0,4561.0,10635.0,16709.0,16864.0,15844.0
Croatia,Luxembourg,HRV,LUX,0.0,5.0,9.0,14.0,19.0,19.0,17.0
Croatia,Netherlands*,HRV,NLD,152.0,159.0,146.0,287.0,427.0,431.0,403.0
Croatia,Switzerland,HRV,CHE,248.0,345.0,400.0,936.0,1472.0,1486.0,1396.0
Croatia,Mexico,HRV,MEX,0.0,5.0,10.0,17.0,23.0,23.0,21.0
Croatia,Argentina,HRV,ARG,97.0,107.0,105.0,114.0,123.0,124.0,115.0
Croatia,Bolivia (Plurinational State of),HRV,BOL,0.0,0.0,0.0,7.0,13.0,13.0,12.0
Croatia,Brazil,HRV,BRA,77.0,81.0,76.0,101.0,125.0,126.0,117.0
Croatia,Chile,HRV,CHL,79.0,72.0,57.0,67.0,76.0,77.0,71.0
Croatia,Colombia,HRV,COL,0.0,0.0,0.0,15.0,29.0,29.0,26.0
Croatia,Peru,HRV,PER,39.0,35.0,27.0,40.0,53.0,53.0,49.0
Croatia,Venezuela (Bolivarian Republic of),HRV,VEN,0.0,7.0,13.0,22.0,31.0,31.0,28.0
Croatia,Canada,HRV,CAN,303.0,279.0,222.0,372.0,522.0,527.0,494.0
Croatia,United States of America*,HRV,USA,795.0,701.0,523.0,690.0,857.0,865.0,812.0
Croatia,Australia*,HRV,AUS,428.0,458.0,433.0,633.0,833.0,841.0,789.0
Croatia,New Zealand*,HRV,NZL,55.0,46.0,31.0,46.0,60.0,61.0,56.0
Gibraltar*,Morocco,GIB,MAR,483.0,429.0,375.0,364.0,352.0,371.0,373.0
Gibraltar*,United Kingdom*,GIB,GBR,1438.0,1583.0,1727.0,2127.0,2527.0,2661.0,2697.0
Gibraltar*,Spain*,GIB,ESP,1727.0,1594.0,1461.0,1350.0,1239.0,1305.0,1318.0
Greece,Burundi,GRC,BDI,20.0,47.0,75.0,69.0,65.0,63.0,60.0
Greece,Comoros,GRC,COM,0.0,0.0,0.0,9.0,17.0,16.0,15.0
Greece,Djibouti,GRC,DJI,2.0,8.0,14.0,19.0,23.0,22.0,20.0
Greece,Eritrea,GRC,ERI,62.0,58.0,57.0,105.0,159.0,202.0,659.0
Greece,Ethiopia,GRC,ETH,1529.0,1523.0,1570.0,1627.0,1748.0,1712.0,1634.0
Greece,Kenya,GRC,KEN,92.0,158.0,229.0,252.0,284.0,277.0,264.0
Greece,Madagascar,GRC,MDG,29.0,53.0,78.0,78.0,81.0,79.0,75.0
Greece,Mauritius,GRC,MUS,20.0,29.0,38.0,35.0,33.0,32.0,30.0
Greece,Mozambique,GRC,MOZ,18.0,29.0,41.0,40.0,40.0,39.0,36.0
Greece,Réunion,GRC,REU,2.0,2.0,3.0,2.0,0.0,0.0,0.0
Greece,Rwanda,GRC,RWA,78.0,54.0,32.0,27.0,22.0,21.0,19.0
Greece,Seychelles,GRC,SYC,18.0,21.0,25.0,24.0,23.0,22.0,20.0
Greece,Somalia,GRC,SOM,20.0,24.0,29.0,102.0,180.0,176.0,1868.0
Greece,Uganda,GRC,UGA,48.0,52.0,57.0,73.0,91.0,89.0,83.0
Greece,United Republic of Tanzania,GRC,TZA,119.0,147.0,181.0,183.0,192.0,187.0,177.0
Greece,Zambia,GRC,ZMB,45.0,78.0,114.0,126.0,143.0,139.0,132.0
Greece,Zimbabwe,GRC,ZWE,24.0,134.0,250.0,244.0,249.0,243.0,231.0
Greece,Angola,GRC,AGO,9.0,10.0,11.0,8.0,5.0,4.0,4.0
Greece,Cameroon,GRC,CMR,84.0,146.0,213.0,219.0,232.0,227.0,762.0
Greece,Central African Republic,GRC,CAF,18.0,35.0,54.0,127.0,208.0,203.0,192.0
Greece,Chad,GRC,TCD,9.0,8.0,7.0,9.0,11.0,10.0,8.0
Greece,Congo,GRC,COG,33.0,224.0,423.0,608.0,822.0,805.0,768.0
Greece,Democratic Republic of the Congo,GRC,COD,251.0,457.0,679.0,397.0,119.0,116.0,2360.0
Greece,Equatorial Guinea,GRC,GNQ,0.0,0.0,0.0,1.0,1.0,0.0,3.0
Greece,Gabon,GRC,GAB,9.0,14.0,20.0,13.0,6.0,5.0,3.0
Greece,Sao Tome and Principe,GRC,STP,2.0,2.0,2.0,2.0,2.0,1.0,0.0
Greece,Algeria,GRC,DZA,39.0,82.0,128.0,147.0,171.0,167.0,202.0
Greece,Egypt,GRC,EGY,3494.0,9341.0,15510.0,14064.0,13105.0,12842.0,12266.0
Greece,Libya,GRC,LBY,293.0,268.0,253.0,258.0,273.0,267.0,253.0
Greece,Morocco,GRC,MAR,340.0,359.0,391.0,493.0,617.0,603.0,575.0
Greece,Sudan,GRC,SDN,182.0,423.0,678.0,717.0,784.0,768.0,733.0
Greece,Tunisia,GRC,TUN,239.0,170.0,107.0,125.0,147.0,143.0,136.0
Greece,Western Sahara,GRC,ESH,0.0,1.0,2.0,1.0,0.0,1.0,2.0
Greece,Botswana,GRC,BWA,2.0,2.0,3.0,4.0,5.0,4.0,2.0
Greece,Eswatini,GRC,SWZ,3.0,6.0,10.0,8.0,6.0,5.0,3.0
Greece,Lesotho,GRC,LSO,2.0,2.0,2.0,1.0,0.0,0.0,0.0
Greece,Namibia,GRC,NAM,3.0,2.0,1.0,2.0,3.0,2.0,0.0
Greece,South Africa,GRC,ZAF,855.0,1947.0,3107.0,3545.0,4136.0,4052.0,3869.0
Greece,Benin,GRC,BEN,2.0,2.0,3.0,3.0,3.0,2.0,0.0
Greece,Burkina Faso,GRC,BFA,2.0,2.0,3.0,5.0,7.0,12.0,17.0
Greece,Cabo Verde,GRC,CPV,14.0,15.0,16.0,12.0,8.0,7.0,5.0
Greece,Côte d'Ivoire,GRC,CIV,53.0,52.0,52.0,41.0,30.0,40.0,62.0
Greece,Gambia,GRC,GMB,27.0,25.0,23.0,16.0,8.0,13.0,23.0
Greece,Ghana,GRC,GHA,283.0,198.0,120.0,143.0,172.0,168.0,160.0
Greece,Guinea,GRC,GIN,5.0,6.0,8.0,13.0,17.0,27.0,86.0
Greece,Guinea-Bissau,GRC,GNB,2.0,4.0,6.0,3.0,0.0,1.0,0.0
Greece,Liberia,GRC,LBR,15.0,12.0,9.0,12.0,14.0,13.0,11.0
Greece,Mali,GRC,MLI,8.0,6.0,5.0,9.0,12.0,11.0,51.0
Greece,Mauritania,GRC,MRT,2.0,2.0,2.0,4.0,5.0,23.0,29.0
Greece,Niger,GRC,NER,15.0,20.0,25.0,17.0,9.0,8.0,6.0
Greece,Nigeria,GRC,NGA,352.0,431.0,524.0,777.0,1069.0,1047.0,999.0
Greece,Saint Helena,GRC,SHN,11.0,8.0,6.0,4.0,1.0,0.0,0.0
Greece,Senegal,GRC,SEN,36.0,27.0,18.0,37.0,57.0,55.0,51.0
Greece,Sierra Leone,GRC,SLE,194.0,141.0,92.0,76.0,62.0,60.0,57.0
Greece,Togo,GRC,TGO,5.0,7.0,10.0,7.0,3.0,5.0,9.0
Greece,Kazakhstan,GRC,KAZ,1576.0,7064.0,12796.0,13814.0,15405.0,15095.0,14417.0
Greece,Kyrgyzstan,GRC,KGZ,33.0,76.0,122.0,216.0,322.0,315.0,300.0
Greece,Tajikistan,GRC,TJK,8.0,25.0,42.0,55.0,70.0,68.0,63.0
Greece,Turkmenistan,GRC,TKM,17934.0,8842.0,55.0,63.0,73.0,71.0,67.0
Greece,Uzbekistan,GRC,UZB,573.0,1658.0,2801.0,3792.0,5048.0,4946.0,4724.0
Greece,China,GRC,CHN,95.0,165.0,240.0,938.0,1698.0,1663.0,1588.0
Greece,"China, Hong Kong SAR",GRC,HKG,14.0,19.0,24.0,12.0,0.0,0.0,0.0
Greece,Dem. People's Republic of Korea,GRC,PRK,0.0,3.0,7.0,12.0,17.0,16.0,15.0
Greece,Japan,GRC,JPN,654.0,514.0,392.0,395.0,413.0,404.0,385.0
Greece,Mongolia,GRC,MNG,5.0,6.0,7.0,6.0,4.0,3.0,1.0
Greece,Republic of Korea,GRC,KOR,8.0,63.0,121.0,127.0,137.0,134.0,126.0
Greece,Afghanistan,GRC,AFG,119.0,84.0,52.0,660.0,1317.0,2975.0,22458.0
Greece,Bangladesh,GRC,BGD,3420.0,1755.0,150.0,380.0,633.0,619.0,1410.0
Greece,Bhutan,GRC,BTN,3.0,1.0,0.0,0.0,0.0,0.0,0.0
Greece,India,GRC,IND,1219.0,868.0,546.0,1273.0,2077.0,2034.0,1942.0
Greece,Iran (Islamic Republic of),GRC,IRN,1027.0,724.0,446.0,484.0,542.0,530.0,2320.0
Greece,Maldives,GRC,MDV,3.0,2.0,2.0,2.0,2.0,1.0,0.0
Greece,Nepal,GRC,NPL,12.0,8.0,4.0,9.0,13.0,12.0,32.0
Greece,Pakistan,GRC,PAK,1294.0,833.0,400.0,815.0,1277.0,1250.0,4388.0
Greece,Sri Lanka,GRC,LKA,600.0,558.0,536.0,547.0,580.0,567.0,540.0
Greece,Cambodia,GRC,KHM,3.0,5.0,7.0,10.0,13.0,12.0,10.0
Greece,Indonesia,GRC,IDN,164.0,171.0,184.0,260.0,349.0,341.0,326.0
Greece,Lao People's Democratic Republic,GRC,LAO,3.0,3.0,3.0,13.0,22.0,21.0,19.0
Greece,Malaysia,GRC,MYS,29.0,27.0,25.0,30.0,36.0,35.0,32.0
Greece,Myanmar,GRC,MMR,18.0,13.0,8.0,7.0,6.0,12.0,46.0
Greece,Philippines,GRC,PHL,9731.0,7196.0,4910.0,5644.0,6623.0,6490.0,6198.0
Greece,Singapore,GRC,SGP,29.0,42.0,56.0,60.0,65.0,63.0,60.0
Greece,Thailand,GRC,THA,313.0,278.0,252.0,298.0,356.0,348.0,331.0
Greece,Timor-Leste,GRC,TLS,0.0,1.0,3.0,64.0,130.0,127.0,121.0
Greece,Viet Nam,GRC,VNM,251.0,173.0,100.0,106.0,116.0,113.0,107.0
Greece,Armenia,GRC,ARM,5420.0,4943.0,4636.0,6401.0,8481.0,8311.0,7939.0
Greece,Azerbaijan,GRC,AZE,77.0,153.0,234.0,275.0,328.0,320.0,305.0
Greece,Bahrain,GRC,BHR,2.0,7.0,13.0,11.0,9.0,8.0,6.0
Greece,Cyprus,GRC,CYP,21588.0,16922.0,12841.0,12586.0,12806.0,12549.0,11986.0
Greece,Georgia,GRC,GEO,16076.0,26703.0,38251.0,44078.0,51832.0,50794.0,48516.0
Greece,Iraq,GRC,IRQ,2276.0,2153.0,2105.0,1393.0,1675.0,2429.0,8379.0
Greece,Israel,GRC,ISR,628.0,451.0,289.0,308.0,340.0,332.0,316.0
Greece,Jordan,GRC,JOR,320.0,254.0,197.0,203.0,217.0,212.0,202.0
Greece,Kuwait,GRC,KWT,12.0,35.0,60.0,61.0,63.0,61.0,131.0
Greece,Lebanon,GRC,LBN,2196.0,1517.0,890.0,889.0,921.0,902.0,860.0
Greece,Oman,GRC,OMN,2.0,1.0,1.0,2.0,3.0,2.0,0.0
Greece,Qatar,GRC,QAT,3.0,2.0,2.0,303.0,628.0,614.0,585.0
Greece,Saudi Arabia,GRC,SAU,232.0,212.0,200.0,206.0,219.0,214.0,204.0
Greece,State of Palestine,GRC,PSE,173.0,135.0,101.0,93.0,87.0,85.0,2122.0
Greece,Syrian Arab Republic,GRC,SYR,1481.0,1327.0,1219.0,1534.0,1921.0,4889.0,21252.0
Greece,Türkiye,GRC,TUR,17140.0,30376.0,44661.0,31889.0,19805.0,19457.0,18503.0
Greece,United Arab Emirates,GRC,ARE,8.0,18.0,28.0,34.0,40.0,39.0,36.0
Greece,Yemen,GRC,YEM,0.0,4.0,8.0,10.0,12.0,16.0,138.0
Greece,Belarus,GRC,BLR,265.0,329.0,404.0,756.0,1151.0,1127.0,1076.0
Greece,Bulgaria,GRC,BGR,1848.0,12499.0,23581.0,35392.0,49025.0,48043.0,45889.0
Greece,Czechia,GRC,CZE,1388.0,1705.0,2080.0,2420.0,2866.0,2808.0,2681.0
Greece,Hungary,GRC,HUN,722.0,827.0,960.0,1067.0,1220.0,1194.0,1140.0
Greece,Poland,GRC,POL,17916.0,13054.0,8643.0,9439.0,10630.0,10417.0,9949.0
Greece,Republic of Moldova*,GRC,MDA,4094.0,4206.0,4464.0,5840.0,7495.0,7344.0,7014.0
Greece,Romania,GRC,ROU,3043.0,7681.0,12585.0,19691.0,27831.0,27273.0,26050.0
Greece,Russian Federation,GRC,RUS,12646.0,26741.0,41759.0,38604.0,36818.0,36080.0,34462.0
Greece,Slovakia,GRC,SVK,311.0,296.0,291.0,505.0,745.0,730.0,695.0
Greece,Ukraine*,GRC,UKR,84.0,6120.0,12368.0,13883.0,15992.0,15671.0,14968.0
Greece,Channel Islands*,GRC,CHI,0.0,2.0,4.0,3.0,2.0,1.0,0.0
Greece,Denmark*,GRC,DNK,1358.0,949.0,573.0,590.0,631.0,617.0,588.0
Greece,Estonia,GRC,EST,65.0,52.0,40.0,71.0,106.0,103.0,97.0
Greece,Faroe Islands*,GRC,FRO,2.0,2.0,2.0,2.0,1.0,0.0,0.0
Greece,Finland*,GRC,FIN,992.0,837.0,711.0,687.0,688.0,673.0,642.0
Greece,Iceland,GRC,ISL,18.0,20.0,23.0,28.0,33.0,32.0,30.0
Greece,Ireland,GRC,IRL,664.0,507.0,367.0,387.0,422.0,412.0,393.0
Greece,Isle of Man*,GRC,IMN,9.0,7.0,5.0,4.0,2.0,1.0,0.0
Greece,Latvia,GRC,LVA,33.0,38.0,44.0,168.0,302.0,295.0,281.0
Greece,Lithuania,GRC,LTU,131.0,129.0,132.0,303.0,493.0,482.0,459.0
Greece,Norway*,GRC,NOR,459.0,389.0,333.0,341.0,361.0,353.0,335.0
Greece,Sweden,GRC,SWE,2162.0,2590.0,3108.0,3191.0,3401.0,3332.0,3181.0
Greece,United Kingdom*,GRC,GBR,20108.0,14040.0,8457.0,9597.0,11151.0,10927.0,10437.0
Greece,Albania,GRC,ALB,20993.0,91476.0,165118.0,187560.0,218109.0,213844.0,204531.0
Greece,Andorra,GRC,AND,3.0,1.0,0.0,1.0,2.0,1.0,0.0
Greece,Bosnia and Herzegovina,GRC,BIH,218.0,217.0,224.0,265.0,318.0,311.0,296.0
Greece,Croatia,GRC,HRV,209.0,218.0,235.0,270.0,317.0,310.0,295.0
Greece,Gibraltar*,GRC,GIB,6.0,7.0,8.0,5.0,2.0,1.0,0.0
Greece,Holy See*,GRC,VAT,0.0,2.0,5.0,3.0,0.0,0.0,0.0
Greece,Italy,GRC,ITA,6698.0,5017.0,3509.0,3614.0,3863.0,3785.0,3614.0
Greece,Malta,GRC,MLT,101.0,82.0,66.0,67.0,69.0,67.0,62.0
Greece,North Macedonia,GRC,MKD,1852.0,1115.0,416.0,838.0,1308.0,1280.0,1222.0
Greece,Portugal,GRC,PRT,389.0,293.0,208.0,212.0,224.0,219.0,208.0
Greece,San Marino,GRC,SMR,5.0,5.0,6.0,4.0,1.0,0.0,0.0
Greece,Serbia*,GRC,SRB,0.0,1413.0,2874.0,2898.0,3034.0,2972.0,2838.0
Greece,Slovenia,GRC,SVN,47.0,61.0,78.0,90.0,106.0,103.0,97.0
Greece,Spain*,GRC,ESP,1473.0,1065.0,693.0,748.0,833.0,816.0,778.0
Greece,Austria,GRC,AUT,2154.0,1804.0,1517.0,1538.0,1618.0,1585.0,1513.0
Greece,Belgium,GRC,BEL,2980.0,2804.0,2724.0,2889.0,3171.0,3107.0,2967.0
Greece,France*,GRC,FRA,6344.0,5136.0,4106.0,4135.0,4323.0,4236.0,4046.0
Greece,Germany,GRC,DEU,14891.0,33877.0,54033.0,58586.0,65577.0,64264.0,61383.0
Greece,Liechtenstein,GRC,LIE,6.0,4.0,3.0,5.0,7.0,6.0,4.0
Greece,Luxembourg,GRC,LUX,93.0,73.0,56.0,66.0,79.0,77.0,73.0
Greece,Monaco,GRC,MCO,5.0,9.0,14.0,19.0,23.0,22.0,20.0
Greece,Netherlands*,GRC,NLD,3378.0,2712.0,2139.0,2312.0,2581.0,2528.0,2414.0
Greece,Switzerland,GRC,CHE,1299.0,1654.0,2066.0,2136.0,2290.0,2243.0,2141.0
Greece,Anguilla*,GRC,AIA,3.0,5.0,8.0,7.0,6.0,5.0,3.0
Greece,Antigua and Barbuda,GRC,ATG,6.0,5.0,5.0,10.0,14.0,13.0,11.0
Greece,Aruba*,GRC,ABW,18.0,29.0,42.0,21.0,0.0,0.0,0.0
Greece,Bahamas,GRC,BHS,9.0,11.0,13.0,13.0,12.0,11.0,9.0
Greece,Barbados,GRC,BRB,3.0,3.0,3.0,3.0,3.0,2.0,0.0
Greece,British Virgin Islands*,GRC,VGB,6.0,6.0,7.0,4.0,0.0,0.0,0.0
Greece,Cayman Islands*,GRC,CYM,8.0,7.0,7.0,4.0,0.0,0.0,0.0
Greece,Cuba,GRC,CUB,87.0,118.0,154.0,204.0,264.0,258.0,246.0
Greece,Dominica,GRC,DMA,183.0,266.0,358.0,189.0,19.0,17.0,16.0
Greece,Dominican Republic,GRC,DOM,98.0,120.0,146.0,310.0,493.0,482.0,459.0
Greece,Grenada,GRC,GRD,0.0,2.0,5.0,3.0,1.0,0.0,0.0
Greece,Guadeloupe*,GRC,GLP,9.0,9.0,10.0,5.0,0.0,0.0,0.0
Greece,Haiti,GRC,HTI,63.0,40.0,18.0,21.0,23.0,22.0,20.0
Greece,Jamaica,GRC,JAM,32.0,31.0,32.0,20.0,8.0,7.0,5.0
Greece,Montserrat*,GRC,MSR,0.0,0.0,0.0,22.0,44.0,43.0,41.0
Greece,Puerto Rico*,GRC,PRI,9.0,9.0,10.0,5.0,0.0,0.0,0.0
Greece,Saint Kitts and Nevis,GRC,KNA,3.0,3.0,3.0,2.0,1.0,0.0,0.0
Greece,Saint Vincent and the Grenadines,GRC,VCT,41.0,29.0,18.0,12.0,6.0,5.0,3.0
Greece,Trinidad and Tobago,GRC,TTO,5.0,6.0,7.0,11.0,14.0,13.0,11.0
Greece,United States Virgin Islands*,GRC,VIR,6.0,9.0,12.0,6.0,0.0,0.0,0.0
Greece,Belize,GRC,BLZ,2.0,1.0,1.0,3.0,5.0,4.0,2.0
Greece,Costa Rica,GRC,CRI,11.0,14.0,18.0,25.0,33.0,32.0,30.0
Greece,El Salvador,GRC,SLV,9.0,16.0,23.0,32.0,41.0,40.0,37.0
Greece,Guatemala,GRC,GTM,18.0,22.0,26.0,26.0,26.0,25.0,22.0
Greece,Honduras,GRC,HND,27.0,25.0,23.0,32.0,41.0,40.0,37.0
Greece,Mexico,GRC,MEX,242.0,258.0,283.0,302.0,333.0,325.0,309.0
Greece,Nicaragua,GRC,NIC,18.0,18.0,18.0,51.0,87.0,85.0,81.0
Greece,Panama,GRC,PAN,128.0,104.0,84.0,84.0,87.0,85.0,81.0
Greece,Argentina,GRC,ARG,331.0,356.0,393.0,406.0,434.0,424.0,405.0
Greece,Bolivia (Plurinational State of),GRC,BOL,5.0,9.0,13.0,13.0,13.0,12.0,10.0
Greece,Brazil,GRC,BRA,755.0,1055.0,1392.0,1468.0,1603.0,1570.0,1500.0
Greece,Chile,GRC,CHL,322.0,279.0,245.0,243.0,249.0,243.0,231.0
Greece,Colombia,GRC,COL,422.0,355.0,300.0,305.0,321.0,314.0,300.0
Greece,Ecuador,GRC,ECU,23.0,31.0,41.0,55.0,70.0,68.0,63.0
Greece,French Guiana*,GRC,GUF,0.0,1.0,2.0,1.0,0.0,0.0,0.0
Greece,Guyana,GRC,GUY,6.0,6.0,7.0,8.0,8.0,7.0,5.0
Greece,Paraguay,GRC,PRY,32.0,40.0,50.0,58.0,68.0,66.0,62.0
Greece,Peru,GRC,PER,93.0,109.0,128.0,170.0,219.0,214.0,204.0
Greece,Suriname,GRC,SUR,0.0,0.0,1.0,4.0,7.0,6.0,4.0
Greece,Uruguay,GRC,URY,26.0,53.0,82.0,76.0,72.0,70.0,66.0
Greece,Venezuela (Bolivarian Republic of),GRC,VEN,344.0,418.0,507.0,567.0,652.0,638.0,609.0
Greece,Bermuda*,GRC,BMU,0.0,0.0,1.0,3.0,4.0,3.0,1.0
Greece,Canada,GRC,CAN,7296.0,6947.0,6838.0,7054.0,7550.0,7398.0,7066.0
Greece,Greenland*,GRC,GRL,3.0,3.0,4.0,3.0,2.0,1.0,0.0
Greece,Saint Pierre and Miquelon*,GRC,SPM,5.0,3.0,1.0,1.0,1.0,0.0,0.0
Greece,United States of America*,GRC,USA,20536.0,16388.0,12806.0,12991.0,13782.0,13505.0,12899.0
Greece,Australia*,GRC,AUS,9149.0,9865.0,10922.0,11107.0,11728.0,11492.0,10976.0
Greece,New Zealand*,GRC,NZL,271.0,288.0,315.0,320.0,336.0,328.0,313.0
Greece,Fiji,GRC,FJI,5.0,4.0,3.0,2.0,1.0,0.0,0.0
Greece,Papua New Guinea,GRC,PNG,2.0,1.0,1.0,1.0,0.0,0.0,0.0
Greece,Solomon Islands,GRC,SLB,3.0,7.0,11.0,6.0,0.0,0.0,0.0
Greece,Vanuatu,GRC,VUT,2.0,2.0,2.0,4.0,5.0,4.0,2.0
Greece,Guam*,GRC,GUM,0.0,0.0,1.0,1.0,0.0,0.0,0.0
Greece,Marshall Islands,GRC,MHL,0.0,0.0,0.0,0.0,0.0,0.0,0.0
Greece,Northern Mariana Islands*,GRC,MNP,6.0,4.0,2.0,1.0,0.0,0.0,0.0
Greece,Palau,GRC,PLW,3.0,5.0,7.0,21.0,36.0,35.0,32.0
Greece,American Samoa*,GRC,ASM,2.0,6.0,11.0,6.0,0.0,0.0,0.0
Greece,Cook Islands*,GRC,COK,2.0,2.0,3.0,2.0,0.0,0.0,0.0
Greece,French Polynesia*,GRC,PYF,8.0,8.0,9.0,7.0,5.0,4.0,2.0
Greece,Samoa,GRC,WSM,0.0,1.0,3.0,124.0,254.0,248.0,237.0
Greece,Tokelau*,GRC,TKL,2.0,2.0,2.0,1.0,0.0,0.0,0.0
Greece,Tuvalu,GRC,TUV,9.0,25.0,42.0,24.0,5.0,4.0,2.0
Greece,Wallis and Futuna Islands*,GRC,WLF,141.0,78.0,17.0,9.0,0.0,0.0,0.0
Italy,Burundi,ITA,BDI,209.0,263.0,323.0,381.0,464.0,571.0,722.0
Italy,Eritrea,ITA,ERI,7661.0,7700.0,7568.0,6838.0,6201.0,6263.0,5498.0
Italy,Ethiopia,ITA,ETH,3865.0,5323.0,7170.0,9929.0,13716.0,15233.0,15821.0
Italy,Kenya,ITA,KEN,465.0,639.0,859.0,1196.0,1659.0,2154.0,2723.0
Italy,Madagascar,ITA,MDG,488.0,637.0,814.0,985.0,1271.0,1589.0,1943.0
Italy,Mauritius,ITA,MUS,2346.0,2734.0,3116.0,3385.0,4239.0,4563.0,4474.0
Italy,Mozambique,ITA,MOZ,208.0,258.0,313.0,386.0,443.0,509.0,583.0
Italy,Rwanda,ITA,RWA,211.0,246.0,279.0,298.0,348.0,402.0,480.0
Italy,Seychelles,ITA,SYC,481.0,545.0,602.0,672.0,728.0,738.0,703.0
Italy,Somalia,ITA,SOM,2657.0,3208.0,3788.0,3922.0,4112.0,4349.0,4402.0
Italy,Uganda,ITA,UGA,161.0,218.0,286.0,396.0,531.0,659.0,646.0
Italy,United Republic of Tanzania,ITA,TZA,373.0,452.0,537.0,625.0,746.0,873.0,1036.0
Italy,Zambia,ITA,ZMB,252.0,284.0,312.0,341.0,403.0,434.0,473.0
Italy,Zimbabwe,ITA,ZWE,278.0,312.0,342.0,369.0,418.0,437.0,518.0
Italy,Angola,ITA,AGO,373.0,455.0,543.0,668.0,802.0,902.0,980.0
Italy,Cameroon,ITA,CMR,351.0,581.0,939.0,2050.0,3697.0,5405.0,7078.0
Italy,Chad,ITA,TCD,23.0,37.0,57.0,76.0,104.0,135.0,124.0
Italy,Congo,ITA,COG,701.0,833.0,968.0,1090.0,1310.0,1504.0,1411.0
Italy,Democratic Republic of the Congo,ITA,COD,445.0,673.0,997.0,1556.0,2296.0,2842.0,3494.0
Italy,Gabon,ITA,GAB,19.0,29.0,46.0,66.0,110.0,174.0,290.0
Italy,Algeria,ITA,DZA,2158.0,2843.0,3664.0,5110.0,7188.0,7968.0,8146.0
Italy,Egypt,ITA,EGY,4758.0,7287.0,10915.0,16480.0,22958.0,30814.0,41889.0
Italy,Libya,ITA,LBY,20587.0,20305.0,19585.0,18857.0,18362.0,17577.0,16767.0
Italy,Morocco,ITA,MAR,23619.0,35937.0,53471.0,93013.0,149546.0,180043.0,207481.0
Italy,Sudan,ITA,SDN,97.0,160.0,259.0,376.0,504.0,633.0,752.0
Italy,Tunisia,ITA,TUN,13537.0,17272.0,21550.0,26977.0,34416.0,37216.0,41426.0
Italy,South Africa,ITA,ZAF,2191.0,2395.0,2559.0,2726.0,3003.0,3124.0,3392.0
Italy,Benin,ITA,BEN,100.0,166.0,268.0,495.0,820.0,987.0,1148.0
Italy,Burkina Faso,ITA,BFA,283.0,468.0,757.0,1594.0,2826.0,3470.0,4076.0
Italy,Cabo Verde,ITA,CPV,1465.0,1910.0,2437.0,3009.0,3818.0,4360.0,4500.0
Italy,Côte d'Ivoire,ITA,CIV,1105.0,1807.0,2891.0,5125.0,8136.0,9976.0,11515.0
Italy,Gambia,ITA,GMB,23.0,38.0,61.0,133.0,202.0,287.0,700.0
Italy,Ghana,ITA,GHA,2990.0,4374.0,6257.0,10023.0,14599.0,16746.0,16958.0
Italy,Guinea,ITA,GIN,80.0,133.0,214.0,505.0,854.0,1187.0,1604.0
Italy,Guinea-Bissau,ITA,GNB,23.0,39.0,64.0,130.0,202.0,261.0,310.0
Italy,Liberia,ITA,LBR,28.0,47.0,77.0,183.0,282.0,331.0,313.0
Italy,Mali,ITA,MLI,30.0,49.0,80.0,201.0,338.0,513.0,878.0
Italy,Mauritania,ITA,MRT,21.0,33.0,50.0,81.0,126.0,165.0,175.0
Italy,Niger,ITA,NER,16.0,27.0,43.0,113.0,206.0,276.0,180.0
Italy,Nigeria,ITA,NGA,3039.0,5025.0,8125.0,14257.0,22113.0,28913.0,41115.0
Italy,Senegal,ITA,SEN,1679.0,2545.0,3774.0,7546.0,13652.0,20133.0,26733.0
Italy,Sierra Leone,ITA,SLE,107.0,162.0,238.0,312.0,442.0,503.0,596.0
Italy,Togo,ITA,TGO,105.0,173.0,280.0,706.0,1262.0,1731.0,2080.0
Italy,Kazakhstan,ITA,KAZ,151.0,248.0,402.0,1145.0,2250.0,3115.0,4061.0
Italy,Kyrgyzstan,ITA,KGZ,24.0,40.0,64.0,302.0,679.0,1105.0,1602.0
Italy,Uzbekistan,ITA,UZB,284.0,440.0,667.0,1085.0,1652.0,1915.0,2179.0
Italy,China,ITA,CHN,6516.0,10774.0,17421.0,39744.0,70227.0,97365.0,122714.0
Italy,"China, Taiwan Province of China",ITA,TWN,192.0,256.0,336.0,462.0,627.0,758.0,849.0
Italy,Japan,ITA,JPN,2164.0,2640.0,3148.0,3893.0,4812.0,5560.0,6160.0
Italy,Republic of Korea,ITA,KOR,1401.0,1532.0,1638.0,1693.0,1853.0,2193.0,2978.0
Italy,Afghanistan,ITA,AFG,13.0,22.0,35.0,133.0,260.0,503.0,1008.0
Italy,Bangladesh,ITA,BGD,1291.0,2135.0,3452.0,9055.0,17774.0,25637.0,35757.0
Italy,India,ITA,IND,4281.0,7079.0,11446.0,23309.0,39556.0,51542.0,68245.0
Italy,Iran (Islamic Republic of),ITA,IRN,1640.0,2084.0,2588.0,3281.0,4313.0,6456.0,9273.0
Italy,Nepal,ITA,NPL,38.0,63.0,102.0,257.0,528.0,765.0,1046.0
Italy,Pakistan,ITA,PAK,1430.0,2363.0,3821.0,9696.0,18713.0,27229.0,35574.0
Italy,Sri Lanka,ITA,LKA,3467.0,5698.0,9157.0,16369.0,25815.0,36181.0,43382.0
Italy,Cambodia,ITA,KHM,55.0,90.0,146.0,251.0,437.0,538.0,590.0
Italy,Indonesia,ITA,IDN,388.0,561.0,792.0,1196.0,1727.0,2366.0,3109.0
Italy,Malaysia,ITA,MYS,126.0,162.0,204.0,252.0,336.0,395.0,455.0
Italy,Myanmar,ITA,MMR,40.0,58.0,82.0,124.0,188.0,243.0,274.0
Italy,Philippines,ITA,PHL,12326.0,18791.0,28014.0,43718.0,62835.0,79542.0,87168.0
Italy,Singapore,ITA,SGP,160.0,193.0,227.0,260.0,304.0,349.0,425.0
Italy,Thailand,ITA,THA,1463.0,2146.0,3078.0,4591.0,6711.0,8039.0,9670.0
Italy,Viet Nam,ITA,VNM,715.0,950.0,1235.0,1487.0,2115.0,2851.0,3667.0
Italy,Armenia,ITA,ARM,44.0,73.0,119.0,274.0,538.0,851.0,1200.0
Italy,Azerbaijan,ITA,AZE,21.0,33.0,54.0,175.0,362.0,466.0,727.0
Italy,Cyprus,ITA,CYP,65.0,97.0,141.0,227.0,316.0,355.0,294.0
Italy,Georgia,ITA,GEO,105.0,173.0,280.0,2361.0,5736.0,10753.0,13651.0
Italy,Iraq,ITA,IRQ,156.0,240.0,361.0,525.0,812.0,983.0,1573.0
Italy,Israel,ITA,ISR,628.0,766.0,914.0,1046.0,1297.0,1518.0,1767.0
Italy,Jordan,ITA,JOR,350.0,405.0,458.0,520.0,669.0,777.0,944.0
Italy,Kuwait,ITA,KWT,61.0,83.0,109.0,138.0,188.0,218.0,267.0
Italy,Lebanon,ITA,LBN,812.0,1047.0,1321.0,1636.0,2129.0,2479.0,2971.0
Italy,Saudi Arabia,ITA,SAU,118.0,158.0,208.0,261.0,351.0,450.0,591.0
Italy,State of Palestine,ITA,PSE,48.0,60.0,73.0,89.0,110.0,159.0,185.0
Italy,Syrian Arab Republic,ITA,SYR,498.0,666.0,871.0,1107.0,1462.0,2138.0,3210.0
Italy,Türkiye,ITA,TUR,1616.0,2372.0,3405.0,4987.0,7065.0,7903.0,9195.0
Italy,United Arab Emirates,ITA,ARE,25.0,39.0,60.0,82.0,132.0,178.0,359.0
Italy,Belarus,ITA,BLR,474.0,784.0,1268.0,3616.0,6553.0,8604.0,10574.0
Italy,Bulgaria,ITA,BGR,1978.0,3271.0,5288.0,14897.0,28432.0,36242.0,36527.0
Italy,Czechia,ITA,CZE,4252.0,4905.0,5534.0,6323.0,7327.0,7502.0,7833.0
Italy,Hungary,ITA,HUN,2484.0,3403.0,4558.0,6253.0,8237.0,9277.0,9602.0
Italy,Poland,ITA,POL,8433.0,13945.0,22548.0,44800.0,74083.0,82353.0,78780.0
Italy,Republic of Moldova*,ITA,MDA,1516.0,2507.0,4053.0,36996.0,83499.0,108025.0,134094.0
Italy,Romania,ITA,ROU,18233.0,30147.0,48745.0,212487.0,448379.0,565165.0,571162.0
Italy,Russian Federation,ITA,RUS,4415.0,7300.0,11803.0,26349.0,45183.0,56956.0,62467.0
Italy,Slovakia,ITA,SVK,737.0,1220.0,1972.0,4034.0,6718.0,7715.0,8400.0
Italy,Ukraine*,ITA,UKR,3495.0,5779.0,9344.0,64112.0,135462.0,168452.0,189738.0
Italy,Denmark*,ITA,DNK,1514.0,1636.0,1729.0,1768.0,1914.0,1931.0,1935.0
Italy,Estonia,ITA,EST,94.0,156.0,252.0,534.0,947.0,1117.0,1237.0
Italy,Finland*,ITA,FIN,1468.0,1625.0,1760.0,1864.0,2064.0,2109.0,2119.0
Italy,Ireland,ITA,IRL,938.0,1126.0,1321.0,1484.0,1767.0,1910.0,2113.0
Italy,Latvia,ITA,LVA,159.0,263.0,425.0,1070.0,1907.0,2473.0,2771.0
Italy,Lithuania,ITA,LTU,153.0,253.0,409.0,1606.0,3268.0,4247.0,4664.0
Italy,Norway*,ITA,NOR,490.0,599.0,716.0,808.0,953.0,1066.0,1096.0
Italy,Sweden,ITA,SWE,2934.0,3182.0,3376.0,3551.0,3859.0,3930.0,4043.0
Italy,United Kingdom*,ITA,GBR,25267.0,27806.0,29923.0,31608.0,34524.0,35214.0,38039.0
Italy,Albania,ITA,ALB,26762.0,41161.0,61906.0,114766.0,183647.0,204402.0,243829.0
Italy,Bosnia and Herzegovina,ITA,BIH,7858.0,9050.0,10193.0,11801.0,13541.0,13654.0,15538.0
Italy,Croatia,ITA,HRV,92363.0,70799.0,53070.0,40750.0,29848.0,24597.0,14433.0
Italy,Greece,ITA,GRC,7218.0,7568.0,7760.0,7739.0,7976.0,8197.0,8641.0
Italy,Malta,ITA,MLT,1008.0,1095.0,1163.0,1191.0,1303.0,1293.0,1346.0
Italy,Montenegro,ITA,MNE,91.0,150.0,243.0,604.0,1108.0,1300.0,1269.0
Italy,North Macedonia,ITA,MKD,9855.0,12802.0,16263.0,22293.0,30201.0,31720.0,33196.0
Italy,Portugal,ITA,PRT,2018.0,2402.0,2795.0,3104.0,3560.0,3959.0,4295.0
Italy,San Marino,ITA,SMR,1617.0,1551.0,1454.0,1326.0,1231.0,1135.0,1376.0
Italy,Serbia*,ITA,SRB,1660.0,2744.0,4436.0,11080.0,19969.0,21456.0,18268.0
Italy,Slovenia,ITA,SVN,18116.0,16505.0,14705.0,13135.0,11535.0,10194.0,4015.0
Italy,Spain*,ITA,ESP,11039.0,13009.0,14993.0,16352.0,18335.0,20998.0,25274.0
Italy,Austria,ITA,AUT,12388.0,12300.0,11944.0,11519.0,11215.0,10507.0,10345.0
Italy,Belgium,ITA,BEL,23104.0,23990.0,24359.0,24637.0,25221.0,25145.0,25356.0
Italy,France*,ITA,FRA,79341.0,80208.0,79292.0,77924.0,77892.0,76033.0,74470.0
Italy,Germany,ITA,DEU,100742.0,105648.0,108345.0,111589.0,116638.0,114472.0,113888.0
Italy,Luxembourg,ITA,LUX,2590.0,2643.0,2636.0,2622.0,2601.0,2541.0,2496.0
Italy,Monaco,ITA,MCO,828.0,880.0,914.0,968.0,1011.0,988.0,816.0
Italy,Netherlands*,ITA,NLD,5176.0,5774.0,6298.0,6664.0,7346.0,7492.0,7828.0
Italy,Switzerland,ITA,CHE,102476.0,104316.0,103843.0,103601.0,103785.0,101937.0,101425.0
Italy,Cuba,ITA,CUB,2467.0,4079.0,6595.0,12077.0,19659.0,25178.0,28938.0
Italy,Dominican Republic,ITA,DOM,4304.0,6679.0,10136.0,15665.0,22853.0,28359.0,32691.0
Italy,Haiti,ITA,HTI,170.0,214.0,264.0,317.0,389.0,433.0,507.0
Italy,Costa Rica,ITA,CRI,299.0,382.0,479.0,596.0,748.0,886.0,1058.0
Italy,El Salvador,ITA,SLV,1043.0,1630.0,2489.0,4106.0,6006.0,8222.0,11347.0
Italy,Guatemala,ITA,GTM,507.0,616.0,733.0,879.0,1055.0,1264.0,1425.0
Italy,Honduras,ITA,HND,171.0,280.0,448.0,728.0,1159.0,1765.0,2472.0
Italy,Mexico,ITA,MEX,1651.0,2161.0,2765.0,3609.0,4744.0,5682.0,7115.0
Italy,Nicaragua,ITA,NIC,215.0,279.0,354.0,456.0,584.0,761.0,963.0
Italy,Panama,ITA,PAN,364.0,426.0,486.0,564.0,689.0,723.0,798.0
Italy,Argentina,ITA,ARG,20425.0,23865.0,27270.0,31284.0,36237.0,36203.0,38385.0
Italy,Bolivia (Plurinational State of),ITA,BOL,512.0,847.0,1370.0,3912.0,7464.0,9191.0,9348.0
Italy,Brazil,ITA,BRA,12255.0,17713.0,25037.0,38100.0,55269.0,63731.0,84553.0
Italy,Chile,ITA,CHL,3882.0,4451.0,4990.0,5573.0,6411.0,6849.0,7182.0
Italy,Colombia,ITA,COL,4783.0,6967.0,9924.0,14551.0,20813.0,23990.0,26837.0
Italy,Ecuador,ITA,ECU,3212.0,5312.0,8588.0,23307.0,42574.0,48184.0,48667.0
Italy,Paraguay,ITA,PRY,173.0,286.0,463.0,862.0,1379.0,1744.0,1978.0
Italy,Peru,ITA,PER,6949.0,11490.0,18577.0,35013.0,56060.0,66164.0,70943.0
Italy,Uruguay,ITA,URY,1930.0,2317.0,2720.0,3251.0,3855.0,3947.0,4065.0
Italy,Venezuela (Bolivarian Republic of),ITA,VEN,14933.0,17291.0,19580.0,22175.0,25690.0,27517.0,35492.0
Italy,Canada,ITA,CAN,11985.0,12495.0,12737.0,12969.0,13357.0,13383.0,13457.0
Italy,United States of America*,ITA,USA,28341.0,29172.0,29363.0,28575.0,28577.0,28690.0,29715.0
Italy,Australia*,ITA,AUS,9156.0,9628.0,9901.0,10060.0,10493.0,10638.0,10731.0
Italy,New Zealand*,ITA,NZL,249.0,291.0,333.0,369.0,432.0,464.0,521.0
Malta,Eritrea,MLT,ERI,2.0,3.0,3.0,5.0,665.0,456.0,912.0
Malta,Ethiopia,MLT,ETH,12.0,14.0,17.0,21.0,135.0,213.0,426.0
Malta,Kenya,MLT,KEN,10.0,12.0,14.0,18.0,17.0,27.0,53.0
Malta,Somalia,MLT,SOM,2.0,3.0,3.0,5.0,1830.0,925.0,1853.0
Malta,Zimbabwe,MLT,ZWE,6.0,8.0,9.0,12.0,10.0,16.0,31.0
Malta,Algeria,MLT,DZA,6.0,8.0,9.0,12.0,12.0,19.0,36.0
Malta,Egypt,MLT,EGY,98.0,113.0,141.0,163.0,119.0,188.0,375.0
Malta,Libya,MLT,LBY,204.0,235.0,248.0,250.0,195.0,858.0,1718.0
Malta,Morocco,MLT,MAR,65.0,75.0,94.0,109.0,134.0,212.0,424.0
Malta,Sudan,MLT,SDN,1.0,2.0,2.0,4.0,179.0,91.0,181.0
Malta,Tunisia,MLT,TUN,71.0,82.0,102.0,119.0,112.0,177.0,353.0
Malta,South Africa,MLT,ZAF,25.0,29.0,35.0,43.0,70.0,110.0,219.0
Malta,Ghana,MLT,GHA,1.0,2.0,2.0,3.0,6.0,10.0,20.0
Malta,Niger,MLT,NER,3.0,4.0,4.0,6.0,22.0,1.0,1.0
Malta,Nigeria,MLT,NGA,12.0,14.0,17.0,21.0,135.0,133.0,265.0
Malta,Uzbekistan,MLT,UZB,5.0,6.0,7.0,10.0,12.0,19.0,36.0
Malta,China,MLT,CHN,85.0,98.0,123.0,142.0,168.0,266.0,531.0
Malta,Japan,MLT,JPN,13.0,16.0,19.0,23.0,29.0,45.0,90.0
Malta,Bangladesh,MLT,BGD,3.0,4.0,4.0,7.0,6.0,5.0,9.0
Malta,India,MLT,IND,35.0,41.0,51.0,60.0,71.0,113.0,226.0
Malta,Iran (Islamic Republic of),MLT,IRN,3.0,4.0,4.0,6.0,12.0,19.0,36.0
Malta,Pakistan,MLT,PAK,37.0,43.0,53.0,62.0,79.0,125.0,249.0
Malta,Sri Lanka,MLT,LKA,4.0,5.0,5.0,8.0,5.0,8.0,15.0
Malta,Indonesia,MLT,IDN,7.0,9.0,10.0,13.0,9.0,14.0,27.0
Malta,Malaysia,MLT,MYS,11.0,13.0,16.0,20.0,20.0,31.0,61.0
Malta,Philippines,MLT,PHL,73.0,84.0,105.0,121.0,320.0,507.0,1015.0
Malta,Singapore,MLT,SGP,3.0,4.0,4.0,7.0,10.0,15.0,30.0
Malta,Thailand,MLT,THA,37.0,43.0,53.0,62.0,72.0,114.0,227.0
Malta,Armenia,MLT,ARM,5.0,6.0,7.0,10.0,13.0,21.0,40.0
Malta,Cyprus,MLT,CYP,11.0,13.0,15.0,19.0,15.0,23.0,45.0
Malta,Georgia,MLT,GEO,6.0,7.0,8.0,11.0,17.0,27.0,53.0
Malta,Iraq,MLT,IRQ,11.0,13.0,16.0,20.0,35.0,34.0,71.0
Malta,Israel,MLT,ISR,3.0,4.0,4.0,6.0,2.0,3.0,4.0
Malta,Jordan,MLT,JOR,1.0,2.0,2.0,4.0,5.0,7.0,13.0
Malta,Kuwait,MLT,KWT,0.0,1.0,1.0,2.0,16.0,24.0,47.0
Malta,Lebanon,MLT,LBN,14.0,17.0,21.0,25.0,16.0,24.0,47.0
Malta,Saudi Arabia,MLT,SAU,6.0,7.0,8.0,11.0,10.0,16.0,31.0
Malta,State of Palestine,MLT,PSE,2.0,3.0,3.0,5.0,26.0,27.0,53.0
Malta,Syrian Arab Republic,MLT,SYR,20.0,24.0,29.0,35.0,32.0,731.0,1463.0
Malta,Türkiye,MLT,TUR,27.0,31.0,38.0,45.0,60.0,94.0,187.0
Malta,United Arab Emirates,MLT,ARE,3.0,4.0,4.0,6.0,6.0,10.0,20.0
Malta,Belarus,MLT,BLR,3.0,4.0,10.0,17.0,21.0,4.0,7.0
Malta,Bulgaria,MLT,BGR,41.0,48.0,120.0,187.0,383.0,606.0,1213.0
Malta,Czechia,MLT,CZE,5.0,6.0,14.0,24.0,44.0,70.0,139.0
Malta,Hungary,MLT,HUN,4.0,5.0,11.0,20.0,76.0,120.0,240.0
Malta,Poland,MLT,POL,13.0,15.0,38.0,61.0,134.0,212.0,424.0
Malta,Republic of Moldova*,MLT,MDA,6.0,7.0,17.0,28.0,23.0,36.0,71.0
Malta,Romania,MLT,ROU,45.0,52.0,131.0,204.0,311.0,492.0,985.0
Malta,Russian Federation,MLT,RUS,96.0,110.0,276.0,428.0,542.0,858.0,1718.0
Malta,Slovakia,MLT,SVK,7.0,9.0,23.0,38.0,58.0,91.0,181.0
Malta,Ukraine*,MLT,UKR,24.0,28.0,69.0,109.0,174.0,275.0,550.0
Malta,Denmark*,MLT,DNK,6.0,7.0,17.0,29.0,44.0,70.0,139.0
Malta,Finland*,MLT,FIN,7.0,9.0,22.0,36.0,42.0,66.0,131.0
Malta,Ireland,MLT,IRL,30.0,35.0,88.0,139.0,121.0,192.0,383.0
Malta,Latvia,MLT,LVA,1.0,2.0,5.0,10.0,32.0,50.0,100.0
Malta,Lithuania,MLT,LTU,1.0,2.0,5.0,10.0,26.0,41.0,80.0
Malta,Norway*,MLT,NOR,2.0,3.0,7.0,13.0,15.0,23.0,45.0
Malta,Sweden,MLT,SWE,13.0,16.0,39.0,63.0,157.0,248.0,496.0
Malta,United Kingdom*,MLT,GBR,3044.0,3527.0,4014.0,4259.0,3896.0,6748.0,13611.0
Malta,Albania,MLT,ALB,10.0,12.0,29.0,48.0,34.0,54.0,107.0
Malta,Bosnia and Herzegovina,MLT,BIH,9.0,11.0,27.0,44.0,44.0,70.0,139.0
Malta,Croatia,MLT,HRV,8.0,10.0,25.0,40.0,24.0,38.0,75.0
Malta,Greece,MLT,GRC,4.0,5.0,13.0,21.0,18.0,29.0,58.0
Malta,Italy,MLT,ITA,287.0,331.0,362.0,376.0,381.0,637.0,1274.0
Malta,North Macedonia,MLT,MKD,8.0,10.0,26.0,42.0,7.0,11.0,21.0
Malta,Portugal,MLT,PRT,2.0,3.0,8.0,14.0,21.0,32.0,63.0
Malta,Serbia*,MLT,SRB,40.0,46.0,116.0,181.0,166.0,263.0,526.0
Malta,Slovenia,MLT,SVN,2.0,3.0,8.0,14.0,8.0,12.0,23.0
Malta,Spain*,MLT,ESP,6.0,8.0,20.0,32.0,61.0,97.0,193.0
Malta,Austria,MLT,AUT,11.0,13.0,32.0,52.0,44.0,70.0,139.0
Malta,Belgium,MLT,BEL,10.0,12.0,29.0,47.0,56.0,89.0,177.0
Malta,France*,MLT,FRA,54.0,62.0,98.0,130.0,179.0,283.0,566.0
Malta,Germany,MLT,DEU,195.0,225.0,331.0,422.0,424.0,671.0,1343.0
Malta,Netherlands*,MLT,NLD,34.0,39.0,99.0,155.0,158.0,249.0,498.0
Malta,Switzerland,MLT,CHE,7.0,9.0,21.0,35.0,40.0,63.0,124.0
Malta,Trinidad and Tobago,MLT,TTO,7.0,9.0,10.0,14.0,5.0,8.0,15.0
Malta,Argentina,MLT,ARG,2.0,3.0,3.0,5.0,0.0,1.0,1.0
Malta,Brazil,MLT,BRA,17.0,20.0,25.0,29.0,42.0,66.0,131.0
Malta,Peru,MLT,PER,5.0,6.0,7.0,9.0,15.0,23.0,45.0
Malta,Canada,MLT,CAN,714.0,824.0,830.0,796.0,740.0,1155.0,2313.0
Malta,United States of America*,MLT,USA,458.0,528.0,545.0,536.0,512.0,755.0,1512.0
Malta,Australia*,MLT,AUS,1817.0,2096.0,2242.0,2220.0,1868.0,2953.0,5915.0
Malta,New Zealand*,MLT,NZL,6.0,7.0,8.0,11.0,15.0,23.0,45.0
Montenegro,Türkiye,MNE,TUR,79.0,79.0,79.0,79.0,75.0,83.0,81.0
Montenegro,Bulgaria,MNE,BGR,12.0,12.0,12.0,12.0,13.0,14.0,12.0
Montenegro,Czechia,MNE,CZE,49.0,49.0,49.0,49.0,49.0,51.0,49.0
Montenegro,Hungary,MNE,HUN,14.0,14.0,14.0,14.0,15.0,15.0,13.0
Montenegro,Poland,MNE,POL,25.0,25.0,25.0,25.0,26.0,27.0,25.0
Montenegro,Romania,MNE,ROU,55.0,55.0,55.0,55.0,55.0,57.0,55.0
Montenegro,Russian Federation,MNE,RUS,512.0,512.0,512.0,512.0,478.0,534.0,532.0
Montenegro,Slovakia,MNE,SVK,4.0,4.0,4.0,4.0,5.0,5.0,3.0
Montenegro,Ukraine*,MNE,UKR,49.0,49.0,49.0,49.0,47.0,54.0,48.0
Montenegro,Denmark*,MNE,DNK,75.0,75.0,75.0,75.0,75.0,78.0,76.0
Montenegro,Sweden,MNE,SWE,90.0,90.0,90.0,90.0,89.0,93.0,91.0
Montenegro,United Kingdom*,MNE,GBR,83.0,83.0,83.0,83.0,83.0,86.0,84.0
Montenegro,Albania,MNE,ALB,1461.0,1461.0,1461.0,1461.0,1186.0,1611.0,1609.0
Montenegro,Bosnia and Herzegovina,MNE,BIH,19543.0,19543.0,19543.0,19543.0,20488.0,19223.0,19221.0
Montenegro,Croatia,MNE,HRV,9450.0,9450.0,9450.0,9450.0,9077.0,9720.0,9699.0
Montenegro,Greece,MNE,GRC,9.0,9.0,9.0,9.0,10.0,11.0,9.0
Montenegro,Italy,MNE,ITA,141.0,141.0,141.0,141.0,133.0,148.0,146.0
Montenegro,North Macedonia,MNE,MKD,1865.0,1865.0,1865.0,1865.0,1739.0,1945.0,1942.0
Montenegro,Serbia*,MNE,SRB,6853.0,6853.0,6853.0,6853.0,9689.0,5715.0,5263.0
Montenegro,Slovenia,MNE,SVN,1004.0,1004.0,1004.0,1004.0,937.0,1048.0,1045.0
Montenegro,Austria,MNE,AUT,173.0,173.0,173.0,173.0,170.0,177.0,175.0
Montenegro,France*,MNE,FRA,296.0,296.0,296.0,296.0,277.0,309.0,307.0
Montenegro,Germany,MNE,DEU,1252.0,1252.0,1252.0,1252.0,1223.0,1278.0,1275.0
Montenegro,Luxembourg,MNE,LUX,60.0,60.0,60.0,60.0,60.0,62.0,60.0
Montenegro,Netherlands*,MNE,NLD,117.0,117.0,117.0,117.0,110.0,123.0,121.0
Montenegro,Switzerland,MNE,CHE,175.0,175.0,175.0,175.0,172.0,179.0,177.0
Montenegro,Canada,MNE,CAN,57.0,57.0,57.0,57.0,57.0,59.0,57.0
Montenegro,United States of America*,MNE,USA,242.0,242.0,242.0,242.0,238.0,248.0,246.0
Montenegro,Australia*,MNE,AUS,87.0,87.0,87.0,87.0,83.0,92.0,90.0
North Macedonia,Egypt,MKD,EGY,1148.0,1074.0,1001.0,1028.0,1056.0,1147.0,1150.0
North Macedonia,Türkiye,MKD,TUR,6657.0,7691.0,10915.0,11224.0,10520.0,11222.0,11271.0
North Macedonia,Bulgaria,MKD,BGR,627.0,587.0,547.0,562.0,577.0,626.0,627.0
North Macedonia,Czechia,MKD,CZE,31.0,29.0,27.0,27.0,28.0,30.0,29.0
North Macedonia,Hungary,MKD,HUN,48.0,45.0,42.0,42.0,43.0,46.0,45.0
North Macedonia,Poland,MKD,POL,59.0,55.0,51.0,52.0,54.0,58.0,57.0
North Macedonia,Romania,MKD,ROU,14.0,13.0,12.0,12.0,12.0,13.0,12.0
North Macedonia,Russian Federation,MKD,RUS,127.0,119.0,111.0,114.0,117.0,127.0,126.0
North Macedonia,Slovakia,MKD,SVK,22.0,20.0,19.0,19.0,20.0,21.0,20.0
North Macedonia,Ukraine*,MKD,UKR,38.0,35.0,33.0,33.0,34.0,36.0,35.0
North Macedonia,Albania,MKD,ALB,26242.0,33827.0,40450.0,40705.0,41980.0,39884.0,40073.0
North Macedonia,Bosnia and Herzegovina,MKD,BIH,2545.0,3492.0,4439.0,4562.0,4686.0,5090.0,5111.0
North Macedonia,Croatia,MKD,HRV,838.0,784.0,731.0,751.0,771.0,837.0,839.0
North Macedonia,Greece,MKD,GRC,137.0,128.0,119.0,122.0,125.0,135.0,134.0
North Macedonia,Italy,MKD,ITA,23.0,21.0,20.0,20.0,21.0,22.0,21.0
North Macedonia,Montenegro,MKD,MNE,5392.0,5047.0,4703.0,4833.0,4964.0,5392.0,5415.0
North Macedonia,Serbia*,MKD,SRB,10468.0,9799.0,9130.0,9383.0,9636.0,10478.0,10523.0
North Macedonia,Slovenia,MKD,SVN,150.0,140.0,131.0,134.0,138.0,149.0,148.0
North Macedonia,Germany,MKD,DEU,25.0,23.0,22.0,22.0,23.0,24.0,23.0
Portugal,Ethiopia,PRT,ETH,2.0,5.0,10.0,10.0,9.0,11.0,12.0
Portugal,Kenya,PRT,KEN,25.0,54.0,87.0,71.0,44.0,53.0,58.0
Portugal,Madagascar,PRT,MDG,3.0,7.0,13.0,12.0,9.0,11.0,12.0
Portugal,Malawi,PRT,MWI,34.0,73.0,116.0,197.0,245.0,291.0,322.0
Portugal,Mozambique,PRT,MOZ,38902.0,38698.0,39917.0,39560.0,32546.0,38794.0,43136.0
Portugal,Uganda,PRT,UGA,10.0,22.0,35.0,26.0,14.0,17.0,18.0
Portugal,United Republic of Tanzania,PRT,TZA,31.0,66.0,104.0,72.0,29.0,35.0,38.0
Portugal,Zimbabwe,PRT,ZWE,218.0,472.0,744.0,460.0,99.0,117.0,129.0
Portugal,Angola,PRT,AGO,75168.0,81771.0,91378.0,89825.0,73156.0,87201.0,97065.0
Portugal,Cameroon,PRT,CMR,7.0,15.0,25.0,24.0,20.0,25.0,27.0
Portugal,Congo,PRT,COG,280.0,607.0,957.0,719.0,361.0,430.0,477.0
Portugal,Democratic Republic of the Congo,PRT,COD,243.0,525.0,828.0,741.0,531.0,633.0,702.0
Portugal,Equatorial Guinea,PRT,GNQ,11.0,23.0,37.0,116.0,177.0,211.0,234.0
Portugal,Gabon,PRT,GAB,11.0,24.0,38.0,28.0,14.0,17.0,18.0
Portugal,Sao Tome and Principe,PRT,STP,2954.0,4736.0,6693.0,8370.0,8639.0,10296.0,11448.0
Portugal,Algeria,PRT,DZA,20.0,43.0,69.0,63.0,48.0,58.0,63.0
Portugal,Egypt,PRT,EGY,13.0,28.0,46.0,51.0,48.0,58.0,63.0
Portugal,Libya,PRT,LBY,0.0,0.0,2.0,3.0,4.0,5.0,46.0
Portugal,Morocco,PRT,MAR,152.0,327.0,516.0,587.0,560.0,667.0,740.0
Portugal,Tunisia,PRT,TUN,5.0,11.0,19.0,24.0,25.0,30.0,32.0
Portugal,Eswatini,PRT,SWZ,27.0,57.0,90.0,162.0,208.0,246.0,272.0
Portugal,South Africa,PRT,ZAF,3326.0,4496.0,5833.0,5964.0,5093.0,6070.0,6748.0
Portugal,Benin,PRT,BEN,1.0,2.0,4.0,2.0,0.0,1.0,1.0
Portugal,Cabo Verde,PRT,CPV,14314.0,17800.0,21941.0,26943.0,27411.0,32674.0,36332.0
Portugal,Côte d'Ivoire,PRT,CIV,6.0,14.0,23.0,27.0,28.0,34.0,37.0
Portugal,Gambia,PRT,GMB,0.0,0.0,1.0,9.0,17.0,20.0,21.0
Portugal,Ghana,PRT,GHA,3.0,7.0,12.0,30.0,43.0,52.0,57.0
Portugal,Guinea,PRT,GIN,15.0,33.0,54.0,1036.0,1844.0,2197.0,2442.0
Portugal,Guinea-Bissau,PRT,GNB,2829.0,5595.0,8568.0,10583.0,10817.0,12894.0,14337.0
Portugal,Liberia,PRT,LBR,1.0,2.0,5.0,2.0,0.0,1.0,1.0
Portugal,Mali,PRT,MLI,1.0,3.0,6.0,7.0,7.0,9.0,9.0
Portugal,Mauritania,PRT,MRT,1.0,3.0,6.0,6.0,6.0,8.0,8.0
Portugal,Nigeria,PRT,NGA,13.0,28.0,46.0,69.0,81.0,95.0,105.0
Portugal,Senegal,PRT,SEN,48.0,104.0,165.0,293.0,372.0,442.0,490.0
Portugal,Sierra Leone,PRT,SLE,0.0,1.0,4.0,6.0,7.0,9.0,9.0
Portugal,Togo,PRT,TGO,1.0,3.0,6.0,13.0,19.0,22.0,24.0
Portugal,Kazakhstan,PRT,KAZ,9.0,19.0,31.0,211.0,357.0,425.0,472.0
Portugal,Uzbekistan,PRT,UZB,0.0,0.0,2.0,129.0,235.0,279.0,309.0
Portugal,China,PRT,CHN,324.0,700.0,1103.0,2991.0,4376.0,5215.0,5798.0
Portugal,"China, Hong Kong SAR",PRT,HKG,16.0,34.0,55.0,67.0,69.0,81.0,89.0
Portugal,"China, Macao SAR",PRT,MAC,464.0,1003.0,1579.0,1389.0,967.0,1152.0,1280.0
Portugal,Dem. People's Republic of Korea,PRT,PRK,0.0,1.0,3.0,22.0,38.0,45.0,49.0
Portugal,Japan,PRT,JPN,43.0,94.0,150.0,168.0,158.0,188.0,208.0
Portugal,Republic of Korea,PRT,KOR,12.0,27.0,44.0,58.0,63.0,75.0,83.0
Portugal,Bangladesh,PRT,BGD,4.0,10.0,17.0,191.0,334.0,397.0,440.0
Portugal,India,PRT,IND,898.0,1941.0,3057.0,3245.0,2887.0,3442.0,3826.0
Portugal,Iran (Islamic Republic of),PRT,IRN,23.0,50.0,79.0,87.0,81.0,95.0,319.0
Portugal,Nepal,PRT,NPL,1.0,3.0,6.0,77.0,136.0,162.0,2175.0
Portugal,Pakistan,PRT,PAK,27.0,58.0,92.0,359.0,566.0,674.0,748.0
Portugal,Sri Lanka,PRT,LKA,1.0,2.0,5.0,7.0,9.0,11.0,28.0
Portugal,Indonesia,PRT,IDN,13.0,28.0,45.0,116.0,168.0,201.0,222.0
Portugal,Malaysia,PRT,MYS,6.0,14.0,23.0,26.0,25.0,30.0,32.0
Portugal,Philippines,PRT,PHL,61.0,132.0,209.0,295.0,333.0,396.0,439.0
Portugal,Singapore,PRT,SGP,4.0,9.0,16.0,16.0,14.0,17.0,18.0
Portugal,Thailand,PRT,THA,14.0,30.0,49.0,91.0,119.0,141.0,499.0
Portugal,Timor-Leste,PRT,TLS,339.0,733.0,1155.0,1074.0,814.0,970.0,1077.0
Portugal,Viet Nam,PRT,VNM,2.0,6.0,11.0,18.0,23.0,28.0,30.0
Portugal,Armenia,PRT,ARM,7.0,15.0,24.0,30.0,31.0,37.0,40.0
Portugal,Azerbaijan,PRT,AZE,1.0,2.0,5.0,15.0,23.0,28.0,30.0
Portugal,Cyprus,PRT,CYP,2.0,5.0,10.0,12.0,12.0,14.0,15.0
Portugal,Georgia,PRT,GEO,4.0,9.0,16.0,136.0,234.0,278.0,308.0
Portugal,Iraq,PRT,IRQ,6.0,13.0,22.0,18.0,11.0,13.0,109.0
Portugal,Israel,PRT,ISR,11.0,24.0,39.0,37.0,29.0,35.0,38.0
Portugal,Jordan,PRT,JOR,0.0,0.0,1.0,5.0,9.0,11.0,85.0
Portugal,Lebanon,PRT,LBN,7.0,16.0,26.0,27.0,25.0,30.0,95.0
Portugal,Syrian Arab Republic,PRT,SYR,4.0,9.0,15.0,13.0,9.0,11.0,232.0
Portugal,Türkiye,PRT,TUR,9.0,20.0,32.0,73.0,103.0,121.0,385.0
Portugal,Belarus,PRT,BLR,14.0,31.0,50.0,257.0,422.0,503.0,557.0
Portugal,Bulgaria,PRT,BGR,61.0,133.0,211.0,1314.0,2196.0,2617.0,2909.0
Portugal,Czechia,PRT,CZE,22.0,48.0,76.0,121.0,146.0,175.0,194.0
Portugal,Hungary,PRT,HUN,41.0,89.0,141.0,204.0,234.0,278.0,308.0
Portugal,Poland,PRT,POL,54.0,118.0,187.0,435.0,611.0,728.0,808.0
Portugal,Republic of Moldova*,PRT,MDA,155.0,335.0,528.0,4183.0,7135.0,8504.0,9455.0
Portugal,Romania,PRT,ROU,220.0,477.0,752.0,5650.0,9598.0,11440.0,12720.0
Portugal,Russian Federation,PRT,RUS,276.0,596.0,939.0,2130.0,2964.0,3532.0,3927.0
Portugal,Slovakia,PRT,SVK,4.0,10.0,17.0,43.0,62.0,75.0,83.0
Portugal,Ukraine*,PRT,UKR,602.0,1302.0,2051.0,10459.0,17108.0,20392.0,22622.0
Portugal,Denmark*,PRT,DNK,138.0,159.0,187.0,193.0,167.0,200.0,221.0
Portugal,Estonia,PRT,EST,37.0,80.0,126.0,112.0,80.0,94.0,104.0
Portugal,Finland*,PRT,FIN,53.0,114.0,181.0,195.0,177.0,211.0,234.0
Portugal,Iceland,PRT,ISL,4.0,10.0,17.0,16.0,13.0,16.0,17.0
Portugal,Ireland,PRT,IRL,129.0,202.0,284.0,531.0,690.0,823.0,914.0
Portugal,Latvia,PRT,LVA,6.0,14.0,23.0,86.0,135.0,161.0,177.0
Portugal,Lithuania,PRT,LTU,8.0,18.0,30.0,128.0,205.0,243.0,269.0
Portugal,Norway*,PRT,NOR,39.0,85.0,136.0,154.0,147.0,176.0,195.0
Portugal,Sweden,PRT,SWE,118.0,255.0,403.0,429.0,384.0,458.0,508.0
Portugal,United Kingdom*,PRT,GBR,3564.0,4221.0,5035.0,7097.0,7966.0,9495.0,10557.0
Portugal,Albania,PRT,ALB,4.0,9.0,15.0,19.0,20.0,25.0,27.0
Portugal,Andorra,PRT,AND,64.0,138.0,218.0,211.0,170.0,203.0,226.0
Portugal,Bosnia and Herzegovina,PRT,BIH,6.0,14.0,23.0,28.0,29.0,35.0,38.0
Portugal,Croatia,PRT,HRV,10.0,21.0,34.0,40.0,41.0,50.0,54.0
Portugal,Greece,PRT,GRC,28.0,43.0,61.0,74.0,76.0,89.0,98.0
Portugal,Italy,PRT,ITA,456.0,620.0,808.0,982.0,991.0,1180.0,1312.0
Portugal,Malta,PRT,MLT,2.0,4.0,8.0,16.0,23.0,28.0,30.0
Portugal,Montenegro,PRT,MNE,0.0,5.0,12.0,40.0,62.0,75.0,83.0
Portugal,North Macedonia,PRT,MKD,1.0,3.0,6.0,68.0,119.0,141.0,155.0
Portugal,Serbia*,PRT,SRB,5.0,11.0,19.0,22.0,23.0,28.0,119.0
Portugal,Slovenia,PRT,SVN,4.0,10.0,17.0,26.0,31.0,37.0,40.0
Portugal,Spain*,PRT,ESP,6700.0,7373.0,8318.0,8822.0,7843.0,9348.0,10394.0
Portugal,Austria,PRT,AUT,60.0,130.0,206.0,236.0,228.0,270.0,298.0
Portugal,Belgium,PRT,BEL,807.0,1136.0,1508.0,1656.0,1526.0,1819.0,2020.0
Portugal,France*,PRT,FRA,30176.0,39628.0,50536.0,50763.0,42448.0,50598.0,56263.0
Portugal,Germany,PRT,DEU,8196.0,10083.0,12342.0,13284.0,11991.0,14293.0,15893.0
Portugal,Liechtenstein,PRT,LIE,0.0,0.0,1.0,0.0,0.0,1.0,1.0
Portugal,Luxembourg,PRT,LUX,731.0,1180.0,1673.0,1863.0,1740.0,2073.0,2304.0
Portugal,Netherlands*,PRT,NLD,939.0,1259.0,1626.0,1805.0,1681.0,2004.0,2227.0
Portugal,Switzerland,PRT,CHE,1864.0,4031.0,6348.0,7287.0,7000.0,8343.0,9276.0
Portugal,Cuba,PRT,CUB,65.0,141.0,223.0,719.0,1095.0,1304.0,1449.0
Portugal,Dominican Republic,PRT,DOM,7.0,16.0,26.0,34.0,37.0,44.0,102.0
Portugal,Jamaica,PRT,JAM,3.0,8.0,14.0,12.0,9.0,11.0,12.0
Portugal,El Salvador,PRT,SLV,3.0,7.0,12.0,43.0,68.0,80.0,88.0
Portugal,Guatemala,PRT,GTM,5.0,11.0,18.0,17.0,14.0,17.0,18.0
Portugal,Mexico,PRT,MEX,39.0,85.0,136.0,143.0,127.0,152.0,168.0
Portugal,Panama,PRT,PAN,19.0,41.0,66.0,45.0,17.0,20.0,21.0
Portugal,Argentina,PRT,ARG,164.0,354.0,559.0,636.0,607.0,722.0,802.0
Portugal,Bolivia (Plurinational State of),PRT,BOL,7.0,15.0,25.0,96.0,152.0,182.0,202.0
Portugal,Brazil,PRT,BRA,13466.0,19013.0,25260.0,50407.0,67071.0,79947.0,88899.0
Portugal,Chile,PRT,CHL,28.0,61.0,97.0,102.0,90.0,106.0,117.0
Portugal,Colombia,PRT,COL,73.0,157.0,247.0,336.0,369.0,439.0,487.0
Portugal,Ecuador,PRT,ECU,33.0,70.0,111.0,169.0,200.0,237.0,263.0
Portugal,Paraguay,PRT,PRY,3.0,8.0,14.0,23.0,29.0,35.0,38.0
Portugal,Peru,PRT,PER,37.0,80.0,127.0,149.0,146.0,175.0,194.0
Portugal,Uruguay,PRT,URY,19.0,41.0,66.0,69.0,61.0,72.0,80.0
Portugal,Venezuela (Bolivarian Republic of),PRT,VEN,7755.0,9541.0,11678.0,12509.0,11236.0,13394.0,14892.0
Portugal,Canada,PRT,CAN,2214.0,2965.0,3825.0,3920.0,3357.0,4000.0,4446.0
Portugal,United States of America*,PRT,USA,2859.0,3219.0,3699.0,3731.0,3136.0,3738.0,4155.0
Portugal,Australia*,PRT,AUS,190.0,410.0,646.0,663.0,570.0,679.0,755.0
Portugal,New Zealand*,PRT,NZL,7.0,16.0,27.0,27.0,23.0,28.0,30.0
San Marino,Poland,SMR,POL,16.0,17.0,20.0,20.0,22.0,28.0,30.0
San Marino,Romania,SMR,ROU,29.0,55.0,82.0,84.0,89.0,115.0,127.0
San Marino,Russian Federation,SMR,RUS,3.0,13.0,25.0,25.0,27.0,35.0,38.0
San Marino,Ukraine*,SMR,UKR,1.0,23.0,47.0,48.0,50.0,65.0,57.0
San Marino,Albania,SMR,ALB,21.0,23.0,26.0,23.0,23.0,29.0,32.0
San Marino,Italy,SMR,ITA,1391.0,1468.0,1515.0,1567.0,1711.0,1797.0,1965.0
San Marino,France*,SMR,FRA,19.0,16.0,15.0,14.0,15.0,19.0,21.0
San Marino,Argentina,SMR,ARG,31.0,34.0,38.0,34.0,33.0,42.0,46.0
San Marino,Brazil,SMR,BRA,18.0,19.0,22.0,21.0,21.0,27.0,29.0
Serbia*,Libya,SRB,LBY,133.0,134.0,131.0,126.0,117.0,115.0,129.0
Serbia*,China,SRB,CHN,87.0,7.0,77.0,192.0,288.0,422.0,614.0
Serbia*,India,SRB,IND,554.0,560.0,545.0,524.0,490.0,459.0,429.0
Serbia*,Iraq,SRB,IRQ,80.0,86.0,86.0,89.0,93.0,70.0,71.0
Serbia*,Syrian Arab Republic,SRB,SYR,43.0,42.0,42.0,40.0,37.0,59.0,53.0
Serbia*,Türkiye,SRB,TUR,25.0,7.0,21.0,87.0,128.0,175.0,289.0
Serbia*,Belarus,SRB,BLR,58.0,59.0,57.0,55.0,52.0,49.0,45.0
Serbia*,Bulgaria,SRB,BGR,770.0,802.0,801.0,790.0,767.0,743.0,719.0
Serbia*,Czechia,SRB,CZE,1024.0,697.0,454.0,389.0,377.0,364.0,350.0
Serbia*,Hungary,SRB,HUN,3162.0,2270.0,1540.0,1306.0,1219.0,1128.0,1043.0
Serbia*,Poland,SRB,POL,712.0,670.0,648.0,624.0,586.0,549.0,515.0
Serbia*,Republic of Moldova*,SRB,MDA,82.0,83.0,80.0,78.0,72.0,68.0,63.0
Serbia*,Romania,SRB,ROU,2030.0,2688.0,3475.0,3423.0,2943.0,2528.0,2172.0
Serbia*,Russian Federation,SRB,RUS,971.0,16.0,816.0,1977.0,2847.0,4014.0,5589.0
Serbia*,Slovakia,SRB,SVK,309.0,219.0,273.0,325.0,366.0,411.0,461.0
Serbia*,Ukraine*,SRB,UKR,922.0,670.0,862.0,1036.0,1178.0,1339.0,1523.0
Serbia*,Denmark*,SRB,DNK,287.0,119.0,44.0,41.0,61.0,93.0,140.0
Serbia*,Sweden,SRB,SWE,1441.0,715.0,321.0,295.0,387.0,504.0,657.0
Serbia*,United Kingdom*,SRB,GBR,315.0,201.0,120.0,130.0,184.0,254.0,348.0
Serbia*,Albania,SRB,ALB,533.0,156.0,134.0,163.0,265.0,428.0,642.0
Serbia*,Bosnia and Herzegovina,SRB,BIH,221887.0,266360.0,311918.0,239590.0,200823.0,181846.0,169189.0
Serbia*,Croatia,SRB,HRV,206292.0,287198.0,347676.0,251426.0,187736.0,155019.0,133475.0
Serbia*,Greece,SRB,GRC,473.0,461.0,424.0,438.0,466.0,487.0,506.0
Serbia*,Italy,SRB,ITA,543.0,415.0,302.0,361.0,534.0,775.0,1123.0
Serbia*,Montenegro,SRB,MNE,41022.0,39670.0,39175.0,38942.0,37689.0,36473.0,35290.0
Serbia*,North Macedonia,SRB,MKD,32575.0,33162.0,32567.0,30776.0,28085.0,25888.0,23919.0
Serbia*,Slovenia,SRB,SVN,8193.0,15237.0,9207.0,7298.0,6390.0,5784.0,5246.0
Serbia*,Spain*,SRB,ESP,215.0,219.0,212.0,204.0,191.0,179.0,167.0
Serbia*,Austria,SRB,AUT,7623.0,4299.0,2203.0,2022.0,2476.0,3015.0,3669.0
Serbia*,Belgium,SRB,BEL,146.0,99.0,62.0,66.0,92.0,126.0,173.0
Serbia*,France*,SRB,FRA,4938.0,3213.0,1929.0,1824.0,2148.0,2514.0,2940.0
Serbia*,Germany,SRB,DEU,11625.0,7425.0,4378.0,4259.0,5282.0,6520.0,8044.0
Serbia*,Luxembourg,SRB,LUX,573.0,580.0,563.0,542.0,507.0,474.0,443.0
Serbia*,Netherlands*,SRB,NLD,414.0,290.0,188.0,192.0,245.0,308.0,386.0
Serbia*,Switzerland,SRB,CHE,2379.0,1254.0,605.0,592.0,820.0,1138.0,1578.0
Serbia*,Argentina,SRB,ARG,72.0,57.0,40.0,36.0,35.0,34.0,33.0
Serbia*,Canada,SRB,CAN,550.0,270.0,121.0,124.0,190.0,289.0,437.0
Serbia*,United States of America*,SRB,USA,1060.0,663.0,382.0,390.0,518.0,671.0,864.0
Serbia*,Australia*,SRB,AUS,697.0,401.0,207.0,201.0,267.0,350.0,458.0
Slovenia,Burundi,SVN,BDI,0.0,0.0,0.0,0.0,0.0,0.0,1.0
Slovenia,Comoros,SVN,COM,0.0,0.0,0.0,0.0,0.0,0.0,0.0
Slovenia,Eritrea,SVN,ERI,0.0,0.0,0.0,0.0,0.0,2.0,7.0
Slovenia,Ethiopia,SVN,ETH,0.0,0.0,9.0,9.0,8.0,5.0,7.0
Slovenia,Kenya,SVN,KEN,2.0,5.0,12.0,11.0,10.0,14.0,20.0
Slovenia,Madagascar,SVN,MDG,0.0,0.0,1.0,1.0,6.0,11.0,17.0
Slovenia,Malawi,SVN,MWI,0.0,0.0,2.0,1.0,0.0,0.0,0.0
Slovenia,Mauritius,SVN,MUS,0.0,0.0,0.0,0.0,2.0,2.0,1.0
Slovenia,Mozambique,SVN,MOZ,0.0,0.0,0.0,0.0,1.0,2.0,2.0
Slovenia,Rwanda,SVN,RWA,0.0,0.0,0.0,0.0,0.0,6.0,1.0
Slovenia,Somalia,SVN,SOM,0.0,0.0,0.0,0.0,0.0,12.0,7.0
Slovenia,Uganda,SVN,UGA,0.0,0.0,0.0,0.0,0.0,2.0,4.0
Slovenia,United Republic of Tanzania,SVN,TZA,0.0,0.0,1.0,0.0,1.0,1.0,1.0
Slovenia,Zambia,SVN,ZMB,0.0,0.0,2.0,1.0,1.0,1.0,3.0
Slovenia,Zimbabwe,SVN,ZWE,0.0,0.0,1.0,4.0,8.0,5.0,8.0
Slovenia,Angola,SVN,AGO,0.0,0.0,0.0,2.0,1.0,1.0,2.0
Slovenia,Cameroon,SVN,CMR,0.0,0.0,1.0,0.0,0.0,1.0,3.0
Slovenia,Central African Republic,SVN,CAF,6.0,11.0,0.0,0.0,2.0,15.0,1.0
Slovenia,Chad,SVN,TCD,0.0,0.0,0.0,0.0,0.0,0.0,0.0
Slovenia,Congo,SVN,COG,0.0,0.0,0.0,0.0,2.0,3.0,2.0
Slovenia,Democratic Republic of the Congo,SVN,COD,0.0,0.0,0.0,0.0,0.0,3.0,4.0
Slovenia,Gabon,SVN,GAB,0.0,0.0,0.0,0.0,0.0,0.0,0.0
Slovenia,Sao Tome and Principe,SVN,STP,0.0,0.0,0.0,0.0,0.0,0.0,0.0
Slovenia,Algeria,SVN,DZA,2.0,3.0,7.0,6.0,9.0,6.0,10.0
Slovenia,Egypt,SVN,EGY,7.0,14.0,19.0,21.0,31.0,27.0,27.0
Slovenia,Libya,SVN,LBY,4.0,7.0,19.0,16.0,22.0,16.0,20.0
Slovenia,Morocco,SVN,MAR,1.0,1.0,2.0,1.0,4.0,6.0,12.0
Slovenia,Sudan,SVN,SDN,0.0,0.0,5.0,5.0,3.0,4.0,4.0
Slovenia,Tunisia,SVN,TUN,1.0,1.0,2.0,4.0,7.0,8.0,15.0
Slovenia,Western Sahara,SVN,ESH,0.0,0.0,0.0,0.0,0.0,1.0,1.0
Slovenia,Botswana,SVN,BWA,0.0,0.0,0.0,0.0,0.0,0.0,0.0
Slovenia,Namibia,SVN,NAM,0.0,0.0,0.0,0.0,0.0,1.0,1.0
Slovenia,South Africa,SVN,ZAF,2.0,5.0,18.0,18.0,17.0,27.0,40.0
Slovenia,Benin,SVN,BEN,0.0,0.0,0.0,0.0,0.0,1.0,0.0
Slovenia,Burkina Faso,SVN,BFA,0.0,0.0,0.0,0.0,0.0,0.0,0.0
Slovenia,Cabo Verde,SVN,CPV,0.0,0.0,0.0,0.0,0.0,1.0,1.0
Slovenia,Côte d'Ivoire,SVN,CIV,0.0,0.0,0.0,0.0,0.0,1.0,1.0
Slovenia,Gambia,SVN,GMB,0.0,0.0,0.0,0.0,1.0,2.0,1.0
Slovenia,Ghana,SVN,GHA,2.0,3.0,6.0,7.0,8.0,17.0,24.0
Slovenia,Guinea,SVN,GIN,0.0,0.0,0.0,2.0,3.0,2.0,3.0
Slovenia,Guinea-Bissau,SVN,GNB,0.0,0.0,0.0,0.0,0.0,8.0,12.0
Slovenia,Liberia,SVN,LBR,0.0,0.0,0.0,0.0,1.0,0.0,4.0
Slovenia,Mali,SVN,MLI,0.0,0.0,0.0,1.0,2.0,4.0,2.0
Slovenia,Mauritania,SVN,MRT,0.0,0.0,0.0,0.0,0.0,0.0,0.0
Slovenia,Niger,SVN,NER,0.0,0.0,0.0,0.0,0.0,0.0,0.0
Slovenia,Nigeria,SVN,NGA,1.0,1.0,4.0,5.0,9.0,12.0,16.0
Slovenia,Senegal,SVN,SEN,0.0,0.0,1.0,0.0,2.0,1.0,1.0
Slovenia,Sierra Leone,SVN,SLE,0.0,0.0,0.0,0.0,0.0,0.0,0.0
Slovenia,Togo,SVN,TGO,0.0,0.0,0.0,0.0,0.0,0.0,0.0
Slovenia,Kazakhstan,SVN,KAZ,2.0,4.0,1.0,10.0,35.0,61.0,120.0
Slovenia,Kyrgyzstan,SVN,KGZ,0.0,0.0,0.0,2.0,4.0,6.0,14.0
Slovenia,Tajikistan,SVN,TJK,0.0,0.0,0.0,0.0,3.0,2.0,7.0
Slovenia,Turkmenistan,SVN,TKM,0.0,0.0,0.0,0.0,4.0,4.0,6.0
Slovenia,Uzbekistan,SVN,UZB,1.0,1.0,4.0,5.0,23.0,23.0,46.0
Slovenia,China,SVN,CHN,30.0,56.0,79.0,146.0,312.0,394.0,519.0
Slovenia,Dem. People's Republic of Korea,SVN,PRK,0.0,0.0,0.0,0.0,0.0,1.0,0.0
Slovenia,Japan,SVN,JPN,4.0,9.0,16.0,20.0,36.0,46.0,54.0
Slovenia,Mongolia,SVN,MNG,0.0,0.0,0.0,1.0,3.0,2.0,4.0
Slovenia,Republic of Korea,SVN,KOR,0.0,0.0,0.0,0.0,11.0,15.0,28.0
Slovenia,Afghanistan,SVN,AFG,0.0,0.0,0.0,0.0,0.0,0.0,0.0
Slovenia,Bangladesh,SVN,BGD,0.0,0.0,1.0,0.0,1.0,0.0,1.0
Slovenia,India,SVN,IND,5.0,8.0,8.0,16.0,26.0,41.0,61.0
Slovenia,Iran (Islamic Republic of),SVN,IRN,4.0,7.0,15.0,12.0,19.0,28.0,58.0
Slovenia,Maldives,SVN,MDV,0.0,0.0,0.0,0.0,0.0,0.0,0.0
Slovenia,Nepal,SVN,NPL,0.0,0.0,1.0,2.0,3.0,5.0,10.0
Slovenia,Pakistan,SVN,PAK,1.0,2.0,6.0,6.0,6.0,6.0,11.0
Slovenia,Sri Lanka,SVN,LKA,0.0,0.0,2.0,0.0,4.0,7.0,10.0
Slovenia,Cambodia,SVN,KHM,0.0,0.0,0.0,0.0,2.0,5.0,3.0
Slovenia,Indonesia,SVN,IDN,1.0,1.0,1.0,7.0,14.0,29.0,44.0
Slovenia,Lao People's Democratic Republic,SVN,LAO,0.0,0.0,0.0,0.0,0.0,2.0,2.0
Slovenia,Malaysia,SVN,MYS,0.0,0.0,0.0,0.0,2.0,4.0,10.0
Slovenia,Myanmar,SVN,MMR,0.0,0.0,0.0,0.0,2.0,2.0,1.0
Slovenia,Philippines,SVN,PHL,1.0,2.0,3.0,12.0,50.0,92.0,146.0
Slovenia,Singapore,SVN,SGP,0.0,0.0,0.0,0.0,7.0,11.0,6.0
Slovenia,Thailand,SVN,THA,2.0,6.0,12.0,63.0,175.0,196.0,280.0
Slovenia,Viet Nam,SVN,VNM,0.0,0.0,0.0,1.0,6.0,14.0,21.0
Slovenia,Armenia,SVN,ARM,0.0,0.0,0.0,0.0,4.0,9.0,10.0
Slovenia,Azerbaijan,SVN,AZE,0.0,0.0,0.0,0.0,1.0,3.0,19.0
Slovenia,Cyprus,SVN,CYP,0.0,0.0,2.0,1.0,4.0,9.0,5.0
Slovenia,Georgia,SVN,GEO,0.0,0.0,3.0,3.0,9.0,9.0,13.0
Slovenia,Iraq,SVN,IRQ,6.0,8.0,12.0,11.0,15.0,16.0,40.0
Slovenia,Israel,SVN,ISR,1.0,2.0,3.0,12.0,14.0,11.0,16.0
Slovenia,Jordan,SVN,JOR,4.0,3.0,16.0,14.0,13.0,11.0,15.0
Slovenia,Kuwait,SVN,KWT,0.0,0.0,0.0,0.0,1.0,3.0,3.0
Slovenia,Lebanon,SVN,LBN,2.0,4.0,6.0,3.0,4.0,2.0,1.0
Slovenia,Oman,SVN,OMN,0.0,0.0,1.0,0.0,1.0,0.0,0.0
Slovenia,Qatar,SVN,QAT,0.0,0.0,0.0,0.0,0.0,0.0,0.0
Slovenia,Saudi Arabia,SVN,SAU,0.0,0.0,0.0,0.0,1.0,4.0,5.0
Slovenia,State of Palestine,SVN,PSE,0.0,0.0,0.0,0.0,1.0,0.0,1.0
Slovenia,Syrian Arab Republic,SVN,SYR,0.0,0.0,4.0,5.0,9.0,19.0,96.0
Slovenia,Türkiye,SVN,TUR,2.0,2.0,12.0,14.0,27.0,30.0,64.0
Slovenia,United Arab Emirates,SVN,ARE,0.0,0.0,1.0,3.0,10.0,7.0,15.0
Slovenia,Yemen,SVN,YEM,0.0,0.0,1.0,0.0,0.0,4.0,5.0
Slovenia,Belarus,SVN,BLR,8.0,21.0,21.0,44.0,75.0,103.0,137.0
Slovenia,Bulgaria,SVN,BGR,31.0,36.0,48.0,62.0,188.0,457.0,537.0
Slovenia,Czechia,SVN,CZE,283.0,246.0,321.0,288.0,226.0,275.0,262.0
Slovenia,Hungary,SVN,HUN,257.0,218.0,255.0,225.0,266.0,238.0,274.0
Slovenia,Poland,SVN,POL,31.0,96.0,194.0,181.0,249.0,258.0,286.0
Slovenia,Republic of Moldova*,SVN,MDA,8.0,18.0,22.0,88.0,179.0,218.0,249.0
Slovenia,Romania,SVN,ROU,36.0,63.0,94.0,140.0,193.0,247.0,269.0
Slovenia,Russian Federation,SVN,RUS,85.0,253.0,473.0,582.0,639.0,1273.0,2014.0
Slovenia,Slovakia,SVN,SVK,17.0,50.0,12.0,37.0,253.0,370.0,389.0
Slovenia,Ukraine*,SVN,UKR,44.0,131.0,273.0,688.0,1007.0,1266.0,1806.0
Slovenia,Denmark*,SVN,DNK,7.0,10.0,17.0,14.0,23.0,28.0,33.0
Slovenia,Estonia,SVN,EST,0.0,0.0,0.0,0.0,7.0,15.0,13.0
Slovenia,Finland*,SVN,FIN,1.0,1.0,7.0,6.0,20.0,21.0,21.0
Slovenia,Iceland,SVN,ISL,0.0,0.0,5.0,6.0,6.0,6.0,4.0
Slovenia,Ireland,SVN,IRL,1.0,1.0,4.0,5.0,14.0,18.0,24.0
Slovenia,Latvia,SVN,LVA,1.0,4.0,7.0,5.0,17.0,32.0,46.0
Slovenia,Lithuania,SVN,LTU,1.0,1.0,1.0,5.0,18.0,27.0,40.0
Slovenia,Norway*,SVN,NOR,0.0,0.0,7.0,10.0,13.0,10.0,13.0
Slovenia,Sweden,SVN,SWE,114.0,110.0,203.0,198.0,195.0,155.0,160.0
Slovenia,United Kingdom*,SVN,GBR,39.0,50.0,98.0,105.0,226.0,238.0,299.0
Slovenia,Albania,SVN,ALB,5.0,17.0,31.0,30.0,48.0,69.0,99.0
Slovenia,Bosnia and Herzegovina,SVN,BIH,33513.0,31789.0,34589.0,33844.0,38761.0,39496.0,45179.0
Slovenia,Croatia,SVN,HRV,23480.0,23904.0,29875.0,28274.0,28543.0,23908.0,23372.0
Slovenia,Greece,SVN,GRC,21.0,26.0,27.0,33.0,42.0,44.0,55.0
Slovenia,Italy,SVN,ITA,2639.0,2056.0,2635.0,2173.0,2179.0,1617.0,1786.0
Slovenia,Malta,SVN,MLT,0.0,0.0,1.0,1.0,4.0,4.0,3.0
Slovenia,Montenegro,SVN,MNE,1293.0,1205.0,0.0,0.0,1262.0,1310.0,1591.0
Slovenia,North Macedonia,SVN,MKD,3285.0,2768.0,2418.0,3156.0,5061.0,6267.0,7719.0
Slovenia,Portugal,SVN,PRT,1.0,2.0,9.0,10.0,20.0,24.0,25.0
Slovenia,San Marino,SVN,SMR,0.0,0.0,0.0,0.0,0.0,0.0,0.0
Slovenia,Serbia*,SVN,SRB,12136.0,11313.0,13240.0,14711.0,11668.0,15618.0,18171.0
Slovenia,Spain*,SVN,ESP,64.0,165.0,20.0,24.0,48.0,267.0,99.0
Slovenia,Austria,SVN,AUT,2633.0,2066.0,3235.0,2858.0,2895.0,1462.0,1383.0
Slovenia,Belgium,SVN,BEL,134.0,123.0,166.0,163.0,195.0,153.0,152.0
Slovenia,France*,SVN,FRA,756.0,687.0,918.0,858.0,901.0,609.0,577.0
Slovenia,Germany,SVN,DEU,4412.0,3618.0,6343.0,6118.0,6185.0,3744.0,3651.0
Slovenia,Liechtenstein,SVN,LIE,0.0,0.0,8.0,8.0,7.0,4.0,2.0
Slovenia,Luxembourg,SVN,LUX,16.0,14.0,17.0,17.0,25.0,15.0,17.0
Slovenia,Netherlands*,SVN,NLD,138.0,125.0,161.0,154.0,178.0,139.0,148.0
Slovenia,Switzerland,SVN,CHE,396.0,366.0,655.0,696.0,680.0,464.0,454.0
Slovenia,Aruba*,SVN,ABW,0.0,0.0,0.0,0.0,0.0,2.0,0.0
Slovenia,Bahamas,SVN,BHS,0.0,0.0,0.0,0.0,0.0,0.0,0.0
Slovenia,Barbados,SVN,BRB,0.0,0.0,0.0,0.0,1.0,1.0,1.0
Slovenia,Cuba,SVN,CUB,1.0,2.0,2.0,8.0,23.0,34.0,50.0
Slovenia,Dominica,SVN,DMA,0.0,0.0,0.0,0.0,1.0,2.0,0.0
Slovenia,Dominican Republic,SVN,DOM,1.0,2.0,1.0,31.0,141.0,144.0,162.0
Slovenia,Haiti,SVN,HTI,0.0,0.0,0.0,0.0,1.0,4.0,1.0
Slovenia,Jamaica,SVN,JAM,0.0,0.0,0.0,0.0,1.0,3.0,1.0
Slovenia,Montserrat*,SVN,MSR,0.0,0.0,0.0,0.0,0.0,1.0,0.0
Slovenia,Trinidad and Tobago,SVN,TTO,0.0,0.0,0.0,0.0,1.0,2.0,2.0
Slovenia,Belize,SVN,BLZ,0.0,0.0,0.0,0.0,0.0,0.0,1.0
Slovenia,Costa Rica,SVN,CRI,0.0,0.0,1.0,0.0,1.0,2.0,2.0
Slovenia,El Salvador,SVN,SLV,0.0,0.0,0.0,0.0,1.0,0.0,1.0
Slovenia,Guatemala,SVN,GTM,0.0,0.0,0.0,0.0,1.0,1.0,1.0
Slovenia,Honduras,SVN,HND,0.0,0.0,1.0,0.0,0.0,2.0,1.0
Slovenia,Mexico,SVN,MEX,2.0,4.0,6.0,10.0,19.0,29.0,51.0
Slovenia,Nicaragua,SVN,NIC,0.0,0.0,0.0,0.0,3.0,2.0,5.0
Slovenia,Panama,SVN,PAN,0.0,0.0,0.0,0.0,2.0,1.0,0.0
Slovenia,Argentina,SVN,ARG,40.0,63.0,80.0,157.0,198.0,205.0,207.0
Slovenia,Bolivia (Plurinational State of),SVN,BOL,0.0,0.0,0.0,0.0,8.0,7.0,9.0
Slovenia,Brazil,SVN,BRA,3.0,10.0,13.0,22.0,58.0,77.0,128.0
Slovenia,Chile,SVN,CHL,3.0,7.0,10.0,9.0,12.0,11.0,14.0
Slovenia,Colombia,SVN,COL,1.0,1.0,2.0,7.0,20.0,29.0,45.0
Slovenia,Ecuador,SVN,ECU,0.0,0.0,2.0,1.0,6.0,5.0,7.0
Slovenia,Guyana,SVN,GUY,0.0,0.0,0.0,0.0,2.0,1.0,0.0
Slovenia,Paraguay,SVN,PRY,0.0,0.0,0.0,0.0,0.0,0.0,0.0
Slovenia,Peru,SVN,PER,2.0,3.0,4.0,8.0,15.0,26.0,34.0
Slovenia,Suriname,SVN,SUR,0.0,0.0,0.0,0.0,1.0,0.0,0.0
Slovenia,Uruguay,SVN,URY,0.0,0.0,2.0,5.0,11.0,7.0,7.0
Slovenia,Venezuela (Bolivarian Republic of),SVN,VEN,0.0,0.0,0.0,0.0,20.0,28.0,49.0
Slovenia,Bermuda*,SVN,BMU,0.0,0.0,0.0,0.0,0.0,0.0,0.0
Slovenia,Canada,SVN,CAN,149.0,133.0,187.0,197.0,204.0,186.0,180.0
Slovenia,United States of America*,SVN,USA,474.0,354.0,424.0,371.0,333.0,323.0,386.0
Slovenia,Australia*,SVN,AUS,123.0,115.0,153.0,173.0,191.0,162.0,166.0
Slovenia,New Zealand*,SVN,NZL,0.0,0.0,0.0,0.0,7.0,10.0,13.0
Slovenia,Fiji,SVN,FJI,0.0,0.0,0.0,0.0,1.0,1.0,0.0
Slovenia,Papua New Guinea,SVN,PNG,0.0,0.0,0.0,0.0,1.0,1.0,1.0
Slovenia,Solomon Islands,SVN,SLB,0.0,0.0,0.0,0.0,0.0,1.0,0.0
Slovenia,French Polynesia*,SVN,PYF,0.0,0.0,0.0,0.0,0.0,0.0,0.0
Slovenia,Wallis and Futuna Islands*,SVN,WLF,0.0,0.0,0.0,0.0,0.0,1.0,0.0
Spain*,Equatorial Guinea,ESP,GNQ,0.0,1811.0,6439.0,10767.0,13180.0,12048.0,13812.0
Spain*,Algeria,ESP,DZA,3243.0,5098.0,7338.0,13065.0,18777.0,21289.0,25700.0
Spain*,Morocco,ESP,MAR,47827.0,73604.0,109914.0,195904.0,301759.0,314868.0,390382.0
Spain*,Gambia,ESP,GMB,0.0,443.0,1368.0,2517.0,3348.0,3656.0,4326.0
Spain*,Ghana,ESP,GHA,88.0,191.0,404.0,1406.0,2468.0,3141.0,4974.0
Spain*,Mali,ESP,MLI,30.0,88.0,240.0,788.0,1726.0,2366.0,3313.0
Spain*,Nigeria,ESP,NGA,116.0,47.0,16.0,9382.0,14109.0,13063.0,13913.0
Spain*,Senegal,ESP,SEN,24.0,260.0,1409.0,4832.0,9124.0,11170.0,15564.0
Spain*,China,ESP,CHN,4357.0,7300.0,12030.0,43344.0,80132.0,86490.0,102163.0
Spain*,Bangladesh,ESP,BGD,164.0,207.0,255.0,858.0,2019.0,2853.0,4899.0
Spain*,India,ESP,IND,1731.0,2515.0,3576.0,6523.0,11370.0,13929.0,20489.0
Spain*,Pakistan,ESP,PAK,415.0,761.0,1206.0,4153.0,10913.0,17419.0,26518.0
Spain*,Philippines,ESP,PHL,4637.0,6883.0,9996.0,15778.0,24738.0,27187.0,33097.0
Spain*,Georgia,ESP,GEO,3.0,63.0,391.0,1195.0,2809.0,5389.0,9629.0
Spain*,Bulgaria,ESP,BGR,0.0,3673.0,10841.0,42339.0,66934.0,61122.0,57978.0
Spain*,Poland,ESP,POL,892.0,2469.0,6541.0,20004.0,35861.0,31954.0,30231.0
Spain*,Republic of Moldova*,ESP,MDA,0.0,261.0,753.0,4341.0,8447.0,9023.0,11630.0
Spain*,Romania,ESP,ROU,0.0,6808.0,18131.0,162770.0,347055.0,320896.0,297545.0
Spain*,Russian Federation,ESP,RUS,404.0,1682.0,6029.0,25025.0,39250.0,51575.0,62088.0
Spain*,Ukraine*,ESP,UKR,0.0,3025.0,8216.0,31338.0,43686.0,49437.0,64330.0
Spain*,Ireland,ESP,IRL,1152.0,1579.0,2098.0,4722.0,6538.0,6760.0,7197.0
Spain*,Sweden,ESP,SWE,3492.0,4226.0,5058.0,8172.0,10078.0,9728.0,10066.0
Spain*,United Kingdom*,ESP,GBR,34391.0,42639.0,51959.0,116581.0,158606.0,146097.0,141567.0
Spain*,Italy,ESP,ITA,4531.0,6546.0,9238.0,20426.0,33702.0,40441.0,59746.0
Spain*,Portugal,ESP,PRT,21474.0,24563.0,27876.0,37775.0,52891.0,46043.0,43422.0
Spain*,Belgium,ESP,BEL,9897.0,2911.0,692.0,18702.0,20824.0,20786.0,23385.0
Spain*,France*,ESP,FRA,71089.0,76563.0,82148.0,97807.0,107502.0,102743.0,107451.0
Spain*,Germany,ESP,DEU,46272.0,55685.0,66547.0,91794.0,106947.0,95757.0,86324.0
Spain*,Netherlands*,ESP,NLD,7815.0,9420.0,11228.0,17758.0,22486.0,21375.0,22714.0
Spain*,Switzerland,ESP,CHE,19937.0,22803.0,26065.0,29971.0,31887.0,29916.0,29293.0
Spain*,Cuba,ESP,CUB,12683.0,18251.0,25990.0,40798.0,58037.0,71426.0,89775.0
Spain*,Dominican Republic,ESP,DOM,4102.0,10196.0,24447.0,51642.0,85059.0,95815.0,110083.0
Spain*,El Salvador,ESP,SLV,770.0,1112.0,1579.0,2508.0,4247.0,7876.0,15193.0
Spain*,Honduras,ESP,HND,713.0,1196.0,1974.0,5425.0,19671.0,33412.0,95024.0
Spain*,Mexico,ESP,MEX,6505.0,8582.0,11198.0,19714.0,25752.0,27544.0,35516.0
Spain*,Nicaragua,ESP,NIC,550.0,780.0,1087.0,2015.0,9900.0,17604.0,46566.0
Spain*,Argentina,ESP,ARG,26938.0,36326.0,48196.0,118759.0,135432.0,122152.0,146675.0
Spain*,Bolivia (Plurinational State of),ESP,BOL,1906.0,3445.0,6106.0,64798.0,121125.0,94862.0,104833.0
Spain*,Brazil,ESP,BRA,7100.0,11673.0,18659.0,44900.0,79924.0,66850.0,94874.0
Spain*,Chile,ESP,CHL,3576.0,5563.0,8502.0,22687.0,32509.0,28017.0,32496.0
Spain*,Colombia,ESP,COL,8120.0,25584.0,74691.0,159265.0,212992.0,201794.0,297965.0
Spain*,Ecuador,ESP,ECU,1151.0,12732.0,70377.0,236393.0,254100.0,217953.0,222429.0
Spain*,Paraguay,ESP,PRY,1286.0,1309.0,1293.0,13979.0,54719.0,47838.0,71881.0
Spain*,Peru,ESP,PER,6172.0,12753.0,25827.0,61899.0,105159.0,102144.0,137274.0
Spain*,Uruguay,ESP,URY,623.0,2500.0,8774.0,33395.0,40799.0,36207.0,41189.0
Spain*,Venezuela (Bolivarian Republic of),ESP,VEN,21388.0,26934.0,33539.0,59630.0,80159.0,90117.0,216546.0
Spain*,United States of America*,ESP,USA,7823.0,9217.0,10705.0,15171.0,18356.0,21251.0,28243.0
Austria,Somalia,AUT,SOM,14.0,26.0,44.0,85.0,490.0,1235.0,2250.0
Austria,Egypt,AUT,EGY,1653.0,2147.0,2505.0,4211.0,4775.0,5021.0,5656.0
Austria,Tunisia,AUT,TUN,249.0,358.0,501.0,791.0,1037.0,1193.0,1490.0
Austria,South Africa,AUT,ZAF,776.0,925.0,1075.0,1252.0,1313.0,1370.0,1685.0
Austria,Nigeria,AUT,NGA,227.0,374.0,593.0,2019.0,2348.0,2677.0,3146.0
Austria,China,AUT,CHN,2550.0,3469.0,4628.0,6853.0,7510.0,9152.0,10448.0
Austria,Afghanistan,AUT,AFG,207.0,374.0,707.0,1544.0,2952.0,8500.0,14357.0
Austria,India,AUT,IND,1846.0,2386.0,3053.0,4352.0,4944.0,5558.0,6714.0
Austria,Iran (Islamic Republic of),AUT,IRN,3376.0,4078.0,4821.0,5132.0,5887.0,7771.0,10792.0
Austria,Pakistan,AUT,PAK,221.0,359.0,569.0,1043.0,1528.0,1726.0,2109.0
Austria,Philippines,AUT,PHL,3719.0,4636.0,5722.0,7337.0,7931.0,8576.0,9149.0
Austria,Thailand,AUT,THA,947.0,1388.0,1983.0,3318.0,3954.0,4840.0,5515.0
Austria,Viet Nam,AUT,VNM,762.0,946.0,1147.0,1413.0,1526.0,1682.0,2033.0
Austria,Armenia,AUT,ARM,46.0,84.0,151.0,888.0,1313.0,1659.0,1806.0
Austria,Georgia,AUT,GEO,45.0,90.0,175.0,955.0,1461.0,1833.0,2153.0
Austria,Iraq,AUT,IRQ,594.0,816.0,1096.0,1377.0,1887.0,3688.0,5550.0
Austria,Syrian Arab Republic,AUT,SYR,188.0,323.0,544.0,857.0,1159.0,6789.0,20844.0
Austria,Türkiye,AUT,TUR,36284.0,44598.0,53049.0,68579.0,74349.0,75781.0,75865.0
Austria,Bulgaria,AUT,BGR,1434.0,2293.0,3420.0,5716.0,7962.0,12650.0,17195.0
Austria,Czechia,AUT,CZE,34726.0,33846.0,32107.0,33049.0,27589.0,25030.0,22578.0
Austria,Hungary,AUT,HUN,9920.0,12854.0,16135.0,18127.0,21460.0,35121.0,45049.0
Austria,Poland,AUT,POL,13394.0,17419.0,22217.0,26873.0,31641.0,37287.0,39342.0
Austria,Republic of Moldova*,AUT,MDA,60.0,106.0,172.0,815.0,997.0,1453.0,2332.0
Austria,Romania,AUT,ROU,10729.0,15150.0,20205.0,26371.0,35043.0,51724.0,68611.0
Austria,Russian Federation,AUT,RUS,971.0,1754.0,3301.0,11054.0,14715.0,19133.0,21405.0
Austria,Slovakia,AUT,SVK,4614.0,6990.0,9996.0,10775.0,16740.0,23254.0,27687.0
Austria,Ukraine*,AUT,UKR,814.0,1345.0,2088.0,3817.0,5384.0,7818.0,10362.0
Austria,United Kingdom*,AUT,GBR,2187.0,2720.0,3332.0,3822.0,4372.0,4803.0,5646.0
Austria,Albania,AUT,ALB,441.0,616.0,832.0,1157.0,1357.0,1776.0,2477.0
Austria,Bosnia and Herzegovina,AUT,BIH,47235.0,56881.0,67032.0,63549.0,74259.0,80362.0,86551.0
Austria,Croatia,AUT,HRV,17038.0,19423.0,21202.0,18390.0,21221.0,22603.0,25632.0
Austria,Greece,AUT,GRC,527.0,722.0,961.0,1143.0,1321.0,2260.0,3010.0
Austria,Italy,AUT,ITA,12536.0,13180.0,13513.0,13246.0,12637.0,14290.0,16171.0
Austria,North Macedonia,AUT,MKD,3244.0,4444.0,5866.0,7469.0,9744.0,11192.0,13469.0
Austria,Serbia*,AUT,SRB,50921.0,57612.0,63642.0,67591.0,74685.0,71256.0,75459.0
Austria,Slovenia,AUT,SVN,11477.0,12481.0,13027.0,9279.0,10812.0,11902.0,13294.0
Austria,Spain*,AUT,ESP,518.0,771.0,1127.0,1563.0,1955.0,3343.0,4095.0
Austria,France*,AUT,FRA,2304.0,2793.0,3309.0,3801.0,4164.0,4591.0,5052.0
Austria,Germany,AUT,DEU,51492.0,64343.0,79219.0,90919.0,104746.0,116006.0,126391.0
Austria,Netherlands*,AUT,NLD,1794.0,2271.0,2816.0,3203.0,3883.0,4213.0,4719.0
Austria,Switzerland,AUT,CHE,4587.0,5397.0,6195.0,6961.0,7449.0,7909.0,8465.0
Austria,Brazil,AUT,BRA,961.0,1290.0,1669.0,2431.0,2889.0,3282.0,4165.0
Austria,United States of America*,AUT,USA,2430.0,3019.0,3665.0,4188.0,4802.0,5486.0,6151.0
Belgium,Burundi,BEL,BDI,1125.0,1469.0,1911.0,2542.0,3386.0,3884.0,5096.0
Belgium,Eritrea,BEL,ERI,0.0,0.0,0.0,2.0,11.0,100.0,698.0
Belgium,Ethiopia,BEL,ETH,174.0,282.0,456.0,770.0,1387.0,1890.0,2567.0
Belgium,Madagascar,BEL,MDG,289.0,477.0,781.0,1019.0,1314.0,1512.0,1733.0
Belgium,Mauritius,BEL,MUS,1203.0,1559.0,1997.0,2240.0,2390.0,2515.0,2575.0
Belgium,Rwanda,BEL,RWA,1789.0,2455.0,3363.0,4892.0,7005.0,7700.0,8124.0
Belgium,Somalia,BEL,SOM,56.0,98.0,172.0,486.0,884.0,1838.0,4101.0
Belgium,Angola,BEL,AGO,310.0,527.0,892.0,1577.0,2643.0,3130.0,3743.0
Belgium,Cameroon,BEL,CMR,335.0,580.0,996.0,2258.0,5573.0,8687.0,11927.0
Belgium,Congo,BEL,COG,2454.0,2296.0,2148.0,2001.0,2202.0,2111.0,2064.0
Belgium,Democratic Republic of the Congo,BEL,COD,22005.0,23142.0,24311.0,33990.0,42075.0,45333.0,46945.0
Belgium,Algeria,BEL,DZA,4925.0,5583.0,6316.0,7990.0,10090.0,11254.0,12622.0
Belgium,Egypt,BEL,EGY,568.0,611.0,655.0,789.0,1034.0,1399.0,1778.0
Belgium,Morocco,BEL,MAR,36966.0,42850.0,49609.0,66999.0,87931.0,101651.0,112700.0
Belgium,Tunisia,BEL,TUN,1832.0,2145.0,2504.0,3202.0,4175.0,5153.0,6428.0
Belgium,South Africa,BEL,ZAF,992.0,1152.0,1351.0,1573.0,1821.0,1921.0,2308.0
Belgium,Côte d'Ivoire,BEL,CIV,317.0,430.0,577.0,1050.0,1935.0,2824.0,3519.0
Belgium,Ghana,BEL,GHA,168.0,410.0,995.0,1942.0,3160.0,4378.0,5214.0
Belgium,Guinea,BEL,GIN,93.0,144.0,219.0,688.0,2834.0,6438.0,8878.0
Belgium,Mauritania,BEL,MRT,24.0,33.0,44.0,113.0,291.0,492.0,689.0
Belgium,Niger,BEL,NER,39.0,56.0,79.0,170.0,477.0,713.0,883.0
Belgium,Nigeria,BEL,NGA,218.0,322.0,470.0,1129.0,2224.0,2868.0,3394.0
Belgium,Senegal,BEL,SEN,264.0,372.0,522.0,882.0,1573.0,2402.0,3280.0
Belgium,Sierra Leone,BEL,SLE,52.0,75.0,109.0,256.0,480.0,691.0,885.0
Belgium,Togo,BEL,TGO,59.0,118.0,231.0,690.0,1700.0,2317.0,2892.0
Belgium,China,BEL,CHN,1737.0,2506.0,3604.0,6552.0,9555.0,11164.0,12802.0
Belgium,Japan,BEL,JPN,1380.0,1659.0,1994.0,2396.0,2648.0,2676.0,2685.0
Belgium,Republic of Korea,BEL,KOR,1692.0,1932.0,2207.0,2523.0,2749.0,2798.0,2946.0
Belgium,Afghanistan,BEL,AFG,133.0,329.0,632.0,1054.0,2020.0,4544.0,8620.0
Belgium,Bangladesh,BEL,BGD,144.0,225.0,353.0,553.0,804.0,990.0,1122.0
Belgium,India,BEL,IND,2726.0,3581.0,4702.0,6111.0,7628.0,9731.0,13225.0
Belgium,Iran (Islamic Republic of),BEL,IRN,778.0,1163.0,1741.0,2604.0,4045.0,4683.0,5775.0
Belgium,Nepal,BEL,NPL,96.0,155.0,250.0,404.0,941.0,1697.0,2065.0
Belgium,Pakistan,BEL,PAK,660.0,898.0,1223.0,2049.0,3401.0,4464.0,5354.0
Belgium,Indonesia,BEL,IDN,1232.0,1401.0,1594.0,1798.0,1993.0,2114.0,2340.0
Belgium,Philippines,BEL,PHL,1048.0,1971.0,3693.0,5317.0,6669.0,8146.0,9285.0
Belgium,Thailand,BEL,THA,807.0,1353.0,2266.0,3792.0,5845.0,6901.0,7912.0
Belgium,Viet Nam,BEL,VNM,2265.0,2822.0,3511.0,4078.0,4413.0,4635.0,4919.0
Belgium,Armenia,BEL,ARM,37.0,60.0,97.0,157.0,620.0,651.0,1032.0
Belgium,Iraq,BEL,IRQ,203.0,337.0,558.0,924.0,2278.0,5069.0,8085.0
Belgium,Israel,BEL,ISR,826.0,967.0,1132.0,1325.0,1441.0,1430.0,1428.0
Belgium,Lebanon,BEL,LBN,646.0,867.0,1160.0,1545.0,2098.0,2539.0,3542.0
Belgium,State of Palestine,BEL,PSE,9.0,14.0,22.0,36.0,96.0,198.0,1258.0
Belgium,Syrian Arab Republic,BEL,SYR,339.0,518.0,790.0,1204.0,1984.0,5990.0,15292.0
Belgium,Türkiye,BEL,TUR,25022.0,28681.0,32852.0,39966.0,45976.0,47347.0,48984.0
Belgium,Bulgaria,BEL,BGR,522.0,762.0,1099.0,2735.0,8382.0,15105.0,20473.0
Belgium,Hungary,BEL,HUN,2877.0,2826.0,2774.0,3122.0,3831.0,4458.0,4652.0
Belgium,Poland,BEL,POL,12165.0,12463.0,12405.0,16976.0,31375.0,42154.0,44091.0
Belgium,Republic of Moldova*,BEL,MDA,5.0,8.0,12.0,38.0,133.0,451.0,1636.0
Belgium,Romania,BEL,ROU,1801.0,2545.0,3584.0,6539.0,16921.0,32764.0,45922.0
Belgium,Russian Federation,BEL,RUS,42.0,68.0,109.0,602.0,2793.0,3379.0,4235.0
Belgium,Ukraine*,BEL,UKR,19.0,31.0,50.0,148.0,358.0,752.0,1843.0
Belgium,Finland*,BEL,FIN,671.0,1055.0,1700.0,1808.0,1834.0,1671.0,1682.0
Belgium,Ireland,BEL,IRL,1137.0,1392.0,1712.0,1626.0,1574.0,1670.0,1695.0
Belgium,Latvia,BEL,LVA,29.0,47.0,75.0,221.0,488.0,922.0,1251.0
Belgium,Lithuania,BEL,LTU,38.0,62.0,100.0,261.0,695.0,1177.0,1723.0
Belgium,Sweden,BEL,SWE,1149.0,1575.0,2171.0,2122.0,2099.0,1832.0,1716.0
Belgium,United Kingdom*,BEL,GBR,12903.0,13121.0,13346.0,12337.0,11334.0,10570.0,10467.0
Belgium,Albania,BEL,ALB,271.0,369.0,497.0,1410.0,3301.0,4805.0,6449.0
Belgium,Greece,BEL,GRC,7069.0,7179.0,7294.0,7187.0,7172.0,8253.0,9187.0
Belgium,Italy,BEL,ITA,69794.0,67038.0,64386.0,60977.0,58502.0,58325.0,57619.0
Belgium,North Macedonia,BEL,MKD,7.0,11.0,18.0,70.0,455.0,643.0,928.0
Belgium,Portugal,BEL,PRT,6738.0,8450.0,10635.0,11748.0,13670.0,17029.0,18068.0
Belgium,Spain*,BEL,ESP,20645.0,20172.0,19768.0,19385.0,20605.0,24904.0,26866.0
Belgium,Austria,BEL,AUT,1672.0,1776.0,1887.0,1909.0,1900.0,1894.0,1896.0
Belgium,France*,BEL,FRA,85147.0,85966.0,86580.0,87672.0,96269.0,99858.0,101845.0
Belgium,Germany,BEL,DEU,40528.0,43457.0,46792.0,46588.0,46305.0,44442.0,43096.0
Belgium,Luxembourg,BEL,LUX,5940.0,5898.0,5897.0,6101.0,6717.0,7105.0,7604.0
Belgium,Netherlands*,BEL,NLD,42345.0,45521.0,48789.0,55612.0,63225.0,64991.0,66152.0
Belgium,Switzerland,BEL,CHE,2254.0,2333.0,2422.0,2567.0,2691.0,2780.0,2910.0
Belgium,Dominican Republic,BEL,DOM,97.0,205.0,424.0,826.0,1316.0,1720.0,1948.0
Belgium,El Salvador,BEL,SLV,80.0,105.0,138.0,183.0,225.0,321.0,1381.0
Belgium,Mexico,BEL,MEX,375.0,504.0,676.0,907.0,1179.0,1486.0,1999.0
Belgium,Argentina,BEL,ARG,655.0,736.0,826.0,926.0,1055.0,1220.0,1490.0
Belgium,Brazil,BEL,BRA,1168.0,1720.0,2523.0,3672.0,5889.0,7853.0,10698.0
Belgium,Chile,BEL,CHL,1262.0,1442.0,1648.0,1882.0,2104.0,2204.0,2253.0
Belgium,Colombia,BEL,COL,712.0,1032.0,1493.0,2159.0,2974.0,3683.0,4635.0
Belgium,Ecuador,BEL,ECU,300.0,535.0,941.0,1639.0,2863.0,3697.0,4059.0
Belgium,Peru,BEL,PER,489.0,700.0,1010.0,1465.0,2028.0,2341.0,2648.0
Belgium,Suriname,BEL,SUR,184.0,241.0,314.0,406.0,719.0,1744.0,2952.0
Belgium,Venezuela (Bolivarian Republic of),BEL,VEN,182.0,253.0,352.0,487.0,659.0,882.0,1789.0
Belgium,Canada,BEL,CAN,1820.0,2026.0,2255.0,2507.0,2661.0,2709.0,2723.0
Belgium,United States of America*,BEL,USA,6566.0,6872.0,7193.0,7309.0,7844.0,8037.0,8026.0
France*,Comoros,FRA,COM,5022.0,7638.0,11320.0,15783.0,19574.0,58670.0,83889.0
France*,Madagascar,FRA,MDG,33770.0,40757.0,49821.0,61972.0,67789.0,79586.0,90456.0
France*,Mauritius,FRA,MUS,15030.0,17718.0,20622.0,23483.0,24887.0,26781.0,27599.0
France*,Cameroon,FRA,CMR,12469.0,16009.0,22211.0,37454.0,47969.0,57876.0,67231.0
France*,Congo,FRA,COG,9351.0,14671.0,22124.0,29723.0,34984.0,40860.0,47651.0
France*,Democratic Republic of the Congo,FRA,COD,11073.0,12182.0,15099.0,26140.0,35135.0,46057.0,57159.0
France*,Gabon,FRA,GAB,4103.0,4912.0,6317.0,9635.0,11206.0,13842.0,18888.0
France*,Algeria,FRA,DZA,635652.0,621938.0,621761.0,666857.0,682060.0,702173.0,719717.0
France*,Egypt,FRA,EGY,8641.0,8550.0,8684.0,9647.0,10260.0,10599.0,11766.0
France*,Morocco,FRA,MAR,289847.0,316052.0,349690.0,405201.0,438280.0,479555.0,520886.0
France*,Sudan,FRA,SDN,182.0,289.0,457.0,714.0,1093.0,1692.0,3949.0
France*,Tunisia,FRA,TUN,163180.0,161167.0,160797.0,166733.0,170358.0,181600.0,198685.0
France*,Benin,FRA,BEN,4188.0,4894.0,5958.0,8123.0,9372.0,11027.0,13506.0
France*,Cabo Verde,FRA,CPV,4118.0,5452.0,7345.0,10073.0,12482.0,16283.0,17741.0
France*,Côte d'Ivoire,FRA,CIV,15335.0,19645.0,26497.0,41085.0,49601.0,61059.0,76023.0
France*,Guinea,FRA,GIN,3915.0,3695.0,4422.0,10195.0,13809.0,18941.0,28995.0
France*,Mali,FRA,MLI,10893.0,13067.0,16330.0,22955.0,27724.0,33210.0,38943.0
France*,Senegal,FRA,SEN,28637.0,33157.0,38679.0,46601.0,53909.0,63347.0,75331.0
France*,China,FRA,CHN,9260.0,14502.0,23393.0,40992.0,55984.0,65556.0,70003.0
France*,Afghanistan,FRA,AFG,617.0,876.0,1197.0,1503.0,1716.0,2737.0,6419.0
France*,India,FRA,IND,9869.0,12701.0,16239.0,20608.0,22978.0,26162.0,29614.0
France*,Pakistan,FRA,PAK,3231.0,3890.0,4826.0,6653.0,7754.0,9310.0,11465.0
France*,Sri Lanka,FRA,LKA,4502.0,7764.0,12474.0,16635.0,19633.0,25029.0,25971.0
France*,Cambodia,FRA,KHM,28002.0,27919.0,28279.0,30169.0,31533.0,31133.0,32222.0
France*,Lao People's Democratic Republic,FRA,LAO,21700.0,21203.0,20833.0,21010.0,20782.0,20084.0,20168.0
France*,Viet Nam,FRA,VNM,57298.0,59053.0,61229.0,64191.0,65404.0,65801.0,67762.0
France*,Armenia,FRA,ARM,1333.0,2168.0,3733.0,6940.0,10943.0,16378.0,19877.0
France*,Lebanon,FRA,LBN,15192.0,15118.0,15642.0,18286.0,19397.0,20299.0,22307.0
France*,Syrian Arab Republic,FRA,SYR,5279.0,5414.0,5690.0,6465.0,7162.0,11043.0,20680.0
France*,Türkiye,FRA,TUR,75738.0,80889.0,89084.0,108487.0,119975.0,122838.0,122220.0
France*,Bulgaria,FRA,BGR,2186.0,3172.0,4791.0,7901.0,10680.0,14906.0,17498.0
France*,Poland,FRA,POL,85145.0,76281.0,68611.0,65090.0,64020.0,61407.0,56060.0
France*,Republic of Moldova*,FRA,MDA,110.0,179.0,472.0,2333.0,4525.0,9573.0,17379.0
France*,Romania,FRA,ROU,8039.0,10595.0,14846.0,24139.0,39662.0,62253.0,74269.0
France*,Russian Federation,FRA,RUS,13959.0,12456.0,13212.0,22838.0,34248.0,46013.0,49862.0
France*,Ukraine*,FRA,UKR,1898.0,2904.0,4731.0,8313.0,10683.0,14887.0,20479.0
France*,United Kingdom*,FRA,GBR,34140.0,40207.0,50212.0,74133.0,85613.0,83487.0,83477.0
France*,Albania,FRA,ALB,528.0,858.0,1493.0,2783.0,3573.0,8434.0,15972.0
France*,Italy,FRA,ITA,256369.0,229597.0,206973.0,193208.0,176378.0,166019.0,162544.0
France*,Portugal,FRA,PRT,287668.0,285367.0,284178.0,289441.0,301160.0,317408.0,307872.0
France*,Serbia*,FRA,SRB,0.0,0.0,305.0,22062.0,37620.0,41153.0,46098.0
France*,Spain*,FRA,ESP,222182.0,202417.0,184660.0,171873.0,159385.0,158848.0,153731.0
France*,Belgium,FRA,BEL,73937.0,73088.0,73431.0,77826.0,80768.0,83509.0,89865.0
France*,Germany,FRA,DEU,122234.0,124051.0,126125.0,129588.0,124961.0,118679.0,108254.0
France*,Luxembourg,FRA,LUX,5961.0,5770.0,5843.0,6719.0,7274.0,8472.0,8566.0
France*,Monaco,FRA,MCO,7022.0,6951.0,7211.0,8750.0,12298.0,13393.0,16132.0
France*,Netherlands*,FRA,NLD,11717.0,13732.0,16367.0,20023.0,21340.0,21182.0,21130.0
France*,Switzerland,FRA,CHE,38715.0,40820.0,43063.0,46720.0,49659.0,52433.0,52229.0
France*,Haiti,FRA,HTI,8071.0,14746.0,25559.0,36425.0,42413.0,50966.0,61043.0
France*,Brazil,FRA,BRA,7566.0,11188.0,16475.0,24048.0,31865.0,38212.0,41084.0
France*,Colombia,FRA,COL,4331.0,5903.0,8228.0,12247.0,15298.0,17517.0,21704.0
France*,Suriname,FRA,SUR,5119.0,6182.0,7980.0,11461.0,12670.0,13331.0,18445.0
France*,United States of America*,FRA,USA,19162.0,20903.0,22974.0,26129.0,28553.0,30141.0,31498.0
Germany,Morocco,DEU,MAR,20194.0,30226.0,34725.0,37266.0,39908.0,48952.0,58065.0
Germany,Kazakhstan,DEU,KAZ,111238.0,118176.0,180093.0,316466.0,417327.0,441324.0,458569.0
Germany,China,DEU,CHN,3933.0,10729.0,18100.0,33090.0,43829.0,62793.0,83130.0
Germany,Afghanistan,DEU,AFG,271.0,3807.0,9440.0,20890.0,34779.0,43256.0,101396.0
Germany,India,DEU,IND,8331.0,10465.0,11803.0,14943.0,20051.0,31799.0,57976.0
Germany,Iran (Islamic Republic of),DEU,IRN,46514.0,43679.0,56562.0,54358.0,52155.0,41773.0,80793.0
Germany,Viet Nam,DEU,VNM,7081.0,28825.0,37485.0,43802.0,48557.0,51436.0,62481.0
Germany,Iraq,DEU,IRQ,10206.0,12790.0,27558.0,35033.0,36169.0,45568.0,101765.0
Germany,Syrian Arab Republic,DEU,SYR,8190.0,11199.0,14663.0,16089.0,16852.0,82827.0,276981.0
Germany,Türkiye,DEU,TUR,449417.0,646744.0,714537.0,650629.0,654879.0,632665.0,645008.0
Germany,Bulgaria,DEU,BGR,18020.0,29946.0,26899.0,29144.0,39766.0,89498.0,146815.0
Germany,Czechia,DEU,CZE,199860.0,226837.0,235761.0,247975.0,253763.0,227233.0,206674.0
Germany,Hungary,DEU,HUN,46502.0,41928.0,47670.0,53705.0,66069.0,78024.0,93553.0
Germany,Poland,DEU,POL,554578.0,616651.0,673403.0,728184.0,848112.0,946609.0,957813.0
Germany,Romania,DEU,ROU,173397.0,239112.0,215008.0,201152.0,237591.0,341490.0,422953.0
Germany,Russian Federation,DEU,RUS,128663.0,152602.0,236050.0,381145.0,478346.0,535790.0,589717.0
Germany,Ukraine*,DEU,UKR,74368.0,83231.0,105121.0,125410.0,127038.0,145649.0,175819.0
Germany,Bosnia and Herzegovina,DEU,BIH,16325.0,160189.0,79093.0,80590.0,82810.0,94320.0,124211.0
Germany,Croatia,DEU,HRV,35119.0,82306.0,91301.0,94873.0,92656.0,105279.0,134051.0
Germany,Greece,DEU,GRC,93324.0,112815.0,115737.0,94890.0,80959.0,103951.0,116218.0
Germany,Italy,DEU,ITA,137558.0,149401.0,161470.0,138642.0,130582.0,154258.0,179293.0
Germany,North Macedonia,DEU,MKD,0.0,11659.0,20622.0,25866.0,28184.0,40236.0,50309.0
Germany,Serbia*,DEU,SRB,2078.0,3981.0,7628.0,14616.0,20572.0,87250.0,114102.0
Germany,Spain*,DEU,ESP,44643.0,45520.0,45844.0,37521.0,38109.0,58367.0,72165.0
Germany,Austria,DEU,AUT,110791.0,112294.0,112824.0,109792.0,109907.0,111529.0,113399.0
Germany,France*,DEU,FRA,45704.0,55454.0,62316.0,59236.0,63917.0,73806.0,81974.0
Germany,United States of America*,DEU,USA,34650.0,43666.0,48253.0,44431.0,48629.0,56620.0,65237.0
Liechtenstein,Eritrea,LIE,ERI,0.0,0.0,0.0,0.0,0.0,1.0,9.0
Liechtenstein,Ethiopia,LIE,ETH,0.0,0.0,0.0,0.0,3.0,4.0,4.0
Liechtenstein,Kenya,LIE,KEN,0.0,0.0,0.0,0.0,4.0,4.0,5.0
Liechtenstein,Madagascar,LIE,MDG,0.0,0.0,0.0,0.0,0.0,0.0,0.0
Liechtenstein,Mauritius,LIE,MUS,0.0,0.0,0.0,0.0,2.0,1.0,1.0
Liechtenstein,Mozambique,LIE,MOZ,0.0,0.0,0.0,0.0,1.0,1.0,1.0
Liechtenstein,Seychelles,LIE,SYC,0.0,0.0,0.0,0.0,0.0,0.0,0.0
Liechtenstein,Somalia,LIE,SOM,0.0,0.0,0.0,0.0,1.0,7.0,10.0
Liechtenstein,Uganda,LIE,UGA,0.0,0.0,0.0,0.0,1.0,1.0,0.0
Liechtenstein,United Republic of Tanzania,LIE,TZA,0.0,0.0,0.0,0.0,1.0,1.0,1.0
Liechtenstein,Zambia,LIE,ZMB,0.0,0.0,0.0,0.0,0.0,1.0,0.0
Liechtenstein,Zimbabwe,LIE,ZWE,0.0,0.0,0.0,0.0,4.0,3.0,3.0
Liechtenstein,Angola,LIE,AGO,0.0,0.0,0.0,0.0,1.0,1.0,2.0
Liechtenstein,Cameroon,LIE,CMR,0.0,0.0,0.0,0.0,1.0,1.0,1.0
Liechtenstein,Democratic Republic of the Congo,LIE,COD,0.0,0.0,0.0,0.0,0.0,0.0,1.0
Liechtenstein,Algeria,LIE,DZA,0.0,0.0,0.0,0.0,1.0,3.0,4.0
Liechtenstein,Egypt,LIE,EGY,0.0,0.0,0.0,0.0,2.0,5.0,6.0
Liechtenstein,Libya,LIE,LBY,0.0,0.0,0.0,0.0,1.0,1.0,0.0
Liechtenstein,Morocco,LIE,MAR,0.0,0.0,0.0,0.0,6.0,8.0,10.0
Liechtenstein,Tunisia,LIE,TUN,0.0,0.0,0.0,2.0,5.0,9.0,11.0
Liechtenstein,South Africa,LIE,ZAF,0.0,0.0,0.0,8.0,17.0,22.0,19.0
Liechtenstein,Burkina Faso,LIE,BFA,0.0,0.0,0.0,0.0,1.0,1.0,1.0
Liechtenstein,Côte d'Ivoire,LIE,CIV,0.0,0.0,0.0,0.0,0.0,0.0,0.0
Liechtenstein,Gambia,LIE,GMB,0.0,0.0,0.0,0.0,0.0,0.0,0.0
Liechtenstein,Guinea,LIE,GIN,0.0,0.0,0.0,0.0,1.0,0.0,0.0
Liechtenstein,Nigeria,LIE,NGA,0.0,0.0,0.0,0.0,1.0,2.0,2.0
Liechtenstein,Senegal,LIE,SEN,0.0,0.0,0.0,0.0,0.0,1.0,1.0
Liechtenstein,Kazakhstan,LIE,KAZ,0.0,0.0,0.0,0.0,4.0,4.0,5.0
Liechtenstein,Kyrgyzstan,LIE,KGZ,0.0,0.0,0.0,0.0,2.0,3.0,3.0
Liechtenstein,Uzbekistan,LIE,UZB,0.0,0.0,0.0,0.0,0.0,1.0,1.0
Liechtenstein,China,LIE,CHN,14.0,19.0,25.0,29.0,35.0,47.0,66.0
Liechtenstein,Japan,LIE,JPN,0.0,0.0,0.0,0.0,7.0,5.0,8.0
Liechtenstein,Republic of Korea,LIE,KOR,0.0,0.0,0.0,0.0,3.0,3.0,4.0
Liechtenstein,Afghanistan,LIE,AFG,0.0,0.0,0.0,0.0,0.0,1.0,3.0
Liechtenstein,Bangladesh,LIE,BGD,0.0,0.0,0.0,0.0,0.0,0.0,2.0
Liechtenstein,India,LIE,IND,0.0,0.0,0.0,4.0,10.0,10.0,10.0
Liechtenstein,Iran (Islamic Republic of),LIE,IRN,0.0,0.0,0.0,0.0,6.0,7.0,6.0
Liechtenstein,Maldives,LIE,MDV,0.0,0.0,0.0,0.0,0.0,0.0,0.0
Liechtenstein,Nepal,LIE,NPL,0.0,0.0,0.0,0.0,0.0,1.0,0.0
Liechtenstein,Pakistan,LIE,PAK,0.0,0.0,0.0,0.0,1.0,3.0,2.0
Liechtenstein,Sri Lanka,LIE,LKA,0.0,0.0,0.0,0.0,2.0,3.0,3.0
Liechtenstein,Cambodia,LIE,KHM,0.0,0.0,0.0,0.0,1.0,1.0,1.0
Liechtenstein,Indonesia,LIE,IDN,0.0,0.0,0.0,0.0,3.0,7.0,9.0
Liechtenstein,Lao People's Democratic Republic,LIE,LAO,0.0,0.0,0.0,10.0,21.0,22.0,26.0
Liechtenstein,Malaysia,LIE,MYS,0.0,0.0,0.0,0.0,1.0,1.0,0.0
Liechtenstein,Philippines,LIE,PHL,0.0,0.0,1.0,16.0,33.0,35.0,47.0
Liechtenstein,Singapore,LIE,SGP,0.0,0.0,0.0,0.0,2.0,3.0,5.0
Liechtenstein,Thailand,LIE,THA,0.0,1.0,2.0,31.0,61.0,71.0,71.0
Liechtenstein,Viet Nam,LIE,VNM,0.0,0.0,0.0,0.0,7.0,7.0,9.0
Liechtenstein,Armenia,LIE,ARM,0.0,0.0,0.0,0.0,3.0,5.0,5.0
Liechtenstein,Azerbaijan,LIE,AZE,0.0,0.0,0.0,0.0,0.0,1.0,0.0
Liechtenstein,Georgia,LIE,GEO,0.0,0.0,0.0,0.0,0.0,1.0,2.0
Liechtenstein,Iraq,LIE,IRQ,0.0,0.0,0.0,0.0,0.0,2.0,4.0
Liechtenstein,Israel,LIE,ISR,0.0,0.0,0.0,0.0,4.0,5.0,3.0
Liechtenstein,Jordan,LIE,JOR,0.0,0.0,0.0,0.0,0.0,1.0,3.0
Liechtenstein,Kuwait,LIE,KWT,0.0,0.0,0.0,0.0,0.0,0.0,0.0
Liechtenstein,Syrian Arab Republic,LIE,SYR,0.0,0.0,0.0,0.0,1.0,2.0,15.0
Liechtenstein,Türkiye,LIE,TUR,382.0,482.0,581.0,431.0,285.0,290.0,284.0
Liechtenstein,United Arab Emirates,LIE,ARE,0.0,0.0,0.0,0.0,0.0,1.0,0.0
Liechtenstein,Belarus,LIE,BLR,0.0,0.0,0.0,0.0,4.0,4.0,3.0
Liechtenstein,Bulgaria,LIE,BGR,0.0,0.0,0.0,3.0,7.0,11.0,15.0
Liechtenstein,Czechia,LIE,CZE,0.0,0.0,0.0,18.0,38.0,40.0,46.0
Liechtenstein,Hungary,LIE,HUN,0.0,0.0,0.0,15.0,32.0,45.0,56.0
Liechtenstein,Poland,LIE,POL,0.0,0.0,0.0,18.0,37.0,47.0,53.0
Liechtenstein,Republic of Moldova*,LIE,MDA,0.0,0.0,0.0,0.0,4.0,5.0,5.0
Liechtenstein,Romania,LIE,ROU,2.0,4.0,7.0,10.0,15.0,22.0,29.0
Liechtenstein,Russian Federation,LIE,RUS,5.0,10.0,16.0,23.0,32.0,41.0,51.0
Liechtenstein,Slovakia,LIE,SVK,11.0,13.0,16.0,19.0,23.0,35.0,43.0
Liechtenstein,Ukraine*,LIE,UKR,2.0,5.0,8.0,12.0,17.0,28.0,44.0
Liechtenstein,Denmark*,LIE,DNK,4.0,4.0,4.0,5.0,7.0,8.0,7.0
Liechtenstein,Estonia,LIE,EST,0.0,0.0,0.0,0.0,1.0,2.0,1.0
Liechtenstein,Finland*,LIE,FIN,0.0,0.0,0.0,2.0,5.0,5.0,5.0
Liechtenstein,Iceland,LIE,ISL,1.0,1.0,1.0,0.0,1.0,0.0,0.0
Liechtenstein,Ireland,LIE,IRL,1.0,2.0,4.0,4.0,5.0,9.0,9.0
Liechtenstein,Latvia,LIE,LVA,0.0,0.0,0.0,0.0,5.0,4.0,6.0
Liechtenstein,Lithuania,LIE,LTU,0.0,0.0,0.0,0.0,1.0,3.0,3.0
Liechtenstein,Norway*,LIE,NOR,3.0,5.0,7.0,5.0,4.0,4.0,5.0
Liechtenstein,Sweden,LIE,SWE,11.0,12.0,13.0,13.0,15.0,16.0,16.0
Liechtenstein,United Kingdom*,LIE,GBR,9.0,12.0,15.0,20.0,26.0,32.0,28.0
Liechtenstein,Albania,LIE,ALB,0.0,0.0,0.0,0.0,0.0,0.0,2.0
Liechtenstein,Andorra,LIE,AND,0.0,0.0,0.0,0.0,0.0,1.0,0.0
Liechtenstein,Bosnia and Herzegovina,LIE,BIH,152.0,192.0,231.0,201.0,174.0,173.0,177.0
Liechtenstein,Croatia,LIE,HRV,57.0,73.0,89.0,76.0,65.0,61.0,59.0
Liechtenstein,Greece,LIE,GRC,42.0,48.0,54.0,38.0,23.0,20.0,20.0
Liechtenstein,Italy,LIE,ITA,306.0,454.0,600.0,468.0,309.0,315.0,313.0
Liechtenstein,Malta,LIE,MLT,0.0,0.0,0.0,0.0,0.0,1.0,2.0
Liechtenstein,Montenegro,LIE,MNE,0.0,0.0,0.0,0.0,0.0,1.0,2.0
Liechtenstein,North Macedonia,LIE,MKD,189.0,238.0,287.0,161.0,37.0,49.0,52.0
Liechtenstein,Portugal,LIE,PRT,62.0,194.0,325.0,255.0,188.0,201.0,202.0
Liechtenstein,Serbia*,LIE,SRB,0.0,0.0,0.0,32.0,173.0,192.0,212.0
Liechtenstein,Slovenia,LIE,SVN,33.0,41.0,50.0,67.0,85.0,82.0,81.0
Liechtenstein,Spain*,LIE,ESP,86.0,186.0,286.0,203.0,122.0,125.0,123.0
Liechtenstein,Austria,LIE,AUT,1054.0,1260.0,1461.0,1783.0,2115.0,2210.0,2270.0
Liechtenstein,Belgium,LIE,BEL,0.0,4.0,9.0,15.0,22.0,22.0,25.0
Liechtenstein,France*,LIE,FRA,32.0,34.0,37.0,46.0,56.0,60.0,63.0
Liechtenstein,Germany,LIE,DEU,455.0,601.0,745.0,803.0,859.0,932.0,978.0
Liechtenstein,Luxembourg,LIE,LUX,3.0,2.0,2.0,2.0,3.0,2.0,2.0
Liechtenstein,Monaco,LIE,MCO,0.0,0.0,0.0,0.0,0.0,0.0,0.0
Liechtenstein,Netherlands*,LIE,NLD,19.0,25.0,31.0,34.0,39.0,42.0,46.0
Liechtenstein,Switzerland,LIE,CHE,1959.0,2225.0,2458.0,4230.0,6005.0,6286.0,7021.0
Liechtenstein,Bahamas,LIE,BHS,0.0,0.0,0.0,0.0,1.0,1.0,1.0
Liechtenstein,Cuba,LIE,CUB,0.0,0.0,0.0,0.0,3.0,4.0,6.0
Liechtenstein,Dominican Republic,LIE,DOM,0.0,0.0,1.0,21.0,42.0,53.0,68.0
Liechtenstein,Haiti,LIE,HTI,0.0,0.0,0.0,0.0,0.0,1.0,0.0
Liechtenstein,Jamaica,LIE,JAM,0.0,0.0,0.0,0.0,1.0,1.0,1.0
Liechtenstein,Saint Lucia,LIE,LCA,0.0,0.0,0.0,0.0,0.0,0.0,0.0
Liechtenstein,Trinidad and Tobago,LIE,TTO,0.0,0.0,0.0,0.0,0.0,1.0,1.0
Liechtenstein,Costa Rica,LIE,CRI,0.0,0.0,0.0,0.0,2.0,3.0,3.0
Liechtenstein,El Salvador,LIE,SLV,0.0,0.0,0.0,0.0,0.0,0.0,1.0
Liechtenstein,Guatemala,LIE,GTM,0.0,0.0,0.0,0.0,3.0,4.0,0.0
Liechtenstein,Honduras,LIE,HND,0.0,0.0,0.0,0.0,1.0,1.0,0.0
Liechtenstein,Mexico,LIE,MEX,0.0,0.0,0.0,5.0,11.0,15.0,22.0
Liechtenstein,Nicaragua,LIE,NIC,0.0,0.0,0.0,0.0,2.0,2.0,3.0
Liechtenstein,Panama,LIE,PAN,0.0,0.0,0.0,0.0,3.0,4.0,4.0
Liechtenstein,Argentina,LIE,ARG,0.0,0.0,0.0,5.0,11.0,16.0,14.0
Liechtenstein,Bolivia (Plurinational State of),LIE,BOL,0.0,0.0,0.0,0.0,1.0,1.0,0.0
Liechtenstein,Brazil,LIE,BRA,25.0,35.0,45.0,73.0,102.0,117.0,141.0
Liechtenstein,Chile,LIE,CHL,0.0,0.0,0.0,0.0,4.0,8.0,6.0
Liechtenstein,Colombia,LIE,COL,0.0,0.0,0.0,11.0,23.0,30.0,33.0
Liechtenstein,Ecuador,LIE,ECU,0.0,0.0,0.0,0.0,7.0,8.0,9.0
Liechtenstein,Paraguay,LIE,PRY,0.0,0.0,0.0,0.0,2.0,2.0,2.0
Liechtenstein,Peru,LIE,PER,0.0,0.0,0.0,0.0,8.0,7.0,8.0
Liechtenstein,Uruguay,LIE,URY,0.0,0.0,0.0,0.0,0.0,2.0,0.0
Liechtenstein,Venezuela (Bolivarian Republic of),LIE,VEN,0.0,0.0,0.0,0.0,8.0,10.0,14.0
Liechtenstein,Canada,LIE,CAN,0.0,0.0,0.0,0.0,8.0,8.0,9.0
Liechtenstein,United States of America*,LIE,USA,11.0,21.0,31.0,44.0,58.0,63.0,76.0
Liechtenstein,Australia*,LIE,AUS,0.0,0.0,0.0,0.0,3.0,4.0,4.0
Liechtenstein,New Zealand*,LIE,NZL,0.0,0.0,0.0,0.0,2.0,3.0,5.0
Luxembourg,Burundi,LUX,BDI,0.0,0.0,0.0,0.0,0.0,0.0,57.0
Luxembourg,Comoros,LUX,COM,0.0,0.0,0.0,0.0,0.0,0.0,10.0
Luxembourg,Djibouti,LUX,DJI,0.0,0.0,0.0,0.0,0.0,0.0,6.0
Luxembourg,Eritrea,LUX,ERI,0.0,0.0,0.0,0.0,0.0,0.0,252.0
Luxembourg,Ethiopia,LUX,ETH,0.0,0.0,0.0,0.0,0.0,0.0,121.0
Luxembourg,Kenya,LUX,KEN,0.0,0.0,0.0,0.0,0.0,0.0,58.0
Luxembourg,Madagascar,LUX,MDG,0.0,0.0,0.0,0.0,0.0,0.0,127.0
Luxembourg,Malawi,LUX,MWI,0.0,0.0,0.0,0.0,0.0,0.0,7.0
Luxembourg,Mauritius,LUX,MUS,36.0,33.0,32.0,26.0,21.0,31.0,236.0
Luxembourg,Mozambique,LUX,MOZ,0.0,0.0,0.0,0.0,0.0,0.0,183.0
Luxembourg,Rwanda,LUX,RWA,15.0,13.0,13.0,10.0,8.0,12.0,107.0
Luxembourg,Seychelles,LUX,SYC,0.0,0.0,0.0,0.0,0.0,0.0,7.0
Luxembourg,Somalia,LUX,SOM,0.0,0.0,0.0,0.0,0.0,0.0,34.0
Luxembourg,Uganda,LUX,UGA,0.0,0.0,0.0,0.0,0.0,0.0,19.0
Luxembourg,United Republic of Tanzania,LUX,TZA,0.0,0.0,0.0,0.0,0.0,0.0,16.0
Luxembourg,Zambia,LUX,ZMB,0.0,0.0,0.0,0.0,0.0,0.0,13.0
Luxembourg,Zimbabwe,LUX,ZWE,0.0,0.0,0.0,0.0,0.0,0.0,38.0
Luxembourg,Angola,LUX,AGO,0.0,0.0,0.0,0.0,0.0,0.0,522.0
Luxembourg,Cameroon,LUX,CMR,37.0,34.0,33.0,26.0,21.0,31.0,636.0
Luxembourg,Central African Republic,LUX,CAF,0.0,0.0,0.0,0.0,0.0,0.0,22.0
Luxembourg,Chad,LUX,TCD,0.0,0.0,0.0,0.0,0.0,0.0,5.0
Luxembourg,Congo,LUX,COG,0.0,0.0,0.0,0.0,0.0,0.0,144.0
Luxembourg,Democratic Republic of the Congo,LUX,COD,50.0,47.0,46.0,37.0,29.0,43.0,464.0
Luxembourg,Equatorial Guinea,LUX,GNQ,0.0,0.0,0.0,0.0,0.0,0.0,7.0
Luxembourg,Gabon,LUX,GAB,0.0,0.0,0.0,0.0,0.0,0.0,49.0
Luxembourg,Sao Tome and Principe,LUX,STP,0.0,0.0,0.0,0.0,0.0,0.0,81.0
Luxembourg,Algeria,LUX,DZA,40.0,43.0,47.0,38.0,30.0,45.0,506.0
Luxembourg,Egypt,LUX,EGY,10.0,9.0,9.0,7.0,6.0,9.0,145.0
Luxembourg,Libya,LUX,LBY,0.0,0.0,0.0,0.0,0.0,0.0,35.0
Luxembourg,Morocco,LUX,MAR,51.0,87.0,125.0,101.0,80.0,120.0,1255.0
Luxembourg,Sudan,LUX,SDN,0.0,0.0,0.0,0.0,0.0,0.0,13.0
Luxembourg,Tunisia,LUX,TUN,30.0,35.0,41.0,33.0,26.0,39.0,429.0
Luxembourg,Botswana,LUX,BWA,0.0,0.0,0.0,0.0,0.0,0.0,1.0
Luxembourg,Eswatini,LUX,SWZ,0.0,0.0,0.0,0.0,0.0,0.0,1.0
Luxembourg,Namibia,LUX,NAM,0.0,0.0,0.0,0.0,0.0,0.0,9.0
Luxembourg,South Africa,LUX,ZAF,23.0,21.0,20.0,16.0,13.0,19.0,308.0
Luxembourg,Benin,LUX,BEN,0.0,0.0,0.0,0.0,0.0,0.0,35.0
Luxembourg,Burkina Faso,LUX,BFA,0.0,0.0,0.0,0.0,0.0,0.0,32.0
Luxembourg,Cabo Verde,LUX,CPV,578.0,678.0,785.0,640.0,503.0,755.0,3740.0
Luxembourg,Côte d'Ivoire,LUX,CIV,0.0,0.0,0.0,0.0,0.0,0.0,208.0
Luxembourg,Gambia,LUX,GMB,0.0,0.0,0.0,0.0,0.0,0.0,26.0
Luxembourg,Ghana,LUX,GHA,0.0,0.0,0.0,0.0,0.0,0.0,34.0
Luxembourg,Guinea,LUX,GIN,0.0,0.0,0.0,0.0,0.0,0.0,136.0
Luxembourg,Guinea-Bissau,LUX,GNB,0.0,0.0,0.0,0.0,0.0,0.0,567.0
Luxembourg,Liberia,LUX,LBR,0.0,0.0,0.0,0.0,0.0,0.0,9.0
Luxembourg,Mali,LUX,MLI,0.0,0.0,0.0,0.0,0.0,0.0,30.0
Luxembourg,Mauritania,LUX,MRT,0.0,0.0,0.0,0.0,0.0,0.0,1.0
Luxembourg,Niger,LUX,NER,0.0,0.0,0.0,0.0,0.0,0.0,12.0
Luxembourg,Nigeria,LUX,NGA,0.0,0.0,0.0,0.0,0.0,0.0,115.0
Luxembourg,Senegal,LUX,SEN,13.0,12.0,12.0,9.0,8.0,12.0,325.0
Luxembourg,Sierra Leone,LUX,SLE,0.0,0.0,0.0,0.0,0.0,0.0,6.0
Luxembourg,Togo,LUX,TGO,0.0,0.0,0.0,0.0,0.0,0.0,189.0
Luxembourg,Kazakhstan,LUX,KAZ,0.0,0.0,0.0,0.0,0.0,0.0,151.0
Luxembourg,Kyrgyzstan,LUX,KGZ,0.0,0.0,0.0,0.0,0.0,0.0,32.0
Luxembourg,Tajikistan,LUX,TJK,0.0,0.0,0.0,0.0,0.0,0.0,17.0
Luxembourg,Turkmenistan,LUX,TKM,0.0,0.0,0.0,0.0,0.0,0.0,11.0
Luxembourg,Uzbekistan,LUX,UZB,0.0,0.0,0.0,0.0,0.0,0.0,76.0
Luxembourg,China,LUX,CHN,520.0,496.0,477.0,389.0,306.0,459.0,2364.0
Luxembourg,Dem. People's Republic of Korea,LUX,PRK,0.0,0.0,0.0,0.0,0.0,0.0,9.0
Luxembourg,Japan,LUX,JPN,179.0,158.0,139.0,113.0,89.0,133.0,358.0
Luxembourg,Mongolia,LUX,MNG,0.0,0.0,0.0,0.0,0.0,0.0,32.0
Luxembourg,Republic of Korea,LUX,KOR,26.0,24.0,24.0,19.0,16.0,24.0,482.0
Luxembourg,Afghanistan,LUX,AFG,0.0,0.0,0.0,0.0,0.0,0.0,138.0
Luxembourg,Bangladesh,LUX,BGD,12.0,11.0,11.0,8.0,7.0,10.0,50.0
Luxembourg,Bhutan,LUX,BTN,0.0,0.0,0.0,0.0,0.0,0.0,0.0
Luxembourg,India,LUX,IND,97.0,92.0,89.0,72.0,56.0,84.0,1275.0
Luxembourg,Iran (Islamic Republic of),LUX,IRN,109.0,104.0,100.0,81.0,63.0,94.0,497.0
Luxembourg,Nepal,LUX,NPL,9.0,8.0,8.0,6.0,5.0,7.0,164.0
Luxembourg,Pakistan,LUX,PAK,0.0,0.0,0.0,0.0,0.0,0.0,110.0
Luxembourg,Sri Lanka,LUX,LKA,0.0,0.0,0.0,0.0,0.0,0.0,39.0
Luxembourg,Cambodia,LUX,KHM,0.0,0.0,0.0,0.0,0.0,0.0,48.0
Luxembourg,Indonesia,LUX,IDN,0.0,0.0,0.0,0.0,0.0,0.0,89.0
Luxembourg,Lao People's Democratic Republic,LUX,LAO,0.0,0.0,0.0,0.0,0.0,0.0,32.0
Luxembourg,Malaysia,LUX,MYS,16.0,14.0,14.0,11.0,9.0,13.0,76.0
Luxembourg,Myanmar,LUX,MMR,0.0,0.0,0.0,0.0,0.0,0.0,3.0
Luxembourg,Philippines,LUX,PHL,147.0,140.0,135.0,110.0,87.0,130.0,687.0
Luxembourg,Singapore,LUX,SGP,0.0,0.0,0.0,0.0,0.0,0.0,88.0
Luxembourg,Thailand,LUX,THA,151.0,144.0,139.0,113.0,89.0,133.0,529.0
Luxembourg,Viet Nam,LUX,VNM,48.0,45.0,44.0,35.0,28.0,42.0,346.0
Luxembourg,Armenia,LUX,ARM,0.0,0.0,0.0,0.0,0.0,0.0,74.0
Luxembourg,Azerbaijan,LUX,AZE,0.0,0.0,0.0,0.0,0.0,0.0,90.0
Luxembourg,Bahrain,LUX,BHR,0.0,0.0,0.0,0.0,0.0,0.0,6.0
Luxembourg,Cyprus,LUX,CYP,1.0,0.0,1.0,10.0,20.0,30.0,71.0
Luxembourg,Georgia,LUX,GEO,0.0,0.0,0.0,0.0,0.0,0.0,61.0
Luxembourg,Iraq,LUX,IRQ,0.0,0.0,0.0,0.0,0.0,0.0,383.0
Luxembourg,Israel,LUX,ISR,18.0,16.0,16.0,12.0,10.0,15.0,109.0
Luxembourg,Jordan,LUX,JOR,0.0,0.0,0.0,0.0,0.0,0.0,18.0
Luxembourg,Kuwait,LUX,KWT,0.0,0.0,0.0,0.0,0.0,0.0,18.0
Luxembourg,Lebanon,LUX,LBN,21.0,19.0,19.0,15.0,12.0,18.0,124.0
Luxembourg,Oman,LUX,OMN,0.0,0.0,0.0,0.0,0.0,0.0,3.0
Luxembourg,Qatar,LUX,QAT,0.0,0.0,0.0,0.0,0.0,0.0,3.0
Luxembourg,Saudi Arabia,LUX,SAU,0.0,0.0,0.0,0.0,0.0,0.0,16.0
Luxembourg,State of Palestine,LUX,PSE,0.0,0.0,0.0,0.0,0.0,0.0,12.0
Luxembourg,Syrian Arab Republic,LUX,SYR,0.0,0.0,0.0,0.0,0.0,0.0,787.0
Luxembourg,Türkiye,LUX,TUR,90.0,89.0,90.0,73.0,57.0,85.0,656.0
Luxembourg,United Arab Emirates,LUX,ARE,0.0,0.0,0.0,0.0,0.0,0.0,35.0
Luxembourg,Yemen,LUX,YEM,0.0,0.0,0.0,0.0,0.0,0.0,6.0
Luxembourg,Belarus,LUX,BLR,39.0,36.0,35.0,28.0,23.0,34.0,252.0
Luxembourg,Bulgaria,LUX,BGR,25.0,44.0,64.0,222.0,384.0,576.0,1048.0
Luxembourg,Czechia,LUX,CZE,44.0,49.0,56.0,227.0,402.0,603.0,648.0
Luxembourg,Hungary,LUX,HUN,30.0,55.0,82.0,277.0,476.0,715.0,1048.0
Luxembourg,Poland,LUX,POL,413.0,381.0,353.0,812.0,1281.0,1924.0,2939.0
Luxembourg,Republic of Moldova*,LUX,MDA,0.0,0.0,0.0,0.0,0.0,0.0,355.0
Luxembourg,Romania,LUX,ROU,61.0,130.0,202.0,479.0,762.0,1144.0,3112.0
Luxembourg,Russian Federation,LUX,RUS,280.0,267.0,257.0,209.0,165.0,247.0,1847.0
Luxembourg,Slovakia,LUX,SVK,39.0,36.0,35.0,146.0,260.0,390.0,534.0
Luxembourg,Ukraine*,LUX,UKR,148.0,140.0,135.0,110.0,87.0,130.0,1029.0
Luxembourg,Denmark*,LUX,DNK,673.0,755.0,845.0,848.0,862.0,1294.0,771.0
Luxembourg,Estonia,LUX,EST,15.0,13.0,13.0,145.0,279.0,419.0,413.0
Luxembourg,Finland*,LUX,FIN,140.0,262.0,387.0,444.0,506.0,760.0,649.0
Luxembourg,Iceland,LUX,ISL,135.0,150.0,168.0,136.0,107.0,160.0,208.0
Luxembourg,Ireland,LUX,IRL,231.0,315.0,402.0,478.0,561.0,842.0,676.0
Luxembourg,Latvia,LUX,LVA,7.0,6.0,6.0,139.0,274.0,411.0,456.0
Luxembourg,Lithuania,LUX,LTU,9.0,8.0,8.0,133.0,260.0,390.0,588.0
Luxembourg,Norway*,LUX,NOR,87.0,79.0,73.0,59.0,47.0,70.0,126.0
Luxembourg,Sweden,LUX,SWE,232.0,378.0,528.0,629.0,738.0,1108.0,703.0
Luxembourg,United Kingdom*,LUX,GBR,1124.0,1415.0,1720.0,1854.0,1980.0,2974.0,2429.0
Luxembourg,Albania,LUX,ALB,139.0,132.0,128.0,104.0,82.0,123.0,541.0
Luxembourg,Andorra,LUX,AND,0.0,0.0,0.0,0.0,0.0,0.0,18.0
Luxembourg,Bosnia and Herzegovina,LUX,BIH,1151.0,1100.0,1059.0,864.0,679.0,1019.0,1355.0
Luxembourg,Croatia,LUX,HRV,194.0,185.0,178.0,145.0,114.0,171.0,446.0
Luxembourg,Gibraltar*,LUX,GIB,0.0,0.0,0.0,0.0,0.0,0.0,1.0
Luxembourg,Greece,LUX,GRC,323.0,406.0,493.0,542.0,599.0,899.0,1568.0
Luxembourg,Italy,LUX,ITA,5410.0,6673.0,7997.0,7282.0,6649.0,9987.0,7876.0
Luxembourg,Malta,LUX,MLT,6.0,5.0,5.0,38.0,73.0,109.0,120.0
Luxembourg,Montenegro,LUX,MNE,1056.0,2337.0,2271.0,2881.0,2249.0,3378.0,1320.0
Luxembourg,North Macedonia,LUX,MKD,839.0,487.0,140.0,114.0,90.0,135.0,308.0
Luxembourg,Portugal,LUX,PRT,14150.0,19186.0,24395.0,27169.0,30165.0,45347.0,35737.0
Luxembourg,San Marino,LUX,SMR,0.0,0.0,0.0,0.0,0.0,0.0,2.0
Luxembourg,Serbia*,LUX,SRB,2112.0,1051.0,1236.0,759.0,1527.0,2293.0,1816.0
Luxembourg,Slovenia,LUX,SVN,26.0,24.0,24.0,90.0,158.0,237.0,344.0
Luxembourg,Spain*,LUX,ESP,930.0,1081.0,1243.0,1294.0,1360.0,2042.0,2778.0
Luxembourg,Austria,LUX,AUT,311.0,289.0,270.0,315.0,365.0,548.0,572.0
Luxembourg,Belgium,LUX,BEL,5883.0,6061.0,6294.0,6336.0,6450.0,9688.0,9878.0
Luxembourg,France*,LUX,FRA,7983.0,8486.0,9066.0,10760.0,12576.0,18891.0,20197.0
Luxembourg,Germany,LUX,DEU,7870.0,6268.0,4722.0,4875.0,5083.0,7635.0,9043.0
Luxembourg,Liechtenstein,LUX,LIE,0.0,0.0,0.0,0.0,0.0,0.0,4.0
Luxembourg,Monaco,LUX,MCO,0.0,0.0,0.0,0.0,0.0,0.0,16.0
Luxembourg,Netherlands*,LUX,NLD,1555.0,1569.0,1597.0,1529.0,1479.0,2221.0,1841.0
Luxembourg,Switzerland,LUX,CHE,349.0,307.0,268.0,218.0,172.0,258.0,658.0
Luxembourg,Antigua and Barbuda,LUX,ATG,0.0,0.0,0.0,0.0,0.0,0.0,0.0
Luxembourg,Aruba*,LUX,ABW,0.0,0.0,0.0,0.0,0.0,0.0,1.0
Luxembourg,Bahamas,LUX,BHS,0.0,0.0,0.0,0.0,0.0,0.0,3.0
Luxembourg,Barbados,LUX,BRB,0.0,0.0,0.0,0.0,0.0,0.0,3.0
Luxembourg,Cuba,LUX,CUB,15.0,13.0,13.0,10.0,8.0,12.0,120.0
Luxembourg,Dominica,LUX,DMA,81.0,77.0,74.0,60.0,47.0,70.0,2.0
Luxembourg,Dominican Republic,LUX,DOM,23.0,21.0,20.0,16.0,13.0,19.0,364.0
Luxembourg,Grenada,LUX,GRD,0.0,0.0,0.0,0.0,0.0,0.0,2.0
Luxembourg,Haiti,LUX,HTI,0.0,0.0,0.0,0.0,0.0,0.0,32.0
Luxembourg,Jamaica,LUX,JAM,0.0,0.0,0.0,0.0,0.0,0.0,15.0
Luxembourg,Saint Vincent and the Grenadines,LUX,VCT,0.0,0.0,0.0,0.0,0.0,0.0,1.0
Luxembourg,Trinidad and Tobago,LUX,TTO,0.0,0.0,0.0,0.0,0.0,0.0,14.0
Luxembourg,Costa Rica,LUX,CRI,0.0,0.0,0.0,0.0,0.0,0.0,16.0
Luxembourg,El Salvador,LUX,SLV,0.0,0.0,0.0,0.0,0.0,0.0,27.0
Luxembourg,Guatemala,LUX,GTM,0.0,0.0,0.0,0.0,0.0,0.0,71.0
Luxembourg,Honduras,LUX,HND,0.0,0.0,0.0,0.0,0.0,0.0,20.0
Luxembourg,Mexico,LUX,MEX,20.0,18.0,18.0,14.0,12.0,18.0,245.0
Luxembourg,Nicaragua,LUX,NIC,0.0,0.0,0.0,0.0,0.0,0.0,10.0
Luxembourg,Panama,LUX,PAN,0.0,0.0,0.0,0.0,0.0,0.0,17.0
Luxembourg,Argentina,LUX,ARG,19.0,17.0,17.0,13.0,11.0,16.0,225.0
Luxembourg,Bolivia (Plurinational State of),LUX,BOL,0.0,0.0,0.0,0.0,0.0,0.0,45.0
Luxembourg,Brazil,LUX,BRA,194.0,185.0,178.0,145.0,114.0,171.0,2283.0
Luxembourg,Chile,LUX,CHL,27.0,25.0,24.0,19.0,16.0,24.0,116.0
Luxembourg,Colombia,LUX,COL,18.0,16.0,16.0,12.0,10.0,15.0,295.0
Luxembourg,Ecuador,LUX,ECU,0.0,0.0,0.0,0.0,0.0,0.0,126.0
Luxembourg,Guyana,LUX,GUY,0.0,0.0,0.0,0.0,0.0,0.0,8.0
Luxembourg,Paraguay,LUX,PRY,0.0,0.0,0.0,0.0,0.0,0.0,26.0
Luxembourg,Peru,LUX,PER,60.0,57.0,55.0,44.0,35.0,52.0,312.0
Luxembourg,Suriname,LUX,SUR,0.0,0.0,0.0,0.0,0.0,0.0,12.0
Luxembourg,Uruguay,LUX,URY,0.0,0.0,0.0,0.0,0.0,0.0,48.0
Luxembourg,Venezuela (Bolivarian Republic of),LUX,VEN,15.0,13.0,13.0,10.0,8.0,12.0,274.0
Luxembourg,Bermuda*,LUX,BMU,0.0,0.0,0.0,0.0,0.0,0.0,2.0
Luxembourg,Canada,LUX,CAN,120.0,114.0,110.0,89.0,71.0,106.0,384.0
Luxembourg,United States of America*,LUX,USA,533.0,516.0,465.0,379.0,298.0,447.0,1438.0
Luxembourg,Australia*,LUX,AUS,39.0,36.0,35.0,28.0,23.0,34.0,149.0
Luxembourg,New Zealand*,LUX,NZL,8.0,7.0,7.0,5.0,5.0,7.0,41.0
Luxembourg,Fiji,LUX,FJI,0.0,0.0,0.0,0.0,0.0,0.0,4.0
Luxembourg,Papua New Guinea,LUX,PNG,0.0,0.0,0.0,0.0,0.0,0.0,1.0
Luxembourg,French Polynesia*,LUX,PYF,0.0,0.0,0.0,0.0,0.0,0.0,2.0
Monaco,Italy,MCO,ITA,1653.0,1774.0,1897.0,1920.0,1972.0,2625.0,2686.0
Monaco,France*,MCO,FRA,4490.0,4332.0,4178.0,3900.0,3679.0,4326.0,4428.0
Netherlands*,Eritrea,NLD,ERI,54.0,88.0,156.0,317.0,573.0,2111.0,8276.0
Netherlands*,Ethiopia,NLD,ETH,2679.0,2962.0,3250.0,3609.0,4006.0,4970.0,9186.0
Netherlands*,Somalia,NLD,SOM,1933.0,6924.0,9601.0,6490.0,9569.0,13073.0,12364.0
Netherlands*,Egypt,NLD,EGY,1389.0,1604.0,2211.0,3219.0,3555.0,4101.0,5727.0
Netherlands*,Morocco,NLD,MAR,56777.0,62113.0,69084.0,78324.0,79455.0,81262.0,84965.0
Netherlands*,South Africa,NLD,ZAF,4599.0,5080.0,5902.0,6576.0,6909.0,7358.0,10566.0
Netherlands*,Ghana,NLD,GHA,4223.0,4607.0,5296.0,6011.0,6734.0,7226.0,7853.0
Netherlands*,China,NLD,CHN,6068.0,8160.0,11926.0,25133.0,30072.0,35746.0,41315.0
Netherlands*,Afghanistan,NLD,AFG,336.0,1661.0,9445.0,14335.0,14431.0,15399.0,16821.0
Netherlands*,India,NLD,IND,3562.0,4340.0,5174.0,5944.0,8023.0,11398.0,21714.0
Netherlands*,Iran (Islamic Republic of),NLD,IRN,2892.0,5685.0,8661.0,10525.0,11578.0,13561.0,17407.0
Netherlands*,Pakistan,NLD,PAK,3348.0,3582.0,4047.0,4307.0,4570.0,5133.0,6438.0
Netherlands*,Indonesia,NLD,IDN,102045.0,97207.0,91061.0,85131.0,77432.0,70066.0,62873.0
Netherlands*,Philippines,NLD,PHL,3168.0,4041.0,5316.0,6757.0,8340.0,9774.0,12421.0
Netherlands*,Thailand,NLD,THA,2504.0,3401.0,4751.0,7850.0,9598.0,10987.0,12549.0
Netherlands*,Viet Nam,NLD,VNM,4267.0,4605.0,5128.0,6290.0,6534.0,7095.0,8801.0
Netherlands*,Iraq,NLD,IRQ,560.0,3146.0,11758.0,14463.0,16683.0,17820.0,20137.0
Netherlands*,Syrian Arab Republic,NLD,SYR,686.0,1109.0,1976.0,2947.0,3177.0,10965.0,40885.0
Netherlands*,Türkiye,NLD,TUR,73992.0,78818.0,85534.0,94059.0,95225.0,93569.0,97479.0
Netherlands*,Bulgaria,NLD,BGR,411.0,665.0,1102.0,2160.0,7491.0,11244.0,18286.0
Netherlands*,Hungary,NLD,HUN,2024.0,2594.0,3105.0,3430.0,5117.0,7502.0,9513.0
Netherlands*,Poland,NLD,POL,7157.0,9391.0,11978.0,18461.0,35378.0,61560.0,83650.0
Netherlands*,Romania,NLD,ROU,1020.0,1634.0,2613.0,4129.0,7377.0,10349.0,17634.0
Netherlands*,Russian Federation,NLD,RUS,7982.0,8098.0,4469.0,19538.0,23518.0,1650.0,9092.0
Netherlands*,Ukraine*,NLD,UKR,12.0,19.0,56.0,218.0,360.0,840.0,5349.0
Netherlands*,United Kingdom*,NLD,GBR,19524.0,20571.0,20213.0,21144.0,21080.0,22146.0,26766.0
Netherlands*,Bosnia and Herzegovina,NLD,BIH,82.0,133.0,250.0,330.0,2843.0,411.0,6539.0
Netherlands*,Greece,NLD,GRC,2043.0,2286.0,2518.0,2890.0,3682.0,6021.0,9222.0
Netherlands*,Italy,NLD,ITA,4436.0,4836.0,5399.0,5967.0,7211.0,10084.0,15723.0
Netherlands*,Portugal,NLD,PRT,3835.0,4482.0,4879.0,5869.0,6949.0,8140.0,9454.0
Netherlands*,Spain*,NLD,ESP,8375.0,8426.0,8891.0,9315.0,10345.0,13296.0,16957.0
Netherlands*,Belgium,NLD,BEL,25366.0,25024.0,26031.0,26646.0,27759.0,29960.0,33695.0
Netherlands*,France*,NLD,FRA,7990.0,8806.0,10242.0,10835.0,12161.0,13832.0,17158.0
Netherlands*,Germany,NLD,DEU,81196.0,80025.0,74428.0,69381.0,71370.0,69157.0,70989.0
Netherlands*,Aruba*,NLD,ABW,124.0,200.0,391.0,686.0,1365.0,2136.0,5895.0
Netherlands*,Curaçao*,NLD,CUW,9.0,14.0,23.0,37.0,59.0,174.0,910.0
Netherlands*,Brazil,NLD,BRA,2809.0,3661.0,4847.0,6592.0,8780.0,10734.0,15818.0
Netherlands*,Colombia,NLD,COL,3732.0,4411.0,5341.0,6852.0,7638.0,8455.0,9890.0
Netherlands*,Suriname,NLD,SUR,90970.0,96668.0,99602.0,103210.0,102597.0,99811.0,99447.0
Netherlands*,United States of America*,NLD,USA,7440.0,8699.0,10492.0,11514.0,12503.0,14745.0,19312.0
Switzerland,Eritrea,CHE,ERI,407.0,649.0,1044.0,1832.0,2963.0,6974.0,11906.0
Switzerland,Algeria,CHE,DZA,2181.0,2379.0,2622.0,3151.0,3490.0,3975.0,4458.0
Switzerland,Morocco,CHE,MAR,5109.0,5672.0,6369.0,7793.0,8791.0,9895.0,11091.0
Switzerland,Tunisia,CHE,TUN,1643.0,1898.0,2218.0,2824.0,3314.0,3997.0,4827.0
Switzerland,China,CHE,CHN,1391.0,2095.0,3191.0,5297.0,8103.0,12794.0,15877.0
Switzerland,Afghanistan,CHE,AFG,191.0,304.0,489.0,857.0,1385.0,2459.0,4952.0
Switzerland,India,CHE,IND,3447.0,4112.0,4960.0,6521.0,7901.0,9749.0,11633.0
Switzerland,Iran (Islamic Republic of),CHE,IRN,1012.0,1347.0,1814.0,2662.0,3601.0,4692.0,6532.0
Switzerland,Sri Lanka,CHE,LKA,7849.0,8694.0,9740.0,11890.0,13380.0,14866.0,16958.0
Switzerland,Philippines,CHE,PHL,5298.0,5886.0,6613.0,8097.0,9138.0,10277.0,11506.0
Switzerland,Thailand,CHE,THA,9032.0,9832.0,10824.0,12985.0,14359.0,15875.0,17250.0
Switzerland,Viet Nam,CHE,VNM,4194.0,4454.0,4782.0,5595.0,6035.0,6642.0,7426.0
Switzerland,Iraq,CHE,IRQ,721.0,929.0,1211.0,1721.0,2254.0,3006.0,4395.0
Switzerland,Syrian Arab Republic,CHE,SYR,162.0,257.0,414.0,726.0,1173.0,3937.0,9567.0
Switzerland,Türkiye,CHE,TUR,29695.0,30151.0,30962.0,34647.0,35739.0,37094.0,38950.0
Switzerland,Bulgaria,CHE,BGR,813.0,1120.0,1561.0,2371.0,3319.0,4666.0,6036.0
Switzerland,Czechia,CHE,CZE,3941.0,4457.0,5098.0,6354.0,7300.0,8471.0,9121.0
Switzerland,Hungary,CHE,HUN,6465.0,6732.0,7083.0,8115.0,8564.0,11676.0,14161.0
Switzerland,Poland,CHE,POL,11266.0,11527.0,11929.0,13452.0,13983.0,18428.0,23498.0
Switzerland,Romania,CHE,ROU,3683.0,4398.0,5293.0,6910.0,8267.0,12207.0,17001.0
Switzerland,Russian Federation,CHE,RUS,3240.0,4232.0,5589.0,8045.0,10674.0,14439.0,17373.0
Switzerland,Slovakia,CHE,SVK,1076.0,1625.0,2481.0,4129.0,6332.0,9370.0,11516.0
Switzerland,Ukraine*,CHE,UKR,1057.0,1481.0,2097.0,3237.0,4604.0,6708.0,8519.0
Switzerland,Sweden,CHE,SWE,2493.0,2856.0,3319.0,4216.0,4952.0,5279.0,5312.0
Switzerland,United Kingdom*,CHE,GBR,11846.0,13098.0,14627.0,17774.0,19882.0,21133.0,21503.0
Switzerland,Bosnia and Herzegovina,CHE,BIH,18299.0,19467.0,20943.0,24554.0,26536.0,29059.0,30397.0
Switzerland,Croatia,CHE,HRV,10346.0,10192.0,10154.0,11023.0,11032.0,11165.0,11319.0
Switzerland,Greece,CHE,GRC,2154.0,2399.0,2703.0,3318.0,3755.0,5479.0,7414.0
Switzerland,Italy,CHE,ITA,110044.0,106255.0,103753.0,110390.0,108257.0,114319.0,117817.0
Switzerland,North Macedonia,CHE,MKD,10842.0,12883.0,15484.0,20279.0,24481.0,29132.0,35441.0
Switzerland,Portugal,CHE,PRT,44651.0,50429.0,57601.0,71696.0,82261.0,100612.0,97536.0
Switzerland,Serbia*,CHE,SRB,19879.0,21179.0,22819.0,26793.0,28999.0,32365.0,34465.0
Switzerland,Spain*,CHE,ESP,14505.0,16482.0,18938.0,23711.0,27363.0,33203.0,33838.0
Switzerland,Austria,CHE,AUT,34380.0,33673.0,33447.0,36324.0,36505.0,36303.0,34564.0
Switzerland,Belgium,CHE,BEL,4789.0,5169.0,5661.0,6793.0,7577.0,8439.0,8996.0
Switzerland,France*,CHE,FRA,56020.0,57882.0,60449.0,68755.0,72045.0,80162.0,87681.0
Switzerland,Germany,CHE,DEU,126726.0,129740.0,134993.0,154207.0,164014.0,175906.0,180206.0
Switzerland,Netherlands*,CHE,NLD,6271.0,6987.0,7894.0,9749.0,11140.0,11875.0,12058.0
Switzerland,Dominican Republic,CHE,DOM,3054.0,3597.0,4284.0,5561.0,6653.0,7949.0,8707.0
Switzerland,Argentina,CHE,ARG,2370.0,2632.0,2956.0,3618.0,4081.0,4607.0,5244.0
Switzerland,Brazil,CHE,BRA,10940.0,12712.0,14939.0,19130.0,22582.0,26297.0,30938.0
Switzerland,Colombia,CHE,COL,2794.0,3329.0,4013.0,5270.0,6379.0,7852.0,9306.0
Switzerland,Peru,CHE,PER,3206.0,3575.0,4033.0,4957.0,5616.0,6352.0,7101.0
Switzerland,Canada,CHE,CAN,4622.0,4819.0,5081.0,5838.0,6183.0,6520.0,6835.0
Switzerland,United States of America*,CHE,USA,9918.0,11047.0,12452.0,15303.0,17347.0,18818.0,20410.0
Anguilla*,United Kingdom*,AIA,GBR,127.0,167.0,207.0,237.0,257.0,275.0,287.0
Anguilla*,Dominican Republic,AIA,DOM,107.0,141.0,175.0,201.0,218.0,233.0,242.0
Anguilla*,Jamaica,AIA,JAM,92.0,121.0,150.0,172.0,186.0,199.0,207.0
Anguilla*,Montserrat*,AIA,MSR,40.0,52.0,64.0,73.0,79.0,84.0,87.0
Anguilla*,Saint Kitts and Nevis,AIA,KNA,145.0,191.0,237.0,272.0,295.0,315.0,328.0
Anguilla*,United States Virgin Islands*,AIA,VIR,121.0,159.0,197.0,226.0,245.0,262.0,272.0
Anguilla*,Guyana,AIA,GUY,73.0,96.0,119.0,136.0,147.0,157.0,163.0
Anguilla*,Canada,AIA,CAN,20.0,26.0,32.0,36.0,39.0,41.0,42.0
Anguilla*,United States of America*,AIA,USA,148.0,195.0,242.0,278.0,302.0,323.0,337.0
Antigua and Barbuda,Ethiopia,ATG,ETH,1.0,21.0,40.0,43.0,46.0,49.0,49.0
Antigua and Barbuda,Egypt,ATG,EGY,6.0,5.0,4.0,5.0,5.0,5.0,4.0
Antigua and Barbuda,South Africa,ATG,ZAF,10.0,15.0,20.0,22.0,23.0,24.0,23.0
Antigua and Barbuda,Ghana,ATG,GHA,5.0,9.0,13.0,14.0,15.0,16.0,15.0
Antigua and Barbuda,Nigeria,ATG,NGA,18.0,18.0,18.0,20.0,21.0,22.0,21.0
Antigua and Barbuda,China,ATG,CHN,30.0,44.0,57.0,61.0,65.0,69.0,70.0
Antigua and Barbuda,Japan,ATG,JPN,1.0,5.0,9.0,10.0,10.0,11.0,10.0
Antigua and Barbuda,India,ATG,IND,17.0,25.0,33.0,36.0,38.0,40.0,40.0
Antigua and Barbuda,Pakistan,ATG,PAK,4.0,2.0,0.0,0.0,0.0,0.0,0.0
Antigua and Barbuda,Lebanon,ATG,LBN,24.0,24.0,23.0,25.0,26.0,28.0,28.0
Antigua and Barbuda,Syrian Arab Republic,ATG,SYR,74.0,89.0,103.0,111.0,118.0,126.0,131.0
Antigua and Barbuda,United Kingdom*,ATG,GBR,324.0,370.0,415.0,446.0,476.0,507.0,529.0
Antigua and Barbuda,Italy,ATG,ITA,25.0,28.0,30.0,32.0,34.0,36.0,36.0
Antigua and Barbuda,Spain*,ATG,ESP,3.0,4.0,5.0,6.0,6.0,6.0,5.0
Antigua and Barbuda,France*,ATG,FRA,17.0,18.0,18.0,20.0,21.0,22.0,21.0
Antigua and Barbuda,Germany,ATG,DEU,23.0,29.0,35.0,38.0,40.0,43.0,43.0
Antigua and Barbuda,Netherlands*,ATG,NLD,9.0,8.0,7.0,8.0,8.0,9.0,8.0
Antigua and Barbuda,Anguilla*,ATG,AIA,9.0,13.0,17.0,18.0,19.0,20.0,19.0
Antigua and Barbuda,Aruba*,ATG,ABW,4.0,3.0,2.0,2.0,2.0,2.0,1.0
Antigua and Barbuda,Bahamas,ATG,BHS,3.0,2.0,1.0,1.0,1.0,1.0,0.0
Antigua and Barbuda,Barbados,ATG,BRB,106.0,104.0,102.0,110.0,117.0,125.0,129.0
Antigua and Barbuda,"Bonaire, Sint Eustatius and Saba*",ATG,BES,2.0,4.0,5.0,6.0,6.0,6.0,5.0
Antigua and Barbuda,British Virgin Islands*,ATG,VGB,34.0,38.0,41.0,44.0,47.0,50.0,50.0
Antigua and Barbuda,Cuba,ATG,CUB,6.0,8.0,9.0,10.0,10.0,11.0,10.0
Antigua and Barbuda,Curaçao*,ATG,CUW,5.0,7.0,9.0,10.0,10.0,11.0,10.0
Antigua and Barbuda,Dominica,ATG,DMA,1268.0,1722.0,2176.0,2336.0,2496.0,2656.0,2776.0
Antigua and Barbuda,Dominican Republic,ATG,DOM,323.0,618.0,912.0,979.0,1046.0,1113.0,1162.0
Antigua and Barbuda,Grenada,ATG,GRD,60.0,65.0,70.0,75.0,80.0,85.0,87.0
Antigua and Barbuda,Guadeloupe*,ATG,GLP,24.0,28.0,32.0,35.0,37.0,39.0,39.0
Antigua and Barbuda,Haiti,ATG,HTI,6.0,10.0,14.0,15.0,16.0,17.0,16.0
Antigua and Barbuda,Jamaica,ATG,JAM,201.0,1190.0,2179.0,2339.0,2499.0,2659.0,2779.0
Antigua and Barbuda,Martinique*,ATG,MTQ,3.0,3.0,2.0,2.0,2.0,2.0,1.0
Antigua and Barbuda,Montserrat*,ATG,MSR,438.0,451.0,464.0,498.0,532.0,566.0,590.0
Antigua and Barbuda,Puerto Rico*,ATG,PRI,16.0,19.0,22.0,24.0,25.0,27.0,27.0
Antigua and Barbuda,Saint Kitts and Nevis,ATG,KNA,244.0,226.0,208.0,224.0,239.0,254.0,265.0
Antigua and Barbuda,Saint Lucia,ATG,LCA,204.0,260.0,315.0,338.0,361.0,384.0,400.0
Antigua and Barbuda,Saint Vincent and the Grenadines,ATG,VCT,248.0,276.0,303.0,326.0,348.0,370.0,385.0
Antigua and Barbuda,Sint Maarten (Dutch part)*,ATG,SXM,4.0,7.0,9.0,10.0,10.0,11.0,10.0
Antigua and Barbuda,Trinidad and Tobago,ATG,TTO,185.0,245.0,305.0,328.0,350.0,372.0,387.0
Antigua and Barbuda,Turks and Caicos Islands*,ATG,TCA,2.0,3.0,3.0,3.0,3.0,3.0,2.0
Antigua and Barbuda,United States Virgin Islands*,ATG,VIR,153.0,227.0,301.0,323.0,345.0,367.0,382.0
Antigua and Barbuda,Belize,ATG,BLZ,4.0,5.0,5.0,6.0,6.0,6.0,5.0
Antigua and Barbuda,Honduras,ATG,HND,2.0,3.0,3.0,3.0,3.0,3.0,2.0
Antigua and Barbuda,Mexico,ATG,MEX,2.0,2.0,2.0,2.0,2.0,2.0,1.0
Antigua and Barbuda,French Guiana*,ATG,GUF,2.0,2.0,2.0,2.0,2.0,2.0,1.0
Antigua and Barbuda,Guyana,ATG,GUY,862.0,1898.0,2934.0,3150.0,3365.0,3581.0,3784.0
Antigua and Barbuda,Suriname,ATG,SUR,5.0,13.0,20.0,22.0,23.0,24.0,23.0
Antigua and Barbuda,Venezuela (Bolivarian Republic of),ATG,VEN,6.0,12.0,17.0,18.0,19.0,20.0,19.0
Antigua and Barbuda,Bermuda*,ATG,BMU,5.0,5.0,4.0,5.0,5.0,5.0,4.0
Antigua and Barbuda,Canada,ATG,CAN,113.0,149.0,184.0,198.0,211.0,225.0,233.0
Antigua and Barbuda,United States of America*,ATG,USA,679.0,879.0,1078.0,1157.0,1236.0,1315.0,1373.0
Antigua and Barbuda,Australia*,ATG,AUS,4.0,4.0,3.0,3.0,3.0,3.0,2.0
Antigua and Barbuda,New Zealand*,ATG,NZL,2.0,4.0,5.0,6.0,6.0,6.0,5.0
Aruba*,China,ABW,CHN,93.0,193.0,292.0,411.0,521.0,548.0,625.0
Aruba*,India,ABW,IND,14.0,34.0,54.0,81.0,107.0,113.0,128.0
Aruba*,Philippines,ABW,PHL,52.0,187.0,321.0,408.0,486.0,511.0,582.0
Aruba*,Türkiye,ABW,TUR,5.0,4.0,3.0,3.0,3.0,3.0,4.0
Aruba*,Portugal,ABW,PRT,87.0,86.0,85.0,82.0,78.0,82.0,93.0
Aruba*,Netherlands*,ABW,NLD,1022.0,1403.0,1784.0,1964.0,2106.0,2216.0,2529.0
Aruba*,"Bonaire, Sint Eustatius and Saba*",ABW,BES,25.0,63.0,100.0,118.0,133.0,140.0,159.0
Aruba*,Curaçao*,ABW,CUW,207.0,517.0,826.0,973.0,1101.0,1158.0,1321.0
Aruba*,Dominica,ABW,DMA,98.0,91.0,83.0,78.0,71.0,75.0,85.0
Aruba*,Dominican Republic,ABW,DOM,1512.0,2017.0,2521.0,2621.0,2569.0,2708.0,3091.0
Aruba*,Grenada,ABW,GRD,241.0,227.0,213.0,200.0,183.0,193.0,220.0
Aruba*,Haiti,ABW,HTI,282.0,482.0,681.0,842.0,986.0,1037.0,1183.0
Aruba*,Jamaica,ABW,JAM,138.0,314.0,489.0,488.0,478.0,503.0,574.0
Aruba*,Saint Vincent and the Grenadines,ABW,VCT,140.0,115.0,90.0,87.0,83.0,87.0,99.0
Aruba*,Sint Maarten (Dutch part)*,ABW,SXM,59.0,148.0,236.0,278.0,314.0,330.0,376.0
Aruba*,Nicaragua,ABW,NIC,10.0,26.0,41.0,48.0,55.0,58.0,65.0
Aruba*,Colombia,ABW,COL,1171.0,2702.0,4232.0,5116.0,5699.0,6006.0,6865.0
Aruba*,Guyana,ABW,GUY,55.0,98.0,140.0,144.0,145.0,153.0,173.0
Aruba*,Peru,ABW,PER,58.0,245.0,432.0,485.0,529.0,557.0,635.0
Aruba*,Suriname,ABW,SUR,342.0,499.0,655.0,671.0,674.0,709.0,809.0
Aruba*,Venezuela (Bolivarian Republic of),ABW,VEN,490.0,900.0,1309.0,1477.0,1616.0,1700.0,8381.0
Aruba*,United States of America*,ABW,USA,221.0,271.0,321.0,312.0,296.0,311.0,355.0
Bahamas,Kenya,BHS,KEN,3.0,3.0,2.0,7.0,12.0,13.0,12.0
Bahamas,Uganda,BHS,UGA,0.0,0.0,0.0,4.0,8.0,9.0,8.0
Bahamas,Zimbabwe,BHS,ZWE,0.0,0.0,0.0,4.0,7.0,8.0,7.0
Bahamas,Egypt,BHS,EGY,5.0,5.0,4.0,8.0,12.0,13.0,12.0
Bahamas,Botswana,BHS,BWA,0.0,0.0,0.0,3.0,5.0,5.0,4.0
Bahamas,Eswatini,BHS,SWZ,0.0,0.0,0.0,3.0,6.0,7.0,6.0
Bahamas,South Africa,BHS,ZAF,9.0,20.0,30.0,38.0,45.0,49.0,51.0
Bahamas,Ghana,BHS,GHA,11.0,20.0,29.0,19.0,8.0,9.0,8.0
Bahamas,Nigeria,BHS,NGA,10.0,19.0,27.0,49.0,71.0,77.0,81.0
Bahamas,China,BHS,CHN,24.0,29.0,34.0,51.0,67.0,73.0,77.0
Bahamas,"China, Hong Kong SAR",BHS,HKG,18.0,14.0,9.0,11.0,13.0,14.0,13.0
Bahamas,Japan,BHS,JPN,2.0,16.0,29.0,27.0,25.0,27.0,27.0
Bahamas,India,BHS,IND,70.0,84.0,98.0,169.0,240.0,262.0,280.0
Bahamas,Pakistan,BHS,PAK,7.0,6.0,5.0,3.0,0.0,0.0,0.0
Bahamas,Sri Lanka,BHS,LKA,11.0,8.0,4.0,10.0,16.0,17.0,17.0
Bahamas,Indonesia,BHS,IDN,2.0,2.0,2.0,10.0,18.0,20.0,20.0
Bahamas,Philippines,BHS,PHL,32.0,62.0,91.0,309.0,527.0,575.0,615.0
Bahamas,Bulgaria,BHS,BGR,0.0,0.0,0.0,3.0,5.0,5.0,4.0
Bahamas,Poland,BHS,POL,6.0,7.0,7.0,10.0,12.0,13.0,12.0
Bahamas,Romania,BHS,ROU,0.0,0.0,0.0,2.0,4.0,4.0,3.0
Bahamas,Russian Federation,BHS,RUS,3.0,8.0,12.0,27.0,42.0,46.0,47.0
Bahamas,Ukraine*,BHS,UKR,0.0,0.0,0.0,7.0,13.0,14.0,13.0
Bahamas,Denmark*,BHS,DNK,3.0,10.0,16.0,12.0,8.0,9.0,8.0
Bahamas,Estonia,BHS,EST,0.0,0.0,0.0,5.0,9.0,10.0,9.0
Bahamas,Ireland,BHS,IRL,20.0,23.0,26.0,26.0,25.0,27.0,27.0
Bahamas,Norway*,BHS,NOR,3.0,3.0,3.0,5.0,7.0,8.0,7.0
Bahamas,Sweden,BHS,SWE,7.0,13.0,18.0,16.0,14.0,15.0,14.0
Bahamas,United Kingdom*,BHS,GBR,921.0,829.0,737.0,755.0,773.0,844.0,904.0
Bahamas,Greece,BHS,GRC,30.0,25.0,19.0,24.0,29.0,32.0,32.0
Bahamas,Italy,BHS,ITA,26.0,32.0,37.0,43.0,49.0,53.0,55.0
Bahamas,Portugal,BHS,PRT,1.0,3.0,5.0,4.0,3.0,3.0,2.0
Bahamas,Spain*,BHS,ESP,11.0,12.0,13.0,17.0,21.0,23.0,23.0
Bahamas,Austria,BHS,AUT,11.0,11.0,10.0,14.0,18.0,20.0,20.0
Bahamas,Belgium,BHS,BEL,5.0,6.0,7.0,9.0,11.0,12.0,11.0
Bahamas,France*,BHS,FRA,13.0,37.0,61.0,54.0,47.0,51.0,53.0
Bahamas,Germany,BHS,DEU,81.0,90.0,98.0,118.0,137.0,150.0,160.0
Bahamas,Netherlands*,BHS,NLD,18.0,17.0,15.0,18.0,21.0,23.0,23.0
Bahamas,Switzerland,BHS,CHE,32.0,50.0,68.0,132.0,195.0,213.0,227.0
Bahamas,Antigua and Barbuda,BHS,ATG,6.0,6.0,5.0,6.0,7.0,8.0,7.0
Bahamas,Barbados,BHS,BRB,85.0,64.0,42.0,61.0,79.0,86.0,91.0
Bahamas,British Virgin Islands*,BHS,VGB,2.0,4.0,6.0,5.0,3.0,3.0,2.0
Bahamas,Cayman Islands*,BHS,CYM,6.0,5.0,3.0,6.0,9.0,10.0,9.0
Bahamas,Cuba,BHS,CUB,31.0,48.0,64.0,159.0,253.0,276.0,295.0
Bahamas,Dominica,BHS,DMA,20.0,19.0,17.0,27.0,37.0,40.0,41.0
Bahamas,Dominican Republic,BHS,DOM,22.0,31.0,39.0,74.0,109.0,119.0,126.0
Bahamas,Grenada,BHS,GRD,13.0,13.0,12.0,15.0,17.0,19.0,19.0
Bahamas,Haiti,BHS,HTI,4080.0,6389.0,8698.0,9823.0,10948.0,11948.0,12867.0
Bahamas,Jamaica,BHS,JAM,2046.0,2262.0,2478.0,3634.0,4789.0,5227.0,5602.0
Bahamas,Saint Kitts and Nevis,BHS,KNA,7.0,7.0,6.0,13.0,19.0,21.0,21.0
Bahamas,Saint Lucia,BHS,LCA,15.0,23.0,30.0,33.0,36.0,39.0,40.0
Bahamas,Saint Vincent and the Grenadines,BHS,VCT,5.0,7.0,9.0,10.0,10.0,11.0,10.0
Bahamas,Trinidad and Tobago,BHS,TTO,145.0,155.0,165.0,179.0,193.0,211.0,225.0
Bahamas,Turks and Caicos Islands*,BHS,TCA,1188.0,726.0,264.0,555.0,846.0,923.0,988.0
Bahamas,Belize,BHS,BLZ,21.0,15.0,9.0,18.0,27.0,29.0,29.0
Bahamas,Costa Rica,BHS,CRI,5.0,22.0,39.0,35.0,30.0,33.0,34.0
Bahamas,El Salvador,BHS,SLV,5.0,3.0,4.0,5.0,5.0,5.0,4.0
Bahamas,Guatemala,BHS,GTM,6.0,6.0,6.0,12.0,17.0,19.0,19.0
Bahamas,Honduras,BHS,HND,2.0,5.0,7.0,8.0,8.0,9.0,8.0
Bahamas,Mexico,BHS,MEX,12.0,20.0,28.0,37.0,45.0,49.0,51.0
Bahamas,Nicaragua,BHS,NIC,5.0,4.0,3.0,4.0,4.0,4.0,3.0
Bahamas,Panama,BHS,PAN,11.0,9.0,7.0,20.0,32.0,35.0,36.0
Bahamas,Argentina,BHS,ARG,4.0,5.0,6.0,21.0,35.0,38.0,39.0
Bahamas,Brazil,BHS,BRA,20.0,23.0,26.0,42.0,58.0,63.0,65.0
Bahamas,Chile,BHS,CHL,4.0,4.0,3.0,11.0,18.0,20.0,20.0
Bahamas,Colombia,BHS,COL,20.0,17.0,14.0,43.0,72.0,79.0,83.0
Bahamas,Ecuador,BHS,ECU,7.0,9.0,10.0,12.0,14.0,15.0,14.0
Bahamas,Guyana,BHS,GUY,206.0,283.0,360.0,526.0,691.0,754.0,807.0
Bahamas,Peru,BHS,PER,16.0,19.0,21.0,91.0,161.0,176.0,187.0
Bahamas,Uruguay,BHS,URY,2.0,2.0,2.0,5.0,7.0,8.0,7.0
Bahamas,Venezuela (Bolivarian Republic of),BHS,VEN,10.0,12.0,14.0,16.0,18.0,20.0,20.0
Bahamas,Bermuda*,BHS,BMU,15.0,12.0,9.0,16.0,22.0,24.0,24.0
Bahamas,Canada,BHS,CAN,444.0,559.0,674.0,664.0,653.0,713.0,762.0
Bahamas,United States of America*,BHS,USA,2354.0,2261.0,2197.0,3359.0,4554.0,4970.0,5326.0
Bahamas,Australia*,BHS,AUS,13.0,23.0,32.0,35.0,38.0,41.0,42.0
Bahamas,New Zealand*,BHS,NZL,8.0,9.0,10.0,13.0,16.0,17.0,17.0
Barbados,China,BRB,CHN,0.0,0.0,0.0,13.0,18.0,18.0,17.0
Barbados,India,BRB,IND,219.0,235.0,251.0,238.0,226.0,237.0,238.0
Barbados,United Kingdom*,BRB,GBR,1641.0,1762.0,1883.0,1612.0,1349.0,1417.0,1432.0
Barbados,Antigua and Barbuda,BRB,ATG,153.0,164.0,176.0,141.0,107.0,112.0,112.0
Barbados,Bahamas,BRB,BHS,30.0,32.0,35.0,30.0,27.0,28.0,27.0
Barbados,Cuba,BRB,CUB,0.0,0.0,0.0,21.0,28.0,29.0,28.0
Barbados,Dominica,BRB,DMA,313.0,336.0,359.0,285.0,214.0,224.0,225.0
Barbados,Grenada,BRB,GRD,374.0,401.0,429.0,332.0,238.0,250.0,251.0
Barbados,Haiti,BRB,HTI,0.0,0.0,0.0,16.0,22.0,23.0,22.0
Barbados,Jamaica,BRB,JAM,425.0,456.0,488.0,552.0,619.0,650.0,656.0
Barbados,Saint Kitts and Nevis,BRB,KNA,0.0,0.0,0.0,43.0,58.0,60.0,59.0
Barbados,Saint Lucia,BRB,LCA,2095.0,2250.0,2404.0,1823.0,1250.0,1313.0,1327.0
Barbados,Saint Vincent and the Grenadines,BRB,VCT,2148.0,2307.0,2464.0,2113.0,1772.0,1862.0,1881.0
Barbados,Trinidad and Tobago,BRB,TTO,1077.0,1157.0,1236.0,1065.0,900.0,945.0,955.0
Barbados,Belize,BRB,BLZ,0.0,0.0,0.0,8.0,11.0,11.0,10.0
Barbados,Guyana,BRB,GUY,1553.0,1668.0,1782.0,2551.0,3332.0,3501.0,3539.0
Barbados,Suriname,BRB,SUR,0.0,0.0,0.0,25.0,34.0,35.0,34.0
Barbados,Bermuda*,BRB,BMU,0.0,0.0,0.0,10.0,14.0,14.0,13.0
Barbados,Canada,BRB,CAN,388.0,416.0,445.0,405.0,367.0,385.0,387.0
Barbados,United States of America*,BRB,USA,613.0,658.0,704.0,616.0,531.0,558.0,563.0
Barbados,Australia*,BRB,AUS,12.0,13.0,14.0,12.0,12.0,12.0,11.0
British Virgin Islands*,India,VGB,IND,9.0,11.0,13.0,15.0,17.0,19.0,21.0
British Virgin Islands*,Lebanon,VGB,LBN,3.0,4.0,4.0,5.0,5.0,5.0,5.0
British Virgin Islands*,United Kingdom*,VGB,GBR,190.0,229.0,267.0,306.0,320.0,368.0,417.0
British Virgin Islands*,France*,VGB,FRA,5.0,6.0,6.0,7.0,8.0,9.0,10.0
British Virgin Islands*,Germany,VGB,DEU,16.0,19.0,22.0,25.0,28.0,32.0,36.0
British Virgin Islands*,Antigua and Barbuda,VGB,ATG,210.0,254.0,297.0,340.0,383.0,441.0,500.0
British Virgin Islands*,Bahamas,VGB,BHS,9.0,11.0,13.0,15.0,17.0,19.0,21.0
British Virgin Islands*,Barbados,VGB,BRB,34.0,41.0,47.0,54.0,61.0,70.0,79.0
British Virgin Islands*,Dominica,VGB,DMA,324.0,391.0,457.0,524.0,600.0,691.0,783.0
British Virgin Islands*,Dominican Republic,VGB,DOM,372.0,449.0,525.0,601.0,772.0,889.0,1008.0
British Virgin Islands*,Jamaica,VGB,JAM,158.0,191.0,223.0,256.0,988.0,1138.0,1291.0
British Virgin Islands*,Montserrat*,VGB,MSR,60.0,72.0,84.0,96.0,108.0,124.0,140.0
British Virgin Islands*,Puerto Rico*,VGB,PRI,16.0,19.0,22.0,25.0,230.0,265.0,300.0
British Virgin Islands*,Saint Kitts and Nevis,VGB,KNA,745.0,898.0,1050.0,1203.0,607.0,699.0,792.0
British Virgin Islands*,Saint Lucia,VGB,LCA,154.0,186.0,217.0,249.0,269.0,310.0,351.0
British Virgin Islands*,Saint Vincent and the Grenadines,VGB,VCT,449.0,541.0,633.0,725.0,861.0,992.0,1125.0
British Virgin Islands*,Trinidad and Tobago,VGB,TTO,73.0,88.0,103.0,118.0,170.0,195.0,221.0
British Virgin Islands*,Guyana,VGB,GUY,397.0,478.0,559.0,640.0,994.0,1145.0,1298.0
British Virgin Islands*,Canada,VGB,CAN,69.0,83.0,97.0,111.0,115.0,132.0,149.0
British Virgin Islands*,United States of America*,VGB,USA,355.0,428.0,500.0,573.0,834.0,961.0,1090.0
British Virgin Islands*,Australia*,VGB,AUS,9.0,11.0,13.0,15.0,17.0,19.0,21.0
Cayman Islands*,Kenya,CYM,KEN,7.0,15.0,27.0,24.0,25.0,26.0,27.0
Cayman Islands*,United Republic of Tanzania,CYM,TZA,4.0,8.0,15.0,13.0,13.0,13.0,13.0
Cayman Islands*,Zambia,CYM,ZMB,0.0,1.0,3.0,3.0,4.0,3.0,3.0
Cayman Islands*,Zimbabwe,CYM,ZWE,1.0,3.0,6.0,5.0,6.0,5.0,5.0
Cayman Islands*,South Africa,CYM,ZAF,5.0,11.0,19.0,18.0,18.0,18.0,19.0
Cayman Islands*,Niger,CYM,NER,0.0,0.0,0.0,0.0,0.0,0.0,0.0
Cayman Islands*,Nigeria,CYM,NGA,0.0,0.0,0.0,0.0,0.0,0.0,0.0
Cayman Islands*,Japan,CYM,JPN,1.0,3.0,6.0,5.0,6.0,5.0,5.0
Cayman Islands*,India,CYM,IND,20.0,39.0,68.0,91.0,123.0,133.0,147.0
Cayman Islands*,Iran (Islamic Republic of),CYM,IRN,0.0,1.0,3.0,3.0,4.0,3.0,3.0
Cayman Islands*,Pakistan,CYM,PAK,12.0,23.0,41.0,37.0,37.0,39.0,42.0
Cayman Islands*,Malaysia,CYM,MYS,1.0,3.0,6.0,5.0,6.0,5.0,5.0
Cayman Islands*,Philippines,CYM,PHL,10.0,21.0,36.0,402.0,807.0,880.0,978.0
Cayman Islands*,Thailand,CYM,THA,1.0,3.0,6.0,5.0,6.0,5.0,5.0
Cayman Islands*,Israel,CYM,ISR,2.0,6.0,11.0,10.0,10.0,9.0,10.0
Cayman Islands*,Channel Islands*,CYM,CHI,1.0,4.0,8.0,7.0,8.0,7.0,8.0
Cayman Islands*,Denmark*,CYM,DNK,1.0,4.0,7.0,6.0,7.0,6.0,6.0
Cayman Islands*,Finland*,CYM,FIN,1.0,3.0,6.0,5.0,6.0,5.0,5.0
Cayman Islands*,Ireland,CYM,IRL,38.0,72.0,124.0,113.0,114.0,123.0,136.0
Cayman Islands*,United Kingdom*,CYM,GBR,469.0,633.0,955.0,901.0,927.0,1012.0,1125.0
Cayman Islands*,Italy,CYM,ITA,3.0,7.0,12.0,11.0,11.0,11.0,11.0
Cayman Islands*,Spain*,CYM,ESP,4.0,9.0,17.0,16.0,16.0,16.0,17.0
Cayman Islands*,Austria,CYM,AUT,2.0,6.0,11.0,10.0,10.0,9.0,10.0
Cayman Islands*,Belgium,CYM,BEL,1.0,3.0,6.0,5.0,6.0,5.0,5.0
Cayman Islands*,France*,CYM,FRA,4.0,8.0,15.0,14.0,14.0,14.0,14.0
Cayman Islands*,Germany,CYM,DEU,13.0,26.0,46.0,42.0,41.0,44.0,48.0
Cayman Islands*,Netherlands*,CYM,NLD,1.0,3.0,6.0,5.0,6.0,5.0,5.0
Cayman Islands*,Switzerland,CYM,CHE,5.0,11.0,19.0,18.0,18.0,18.0,19.0
Cayman Islands*,Bahamas,CYM,BHS,27.0,53.0,91.0,82.0,81.0,88.0,97.0
Cayman Islands*,Barbados,CYM,BRB,17.0,33.0,58.0,56.0,60.0,65.0,71.0
Cayman Islands*,Cuba,CYM,CUB,106.0,198.0,341.0,336.0,360.0,393.0,435.0
Cayman Islands*,Curaçao*,CYM,CUW,0.0,0.0,1.0,1.0,2.0,1.0,1.0
Cayman Islands*,Dominican Republic,CYM,DOM,4.0,8.0,15.0,14.0,14.0,14.0,14.0
Cayman Islands*,Grenada,CYM,GRD,1.0,4.0,7.0,6.0,7.0,6.0,6.0
Cayman Islands*,Haiti,CYM,HTI,1.0,4.0,7.0,6.0,7.0,6.0,6.0
Cayman Islands*,Jamaica,CYM,JAM,2147.0,2810.0,4199.0,4271.0,4703.0,5164.0,5732.0
Cayman Islands*,Puerto Rico*,CYM,PRI,7.0,15.0,27.0,24.0,25.0,26.0,27.0
Cayman Islands*,Saint Lucia,CYM,LCA,1.0,3.0,6.0,5.0,6.0,5.0,5.0
Cayman Islands*,Saint Vincent and the Grenadines,CYM,VCT,1.0,4.0,8.0,7.0,8.0,7.0,8.0
Cayman Islands*,Trinidad and Tobago,CYM,TTO,53.0,99.0,172.0,154.0,152.0,165.0,182.0
Cayman Islands*,Belize,CYM,BLZ,51.0,96.0,165.0,148.0,145.0,157.0,174.0
Cayman Islands*,Costa Rica,CYM,CRI,25.0,47.0,82.0,56.0,36.0,38.0,41.0
Cayman Islands*,Honduras,CYM,HND,390.0,353.0,404.0,699.0,1059.0,1156.0,1285.0
Cayman Islands*,Mexico,CYM,MEX,6.0,13.0,22.0,20.0,20.0,20.0,21.0
Cayman Islands*,Nicaragua,CYM,NIC,133.0,251.0,432.0,310.0,216.0,235.0,260.0
Cayman Islands*,Panama,CYM,PAN,19.0,38.0,66.0,59.0,58.0,62.0,69.0
Cayman Islands*,Argentina,CYM,ARG,1.0,4.0,8.0,7.0,8.0,7.0,8.0
Cayman Islands*,Brazil,CYM,BRA,11.0,22.0,39.0,35.0,35.0,37.0,40.0
Cayman Islands*,Colombia,CYM,COL,26.0,50.0,86.0,139.0,205.0,222.0,246.0
Cayman Islands*,Guyana,CYM,GUY,30.0,58.0,101.0,108.0,126.0,136.0,151.0
Cayman Islands*,Peru,CYM,PER,2.0,6.0,11.0,10.0,10.0,9.0,10.0
Cayman Islands*,Venezuela (Bolivarian Republic of),CYM,VEN,4.0,9.0,17.0,16.0,16.0,16.0,22.0
Cayman Islands*,Bermuda*,CYM,BMU,1.0,4.0,8.0,7.0,8.0,7.0,8.0
Cayman Islands*,Canada,CYM,CAN,205.0,389.0,671.0,656.0,700.0,763.0,848.0
Cayman Islands*,United States of America*,CYM,USA,803.0,769.0,893.0,1055.0,1307.0,1428.0,1588.0
Cayman Islands*,Australia*,CYM,AUS,9.0,18.0,32.0,51.0,76.0,82.0,89.0
Cayman Islands*,New Zealand*,CYM,NZL,5.0,11.0,19.0,18.0,18.0,18.0,19.0
Cuba,Angola,CUB,AGO,86.0,68.0,47.0,41.0,36.0,27.0,19.0
Cuba,Algeria,CUB,DZA,48.0,38.0,28.0,19.0,13.0,8.0,5.0
Cuba,China,CUB,CHN,151.0,119.0,90.0,63.0,44.0,27.0,15.0
Cuba,Lebanon,CUB,LBN,54.0,43.0,32.0,18.0,9.0,4.0,3.0
Cuba,Bulgaria,CUB,BGR,173.0,137.0,107.0,65.0,39.0,21.0,10.0
Cuba,Czechia,CUB,CZE,229.0,181.0,138.0,88.0,54.0,31.0,17.0
Cuba,Hungary,CUB,HUN,90.0,71.0,55.0,31.0,16.0,9.0,5.0
Cuba,Poland,CUB,POL,135.0,107.0,82.0,50.0,30.0,16.0,9.0
Cuba,Romania,CUB,ROU,105.0,83.0,50.0,51.0,50.0,47.0,43.0
Cuba,Russian Federation,CUB,RUS,2763.0,2181.0,1610.0,1085.0,702.0,428.0,250.0
Cuba,Ukraine*,CUB,UKR,907.0,716.0,514.0,364.0,245.0,157.0,98.0
Cuba,United Kingdom*,CUB,GBR,44.0,35.0,22.0,22.0,22.0,20.0,17.0
Cuba,Albania,CUB,ALB,109.0,86.0,113.0,18.0,2.0,0.0,0.0
Cuba,Italy,CUB,ITA,133.0,105.0,59.0,79.0,105.0,127.0,144.0
Cuba,Spain*,CUB,ESP,5309.0,4190.0,3279.0,1891.0,1034.0,544.0,280.0
Cuba,France*,CUB,FRA,159.0,126.0,82.0,70.0,55.0,43.0,34.0
Cuba,Germany,CUB,DEU,364.0,288.0,197.0,155.0,116.0,83.0,58.0
Cuba,Dominican Republic,CUB,DOM,149.0,118.0,91.0,58.0,37.0,21.0,11.0
Cuba,Grenada,CUB,GRD,84.0,67.0,0.0,0.0,0.0,0.0,0.0
Cuba,Haiti,CUB,HTI,585.0,462.0,389.0,215.0,120.0,58.0,25.0
Cuba,Jamaica,CUB,JAM,334.0,264.0,201.0,123.0,72.0,40.0,22.0
Cuba,Puerto Rico*,CUB,PRI,145.0,115.0,92.0,51.0,28.0,14.0,7.0
Cuba,Guatemala,CUB,GTM,78.0,62.0,43.0,32.0,23.0,15.0,10.0
Cuba,Mexico,CUB,MEX,444.0,351.0,246.0,183.0,129.0,88.0,59.0
Cuba,Nicaragua,CUB,NIC,368.0,291.0,203.0,150.0,103.0,69.0,46.0
Cuba,Panama,CUB,PAN,121.0,96.0,72.0,44.0,26.0,15.0,8.0
Cuba,Argentina,CUB,ARG,181.0,143.0,103.0,76.0,55.0,37.0,23.0
Cuba,Bolivia (Plurinational State of),CUB,BOL,54.0,43.0,26.0,28.0,30.0,29.0,26.0
Cuba,Chile,CUB,CHL,179.0,142.0,95.0,74.0,53.0,38.0,29.0
Cuba,Colombia,CUB,COL,177.0,140.0,97.0,73.0,51.0,35.0,23.0
Cuba,Ecuador,CUB,ECU,68.0,54.0,33.0,34.0,34.0,31.0,28.0
Cuba,Peru,CUB,PER,109.0,86.0,56.0,48.0,38.0,30.0,23.0
Cuba,Venezuela (Bolivarian Republic of),CUB,VEN,209.0,165.0,95.0,115.0,134.0,146.0,151.0
Cuba,Canada,CUB,CAN,58.0,46.0,31.0,25.0,19.0,14.0,11.0
Cuba,Greenland*,CUB,GRL,107.0,85.0,134.0,18.0,3.0,0.0,0.0
Cuba,United States of America*,CUB,USA,609.0,481.0,327.0,254.0,182.0,130.0,92.0
Curaçao*,China,CUW,CHN,262.0,262.0,262.0,262.0,238.0,257.0,292.0
Curaçao*,"China, Hong Kong SAR",CUW,HKG,40.0,40.0,40.0,40.0,37.0,39.0,44.0
Curaçao*,Japan,CUW,JPN,71.0,71.0,71.0,71.0,65.0,69.0,78.0
Curaçao*,India,CUW,IND,249.0,249.0,249.0,249.0,226.0,244.0,277.0
Curaçao*,Indonesia,CUW,IDN,96.0,96.0,96.0,96.0,88.0,94.0,107.0
Curaçao*,Lebanon,CUW,LBN,87.0,87.0,87.0,87.0,80.0,85.0,96.0
Curaçao*,United Kingdom*,CUW,GBR,16.0,16.0,16.0,16.0,15.0,15.0,17.0
Curaçao*,Italy,CUW,ITA,6.0,6.0,6.0,6.0,7.0,6.0,6.0
Curaçao*,Portugal,CUW,PRT,480.0,480.0,480.0,480.0,435.0,470.0,535.0
Curaçao*,Spain*,CUW,ESP,14.0,14.0,14.0,14.0,13.0,13.0,15.0
Curaçao*,Belgium,CUW,BEL,50.0,50.0,50.0,50.0,47.0,49.0,55.0
Curaçao*,Germany,CUW,DEU,62.0,62.0,62.0,62.0,57.0,60.0,68.0
Curaçao*,Netherlands*,CUW,NLD,4698.0,4698.0,4698.0,4698.0,4319.0,4685.0,5089.0
Curaçao*,Anguilla*,CUW,AIA,32.0,32.0,32.0,32.0,30.0,31.0,34.0
Curaçao*,Antigua and Barbuda,CUW,ATG,42.0,42.0,42.0,42.0,39.0,41.0,45.0
Curaçao*,Aruba*,CUW,ABW,1097.0,1097.0,1097.0,1097.0,992.0,1075.0,1223.0
Curaçao*,Bahamas,CUW,BHS,42.0,42.0,42.0,42.0,39.0,41.0,45.0
Curaçao*,Barbados,CUW,BRB,161.0,161.0,161.0,161.0,146.0,157.0,178.0
Curaçao*,"Bonaire, Sint Eustatius and Saba*",CUW,BES,1410.0,1410.0,1410.0,1410.0,1274.0,1381.0,1573.0
Curaçao*,British Virgin Islands*,CUW,VGB,85.0,85.0,85.0,85.0,78.0,83.0,94.0
Curaçao*,Cuba,CUW,CUB,124.0,124.0,124.0,124.0,113.0,121.0,137.0
Curaçao*,Dominica,CUW,DMA,90.0,90.0,90.0,90.0,83.0,88.0,99.0
Curaçao*,Dominican Republic,CUW,DOM,4446.0,4446.0,4446.0,4446.0,4018.0,4358.0,4963.0
Curaçao*,Grenada,CUW,GRD,1.0,1.0,1.0,1.0,2.0,1.0,1.0
Curaçao*,Guadeloupe*,CUW,GLP,54.0,54.0,54.0,54.0,50.0,53.0,60.0
Curaçao*,Haiti,CUW,HTI,906.0,906.0,906.0,906.0,820.0,888.0,1011.0
Curaçao*,Jamaica,CUW,JAM,940.0,940.0,940.0,940.0,850.0,921.0,1049.0
Curaçao*,Martinique*,CUW,MTQ,18.0,18.0,18.0,18.0,18.0,18.0,19.0
Curaçao*,Puerto Rico*,CUW,PRI,12.0,12.0,12.0,12.0,12.0,11.0,11.0
Curaçao*,Saint Kitts and Nevis,CUW,KNA,142.0,142.0,142.0,142.0,130.0,139.0,158.0
Curaçao*,Saint Vincent and the Grenadines,CUW,VCT,246.0,246.0,246.0,246.0,224.0,241.0,273.0
Curaçao*,Sint Maarten (Dutch part)*,CUW,SXM,290.0,290.0,290.0,290.0,263.0,284.0,323.0
Curaçao*,Trinidad and Tobago,CUW,TTO,55.0,55.0,55.0,55.0,51.0,54.0,61.0
Curaçao*,United States Virgin Islands*,CUW,VIR,21.0,21.0,21.0,21.0,20.0,20.0,22.0
Curaçao*,Mexico,CUW,MEX,10.0,10.0,10.0,10.0,10.0,9.0,9.0
Curaçao*,Argentina,CUW,ARG,14.0,14.0,14.0,14.0,14.0,14.0,15.0
Curaçao*,Colombia,CUW,COL,3124.0,3124.0,3124.0,3124.0,2902.0,3147.0,3321.0
Curaçao*,Guyana,CUW,GUY,269.0,269.0,269.0,269.0,245.0,264.0,299.0
Curaçao*,Peru,CUW,PER,60.0,60.0,60.0,60.0,56.0,59.0,67.0
Curaçao*,Suriname,CUW,SUR,1080.0,1080.0,1080.0,1080.0,977.0,1058.0,1205.0
Curaçao*,Venezuela (Bolivarian Republic of),CUW,VEN,3577.0,3577.0,3577.0,3577.0,957.0,1037.0,8737.0
Curaçao*,Canada,CUW,CAN,32.0,32.0,32.0,32.0,30.0,31.0,34.0
Curaçao*,United States of America*,CUW,USA,161.0,161.0,161.0,161.0,147.0,158.0,179.0
Dominica,Nigeria,DMA,NGA,11.0,15.0,18.0,21.0,26.0,30.0,29.0
Dominica,China,DMA,CHN,5.0,6.0,7.0,8.0,11.0,13.0,12.0
Dominica,India,DMA,IND,4.0,5.0,6.0,7.0,10.0,12.0,11.0
Dominica,Lebanon,DMA,LBN,3.0,4.0,5.0,5.0,6.0,7.0,6.0
Dominica,Syrian Arab Republic,DMA,SYR,2.0,3.0,4.0,4.0,4.0,5.0,4.0
Dominica,United Kingdom*,DMA,GBR,112.0,148.0,174.0,216.0,261.0,304.0,310.0
Dominica,France*,DMA,FRA,10.0,13.0,15.0,18.0,23.0,27.0,26.0
Dominica,Germany,DMA,DEU,7.0,9.0,11.0,13.0,15.0,17.0,16.0
Dominica,Netherlands*,DMA,NLD,2.0,3.0,4.0,4.0,4.0,5.0,4.0
Dominica,Anguilla*,DMA,AIA,2.0,3.0,4.0,4.0,4.0,5.0,4.0
Dominica,Antigua and Barbuda,DMA,ATG,87.0,115.0,135.0,168.0,197.0,230.0,233.0
Dominica,Aruba*,DMA,ABW,11.0,15.0,18.0,21.0,26.0,30.0,29.0
Dominica,Bahamas,DMA,BHS,3.0,4.0,5.0,5.0,6.0,7.0,6.0
Dominica,Barbados,DMA,BRB,28.0,37.0,44.0,54.0,65.0,76.0,76.0
Dominica,British Virgin Islands*,DMA,VGB,16.0,21.0,25.0,30.0,37.0,43.0,42.0
Dominica,Cuba,DMA,CUB,5.0,6.0,7.0,8.0,8.0,9.0,8.0
Dominica,Guadeloupe*,DMA,GLP,9.0,12.0,14.0,17.0,22.0,26.0,25.0
Dominica,Haiti,DMA,HTI,287.0,375.0,441.0,546.0,1535.0,1226.0,1285.0
Dominica,Jamaica,DMA,JAM,31.0,41.0,48.0,60.0,73.0,85.0,85.0
Dominica,Martinique*,DMA,MTQ,16.0,21.0,25.0,30.0,37.0,43.0,42.0
Dominica,Montserrat*,DMA,MSR,28.0,37.0,44.0,54.0,65.0,76.0,76.0
Dominica,Puerto Rico*,DMA,PRI,1.0,1.0,1.0,1.0,1.0,1.0,0.0
Dominica,Saint Kitts and Nevis,DMA,KNA,14.0,18.0,21.0,26.0,32.0,37.0,36.0
Dominica,Saint Lucia,DMA,LCA,51.0,68.0,80.0,99.0,119.0,139.0,140.0
Dominica,Saint Vincent and the Grenadines,DMA,VCT,20.0,26.0,31.0,38.0,47.0,55.0,55.0
Dominica,Trinidad and Tobago,DMA,TTO,46.0,61.0,72.0,88.0,106.0,123.0,124.0
Dominica,French Guiana*,DMA,GUF,7.0,9.0,11.0,13.0,15.0,17.0,16.0
Dominica,Guyana,DMA,GUY,31.0,41.0,48.0,60.0,73.0,85.0,85.0
Dominica,Suriname,DMA,SUR,3.0,4.0,5.0,5.0,6.0,7.0,6.0
Dominica,Venezuela (Bolivarian Republic of),DMA,VEN,9.0,12.0,14.0,17.0,22.0,26.0,25.0
Dominica,Canada,DMA,CAN,33.0,44.0,52.0,64.0,77.0,90.0,90.0
Dominica,United States of America*,DMA,USA,89.0,117.0,138.0,171.0,206.0,240.0,244.0
Dominica,Australia*,DMA,AUS,2.0,3.0,4.0,4.0,4.0,5.0,4.0
Dominican Republic,Burundi,DOM,BDI,3.0,4.0,4.0,4.0,4.0,3.0,3.0
Dominican Republic,Cameroon,DOM,CMR,0.0,0.0,0.0,6.0,12.0,11.0,11.0
Dominican Republic,Central African Republic,DOM,CAF,6.0,7.0,7.0,27.0,48.0,49.0,50.0
Dominican Republic,Chad,DOM,TCD,0.0,0.0,0.0,0.0,0.0,0.0,0.0
Dominican Republic,Morocco,DOM,MAR,9.0,10.0,11.0,10.0,9.0,8.0,8.0
Dominican Republic,South Africa,DOM,ZAF,98.0,112.0,125.0,66.0,8.0,7.0,7.0
Dominican Republic,Cabo Verde,DOM,CPV,3.0,4.0,4.0,4.0,4.0,3.0,3.0
Dominican Republic,Nigeria,DOM,NGA,9.0,10.0,11.0,8.0,6.0,5.0,5.0
Dominican Republic,Saint Helena,DOM,SHN,46.0,53.0,59.0,53.0,48.0,49.0,50.0
Dominican Republic,Kazakhstan,DOM,KAZ,0.0,0.0,0.0,3.0,6.0,5.0,5.0
Dominican Republic,China,DOM,CHN,1552.0,1766.0,1979.0,1301.0,620.0,1328.0,1388.0
Dominican Republic,Japan,DOM,JPN,565.0,643.0,720.0,443.0,163.0,171.0,177.0
Dominican Republic,Republic of Korea,DOM,KOR,227.0,258.0,289.0,261.0,233.0,243.0,254.0
Dominican Republic,Bhutan,DOM,BTN,0.0,0.0,0.0,0.0,0.0,0.0,0.0
Dominican Republic,India,DOM,IND,126.0,144.0,161.0,92.0,24.0,24.0,25.0
Dominican Republic,Iran (Islamic Republic of),DOM,IRN,6.0,7.0,8.0,7.0,7.0,6.0,6.0
Dominican Republic,Pakistan,DOM,PAK,26.0,30.0,33.0,26.0,20.0,20.0,20.0
Dominican Republic,Cambodia,DOM,KHM,55.0,63.0,70.0,63.0,57.0,59.0,61.0
Dominican Republic,Malaysia,DOM,MYS,29.0,33.0,37.0,24.0,11.0,10.0,10.0
Dominican Republic,Philippines,DOM,PHL,43.0,49.0,55.0,39.0,24.0,24.0,25.0
Dominican Republic,Bahrain,DOM,BHR,3.0,4.0,4.0,4.0,4.0,3.0,3.0
Dominican Republic,Iraq,DOM,IRQ,0.0,0.0,0.0,4.0,9.0,8.0,8.0
Dominican Republic,Israel,DOM,ISR,37.0,42.0,47.0,32.0,18.0,17.0,17.0
Dominican Republic,Lebanon,DOM,LBN,267.0,304.0,340.0,194.0,47.0,48.0,50.0
Dominican Republic,Saudi Arabia,DOM,SAU,0.0,0.0,0.0,2.0,4.0,3.0,3.0
Dominican Republic,State of Palestine,DOM,PSE,95.0,108.0,121.0,64.0,8.0,7.0,7.0
Dominican Republic,Syrian Arab Republic,DOM,SYR,32.0,37.0,41.0,25.0,10.0,9.0,9.0
Dominican Republic,Türkiye,DOM,TUR,34.0,39.0,43.0,26.0,10.0,9.0,9.0
Dominican Republic,Bulgaria,DOM,BGR,152.0,173.0,194.0,112.0,30.0,30.0,31.0
Dominican Republic,Czechia,DOM,CZE,6.0,7.0,8.0,11.0,14.0,13.0,13.0
Dominican Republic,Hungary,DOM,HUN,20.0,23.0,26.0,16.0,7.0,6.0,6.0
Dominican Republic,Poland,DOM,POL,405.0,461.0,516.0,266.0,15.0,14.0,14.0
Dominican Republic,Republic of Moldova*,DOM,MDA,3.0,4.0,4.0,5.0,7.0,6.0,6.0
Dominican Republic,Romania,DOM,ROU,14.0,16.0,18.0,21.0,24.0,24.0,25.0
Dominican Republic,Russian Federation,DOM,RUS,172.0,196.0,219.0,245.0,271.0,284.0,296.0
Dominican Republic,Ukraine*,DOM,UKR,72.0,82.0,92.0,70.0,49.0,50.0,51.0
Dominican Republic,Denmark*,DOM,DNK,11.0,13.0,14.0,12.0,10.0,9.0,9.0
Dominican Republic,Finland*,DOM,FIN,14.0,16.0,18.0,17.0,17.0,16.0,16.0
Dominican Republic,Ireland,DOM,IRL,23.0,26.0,29.0,21.0,13.0,12.0,13.0
Dominican Republic,Norway*,DOM,NOR,23.0,26.0,29.0,26.0,23.0,23.0,23.0
Dominican Republic,Sweden,DOM,SWE,284.0,323.0,362.0,196.0,30.0,30.0,31.0
Dominican Republic,United Kingdom*,DOM,GBR,201.0,229.0,256.0,236.0,215.0,226.0,235.0
Dominican Republic,Bosnia and Herzegovina,DOM,BIH,0.0,0.0,0.0,0.0,0.0,0.0,0.0
Dominican Republic,Greece,DOM,GRC,32.0,37.0,41.0,29.0,18.0,17.0,17.0
Dominican Republic,Italy,DOM,ITA,1991.0,2265.0,2539.0,1791.0,1039.0,1072.0,1120.0
Dominican Republic,Malta,DOM,MLT,20.0,23.0,26.0,19.0,12.0,11.0,11.0
Dominican Republic,North Macedonia,DOM,MKD,0.0,0.0,0.0,5.0,11.0,10.0,10.0
Dominican Republic,Portugal,DOM,PRT,49.0,56.0,62.0,51.0,41.0,42.0,43.0
Dominican Republic,Serbia*,DOM,SRB,70.0,80.0,89.0,64.0,39.0,40.0,41.0
Dominican Republic,Spain*,DOM,ESP,2611.0,2970.0,3329.0,2976.0,2621.0,2618.0,2738.0
Dominican Republic,Austria,DOM,AUT,155.0,177.0,198.0,135.0,72.0,74.0,76.0
Dominican Republic,Belgium,DOM,BEL,187.0,213.0,238.0,167.0,95.0,99.0,102.0
Dominican Republic,France*,DOM,FRA,953.0,1084.0,1215.0,991.0,766.0,1109.0,1160.0
Dominican Republic,Germany,DOM,DEU,2003.0,2279.0,2554.0,1544.0,530.0,687.0,717.0
Dominican Republic,Netherlands*,DOM,NLD,166.0,190.0,214.0,207.0,199.0,209.0,217.0
Dominican Republic,Switzerland,DOM,CHE,758.0,863.0,967.0,653.0,338.0,354.0,369.0
Dominican Republic,Anguilla*,DOM,AIA,57.0,65.0,73.0,43.0,13.0,12.0,13.0
Dominican Republic,Antigua and Barbuda,DOM,ATG,132.0,150.0,168.0,124.0,81.0,84.0,87.0
Dominican Republic,Aruba*,DOM,ABW,158.0,180.0,201.0,130.0,60.0,62.0,64.0
Dominican Republic,Bahamas,DOM,BHS,52.0,59.0,66.0,38.0,10.0,9.0,9.0
Dominican Republic,British Virgin Islands*,DOM,VGB,3.0,4.0,4.0,19.0,35.0,35.0,37.0
Dominican Republic,Cuba,DOM,CUB,2924.0,3327.0,3729.0,2682.0,1631.0,1356.0,1418.0
Dominican Republic,Dominica,DOM,DMA,6.0,7.0,8.0,8.0,9.0,8.0,8.0
Dominican Republic,Guadeloupe*,DOM,GLP,29.0,33.0,37.0,30.0,23.0,23.0,23.0
Dominican Republic,Haiti,DOM,HTI,64417.0,73279.0,82141.0,100592.0,119172.0,164618.0,172316.0
Dominican Republic,Jamaica,DOM,JAM,138.0,157.0,176.0,105.0,35.0,35.0,37.0
Dominican Republic,Martinique*,DOM,MTQ,32.0,37.0,41.0,25.0,10.0,9.0,9.0
Dominican Republic,Puerto Rico*,DOM,PRI,4649.0,5289.0,5928.0,4301.0,2668.0,2026.0,2118.0
Dominican Republic,Saint Kitts and Nevis,DOM,KNA,20.0,23.0,26.0,39.0,53.0,54.0,55.0
Dominican Republic,Trinidad and Tobago,DOM,TTO,46.0,53.0,59.0,34.0,10.0,9.0,9.0
Dominican Republic,Turks and Caicos Islands*,DOM,TCA,0.0,0.0,0.0,10.0,20.0,20.0,20.0
Dominican Republic,United States Virgin Islands*,DOM,VIR,175.0,199.0,223.0,129.0,36.0,36.0,38.0
Dominican Republic,Costa Rica,DOM,CRI,924.0,1051.0,1178.0,658.0,137.0,143.0,149.0
Dominican Republic,El Salvador,DOM,SLV,175.0,199.0,223.0,179.0,134.0,140.0,146.0
Dominican Republic,Guatemala,DOM,GTM,138.0,157.0,176.0,182.0,188.0,197.0,205.0
Dominican Republic,Honduras,DOM,HND,207.0,236.0,264.0,237.0,210.0,220.0,229.0
Dominican Republic,Mexico,DOM,MEX,964.0,1097.0,1229.0,956.0,683.0,717.0,748.0
Dominican Republic,Nicaragua,DOM,NIC,207.0,237.0,266.0,212.0,158.0,165.0,172.0
Dominican Republic,Panama,DOM,PAN,301.0,343.0,384.0,365.0,346.0,363.0,379.0
Dominican Republic,Argentina,DOM,ARG,1096.0,1248.0,1399.0,925.0,448.0,471.0,491.0
Dominican Republic,Bolivia (Plurinational State of),DOM,BOL,169.0,192.0,215.0,141.0,67.0,69.0,71.0
Dominican Republic,Brazil,DOM,BRA,508.0,578.0,648.0,480.0,310.0,325.0,338.0
Dominican Republic,Chile,DOM,CHL,654.0,744.0,834.0,552.0,268.0,280.0,292.0
Dominican Republic,Colombia,DOM,COL,2247.0,2556.0,2865.0,2280.0,1693.0,1392.0,1455.0
Dominican Republic,Ecuador,DOM,ECU,511.0,582.0,653.0,462.0,270.0,283.0,295.0
Dominican Republic,Guyana,DOM,GUY,14.0,16.0,18.0,12.0,7.0,6.0,6.0
Dominican Republic,Paraguay,DOM,PRY,20.0,23.0,26.0,19.0,12.0,11.0,11.0
Dominican Republic,Peru,DOM,PER,789.0,898.0,1006.0,769.0,532.0,558.0,583.0
Dominican Republic,Suriname,DOM,SUR,66.0,75.0,84.0,47.0,11.0,10.0,10.0
Dominican Republic,Uruguay,DOM,URY,958.0,1090.0,1222.0,655.0,86.0,89.0,91.0
Dominican Republic,Venezuela (Bolivarian Republic of),DOM,VEN,6537.0,7437.0,8336.0,5472.0,2597.0,1866.0,18341.0
Dominican Republic,Bermuda*,DOM,BMU,0.0,0.0,0.0,1.0,3.0,2.0,2.0
Dominican Republic,Canada,DOM,CAN,1768.0,2012.0,2255.0,1383.0,508.0,533.0,556.0
Dominican Republic,Saint Pierre and Miquelon*,DOM,SPM,16.0,18.0,20.0,23.0,26.0,26.0,26.0
Dominican Republic,United States of America*,DOM,USA,4135.0,4704.0,5273.0,8484.0,11713.0,6637.0,6942.0
Dominican Republic,Australia*,DOM,AUS,20.0,23.0,26.0,19.0,13.0,12.0,13.0
Dominican Republic,Cook Islands*,DOM,COK,6.0,7.0,8.0,7.0,7.0,6.0,6.0
Dominican Republic,Wallis and Futuna Islands*,DOM,WLF,6.0,7.0,8.0,7.0,7.0,6.0,6.0
Grenada,Antigua and Barbuda,GRD,ATG,11.0,14.0,18.0,18.0,19.0,19.0,21.0
Grenada,Bahamas,GRD,BHS,9.0,11.0,14.0,14.0,15.0,15.0,16.0
Grenada,Barbados,GRD,BRB,51.0,66.0,81.0,84.0,88.0,89.0,97.0
Grenada,British Virgin Islands*,GRD,VGB,4.0,5.0,6.0,6.0,7.0,7.0,8.0
Grenada,Dominica,GRD,DMA,21.0,27.0,34.0,35.0,37.0,37.0,40.0
Grenada,Jamaica,GRD,JAM,33.0,43.0,53.0,55.0,58.0,58.0,63.0
Grenada,Montserrat*,GRD,MSR,3.0,3.0,4.0,4.0,5.0,5.0,5.0
Grenada,Saint Kitts and Nevis,GRD,KNA,4.0,5.0,6.0,6.0,7.0,7.0,8.0
Grenada,Saint Lucia,GRD,LCA,47.0,60.0,74.0,77.0,81.0,82.0,89.0
Grenada,Saint Vincent and the Grenadines,GRD,VCT,164.0,213.0,263.0,274.0,286.0,289.0,316.0
Grenada,Trinidad and Tobago,GRD,TTO,834.0,1082.0,1331.0,1390.0,1450.0,1468.0,1610.0
Grenada,United States Virgin Islands*,GRD,VIR,3.0,4.0,5.0,5.0,5.0,5.0,5.0
Grenada,Guyana,GRD,GUY,164.0,212.0,261.0,273.0,285.0,288.0,315.0
Grenada,Venezuela (Bolivarian Republic of),GRD,VEN,22.0,28.0,34.0,35.0,37.0,37.0,40.0
Grenada,Canada,GRD,CAN,43.0,56.0,69.0,72.0,75.0,75.0,82.0
Guadeloupe*,Réunion,GLP,REU,127.0,156.0,184.0,233.0,282.0,278.0,277.0
Guadeloupe*,Algeria,GLP,DZA,38.0,52.0,66.0,74.0,81.0,81.0,80.0
Guadeloupe*,India,GLP,IND,41.0,56.0,71.0,88.0,105.0,105.0,104.0
Guadeloupe*,Lebanon,GLP,LBN,63.0,86.0,108.0,121.0,133.0,133.0,132.0
Guadeloupe*,Syrian Arab Republic,GLP,SYR,61.0,83.0,105.0,130.0,155.0,155.0,154.0
Guadeloupe*,United Kingdom*,GLP,GBR,86.0,117.0,148.0,184.0,219.0,219.0,218.0
Guadeloupe*,Italy,GLP,ITA,74.0,101.0,128.0,159.0,189.0,190.0,188.0
Guadeloupe*,Portugal,GLP,PRT,96.0,131.0,166.0,206.0,245.0,246.0,245.0
Guadeloupe*,Belgium,GLP,BEL,96.0,131.0,166.0,189.0,212.0,214.0,213.0
Guadeloupe*,France*,GLP,FRA,15845.0,20420.0,24994.0,27119.0,29244.0,29318.0,29296.0
Guadeloupe*,Germany,GLP,DEU,65.0,86.0,106.0,136.0,165.0,166.0,165.0
Guadeloupe*,Netherlands*,GLP,NLD,165.0,225.0,284.0,352.0,420.0,421.0,421.0
Guadeloupe*,Switzerland,GLP,CHE,46.0,63.0,79.0,98.0,117.0,118.0,117.0
Guadeloupe*,Dominica,GLP,DMA,3535.0,3279.0,3022.0,2837.0,2652.0,2640.0,2636.0
Guadeloupe*,Dominican Republic,GLP,DOM,1785.0,1425.0,1064.0,825.0,585.0,582.0,580.0
Guadeloupe*,Haiti,GLP,HTI,5252.0,4744.0,4235.0,6023.0,7811.0,7840.0,7834.0
Guadeloupe*,Martinique*,GLP,MTQ,3010.0,3818.0,4625.0,4895.0,5165.0,5168.0,5162.0
Guadeloupe*,Saint Lucia,GLP,LCA,135.0,142.0,148.0,182.0,216.0,216.0,215.0
Guadeloupe*,Brazil,GLP,BRA,23.0,23.0,23.0,28.0,33.0,34.0,33.0
Guadeloupe*,French Guiana*,GLP,GUF,380.0,482.0,583.0,607.0,630.0,631.0,630.0
Guadeloupe*,Guyana,GLP,GUY,25.0,42.0,59.0,79.0,99.0,100.0,98.0
Guadeloupe*,Suriname,GLP,SUR,1.0,9.0,16.0,18.0,19.0,19.0,18.0
Guadeloupe*,Canada,GLP,CAN,102.0,139.0,176.0,218.0,260.0,260.0,259.0
Guadeloupe*,United States of America*,GLP,USA,102.0,139.0,176.0,218.0,260.0,260.0,259.0
Haiti,China,HTI,CHN,147.0,139.0,132.0,125.0,131.0,137.0,142.0
Haiti,Japan,HTI,JPN,102.0,96.0,91.0,86.0,90.0,94.0,96.0
Haiti,Italy,HTI,ITA,361.0,342.0,324.0,307.0,322.0,338.0,352.0
Haiti,Spain*,HTI,ESP,473.0,449.0,426.0,404.0,424.0,445.0,464.0
Haiti,Austria,HTI,AUT,28.0,26.0,24.0,22.0,23.0,24.0,23.0
Haiti,France*,HTI,FRA,173.0,164.0,155.0,147.0,154.0,161.0,167.0
Haiti,Germany,HTI,DEU,363.0,344.0,326.0,309.0,324.0,340.0,354.0
Haiti,Switzerland,HTI,CHE,137.0,130.0,123.0,116.0,121.0,127.0,132.0
Haiti,Cuba,HTI,CUB,530.0,503.0,477.0,453.0,475.0,498.0,520.0
Haiti,Dominican Republic,HTI,DOM,1061.0,1007.0,956.0,908.0,953.0,1000.0,1045.0
Haiti,Puerto Rico*,HTI,PRI,843.0,800.0,759.0,721.0,757.0,794.0,830.0
Haiti,Costa Rica,HTI,CRI,168.0,159.0,151.0,143.0,150.0,157.0,163.0
Haiti,Mexico,HTI,MEX,175.0,166.0,157.0,149.0,156.0,163.0,169.0
Haiti,Argentina,HTI,ARG,199.0,189.0,179.0,170.0,178.0,186.0,193.0
Haiti,Chile,HTI,CHL,119.0,113.0,107.0,101.0,106.0,111.0,115.0
Haiti,Colombia,HTI,COL,407.0,386.0,366.0,347.0,364.0,382.0,398.0
Haiti,Peru,HTI,PER,143.0,135.0,128.0,121.0,127.0,133.0,138.0
Haiti,Uruguay,HTI,URY,174.0,165.0,156.0,148.0,155.0,162.0,168.0
Haiti,Venezuela (Bolivarian Republic of),HTI,VEN,1185.0,1125.0,1068.0,1014.0,1064.0,1117.0,1181.0
Haiti,Canada,HTI,CAN,321.0,304.0,288.0,273.0,286.0,300.0,313.0
Haiti,United States of America*,HTI,USA,750.0,712.0,676.0,642.0,674.0,707.0,739.0
Jamaica,India,JAM,IND,313.0,386.0,459.0,445.0,430.0,421.0,428.0
Jamaica,United Kingdom*,JAM,GBR,2852.0,2747.0,2642.0,2558.0,2473.0,2420.0,2466.0
Jamaica,Antigua and Barbuda,JAM,ATG,61.0,73.0,85.0,82.0,79.0,77.0,77.0
Jamaica,Bahamas,JAM,BHS,263.0,314.0,365.0,354.0,342.0,335.0,341.0
Jamaica,Barbados,JAM,BRB,213.0,254.0,294.0,285.0,276.0,270.0,273.0
Jamaica,Cuba,JAM,CUB,911.0,946.0,981.0,950.0,919.0,899.0,914.0
Jamaica,Dominica,JAM,DMA,54.0,65.0,76.0,74.0,71.0,69.0,69.0
Jamaica,Grenada,JAM,GRD,82.0,98.0,114.0,111.0,107.0,105.0,106.0
Jamaica,Saint Kitts and Nevis,JAM,KNA,38.0,46.0,53.0,52.0,50.0,49.0,49.0
Jamaica,Saint Lucia,JAM,LCA,130.0,155.0,180.0,175.0,169.0,165.0,167.0
Jamaica,Saint Vincent and the Grenadines,JAM,VCT,89.0,107.0,124.0,120.0,116.0,114.0,115.0
Jamaica,Trinidad and Tobago,JAM,TTO,912.0,1091.0,1269.0,1229.0,1188.0,1162.0,1182.0
Jamaica,Belize,JAM,BLZ,4.0,4.0,4.0,4.0,4.0,4.0,4.0
Jamaica,Costa Rica,JAM,CRI,56.0,59.0,61.0,59.0,56.0,55.0,55.0
Jamaica,El Salvador,JAM,SLV,75.0,79.0,82.0,79.0,76.0,74.0,74.0
Jamaica,Guatemala,JAM,GTM,172.0,179.0,185.0,179.0,173.0,169.0,171.0
Jamaica,Honduras,JAM,HND,91.0,95.0,99.0,96.0,93.0,91.0,92.0
Jamaica,Nicaragua,JAM,NIC,70.0,73.0,76.0,74.0,71.0,69.0,69.0
Jamaica,Panama,JAM,PAN,42.0,44.0,45.0,44.0,42.0,41.0,41.0
Jamaica,Canada,JAM,CAN,587.0,633.0,679.0,658.0,636.0,622.0,633.0
Jamaica,United States of America*,JAM,USA,2309.0,2792.0,3284.0,3172.0,3073.0,3007.0,3092.0
Martinique*,Réunion,MTQ,REU,176.0,216.0,256.0,275.0,294.0,351.0,348.0
Martinique*,Algeria,MTQ,DZA,23.0,36.0,50.0,53.0,57.0,68.0,67.0
Martinique*,China,MTQ,CHN,35.0,48.0,62.0,66.0,70.0,83.0,82.0
Martinique*,Syrian Arab Republic,MTQ,SYR,35.0,55.0,75.0,80.0,85.0,101.0,100.0
Martinique*,United Kingdom*,MTQ,GBR,34.0,60.0,87.0,93.0,99.0,118.0,117.0
Martinique*,Italy,MTQ,ITA,19.0,29.0,39.0,41.0,44.0,52.0,51.0
Martinique*,Belgium,MTQ,BEL,30.0,47.0,64.0,68.0,73.0,87.0,86.0
Martinique*,France*,MTQ,FRA,14661.0,18127.0,21583.0,23148.0,24706.0,29534.0,29298.0
Martinique*,Dominica,MTQ,DMA,95.0,149.0,204.0,218.0,233.0,278.0,275.0
Martinique*,Dominican Republic,MTQ,DOM,13.0,39.0,66.0,71.0,76.0,90.0,89.0
Martinique*,Guadeloupe*,MTQ,GLP,2135.0,2625.0,3116.0,3342.0,3568.0,4265.0,4230.0
Martinique*,Haiti,MTQ,HTI,478.0,530.0,583.0,625.0,668.0,798.0,791.0
Martinique*,Saint Lucia,MTQ,LCA,543.0,759.0,975.0,1045.0,1116.0,1334.0,1323.0
Martinique*,Brazil,MTQ,BRA,10.0,25.0,40.0,43.0,46.0,54.0,53.0
Martinique*,French Guiana*,MTQ,GUF,692.0,850.0,1009.0,1082.0,1156.0,1381.0,1369.0
Montserrat*,United Kingdom*,MSR,GBR,75.0,64.0,45.0,47.0,49.0,51.0,50.0
Montserrat*,Antigua and Barbuda,MSR,ATG,90.0,72.0,55.0,56.0,58.0,60.0,60.0
Montserrat*,Dominica,MSR,DMA,220.0,177.0,134.0,139.0,144.0,156.0,175.0
Montserrat*,Dominican Republic,MSR,DOM,12.0,9.0,6.0,6.0,6.0,6.0,5.0
Montserrat*,Saint Kitts and Nevis,MSR,KNA,101.0,81.0,61.0,63.0,65.0,67.0,67.0
Montserrat*,Saint Vincent and the Grenadines,MSR,VCT,15.0,11.0,8.0,9.0,9.0,9.0,8.0
Montserrat*,Trinidad and Tobago,MSR,TTO,27.0,21.0,16.0,16.0,16.0,16.0,15.0
Montserrat*,Guyana,MSR,GUY,150.0,120.0,91.0,94.0,97.0,101.0,101.0
Montserrat*,Canada,MSR,CAN,29.0,23.0,17.0,17.0,18.0,18.0,17.0
Montserrat*,United States of America*,MSR,USA,82.0,65.0,49.0,52.0,55.0,57.0,56.0
Puerto Rico*,Egypt,PRI,EGY,36.0,37.0,40.0,31.0,19.0,19.0,7.0
Puerto Rico*,China,PRI,CHN,178.0,433.0,691.0,749.0,718.0,580.0,648.0
Puerto Rico*,Japan,PRI,JPN,86.0,90.0,96.0,75.0,46.0,44.0,18.0
Puerto Rico*,Republic of Korea,PRI,KOR,38.0,39.0,42.0,52.0,57.0,60.0,2.0
Puerto Rico*,India,PRI,IND,51.0,53.0,57.0,44.0,27.0,26.0,11.0
Puerto Rico*,Philippines,PRI,PHL,144.0,151.0,160.0,125.0,76.0,75.0,32.0
Puerto Rico*,Thailand,PRI,THA,18.0,18.0,20.0,15.0,10.0,9.0,3.0
Puerto Rico*,Viet Nam,PRI,VNM,65.0,68.0,72.0,56.0,34.0,34.0,14.0
Puerto Rico*,Israel,PRI,ISR,46.0,48.0,51.0,39.0,24.0,24.0,10.0
Puerto Rico*,Jordan,PRI,JOR,92.0,97.0,103.0,80.0,49.0,47.0,19.0
Puerto Rico*,Lebanon,PRI,LBN,18.0,18.0,20.0,15.0,10.0,9.0,3.0
Puerto Rico*,Türkiye,PRI,TUR,22.0,22.0,24.0,19.0,12.0,11.0,4.0
Puerto Rico*,Poland,PRI,POL,19.0,19.0,21.0,16.0,10.0,9.0,3.0
Puerto Rico*,United Kingdom*,PRI,GBR,177.0,187.0,198.0,154.0,93.0,92.0,39.0
Puerto Rico*,Italy,PRI,ITA,254.0,235.0,218.0,171.0,104.0,102.0,43.0
Puerto Rico*,Portugal,PRI,PRT,36.0,37.0,40.0,31.0,19.0,19.0,7.0
Puerto Rico*,Spain*,PRI,ESP,2391.0,2192.0,1999.0,1725.0,1245.0,969.0,1394.0
Puerto Rico*,France*,PRI,FRA,146.0,154.0,163.0,128.0,78.0,76.0,32.0
Puerto Rico*,Germany,PRI,DEU,1174.0,873.0,576.0,451.0,273.0,268.0,115.0
Puerto Rico*,Netherlands*,PRI,NLD,28.0,29.0,31.0,23.0,14.0,14.0,5.0
Puerto Rico*,Cuba,PRI,CUB,10069.0,10027.0,10012.0,8962.0,6843.0,7107.0,6766.0
Puerto Rico*,Dominica,PRI,DMA,1351.0,1354.0,1362.0,1067.0,646.0,634.0,274.0
Puerto Rico*,Dominican Republic,PRI,DOM,20872.0,26576.0,32349.0,35277.0,33992.0,30887.0,25116.0
Puerto Rico*,Haiti,PRI,HTI,155.0,163.0,172.0,157.0,125.0,86.0,69.0
Puerto Rico*,Jamaica,PRI,JAM,44.0,46.0,49.0,38.0,23.0,23.0,9.0
Puerto Rico*,Trinidad and Tobago,PRI,TTO,177.0,187.0,199.0,155.0,93.0,93.0,40.0
Puerto Rico*,United States Virgin Islands*,PRI,VIR,493.0,493.0,496.0,388.0,235.0,231.0,137.0
Puerto Rico*,Costa Rica,PRI,CRI,256.0,279.0,303.0,316.0,292.0,365.0,494.0
Puerto Rico*,El Salvador,PRI,SLV,273.0,265.0,259.0,512.0,705.0,451.0,69.0
Puerto Rico*,Guatemala,PRI,GTM,256.0,271.0,287.0,296.0,271.0,203.0,176.0
Puerto Rico*,Honduras,PRI,HND,229.0,234.0,241.0,177.0,92.0,218.0,284.0
Puerto Rico*,Mexico,PRI,MEX,1004.0,1210.0,1420.0,1642.0,1669.0,1412.0,980.0
Puerto Rico*,Nicaragua,PRI,NIC,242.0,254.0,267.0,209.0,127.0,124.0,53.0
Puerto Rico*,Panama,PRI,PAN,986.0,873.0,764.0,580.0,328.0,491.0,315.0
Puerto Rico*,Argentina,PRI,ARG,650.0,654.0,661.0,738.0,727.0,629.0,442.0
Puerto Rico*,Bolivia (Plurinational State of),PRI,BOL,57.0,60.0,64.0,50.0,31.0,29.0,12.0
Puerto Rico*,Brazil,PRI,BRA,97.0,102.0,108.0,85.0,52.0,50.0,21.0
Puerto Rico*,Chile,PRI,CHL,486.0,461.0,439.0,530.0,559.0,421.0,242.0
Puerto Rico*,Colombia,PRI,COL,1789.0,1894.0,2004.0,2362.0,2438.0,2021.0,2162.0
Puerto Rico*,Ecuador,PRI,ECU,302.0,355.0,410.0,500.0,531.0,454.0,186.0
Puerto Rico*,Guyana,PRI,GUY,52.0,54.0,58.0,45.0,27.0,27.0,11.0
Puerto Rico*,Peru,PRI,PER,370.0,481.0,595.0,486.0,320.0,365.0,1118.0
Puerto Rico*,Venezuela (Bolivarian Republic of),PRI,VEN,665.0,849.0,1037.0,1158.0,1141.0,1228.0,532.0
Puerto Rico*,Canada,PRI,CAN,122.0,128.0,135.0,106.0,65.0,63.0,27.0
Puerto Rico*,United States of America*,PRI,USA,117804.0,120206.0,122918.0,117856.0,98719.0,88113.0,85416.0
Saint Kitts and Nevis,Antigua and Barbuda,KNA,ATG,94.0,122.0,166.0,188.0,202.0,207.0,213.0
Saint Kitts and Nevis,Bahamas,KNA,BHS,3.0,4.0,5.0,8.0,8.0,9.0,8.0
Saint Kitts and Nevis,Barbados,KNA,BRB,24.0,32.0,44.0,48.0,51.0,51.0,51.0
Saint Kitts and Nevis,British Virgin Islands*,KNA,VGB,57.0,74.0,98.0,110.0,118.0,120.0,123.0
Saint Kitts and Nevis,Dominica,KNA,DMA,42.0,54.0,73.0,84.0,90.0,94.0,96.0
Saint Kitts and Nevis,Grenada,KNA,GRD,11.0,15.0,20.0,25.0,26.0,26.0,25.0
Saint Kitts and Nevis,Jamaica,KNA,JAM,33.0,43.0,60.0,66.0,70.0,71.0,72.0
Saint Kitts and Nevis,Montserrat*,KNA,MSR,97.0,126.0,169.0,191.0,208.0,213.0,220.0
Saint Kitts and Nevis,Saint Lucia,KNA,LCA,17.0,21.0,28.0,35.0,46.0,45.0,45.0
Saint Kitts and Nevis,Saint Vincent and the Grenadines,KNA,VCT,38.0,49.0,67.0,74.0,80.0,80.0,82.0
Saint Kitts and Nevis,Trinidad and Tobago,KNA,TTO,46.0,64.0,91.0,103.0,111.0,113.0,117.0
Saint Kitts and Nevis,United States Virgin Islands*,KNA,VIR,144.0,188.0,256.0,290.0,313.0,321.0,332.0
Saint Kitts and Nevis,Guyana,KNA,GUY,163.0,213.0,290.0,329.0,355.0,364.0,376.0
Saint Lucia,Ethiopia,LCA,ETH,2.0,2.0,3.0,2.0,2.0,1.0,0.0
Saint Lucia,Zimbabwe,LCA,ZWE,0.0,0.0,0.0,0.0,0.0,0.0,0.0
Saint Lucia,South Africa,LCA,ZAF,2.0,2.0,3.0,2.0,2.0,1.0,0.0
Saint Lucia,Ghana,LCA,GHA,4.0,5.0,7.0,7.0,7.0,6.0,4.0
Saint Lucia,Nigeria,LCA,NGA,4.0,5.0,7.0,31.0,53.0,50.0,46.0
Saint Lucia,China,LCA,CHN,11.0,14.0,19.0,24.0,28.0,26.0,24.0
Saint Lucia,Japan,LCA,JPN,9.0,11.0,16.0,13.0,9.0,8.0,6.0
Saint Lucia,India,LCA,IND,19.0,25.0,35.0,66.0,92.0,88.0,89.0
Saint Lucia,Pakistan,LCA,PAK,4.0,5.0,7.0,4.0,1.0,0.0,0.0
Saint Lucia,Malaysia,LCA,MYS,2.0,3.0,5.0,5.0,5.0,4.0,2.0
Saint Lucia,Philippines,LCA,PHL,5.0,7.0,13.0,13.0,12.0,11.0,9.0
Saint Lucia,Lebanon,LCA,LBN,3.0,3.0,5.0,2.0,0.0,0.0,0.0
Saint Lucia,Syrian Arab Republic,LCA,SYR,3.0,3.0,5.0,19.0,33.0,31.0,28.0
Saint Lucia,Ireland,LCA,IRL,4.0,5.0,9.0,8.0,8.0,7.0,5.0
Saint Lucia,United Kingdom*,LCA,GBR,216.0,290.0,394.0,434.0,429.0,412.0,396.0
Saint Lucia,Italy,LCA,ITA,4.0,5.0,7.0,7.0,8.0,7.0,5.0
Saint Lucia,Austria,LCA,AUT,3.0,4.0,5.0,5.0,5.0,4.0,2.0
Saint Lucia,Belgium,LCA,BEL,2.0,2.0,4.0,4.0,4.0,3.0,1.0
Saint Lucia,France*,LCA,FRA,10.0,13.0,18.0,18.0,18.0,17.0,15.0
Saint Lucia,Germany,LCA,DEU,19.0,25.0,35.0,35.0,33.0,31.0,28.0
Saint Lucia,Netherlands*,LCA,NLD,3.0,3.0,5.0,4.0,4.0,3.0,1.0
Saint Lucia,Switzerland,LCA,CHE,1.0,2.0,4.0,4.0,4.0,3.0,1.0
Saint Lucia,Anguilla*,LCA,AIA,9.0,11.0,16.0,9.0,3.0,2.0,0.0
Saint Lucia,Antigua and Barbuda,LCA,ATG,24.0,32.0,44.0,47.0,47.0,45.0,42.0
Saint Lucia,Aruba*,LCA,ABW,5.0,6.0,9.0,15.0,20.0,18.0,16.0
Saint Lucia,Bahamas,LCA,BHS,2.0,2.0,3.0,3.0,3.0,2.0,0.0
Saint Lucia,Barbados,LCA,BRB,160.0,214.0,292.0,268.0,222.0,213.0,204.0
Saint Lucia,British Virgin Islands*,LCA,VGB,1.0,0.0,1.0,1.0,2.0,1.0,0.0
Saint Lucia,Cayman Islands*,LCA,CYM,1.0,0.0,1.0,1.0,2.0,1.0,0.0
Saint Lucia,Cuba,LCA,CUB,6.0,7.0,10.0,31.0,50.0,47.0,44.0
Saint Lucia,Curaçao*,LCA,CUW,21.0,25.0,46.0,46.0,44.0,42.0,39.0
Saint Lucia,Dominica,LCA,DMA,47.0,62.0,85.0,113.0,133.0,127.0,120.0
Saint Lucia,Dominican Republic,LCA,DOM,12.0,16.0,22.0,23.0,24.0,22.0,19.0
Saint Lucia,Grenada,LCA,GRD,27.0,36.0,49.0,63.0,72.0,68.0,64.0
Saint Lucia,Guadeloupe*,LCA,GLP,14.0,19.0,26.0,25.0,23.0,21.0,19.0
Saint Lucia,Haiti,LCA,HTI,7.0,7.0,13.0,13.0,12.0,11.0,9.0
Saint Lucia,Jamaica,LCA,JAM,47.0,62.0,85.0,176.0,244.0,234.0,223.0
Saint Lucia,Martinique*,LCA,MTQ,88.0,118.0,161.0,154.0,135.0,129.0,122.0
Saint Lucia,Montserrat*,LCA,MSR,7.0,9.0,13.0,15.0,17.0,15.0,13.0
Saint Lucia,Puerto Rico*,LCA,PRI,2.0,2.0,3.0,2.0,2.0,1.0,0.0
Saint Lucia,Saint Kitts and Nevis,LCA,KNA,11.0,14.0,19.0,21.0,22.0,20.0,17.0
Saint Lucia,Saint Vincent and the Grenadines,LCA,VCT,103.0,138.0,188.0,197.0,191.0,183.0,190.0
Saint Lucia,Sint Maarten (Dutch part)*,LCA,SXM,12.0,16.0,30.0,30.0,28.0,26.0,24.0
Saint Lucia,Trinidad and Tobago,LCA,TTO,172.0,230.0,313.0,315.0,291.0,279.0,267.0
Saint Lucia,United States Virgin Islands*,LCA,VIR,6.0,7.0,10.0,38.0,64.0,60.0,56.0
Saint Lucia,Belize,LCA,BLZ,0.0,0.0,0.0,0.0,0.0,0.0,0.0
Saint Lucia,Guatemala,LCA,GTM,1.0,0.0,1.0,1.0,1.0,0.0,0.0
Saint Lucia,Mexico,LCA,MEX,4.0,5.0,7.0,12.0,17.0,16.0,14.0
Saint Lucia,Panama,LCA,PAN,6.0,7.0,10.0,6.0,3.0,2.0,0.0
Saint Lucia,Brazil,LCA,BRA,2.0,2.0,3.0,3.0,3.0,2.0,0.0
Saint Lucia,French Guiana*,LCA,GUF,81.0,108.0,148.0,127.0,97.0,92.0,87.0
Saint Lucia,Guyana,LCA,GUY,479.0,643.0,875.0,1121.0,1256.0,1220.0,1181.0
Saint Lucia,Suriname,LCA,SUR,11.0,14.0,19.0,16.0,13.0,12.0,10.0
Saint Lucia,Venezuela (Bolivarian Republic of),LCA,VEN,15.0,19.0,27.0,22.0,17.0,15.0,13.0
Saint Lucia,Bermuda*,LCA,BMU,2.0,2.0,3.0,2.0,1.0,0.0,0.0
Saint Lucia,Canada,LCA,CAN,56.0,75.0,102.0,128.0,144.0,138.0,131.0
Saint Lucia,United States of America*,LCA,USA,132.0,176.0,240.0,353.0,426.0,414.0,402.0
Saint Lucia,Australia*,LCA,AUS,5.0,6.0,9.0,9.0,9.0,8.0,6.0
Saint Lucia,New Zealand*,LCA,NZL,0.0,0.0,0.0,0.0,0.0,0.0,0.0
Saint Vincent and the Grenadines,United Kingdom*,VCT,GBR,330.0,347.0,365.0,372.0,381.0,378.0,377.0
Saint Vincent and the Grenadines,Antigua and Barbuda,VCT,ATG,23.0,25.0,25.0,24.0,24.0,25.0,23.0
Saint Vincent and the Grenadines,Barbados,VCT,BRB,132.0,137.0,142.0,148.0,149.0,150.0,148.0
Saint Vincent and the Grenadines,"Bonaire, Sint Eustatius and Saba*",VCT,BES,79.0,82.0,89.0,89.0,91.0,92.0,93.0
Saint Vincent and the Grenadines,Curaçao*,VCT,CUW,71.0,73.0,75.0,75.0,76.0,76.0,74.0
Saint Vincent and the Grenadines,Dominica,VCT,DMA,45.0,46.0,47.0,46.0,46.0,46.0,46.0
Saint Vincent and the Grenadines,Grenada,VCT,GRD,222.0,230.0,239.0,243.0,243.0,247.0,246.0
Saint Vincent and the Grenadines,Jamaica,VCT,JAM,53.0,58.0,60.0,60.0,61.0,66.0,64.0
Saint Vincent and the Grenadines,Saint Kitts and Nevis,VCT,KNA,25.0,26.0,27.0,26.0,26.0,29.0,27.0
Saint Vincent and the Grenadines,Saint Lucia,VCT,LCA,124.0,128.0,133.0,134.0,135.0,137.0,135.0
Saint Vincent and the Grenadines,Sint Maarten (Dutch part)*,VCT,SXM,55.0,57.0,59.0,59.0,60.0,60.0,58.0
Saint Vincent and the Grenadines,Trinidad and Tobago,VCT,TTO,426.0,443.0,460.0,469.0,475.0,476.0,493.0
Saint Vincent and the Grenadines,Guyana,VCT,GUY,120.0,124.0,128.0,129.0,130.0,131.0,132.0
Saint Vincent and the Grenadines,Canada,VCT,CAN,73.0,75.0,77.0,77.0,78.0,78.0,76.0
Saint Vincent and the Grenadines,United States of America*,VCT,USA,142.0,147.0,152.0,157.0,161.0,159.0,157.0
Sint Maarten (Dutch part)*,China,SXM,CHN,72.0,72.0,72.0,39.0,79.0,83.0,86.0
Sint Maarten (Dutch part)*,India,SXM,IND,29.0,29.0,29.0,11.0,25.0,40.0,41.0
Sint Maarten (Dutch part)*,Indonesia,SXM,IDN,20.0,20.0,20.0,11.0,23.0,24.0,23.0
Sint Maarten (Dutch part)*,Lebanon,SXM,LBN,111.0,111.0,111.0,61.0,122.0,127.0,133.0
Sint Maarten (Dutch part)*,United Kingdom*,SXM,GBR,21.0,21.0,21.0,12.0,24.0,25.0,24.0
Sint Maarten (Dutch part)*,France*,SXM,FRA,36.0,36.0,36.0,20.0,41.0,42.0,43.0
Sint Maarten (Dutch part)*,Netherlands*,SXM,NLD,328.0,328.0,328.0,180.0,360.0,376.0,396.0
Sint Maarten (Dutch part)*,Anguilla*,SXM,AIA,152.0,152.0,152.0,83.0,167.0,174.0,183.0
Sint Maarten (Dutch part)*,Antigua and Barbuda,SXM,ATG,256.0,256.0,256.0,140.0,281.0,293.0,308.0
Sint Maarten (Dutch part)*,Aruba*,SXM,ABW,631.0,631.0,631.0,346.0,693.0,723.0,763.0
Sint Maarten (Dutch part)*,Barbados,SXM,BRB,33.0,33.0,33.0,18.0,36.0,37.0,38.0
Sint Maarten (Dutch part)*,"Bonaire, Sint Eustatius and Saba*",SXM,BES,77.0,77.0,77.0,42.0,84.0,88.0,92.0
Sint Maarten (Dutch part)*,British Virgin Islands*,SXM,VGB,430.0,430.0,430.0,236.0,472.0,492.0,518.0
Sint Maarten (Dutch part)*,Cuba,SXM,CUB,456.0,456.0,456.0,250.0,500.0,522.0,550.0
Sint Maarten (Dutch part)*,Curaçao*,SXM,CUW,612.0,612.0,612.0,336.0,672.0,701.0,739.0
Sint Maarten (Dutch part)*,Dominica,SXM,DMA,634.0,634.0,634.0,348.0,696.0,727.0,767.0
Sint Maarten (Dutch part)*,Dominican Republic,SXM,DOM,1987.0,1987.0,1987.0,1088.0,2176.0,2271.0,2416.0
Sint Maarten (Dutch part)*,Guadeloupe*,SXM,GLP,955.0,955.0,955.0,524.0,1049.0,1095.0,1156.0
Sint Maarten (Dutch part)*,Haiti,SXM,HTI,1018.0,1018.0,1018.0,558.0,1117.0,1165.0,1230.0
Sint Maarten (Dutch part)*,Jamaica,SXM,JAM,1179.0,1179.0,1179.0,647.0,1295.0,1351.0,1426.0
Sint Maarten (Dutch part)*,Martinique*,SXM,MTQ,34.0,34.0,34.0,19.0,38.0,39.0,40.0
Sint Maarten (Dutch part)*,Puerto Rico*,SXM,PRI,11.0,11.0,11.0,6.0,13.0,13.0,12.0
Sint Maarten (Dutch part)*,Saint Kitts and Nevis,SXM,KNA,583.0,583.0,583.0,320.0,640.0,668.0,704.0
Sint Maarten (Dutch part)*,Saint Lucia,SXM,LCA,231.0,231.0,231.0,127.0,254.0,265.0,279.0
Sint Maarten (Dutch part)*,Saint Vincent and the Grenadines,SXM,VCT,29.0,29.0,29.0,16.0,32.0,33.0,34.0
Sint Maarten (Dutch part)*,Trinidad and Tobago,SXM,TTO,117.0,117.0,117.0,64.0,129.0,134.0,140.0
Sint Maarten (Dutch part)*,United States Virgin Islands*,SXM,VIR,30.0,30.0,30.0,16.0,33.0,34.0,35.0
Sint Maarten (Dutch part)*,Colombia,SXM,COL,107.0,107.0,107.0,59.0,118.0,123.0,128.0
Sint Maarten (Dutch part)*,Guyana,SXM,GUY,810.0,810.0,810.0,444.0,889.0,928.0,979.0
Sint Maarten (Dutch part)*,Suriname,SXM,SUR,246.0,246.0,246.0,135.0,271.0,283.0,297.0
Sint Maarten (Dutch part)*,Venezuela (Bolivarian Republic of),SXM,VEN,17.0,17.0,17.0,9.0,19.0,20.0,19.0
Sint Maarten (Dutch part)*,Canada,SXM,CAN,17.0,17.0,17.0,9.0,19.0,20.0,19.0
Sint Maarten (Dutch part)*,United States of America*,SXM,USA,150.0,150.0,150.0,82.0,165.0,172.0,181.0
Trinidad and Tobago,Nigeria,TTO,NGA,104.0,94.0,102.0,109.0,176.0,179.0,169.0
Trinidad and Tobago,China,TTO,CHN,227.0,206.0,221.0,237.0,379.0,386.0,365.0
Trinidad and Tobago,India,TTO,IND,379.0,344.0,275.0,295.0,390.0,397.0,375.0
Trinidad and Tobago,Philippines,TTO,PHL,101.0,91.0,99.0,106.0,170.0,173.0,163.0
Trinidad and Tobago,United Kingdom*,TTO,GBR,1080.0,982.0,1001.0,1076.0,1075.0,1095.0,1036.0
Trinidad and Tobago,Germany,TTO,DEU,71.0,64.0,70.0,75.0,121.0,123.0,115.0
Trinidad and Tobago,Barbados,TTO,BRB,1158.0,1053.0,778.0,836.0,544.0,554.0,524.0
Trinidad and Tobago,Cuba,TTO,CUB,18.0,16.0,18.0,19.0,31.0,71.0,1118.0
Trinidad and Tobago,Grenada,TTO,GRD,8885.0,8094.0,6154.0,6628.0,4390.0,4475.0,4237.0
Trinidad and Tobago,Jamaica,TTO,JAM,417.0,379.0,406.0,436.0,697.0,710.0,672.0
Trinidad and Tobago,Saint Lucia,TTO,LCA,633.0,575.0,497.0,534.0,447.0,455.0,430.0
Trinidad and Tobago,Saint Vincent and the Grenadines,TTO,VCT,6381.0,5805.0,4664.0,5016.0,3490.0,3557.0,3367.0
Trinidad and Tobago,Guyana,TTO,GUY,3030.0,2756.0,3122.0,3358.0,5093.0,5190.0,4921.0
Trinidad and Tobago,Venezuela (Bolivarian Republic of),TTO,VEN,803.0,730.0,833.0,896.0,963.0,991.0,15728.0
Trinidad and Tobago,Canada,TTO,CAN,503.0,457.0,490.0,527.0,841.0,857.0,812.0
Trinidad and Tobago,United States of America*,TTO,USA,1224.0,1113.0,1669.0,1795.0,2710.0,2762.0,2615.0
Turks and Caicos Islands*,United Kingdom*,TCA,GBR,118.0,149.0,175.0,182.0,183.0,185.0,208.0
Turks and Caicos Islands*,Bahamas,TCA,BHS,405.0,307.0,210.0,163.0,121.0,131.0,147.0
Turks and Caicos Islands*,Dominican Republic,TCA,DOM,168.0,235.0,303.0,321.0,677.0,877.0,991.0
Turks and Caicos Islands*,Haiti,TCA,HTI,1172.0,1754.0,2563.0,2835.0,4878.0,6963.0,7891.0
Turks and Caicos Islands*,Canada,TCA,CAN,78.0,136.0,195.0,212.0,210.0,216.0,242.0
Turks and Caicos Islands*,United States of America*,TCA,USA,221.0,267.0,314.0,329.0,330.0,426.0,480.0
United States Virgin Islands*,Anguilla*,VIR,AIA,542.0,539.0,538.0,503.0,469.0,469.0,468.0
United States Virgin Islands*,Antigua and Barbuda,VIR,ATG,2422.0,2539.0,2662.0,2580.0,2500.0,2502.0,2502.0
United States Virgin Islands*,Aruba*,VIR,ABW,220.0,247.0,275.0,268.0,262.0,262.0,261.0
United States Virgin Islands*,Barbados,VIR,BRB,140.0,157.0,175.0,175.0,176.0,176.0,175.0
United States Virgin Islands*,"Bonaire, Sint Eustatius and Saba*",VIR,BES,8.0,9.0,10.0,9.0,9.0,9.0,8.0
United States Virgin Islands*,British Virgin Islands*,VIR,VGB,1543.0,1559.0,1579.0,1494.0,1410.0,1411.0,1410.0
United States Virgin Islands*,Curaçao*,VIR,CUW,115.0,129.0,143.0,140.0,138.0,138.0,137.0
United States Virgin Islands*,Dominica,VIR,DMA,1685.0,2125.0,2570.0,2712.0,2855.0,2857.0,2857.0
United States Virgin Islands*,Dominican Republic,VIR,DOM,326.0,1138.0,1954.0,2385.0,2817.0,2819.0,2819.0
United States Virgin Islands*,Grenada,VIR,GRD,243.0,273.0,304.0,305.0,307.0,307.0,306.0
United States Virgin Islands*,Haiti,VIR,HTI,98.0,182.0,267.0,301.0,336.0,336.0,335.0
United States Virgin Islands*,Jamaica,VIR,JAM,144.0,169.0,195.0,199.0,204.0,204.0,203.0
United States Virgin Islands*,Montserrat*,VIR,MSR,379.0,426.0,474.0,462.0,452.0,452.0,451.0
United States Virgin Islands*,Puerto Rico*,VIR,PRI,2003.0,2087.0,2176.0,2101.0,2028.0,2030.0,2029.0
United States Virgin Islands*,Saint Kitts and Nevis,VIR,KNA,3185.0,3516.0,3856.0,3847.0,3840.0,3843.0,3843.0
United States Virgin Islands*,Saint Lucia,VIR,LCA,1330.0,1570.0,1814.0,1796.0,1779.0,1780.0,1779.0
United States Virgin Islands*,Saint Vincent and the Grenadines,VIR,VCT,216.0,242.0,270.0,263.0,257.0,257.0,256.0
United States Virgin Islands*,Sint Maarten (Dutch part)*,VIR,SXM,41.0,46.0,52.0,50.0,48.0,48.0,47.0
United States Virgin Islands*,Trinidad and Tobago,VIR,TTO,1308.0,1215.0,1126.0,1021.0,918.0,918.0,917.0
United States Virgin Islands*,United States of America*,VIR,USA,7117.0,7474.0,7850.0,8254.0,8660.0,8668.0,8690.0
Belize,Nigeria,BLZ,NGA,5.0,6.0,6.0,6.0,6.0,7.0,6.0
Belize,China,BLZ,CHN,211.0,350.0,489.0,618.0,779.0,924.0,1046.0
Belize,"China, Hong Kong SAR",BLZ,HKG,22.0,24.0,25.0,27.0,29.0,34.0,37.0
Belize,India,BLZ,IND,109.0,114.0,118.0,131.0,225.0,266.0,300.0
Belize,Lebanon,BLZ,LBN,9.0,10.0,10.0,12.0,13.0,15.0,16.0
Belize,United Kingdom*,BLZ,GBR,111.0,111.0,111.0,123.0,134.0,158.0,177.0
Belize,Germany,BLZ,DEU,16.0,17.0,18.0,20.0,21.0,24.0,25.0
Belize,Haiti,BLZ,HTI,16.0,17.0,18.0,20.0,21.0,24.0,25.0
Belize,Jamaica,BLZ,JAM,185.0,171.0,157.0,161.0,164.0,194.0,218.0
Belize,El Salvador,BLZ,SLV,2989.0,3093.0,3197.0,3421.0,3627.0,4303.0,4882.0
Belize,Guatemala,BLZ,GTM,6146.0,7172.0,8205.0,9259.0,10272.0,12187.0,13838.0
Belize,Honduras,BLZ,HND,1243.0,1960.0,2676.0,3156.0,3620.0,4295.0,4872.0
Belize,Mexico,BLZ,MEX,1323.0,1254.0,1185.0,1297.0,1402.0,1663.0,1885.0
Belize,Canada,BLZ,CAN,273.0,261.0,248.0,305.0,350.0,415.0,470.0
Belize,United States of America*,BLZ,USA,898.0,900.0,902.0,1278.0,1648.0,1955.0,2217.0
Costa Rica,Ethiopia,CRI,ETH,1.0,0.0,0.0,0.0,0.0,0.0,0.0
Costa Rica,Kenya,CRI,KEN,0.0,0.0,0.0,0.0,0.0,0.0,0.0
Costa Rica,Madagascar,CRI,MDG,2.0,2.0,2.0,2.0,4.0,3.0,3.0
Costa Rica,Mozambique,CRI,MOZ,2.0,2.0,2.0,2.0,4.0,3.0,3.0
Costa Rica,Rwanda,CRI,RWA,1.0,1.0,1.0,2.0,2.0,1.0,1.0
Costa Rica,Somalia,CRI,SOM,1.0,1.0,1.0,2.0,2.0,1.0,1.0
Costa Rica,Uganda,CRI,UGA,2.0,2.0,2.0,2.0,4.0,3.0,3.0
Costa Rica,United Republic of Tanzania,CRI,TZA,2.0,2.0,2.0,2.0,4.0,3.0,3.0
Costa Rica,Zimbabwe,CRI,ZWE,2.0,1.0,0.0,0.0,0.0,0.0,0.0
Costa Rica,Angola,CRI,AGO,3.0,2.0,1.0,2.0,2.0,1.0,1.0
Costa Rica,Cameroon,CRI,CMR,5.0,4.0,4.0,4.0,6.0,5.0,5.0
Costa Rica,Central African Republic,CRI,CAF,1.0,1.0,1.0,2.0,2.0,1.0,1.0
Costa Rica,Congo,CRI,COG,2.0,2.0,2.0,2.0,4.0,3.0,3.0
Costa Rica,Democratic Republic of the Congo,CRI,COD,2.0,2.0,2.0,2.0,4.0,3.0,3.0
Costa Rica,Gabon,CRI,GAB,1.0,1.0,1.0,2.0,2.0,1.0,1.0
Costa Rica,Algeria,CRI,DZA,25.0,12.0,5.0,4.0,8.0,7.0,8.0
Costa Rica,Egypt,CRI,EGY,6.0,3.0,1.0,2.0,2.0,1.0,1.0
Costa Rica,Libya,CRI,LBY,6.0,4.0,4.0,4.0,6.0,5.0,5.0
Costa Rica,Morocco,CRI,MAR,9.0,4.0,2.0,2.0,4.0,3.0,3.0
Costa Rica,Sudan,CRI,SDN,0.0,0.0,0.0,0.0,0.0,0.0,0.0
Costa Rica,Tunisia,CRI,TUN,2.0,2.0,2.0,2.0,4.0,3.0,3.0
Costa Rica,Eswatini,CRI,SWZ,1.0,0.0,0.0,0.0,0.0,0.0,0.0
Costa Rica,South Africa,CRI,ZAF,26.0,20.0,24.0,18.0,33.0,32.0,37.0
Costa Rica,Benin,CRI,BEN,1.0,1.0,1.0,2.0,2.0,1.0,1.0
Costa Rica,Côte d'Ivoire,CRI,CIV,1.0,1.0,1.0,2.0,2.0,1.0,1.0
Costa Rica,Ghana,CRI,GHA,0.0,0.0,0.0,0.0,0.0,0.0,0.0
Costa Rica,Nigeria,CRI,NGA,1.0,1.0,2.0,2.0,4.0,3.0,3.0
Costa Rica,Senegal,CRI,SEN,1.0,1.0,1.0,2.0,2.0,1.0,1.0
Costa Rica,Kazakhstan,CRI,KAZ,5.0,4.0,4.0,4.0,6.0,5.0,5.0
Costa Rica,Uzbekistan,CRI,UZB,1.0,1.0,1.0,2.0,2.0,1.0,1.0
Costa Rica,China,CRI,CHN,93.0,69.0,82.0,55.0,108.0,109.0,123.0
Costa Rica,"China, Hong Kong SAR",CRI,HKG,696.0,730.0,1158.0,769.0,1512.0,1542.0,1758.0
Costa Rica,"China, Macao SAR",CRI,MAC,1.0,0.0,0.0,0.0,0.0,0.0,0.0
Costa Rica,Dem. People's Republic of Korea,CRI,PRK,9.0,9.0,14.0,11.0,20.0,19.0,21.0
Costa Rica,Japan,CRI,JPN,86.0,70.0,91.0,61.0,120.0,121.0,136.0
Costa Rica,Mongolia,CRI,MNG,2.0,2.0,3.0,3.0,5.0,4.0,4.0
Costa Rica,Republic of Korea,CRI,KOR,69.0,61.0,87.0,59.0,114.0,115.0,130.0
Costa Rica,Afghanistan,CRI,AFG,14.0,6.0,2.0,2.0,4.0,3.0,3.0
Costa Rica,Bangladesh,CRI,BGD,12.0,5.0,0.0,0.0,0.0,0.0,0.0
Costa Rica,Bhutan,CRI,BTN,1.0,1.0,1.0,2.0,2.0,1.0,1.0
Costa Rica,India,CRI,IND,14.0,12.0,16.0,12.0,22.0,21.0,23.0
Costa Rica,Iran (Islamic Republic of),CRI,IRN,18.0,13.0,14.0,11.0,20.0,19.0,21.0
Costa Rica,Maldives,CRI,MDV,1.0,1.0,1.0,2.0,2.0,1.0,1.0
Costa Rica,Nepal,CRI,NPL,1.0,1.0,1.0,2.0,2.0,1.0,1.0
Costa Rica,Pakistan,CRI,PAK,1.0,0.0,0.0,0.0,0.0,0.0,0.0
Costa Rica,Sri Lanka,CRI,LKA,0.0,0.0,0.0,0.0,0.0,0.0,0.0
Costa Rica,Cambodia,CRI,KHM,2.0,2.0,2.0,2.0,4.0,3.0,3.0
Costa Rica,Indonesia,CRI,IDN,5.0,4.0,5.0,4.0,8.0,7.0,8.0
Costa Rica,Lao People's Democratic Republic,CRI,LAO,2.0,2.0,2.0,2.0,4.0,3.0,3.0
Costa Rica,Malaysia,CRI,MYS,0.0,0.0,0.0,0.0,0.0,0.0,0.0
Costa Rica,Myanmar,CRI,MMR,7.0,5.0,6.0,5.0,9.0,8.0,9.0
Costa Rica,Philippines,CRI,PHL,44.0,44.0,67.0,46.0,89.0,89.0,100.0
Costa Rica,Singapore,CRI,SGP,7.0,3.0,1.0,2.0,2.0,1.0,1.0
Costa Rica,Thailand,CRI,THA,4.0,4.0,5.0,4.0,8.0,7.0,8.0
Costa Rica,Viet Nam,CRI,VNM,1.0,0.0,0.0,0.0,0.0,0.0,0.0
Costa Rica,Armenia,CRI,ARM,2.0,2.0,2.0,2.0,4.0,3.0,3.0
Costa Rica,Azerbaijan,CRI,AZE,1.0,1.0,1.0,2.0,2.0,1.0,1.0
Costa Rica,Bahrain,CRI,BHR,0.0,0.0,0.0,0.0,0.0,0.0,0.0
Costa Rica,Cyprus,CRI,CYP,1.0,0.0,0.0,0.0,0.0,0.0,0.0
Costa Rica,Georgia,CRI,GEO,6.0,4.0,5.0,4.0,8.0,7.0,8.0
Costa Rica,Iraq,CRI,IRQ,3.0,3.0,4.0,4.0,6.0,5.0,5.0
Costa Rica,Israel,CRI,ISR,43.0,35.0,46.0,32.0,61.0,61.0,69.0
Costa Rica,Jordan,CRI,JOR,2.0,2.0,2.0,2.0,4.0,3.0,3.0
Costa Rica,Lebanon,CRI,LBN,32.0,21.0,22.0,16.0,30.0,29.0,33.0
Costa Rica,Oman,CRI,OMN,0.0,0.0,0.0,0.0,0.0,0.0,0.0
Costa Rica,Qatar,CRI,QAT,1.0,1.0,1.0,2.0,2.0,1.0,1.0
Costa Rica,Saudi Arabia,CRI,SAU,2.0,2.0,3.0,3.0,5.0,4.0,4.0
Costa Rica,Syrian Arab Republic,CRI,SYR,1.0,1.0,1.0,2.0,2.0,1.0,1.0
Costa Rica,Türkiye,CRI,TUR,2.0,2.0,3.0,3.0,5.0,4.0,4.0
Costa Rica,Belarus,CRI,BLR,2.0,2.0,2.0,2.0,4.0,3.0,3.0
Costa Rica,Bulgaria,CRI,BGR,22.0,20.0,30.0,21.0,40.0,39.0,44.0
Costa Rica,Hungary,CRI,HUN,31.0,22.0,26.0,18.0,34.0,33.0,38.0
Costa Rica,Poland,CRI,POL,169.0,118.0,130.0,87.0,170.0,172.0,195.0
Costa Rica,Republic of Moldova*,CRI,MDA,1.0,1.0,1.0,2.0,2.0,1.0,1.0
Costa Rica,Romania,CRI,ROU,36.0,30.0,39.0,27.0,52.0,52.0,58.0
Costa Rica,Russian Federation,CRI,RUS,337.0,249.0,297.0,198.0,388.0,395.0,449.0
Costa Rica,Slovakia,CRI,SVK,7.0,5.0,6.0,5.0,9.0,8.0,9.0
Costa Rica,Ukraine*,CRI,UKR,87.0,64.0,76.0,51.0,100.0,101.0,114.0
Costa Rica,Channel Islands*,CRI,CHI,65.0,48.0,57.0,39.0,76.0,76.0,86.0
Costa Rica,Denmark*,CRI,DNK,19.0,15.0,20.0,15.0,28.0,27.0,31.0
Costa Rica,Estonia,CRI,EST,2.0,2.0,2.0,2.0,4.0,3.0,3.0
Costa Rica,Finland*,CRI,FIN,10.0,8.0,11.0,8.0,16.0,15.0,17.0
Costa Rica,Iceland,CRI,ISL,1.0,1.0,1.0,2.0,2.0,1.0,1.0
Costa Rica,Ireland,CRI,IRL,10.0,8.0,11.0,8.0,16.0,15.0,17.0
Costa Rica,Latvia,CRI,LVA,1.0,1.0,1.0,2.0,2.0,1.0,1.0
Costa Rica,Lithuania,CRI,LTU,3.0,2.0,3.0,3.0,5.0,4.0,4.0
Costa Rica,Norway*,CRI,NOR,15.0,15.0,22.0,16.0,30.0,29.0,33.0
Costa Rica,Sweden,CRI,SWE,38.0,33.0,46.0,32.0,61.0,61.0,69.0
Costa Rica,United Kingdom*,CRI,GBR,183.0,136.0,162.0,109.0,213.0,216.0,245.0
Costa Rica,Albania,CRI,ALB,1.0,0.0,0.0,0.0,0.0,0.0,0.0
Costa Rica,Croatia,CRI,HRV,9.0,7.0,8.0,6.0,12.0,11.0,13.0
Costa Rica,Gibraltar*,CRI,GIB,3.0,2.0,3.0,3.0,5.0,4.0,4.0
Costa Rica,Greece,CRI,GRC,11.0,7.0,8.0,6.0,12.0,11.0,13.0
Costa Rica,Italy,CRI,ITA,552.0,459.0,614.0,408.0,801.0,817.0,930.0
Costa Rica,North Macedonia,CRI,MKD,9.0,7.0,9.0,7.0,13.0,12.0,14.0
Costa Rica,Portugal,CRI,PRT,22.0,18.0,25.0,17.0,33.0,32.0,37.0
Costa Rica,Spain*,CRI,ESP,791.0,594.0,718.0,477.0,937.0,956.0,1089.0
Costa Rica,Austria,CRI,AUT,26.0,21.0,28.0,19.0,37.0,36.0,40.0
Costa Rica,Belgium,CRI,BEL,85.0,69.0,91.0,61.0,120.0,121.0,136.0
Costa Rica,France*,CRI,FRA,236.0,208.0,293.0,195.0,383.0,390.0,443.0
Costa Rica,Germany,CRI,DEU,522.0,440.0,597.0,397.0,780.0,795.0,906.0
Costa Rica,Liechtenstein,CRI,LIE,1.0,1.0,1.0,2.0,2.0,1.0,1.0
Costa Rica,Luxembourg,CRI,LUX,6.0,6.0,8.0,6.0,12.0,11.0,13.0
Costa Rica,Monaco,CRI,MCO,0.0,0.0,0.0,0.0,0.0,0.0,0.0
Costa Rica,Netherlands*,CRI,NLD,149.0,129.0,179.0,120.0,234.0,238.0,269.0
Costa Rica,Switzerland,CRI,CHE,164.0,153.0,224.0,150.0,293.0,298.0,339.0
Costa Rica,Aruba*,CRI,ABW,9.0,7.0,8.0,6.0,12.0,11.0,13.0
Costa Rica,Bahamas,CRI,BHS,3.0,2.0,2.0,2.0,4.0,3.0,3.0
Costa Rica,Barbados,CRI,BRB,2.0,2.0,3.0,3.0,5.0,4.0,4.0
Costa Rica,Cayman Islands*,CRI,CYM,2.0,1.0,1.0,2.0,2.0,1.0,1.0
Costa Rica,Cuba,CRI,CUB,2156.0,1658.0,2057.0,1366.0,2686.0,2741.0,3125.0
Costa Rica,Dominica,CRI,DMA,3.0,3.0,4.0,4.0,6.0,5.0,5.0
Costa Rica,Dominican Republic,CRI,DOM,349.0,354.0,550.0,366.0,719.0,733.0,834.0
Costa Rica,Grenada,CRI,GRD,2.0,2.0,2.0,2.0,4.0,3.0,3.0
Costa Rica,Haiti,CRI,HTI,16.0,15.0,22.0,16.0,30.0,29.0,33.0
Costa Rica,Jamaica,CRI,JAM,185.0,110.0,94.0,63.0,124.0,125.0,142.0
Costa Rica,Martinique*,CRI,MTQ,1.0,1.0,1.0,2.0,2.0,1.0,1.0
Costa Rica,Montserrat*,CRI,MSR,2.0,2.0,2.0,2.0,4.0,3.0,3.0
Costa Rica,Puerto Rico*,CRI,PRI,117.0,88.0,106.0,71.0,139.0,140.0,159.0
Costa Rica,Saint Kitts and Nevis,CRI,KNA,1.0,1.0,1.0,2.0,2.0,1.0,1.0
Costa Rica,Saint Lucia,CRI,LCA,1.0,1.0,1.0,2.0,2.0,1.0,1.0
Costa Rica,Saint Vincent and the Grenadines,CRI,VCT,0.0,0.0,0.0,0.0,0.0,0.0,0.0
Costa Rica,Trinidad and Tobago,CRI,TTO,15.0,13.0,18.0,13.0,25.0,24.0,27.0
Costa Rica,United States Virgin Islands*,CRI,VIR,3.0,2.0,3.0,3.0,5.0,4.0,4.0
Costa Rica,Belize,CRI,BLZ,104.0,57.0,42.0,29.0,56.0,56.0,63.0
Costa Rica,El Salvador,CRI,SLV,28459.0,13085.0,4792.0,3565.0,7583.0,7740.0,8826.0
Costa Rica,Guatemala,CRI,GTM,951.0,760.0,979.0,651.0,1279.0,1304.0,1486.0
Costa Rica,Honduras,CRI,HND,1452.0,1236.0,1688.0,1121.0,2204.0,2248.0,2563.0
Costa Rica,Mexico,CRI,MEX,1119.0,936.0,1259.0,836.0,1644.0,1677.0,1911.0
Costa Rica,Nicaragua,CRI,NIC,49058.0,64634.0,115185.0,136889.0,151788.0,154943.0,176779.0
Costa Rica,Panama,CRI,PAN,4153.0,3567.0,4910.0,2993.0,5483.0,5596.0,6381.0
Costa Rica,Argentina,CRI,ARG,528.0,433.0,573.0,381.0,748.0,763.0,869.0
Costa Rica,Bolivia (Plurinational State of),CRI,BOL,110.0,84.0,104.0,70.0,137.0,138.0,157.0
Costa Rica,Brazil,CRI,BRA,183.0,154.0,208.0,139.0,273.0,277.0,315.0
Costa Rica,Chile,CRI,CHL,733.0,541.0,641.0,426.0,837.0,854.0,973.0
Costa Rica,Colombia,CRI,COL,2212.0,2066.0,3037.0,3936.0,10629.0,10849.0,12373.0
Costa Rica,Ecuador,CRI,ECU,330.0,301.0,436.0,290.0,570.0,581.0,662.0
Costa Rica,French Guiana*,CRI,GUF,3.0,3.0,5.0,4.0,8.0,7.0,8.0
Costa Rica,Guyana,CRI,GUY,9.0,7.0,9.0,7.0,13.0,12.0,14.0
Costa Rica,Paraguay,CRI,PRY,38.0,32.0,44.0,30.0,58.0,58.0,65.0
Costa Rica,Peru,CRI,PER,1039.0,953.0,1382.0,918.0,1805.0,1842.0,2100.0
Costa Rica,Suriname,CRI,SUR,6.0,5.0,7.0,6.0,10.0,9.0,10.0
Costa Rica,Uruguay,CRI,URY,115.0,90.0,114.0,77.0,150.0,152.0,172.0
Costa Rica,Venezuela (Bolivarian Republic of),CRI,VEN,501.0,407.0,532.0,354.0,695.0,709.0,13727.0
Costa Rica,Bermuda*,CRI,BMU,2.0,2.0,4.0,4.0,6.0,5.0,5.0
Costa Rica,Canada,CRI,CAN,347.0,319.0,463.0,308.0,604.0,616.0,702.0
Costa Rica,Greenland*,CRI,GRL,2.0,2.0,2.0,2.0,4.0,3.0,3.0
Costa Rica,Saint Pierre and Miquelon*,CRI,SPM,1.0,0.0,0.0,0.0,0.0,0.0,0.0
Costa Rica,United States of America*,CRI,USA,3728.0,3079.0,4097.0,2720.0,5348.0,5459.0,6225.0
Costa Rica,Australia*,CRI,AUS,42.0,27.0,26.0,18.0,34.0,33.0,38.0
Costa Rica,New Zealand*,CRI,NZL,10.0,8.0,10.0,8.0,14.0,13.0,15.0
Costa Rica,Fiji,CRI,FJI,1.0,1.0,1.0,2.0,2.0,1.0,1.0
Costa Rica,Guam*,CRI,GUM,2.0,2.0,2.0,2.0,4.0,3.0,3.0
El Salvador,China,SLV,CHN,92.0,81.0,70.0,83.0,95.0,99.0,100.0
El Salvador,"China, Hong Kong SAR",SLV,HKG,7.0,6.0,4.0,4.0,4.0,4.0,4.0
El Salvador,Japan,SLV,JPN,9.0,10.0,10.0,13.0,16.0,17.0,17.0
El Salvador,Republic of Korea,SLV,KOR,82.0,64.0,45.0,47.0,48.0,50.0,50.0
El Salvador,Bangladesh,SLV,BGD,0.0,0.0,0.0,0.0,0.0,0.0,0.0
El Salvador,India,SLV,IND,7.0,6.0,4.0,4.0,4.0,4.0,4.0
El Salvador,Iran (Islamic Republic of),SLV,IRN,7.0,6.0,5.0,6.0,6.0,6.0,6.0
El Salvador,Philippines,SLV,PHL,13.0,10.0,7.0,8.0,8.0,8.0,8.0
El Salvador,Israel,SLV,ISR,91.0,64.0,36.0,30.0,23.0,24.0,24.0
El Salvador,State of Palestine,SLV,PSE,49.0,38.0,27.0,28.0,29.0,30.0,30.0
El Salvador,Russian Federation,SLV,RUS,16.0,13.0,9.0,10.0,10.0,10.0,10.0
El Salvador,Ireland,SLV,IRL,9.0,7.0,5.0,5.0,5.0,5.0,5.0
El Salvador,Sweden,SLV,SWE,16.0,13.0,10.0,11.0,12.0,12.0,12.0
El Salvador,United Kingdom*,SLV,GBR,49.0,40.0,30.0,33.0,35.0,36.0,36.0
El Salvador,Italy,SLV,ITA,116.0,97.0,77.0,87.0,97.0,101.0,102.0
El Salvador,Portugal,SLV,PRT,5.0,4.0,3.0,3.0,3.0,3.0,3.0
El Salvador,Spain*,SLV,ESP,357.0,280.0,202.0,212.0,221.0,230.0,233.0
El Salvador,Austria,SLV,AUT,11.0,9.0,6.0,6.0,6.0,6.0,6.0
El Salvador,Belgium,SLV,BEL,47.0,36.0,25.0,25.0,25.0,26.0,26.0
El Salvador,France*,SLV,FRA,109.0,89.0,68.0,75.0,82.0,85.0,86.0
El Salvador,Germany,SLV,DEU,185.0,140.0,95.0,95.0,95.0,99.0,100.0
El Salvador,Netherlands*,SLV,NLD,24.0,18.0,12.0,12.0,11.0,11.0,11.0
El Salvador,Switzerland,SLV,CHE,33.0,29.0,25.0,29.0,33.0,34.0,34.0
El Salvador,Barbados,SLV,BRB,33.0,26.0,18.0,19.0,19.0,20.0,20.0
El Salvador,Cuba,SLV,CUB,40.0,39.0,37.0,46.0,55.0,57.0,57.0
El Salvador,Dominican Republic,SLV,DOM,20.0,20.0,20.0,26.0,31.0,32.0,32.0
El Salvador,Jamaica,SLV,JAM,7.0,6.0,4.0,4.0,4.0,4.0,4.0
El Salvador,Puerto Rico*,SLV,PRI,54.0,41.0,27.0,27.0,26.0,27.0,27.0
El Salvador,Belize,SLV,BLZ,131.0,124.0,116.0,144.0,171.0,178.0,180.0
El Salvador,Costa Rica,SLV,CRI,799.0,615.0,431.0,442.0,452.0,471.0,478.0
El Salvador,Guatemala,SLV,GTM,4496.0,3926.0,3355.0,3950.0,4544.0,4732.0,4812.0
El Salvador,Honduras,SLV,HND,8869.0,7200.0,5531.0,6079.0,6627.0,6901.0,7017.0
El Salvador,Mexico,SLV,MEX,1362.0,1077.0,791.0,841.0,891.0,928.0,943.0
El Salvador,Nicaragua,SLV,NIC,2121.0,2176.0,2230.0,2882.0,3533.0,3679.0,3740.0
El Salvador,Panama,SLV,PAN,297.0,245.0,192.0,214.0,235.0,245.0,248.0
El Salvador,Argentina,SLV,ARG,112.0,91.0,69.0,75.0,81.0,84.0,85.0
El Salvador,Bolivia (Plurinational State of),SLV,BOL,25.0,22.0,18.0,21.0,23.0,24.0,24.0
El Salvador,Brazil,SLV,BRA,203.0,158.0,113.0,118.0,123.0,128.0,129.0
El Salvador,Chile,SLV,CHL,208.0,158.0,108.0,109.0,109.0,114.0,115.0
El Salvador,Colombia,SLV,COL,225.0,210.0,194.0,239.0,283.0,295.0,300.0
El Salvador,Ecuador,SLV,ECU,85.0,69.0,53.0,58.0,62.0,65.0,65.0
El Salvador,Paraguay,SLV,PRY,18.0,13.0,7.0,6.0,4.0,4.0,4.0
El Salvador,Peru,SLV,PER,111.0,93.0,74.0,83.0,92.0,96.0,97.0
El Salvador,Uruguay,SLV,URY,45.0,35.0,24.0,24.0,24.0,25.0,25.0
El Salvador,Venezuela (Bolivarian Republic of),SLV,VEN,149.0,125.0,100.0,113.0,126.0,131.0,132.0
El Salvador,Canada,SLV,CAN,265.0,195.0,124.0,117.0,109.0,114.0,115.0
El Salvador,United States of America*,SLV,USA,4001.0,3146.0,2321.0,2455.0,2614.0,2721.0,2766.0
El Salvador,Australia*,SLV,AUS,20.0,17.0,13.0,15.0,16.0,17.0,17.0
Guatemala,Egypt,GTM,EGY,18.0,18.0,17.0,22.0,27.0,30.0,31.0
Guatemala,China,GTM,CHN,174.0,188.0,201.0,233.0,264.0,284.0,320.0
Guatemala,Japan,GTM,JPN,48.0,45.0,41.0,45.0,48.0,52.0,57.0
Guatemala,Republic of Korea,GTM,KOR,168.0,336.0,503.0,551.0,598.0,642.0,728.0
Guatemala,Iran (Islamic Republic of),GTM,IRN,7.0,6.0,5.0,5.0,5.0,6.0,5.0
Guatemala,Pakistan,GTM,PAK,12.0,11.0,9.0,11.0,12.0,14.0,13.0
Guatemala,Indonesia,GTM,IDN,17.0,15.0,13.0,15.0,16.0,18.0,18.0
Guatemala,Philippines,GTM,PHL,8.0,17.0,25.0,35.0,45.0,49.0,54.0
Guatemala,Israel,GTM,ISR,27.0,30.0,32.0,37.0,41.0,44.0,48.0
Guatemala,Lebanon,GTM,LBN,13.0,9.0,4.0,4.0,3.0,3.0,2.0
Guatemala,Saudi Arabia,GTM,SAU,20.0,13.0,6.0,5.0,3.0,3.0,2.0
Guatemala,State of Palestine,GTM,PSE,17.0,17.0,17.0,22.0,27.0,30.0,31.0
Guatemala,Syrian Arab Republic,GTM,SYR,24.0,21.0,18.0,20.0,22.0,24.0,25.0
Guatemala,Türkiye,GTM,TUR,13.0,12.0,10.0,12.0,13.0,15.0,14.0
Guatemala,Sweden,GTM,SWE,19.0,16.0,13.0,13.0,12.0,14.0,13.0
Guatemala,United Kingdom*,GTM,GBR,78.0,71.0,63.0,66.0,69.0,74.0,83.0
Guatemala,Italy,GTM,ITA,150.0,116.0,81.0,88.0,94.0,102.0,113.0
Guatemala,Portugal,GTM,PRT,7.0,5.0,3.0,3.0,2.0,2.0,1.0
Guatemala,Spain*,GTM,ESP,538.0,451.0,364.0,398.0,431.0,463.0,525.0
Guatemala,France*,GTM,FRA,175.0,120.0,65.0,66.0,67.0,72.0,81.0
Guatemala,Germany,GTM,DEU,321.0,255.0,189.0,196.0,202.0,217.0,246.0
Guatemala,Netherlands*,GTM,NLD,37.0,39.0,40.0,51.0,61.0,66.0,73.0
Guatemala,Switzerland,GTM,CHE,85.0,62.0,39.0,42.0,44.0,48.0,53.0
Guatemala,Cuba,GTM,CUB,174.0,187.0,200.0,217.0,233.0,250.0,283.0
Guatemala,Dominican Republic,GTM,DOM,46.0,41.0,36.0,37.0,38.0,41.0,45.0
Guatemala,Haiti,GTM,HTI,19.0,12.0,5.0,5.0,4.0,5.0,4.0
Guatemala,Puerto Rico*,GTM,PRI,44.0,38.0,32.0,35.0,37.0,40.0,44.0
Guatemala,Belize,GTM,BLZ,362.0,338.0,313.0,352.0,391.0,420.0,476.0
Guatemala,Costa Rica,GTM,CRI,554.0,485.0,415.0,455.0,495.0,532.0,602.0
Guatemala,El Salvador,GTM,SLV,132597.0,70239.0,7881.0,10487.0,13092.0,14052.0,16018.0
Guatemala,Honduras,GTM,HND,3778.0,3540.0,3302.0,3658.0,4013.0,4307.0,4900.0
Guatemala,Mexico,GTM,MEX,3844.0,4770.0,5696.0,6027.0,6358.0,6825.0,7764.0
Guatemala,Nicaragua,GTM,NIC,2625.0,2782.0,2939.0,3221.0,3502.0,3759.0,4275.0
Guatemala,Panama,GTM,PAN,175.0,141.0,106.0,116.0,126.0,136.0,152.0
Guatemala,Argentina,GTM,ARG,163.0,159.0,155.0,170.0,185.0,199.0,224.0
Guatemala,Bolivia (Plurinational State of),GTM,BOL,45.0,47.0,49.0,57.0,64.0,70.0,77.0
Guatemala,Brazil,GTM,BRA,61.0,72.0,82.0,85.0,87.0,94.0,105.0
Guatemala,Chile,GTM,CHL,179.0,136.0,93.0,99.0,105.0,113.0,127.0
Guatemala,Colombia,GTM,COL,338.0,365.0,391.0,430.0,468.0,503.0,571.0
Guatemala,Ecuador,GTM,ECU,74.0,63.0,51.0,57.0,63.0,68.0,75.0
Guatemala,French Guiana*,GTM,GUF,9.0,8.0,7.0,8.0,8.0,9.0,8.0
Guatemala,Paraguay,GTM,PRY,37.0,28.0,18.0,22.0,25.0,27.0,28.0
Guatemala,Peru,GTM,PER,133.0,138.0,142.0,157.0,171.0,184.0,207.0
Guatemala,Uruguay,GTM,URY,49.0,43.0,36.0,40.0,43.0,47.0,52.0
Guatemala,Venezuela (Bolivarian Republic of),GTM,VEN,72.0,83.0,94.0,111.0,128.0,138.0,154.0
Guatemala,Canada,GTM,CAN,206.0,164.0,122.0,122.0,121.0,130.0,146.0
Guatemala,Greenland*,GTM,GRL,184.0,160.0,135.0,149.0,162.0,175.0,196.0
Guatemala,United States of America*,GTM,USA,3809.0,3305.0,2800.0,3080.0,3390.0,3639.0,4139.0
Guatemala,Australia*,GTM,AUS,28.0,24.0,20.0,22.0,24.0,26.0,27.0
Honduras,China,HND,CHN,139.0,153.0,166.0,161.0,155.0,217.0,220.0
Honduras,Dem. People's Republic of Korea,HND,PRK,14.0,15.0,15.0,15.0,14.0,19.0,19.0
Honduras,Japan,HND,JPN,46.0,47.0,48.0,47.0,45.0,63.0,64.0
Honduras,Republic of Korea,HND,KOR,19.0,20.0,20.0,20.0,19.0,26.0,26.0
Honduras,Israel,HND,ISR,23.0,24.0,24.0,23.0,22.0,30.0,30.0
Honduras,Jordan,HND,JOR,14.0,15.0,15.0,15.0,14.0,19.0,19.0
Honduras,State of Palestine,HND,PSE,52.0,53.0,54.0,53.0,51.0,71.0,72.0
Honduras,Russian Federation,HND,RUS,8.0,8.0,8.0,8.0,8.0,10.0,10.0
Honduras,Sweden,HND,SWE,11.0,11.0,11.0,11.0,10.0,13.0,13.0
Honduras,United Kingdom*,HND,GBR,23.0,24.0,24.0,23.0,22.0,30.0,30.0
Honduras,Italy,HND,ITA,48.0,49.0,50.0,48.0,46.0,64.0,65.0
Honduras,Spain*,HND,ESP,154.0,164.0,173.0,168.0,162.0,226.0,229.0
Honduras,Belgium,HND,BEL,6.0,6.0,6.0,6.0,6.0,8.0,8.0
Honduras,France*,HND,FRA,45.0,46.0,47.0,46.0,44.0,61.0,61.0
Honduras,Germany,HND,DEU,74.0,76.0,77.0,75.0,72.0,100.0,101.0
Honduras,Netherlands*,HND,NLD,20.0,21.0,21.0,21.0,20.0,27.0,27.0
Honduras,Switzerland,HND,CHE,13.0,14.0,14.0,14.0,13.0,17.0,17.0
Honduras,Cayman Islands*,HND,CYM,32.0,33.0,33.0,32.0,31.0,43.0,43.0
Honduras,Cuba,HND,CUB,142.0,145.0,148.0,144.0,139.0,195.0,198.0
Honduras,Dominican Republic,HND,DOM,37.0,38.0,39.0,38.0,36.0,50.0,50.0
Honduras,Haiti,HND,HTI,5.0,5.0,5.0,5.0,4.0,5.0,5.0
Honduras,Jamaica,HND,JAM,4.0,4.0,4.0,4.0,3.0,4.0,4.0
Honduras,Puerto Rico*,HND,PRI,36.0,37.0,38.0,37.0,35.0,49.0,49.0
Honduras,Belize,HND,BLZ,97.0,115.0,132.0,128.0,123.0,171.0,173.0
Honduras,Costa Rica,HND,CRI,266.0,286.0,305.0,295.0,285.0,399.0,407.0
Honduras,El Salvador,HND,SLV,59413.0,31519.0,3625.0,3508.0,3390.0,4752.0,4871.0
Honduras,Guatemala,HND,GTM,1537.0,1631.0,1724.0,1669.0,1613.0,2260.0,2310.0
Honduras,Mexico,HND,MEX,386.0,494.0,602.0,583.0,563.0,788.0,805.0
Honduras,Nicaragua,HND,NIC,68004.0,35454.0,2927.0,2832.0,2737.0,3836.0,3923.0
Honduras,Panama,HND,PAN,79.0,105.0,131.0,127.0,122.0,170.0,172.0
Honduras,Argentina,HND,ARG,61.0,63.0,64.0,62.0,59.0,82.0,83.0
Honduras,Bolivia (Plurinational State of),HND,BOL,28.0,29.0,29.0,29.0,28.0,39.0,39.0
Honduras,Brazil,HND,BRA,102.0,105.0,107.0,104.0,100.0,140.0,142.0
Honduras,Chile,HND,CHL,130.0,124.0,117.0,113.0,109.0,152.0,154.0
Honduras,Colombia,HND,COL,172.0,231.0,289.0,280.0,270.0,377.0,385.0
Honduras,Ecuador,HND,ECU,109.0,112.0,114.0,111.0,107.0,149.0,151.0
Honduras,Paraguay,HND,PRY,11.0,11.0,11.0,11.0,10.0,13.0,13.0
Honduras,Peru,HND,PER,120.0,123.0,125.0,121.0,117.0,163.0,165.0
Honduras,Uruguay,HND,URY,18.0,19.0,19.0,19.0,18.0,24.0,24.0
Honduras,Venezuela (Bolivarian Republic of),HND,VEN,35.0,36.0,37.0,38.0,38.0,53.0,53.0
Honduras,Canada,HND,CAN,114.0,117.0,119.0,115.0,111.0,155.0,157.0
Honduras,United States of America*,HND,USA,1157.0,1737.0,2317.0,2227.0,2168.0,3048.0,3117.0
Mexico,Angola,MEX,AGO,14.0,17.0,25.0,24.0,28.0,28.0,110.0
Mexico,Cameroon,MEX,CMR,1.0,1.0,2.0,4.0,12.0,28.0,215.0
Mexico,Congo,MEX,COG,2.0,2.0,12.0,5.0,7.0,18.0,57.0
Mexico,Democratic Republic of the Congo,MEX,COD,3.0,3.0,5.0,21.0,50.0,69.0,183.0
Mexico,Algeria,MEX,DZA,29.0,29.0,29.0,27.0,27.0,35.0,48.0
Mexico,Egypt,MEX,EGY,32.0,35.0,36.0,39.0,41.0,44.0,48.0
Mexico,Morocco,MEX,MAR,48.0,57.0,67.0,77.0,89.0,107.0,126.0
Mexico,South Africa,MEX,ZAF,31.0,35.0,41.0,57.0,83.0,107.0,149.0
Mexico,Ghana,MEX,GHA,2.0,2.0,1.0,1.0,2.0,9.0,90.0
Mexico,Guinea,MEX,GIN,1.0,1.0,1.0,1.0,4.0,9.0,45.0
Mexico,Mauritania,MEX,MRT,0.0,0.0,0.0,0.0,0.0,0.0,8.0
Mexico,Nigeria,MEX,NGA,2.0,3.0,5.0,14.0,35.0,93.0,166.0
Mexico,Senegal,MEX,SEN,9.0,4.0,8.0,11.0,13.0,11.0,14.0
Mexico,China,MEX,CHN,117.0,357.0,949.0,1776.0,3259.0,3924.0,4561.0
Mexico,"China, Taiwan Province of China",MEX,TWN,93.0,114.0,141.0,194.0,264.0,301.0,338.0
Mexico,Japan,MEX,JPN,1302.0,1350.0,1403.0,1455.0,1510.0,1962.0,2396.0
Mexico,Republic of Korea,MEX,KOR,99.0,125.0,160.0,543.0,1702.0,2510.0,3291.0
Mexico,Afghanistan,MEX,AFG,11.0,11.0,13.0,3.0,5.0,7.0,6.0
Mexico,Bangladesh,MEX,BGD,4.0,3.0,3.0,9.0,13.0,23.0,30.0
Mexico,India,MEX,IND,155.0,181.0,207.0,263.0,357.0,641.0,1037.0
Mexico,Iran (Islamic Republic of),MEX,IRN,14.0,32.0,51.0,69.0,99.0,101.0,93.0
Mexico,Pakistan,MEX,PAK,6.0,9.0,12.0,19.0,32.0,57.0,95.0
Mexico,Indonesia,MEX,IDN,28.0,33.0,39.0,53.0,74.0,84.0,97.0
Mexico,Philippines,MEX,PHL,110.0,134.0,163.0,200.0,247.0,333.0,462.0
Mexico,Israel,MEX,ISR,269.0,328.0,401.0,435.0,466.0,457.0,424.0
Mexico,Lebanon,MEX,LBN,633.0,550.0,480.0,436.0,400.0,372.0,356.0
Mexico,Saudi Arabia,MEX,SAU,44.0,43.0,41.0,34.0,29.0,37.0,53.0
Mexico,Syrian Arab Republic,MEX,SYR,99.0,111.0,123.0,88.0,66.0,79.0,98.0
Mexico,Türkiye,MEX,TUR,109.0,118.0,124.0,109.0,98.0,120.0,160.0
Mexico,Bulgaria,MEX,BGR,64.0,84.0,110.0,126.0,139.0,149.0,159.0
Mexico,Czechia,MEX,CZE,78.0,101.0,131.0,168.0,205.0,195.0,184.0
Mexico,Hungary,MEX,HUN,83.0,107.0,138.0,179.0,225.0,226.0,220.0
Mexico,Poland,MEX,POL,757.0,656.0,568.0,549.0,531.0,530.0,516.0
Mexico,Romania,MEX,ROU,82.0,107.0,141.0,194.0,256.0,299.0,334.0
Mexico,Russian Federation,MEX,RUS,478.0,612.0,783.0,899.0,1029.0,1280.0,1599.0
Mexico,Ukraine*,MEX,UKR,63.0,87.0,124.0,162.0,218.0,344.0,534.0
Mexico,Denmark*,MEX,DNK,73.0,87.0,104.0,105.0,106.0,117.0,130.0
Mexico,Finland*,MEX,FIN,52.0,63.0,77.0,84.0,91.0,104.0,118.0
Mexico,Ireland,MEX,IRL,60.0,69.0,78.0,84.0,92.0,99.0,110.0
Mexico,Norway*,MEX,NOR,45.0,52.0,58.0,59.0,62.0,68.0,81.0
Mexico,Sweden,MEX,SWE,153.0,179.0,211.0,199.0,192.0,201.0,215.0
Mexico,United Kingdom*,MEX,GBR,1132.0,1211.0,1291.0,1365.0,1437.0,1515.0,1611.0
Mexico,Greece,MEX,GRC,54.0,68.0,87.0,85.0,80.0,76.0,70.0
Mexico,Italy,MEX,ITA,1255.0,1317.0,1390.0,1508.0,1662.0,1930.0,2269.0
Mexico,Portugal,MEX,PRT,89.0,105.0,124.0,145.0,170.0,208.0,254.0
Mexico,Spain*,MEX,ESP,11343.0,10482.0,9676.0,9092.0,8508.0,8622.0,8648.0
Mexico,Austria,MEX,AUT,144.0,181.0,229.0,241.0,246.0,249.0,245.0
Mexico,Belgium,MEX,BEL,261.0,307.0,361.0,368.0,382.0,421.0,463.0
Mexico,France*,MEX,FRA,2409.0,2603.0,2819.0,3075.0,3347.0,3679.0,4030.0
Mexico,Germany,MEX,DEU,2232.0,2336.0,2460.0,2566.0,2680.0,2796.0,2914.0
Mexico,Netherlands*,MEX,NLD,229.0,272.0,323.0,366.0,411.0,430.0,448.0
Mexico,Switzerland,MEX,CHE,392.0,492.0,620.0,641.0,653.0,657.0,658.0
Mexico,Cuba,MEX,CUB,2591.0,3033.0,3551.0,4620.0,5969.0,8510.0,15283.0
Mexico,Dominican Republic,MEX,DOM,255.0,325.0,414.0,582.0,806.0,1076.0,1394.0
Mexico,Haiti,MEX,HTI,60.0,95.0,123.0,217.0,453.0,1004.0,5249.0
Mexico,Jamaica,MEX,JAM,36.0,40.0,44.0,47.0,52.0,70.0,102.0
Mexico,Puerto Rico*,MEX,PRI,638.0,743.0,868.0,740.0,633.0,628.0,634.0
Mexico,Belize,MEX,BLZ,630.0,658.0,683.0,906.0,1217.0,1368.0,1524.0
Mexico,Costa Rica,MEX,CRI,1061.0,1145.0,1226.0,1292.0,1360.0,1655.0,2028.0
Mexico,El Salvador,MEX,SLV,3497.0,3554.0,3834.0,4296.0,4393.0,7102.0,17698.0
Mexico,Guatemala,MEX,GTM,25204.0,26068.0,21403.0,16246.0,18871.0,23839.0,31875.0
Mexico,Honduras,MEX,HND,1257.0,1729.0,2257.0,3717.0,6012.0,10964.0,36277.0
Mexico,Nicaragua,MEX,NIC,1173.0,1337.0,1357.0,1621.0,1926.0,2433.0,4256.0
Mexico,Panama,MEX,PAN,745.0,785.0,803.0,859.0,906.0,942.0,986.0
Mexico,Argentina,MEX,ARG,2867.0,3039.0,3278.0,4632.0,6456.0,7514.0,8723.0
Mexico,Bolivia (Plurinational State of),MEX,BOL,323.0,437.0,581.0,761.0,950.0,1070.0,1174.0
Mexico,Brazil,MEX,BRA,843.0,1026.0,1272.0,1805.0,2553.0,3515.0,4951.0
Mexico,Chile,MEX,CHL,1780.0,1994.0,1990.0,2233.0,2494.0,2728.0,3290.0
Mexico,Colombia,MEX,COL,2138.0,2729.0,3479.0,5309.0,8134.0,13087.0,20579.0
Mexico,Ecuador,MEX,ECU,399.0,503.0,633.0,843.0,1125.0,1500.0,1976.0
Mexico,French Guiana*,MEX,GUF,0.0,0.0,0.0,0.0,0.0,0.0,0.0
Mexico,Paraguay,MEX,PRY,66.0,87.0,117.0,185.0,287.0,348.0,410.0
Mexico,Peru,MEX,PER,1316.0,1578.0,1849.0,2280.0,2812.0,3382.0,4038.0
Mexico,Uruguay,MEX,URY,653.0,643.0,638.0,834.0,1082.0,1152.0,1206.0
Mexico,Venezuela (Bolivarian Republic of),MEX,VEN,1169.0,1351.0,1606.0,3031.0,5715.0,13350.0,37951.0
Mexico,Canada,MEX,CAN,2164.0,2490.0,2888.0,3335.0,3874.0,4838.0,6043.0
Mexico,United States of America*,MEX,USA,113685.0,139576.0,174687.0,252278.0,359830.0,378208.0,393859.0
Mexico,Australia*,MEX,AUS,112.0,131.0,154.0,182.0,211.0,222.0,229.0
Mexico,Guam*,MEX,GUM,211.0,219.0,168.0,19.0,1.0,1.0,1.0
Nicaragua,Ethiopia,NIC,ETH,12.0,10.0,18.0,28.0,29.0,31.0,31.0
Nicaragua,Somalia,NIC,SOM,12.0,10.0,18.0,28.0,29.0,31.0,31.0
Nicaragua,Democratic Republic of the Congo,NIC,COD,6.0,5.0,9.0,14.0,14.0,15.0,14.0
Nicaragua,Algeria,NIC,DZA,23.0,19.0,35.0,54.0,57.0,61.0,62.0
Nicaragua,Nigeria,NIC,NGA,6.0,5.0,9.0,14.0,14.0,15.0,14.0
Nicaragua,Senegal,NIC,SEN,41.0,33.0,62.0,94.0,99.0,106.0,111.0
Nicaragua,China,NIC,CHN,11.0,9.0,25.0,43.0,45.0,48.0,49.0
Nicaragua,Japan,NIC,JPN,18.0,15.0,13.0,13.0,13.0,13.0,12.0
Nicaragua,Republic of Korea,NIC,KOR,10.0,8.0,14.0,21.0,22.0,23.0,23.0
Nicaragua,Afghanistan,NIC,AFG,11.0,9.0,16.0,25.0,26.0,27.0,27.0
Nicaragua,India,NIC,IND,3.0,3.0,6.0,11.0,11.0,11.0,10.0
Nicaragua,Jordan,NIC,JOR,2.0,2.0,5.0,10.0,10.0,10.0,9.0
Nicaragua,Yemen,NIC,YEM,8.0,7.0,12.0,19.0,20.0,21.0,20.0
Nicaragua,Bulgaria,NIC,BGR,60.0,48.0,40.0,35.0,37.0,39.0,39.0
Nicaragua,Russian Federation,NIC,RUS,239.0,191.0,144.0,103.0,109.0,116.0,120.0
Nicaragua,Ukraine*,NIC,UKR,52.0,42.0,40.0,40.0,42.0,45.0,46.0
Nicaragua,Denmark*,NIC,DNK,20.0,16.0,15.0,16.0,16.0,17.0,16.0
Nicaragua,Ireland,NIC,IRL,8.0,7.0,6.0,6.0,6.0,6.0,5.0
Nicaragua,Sweden,NIC,SWE,32.0,26.0,18.0,12.0,12.0,12.0,11.0
Nicaragua,United Kingdom*,NIC,GBR,17.0,14.0,17.0,22.0,23.0,24.0,24.0
Nicaragua,Italy,NIC,ITA,63.0,51.0,44.0,39.0,41.0,44.0,45.0
Nicaragua,Spain*,NIC,ESP,240.0,192.0,181.0,176.0,186.0,199.0,208.0
Nicaragua,Austria,NIC,AUT,21.0,17.0,15.0,14.0,14.0,15.0,14.0
Nicaragua,Belgium,NIC,BEL,16.0,13.0,11.0,10.0,10.0,10.0,9.0
Nicaragua,France*,NIC,FRA,60.0,48.0,49.0,52.0,55.0,59.0,60.0
Nicaragua,Germany,NIC,DEU,165.0,132.0,112.0,96.0,101.0,108.0,112.0
Nicaragua,Netherlands*,NIC,NLD,56.0,45.0,85.0,128.0,135.0,144.0,149.0
Nicaragua,Switzerland,NIC,CHE,30.0,24.0,21.0,20.0,21.0,22.0,22.0
Nicaragua,Antigua and Barbuda,NIC,ATG,17.0,14.0,33.0,54.0,57.0,61.0,62.0
Nicaragua,Bahamas,NIC,BHS,11.0,9.0,22.0,37.0,39.0,41.0,41.0
Nicaragua,Cuba,NIC,CUB,362.0,290.0,297.0,315.0,334.0,358.0,374.0
Nicaragua,Dominican Republic,NIC,DOM,33.0,27.0,27.0,29.0,30.0,32.0,32.0
Nicaragua,Haiti,NIC,HTI,6.0,5.0,7.0,11.0,11.0,11.0,10.0
Nicaragua,Jamaica,NIC,JAM,16.0,13.0,9.0,6.0,6.0,6.0,5.0
Nicaragua,Puerto Rico*,NIC,PRI,30.0,24.0,23.0,24.0,25.0,26.0,26.0
Nicaragua,Belize,NIC,BLZ,27.0,22.0,16.0,11.0,11.0,11.0,10.0
Nicaragua,Costa Rica,NIC,CRI,3065.0,2450.0,3495.0,4651.0,4938.0,5299.0,5553.0
Nicaragua,El Salvador,NIC,SLV,6119.0,936.0,941.0,977.0,1037.0,1112.0,1164.0
Nicaragua,Guatemala,NIC,GTM,551.0,441.0,575.0,727.0,771.0,827.0,866.0
Nicaragua,Honduras,NIC,HND,5152.0,4866.0,5177.0,5556.0,5936.0,6368.0,6756.0
Nicaragua,Mexico,NIC,MEX,530.0,424.0,410.0,409.0,434.0,465.0,486.0
Nicaragua,Panama,NIC,PAN,226.0,181.0,165.0,156.0,165.0,177.0,184.0
Nicaragua,Argentina,NIC,ARG,80.0,64.0,87.0,114.0,121.0,129.0,134.0
Nicaragua,Bolivia (Plurinational State of),NIC,BOL,18.0,15.0,18.0,23.0,24.0,25.0,25.0
Nicaragua,Brazil,NIC,BRA,85.0,68.0,62.0,59.0,62.0,66.0,68.0
Nicaragua,Chile,NIC,CHL,50.0,40.0,42.0,46.0,48.0,51.0,52.0
Nicaragua,Colombia,NIC,COL,155.0,124.0,148.0,178.0,189.0,202.0,211.0
Nicaragua,Ecuador,NIC,ECU,43.0,35.0,36.0,39.0,41.0,44.0,45.0
Nicaragua,Peru,NIC,PER,96.0,77.0,79.0,84.0,89.0,95.0,98.0
Nicaragua,Uruguay,NIC,URY,6.0,5.0,12.0,21.0,22.0,23.0,23.0
Nicaragua,Venezuela (Bolivarian Republic of),NIC,VEN,78.0,63.0,64.0,69.0,73.0,78.0,80.0
Nicaragua,Canada,NIC,CAN,90.0,72.0,88.0,107.0,113.0,121.0,125.0
Nicaragua,United States of America*,NIC,USA,1883.0,1505.0,1464.0,1439.0,1527.0,1678.0,1757.0
Panama,Egypt,PAN,EGY,12.0,17.0,24.0,22.0,25.0,28.0,32.0
Panama,Libya,PAN,LBY,5.0,6.0,8.0,7.0,8.0,9.0,10.0
Panama,Morocco,PAN,MAR,9.0,12.0,17.0,18.0,23.0,25.0,28.0
Panama,South Africa,PAN,ZAF,6.0,8.0,11.0,14.0,21.0,23.0,26.0
Panama,Nigeria,PAN,NGA,1.0,1.0,2.0,4.0,8.0,9.0,9.0
Panama,China,PAN,CHN,4293.0,4576.0,5176.0,5810.0,7512.0,8819.0,10212.0
Panama,"China, Hong Kong SAR",PAN,HKG,87.0,124.0,170.0,134.0,122.0,143.0,164.0
Panama,Japan,PAN,JPN,65.0,92.0,127.0,124.0,144.0,168.0,194.0
Panama,Republic of Korea,PAN,KOR,42.0,60.0,83.0,101.0,138.0,162.0,187.0
Panama,Bangladesh,PAN,BGD,0.0,0.0,0.0,3.0,8.0,9.0,10.0
Panama,India,PAN,IND,587.0,702.0,866.0,1053.0,1434.0,1683.0,1948.0
Panama,Iran (Islamic Republic of),PAN,IRN,7.0,9.0,13.0,14.0,19.0,22.0,23.0
Panama,Pakistan,PAN,PAK,18.0,18.0,20.0,23.0,30.0,35.0,39.0
Panama,Indonesia,PAN,IDN,14.0,19.0,26.0,24.0,27.0,30.0,34.0
Panama,Malaysia,PAN,MYS,3.0,3.0,4.0,8.0,15.0,17.0,18.0
Panama,Myanmar,PAN,MMR,0.0,0.0,0.0,0.0,2.0,1.0,0.0
Panama,Philippines,PAN,PHL,14.0,19.0,26.0,44.0,71.0,83.0,94.0
Panama,Singapore,PAN,SGP,3.0,3.0,4.0,9.0,17.0,20.0,21.0
Panama,Thailand,PAN,THA,1.0,1.0,2.0,7.0,14.0,15.0,16.0
Panama,Viet Nam,PAN,VNM,2.0,2.0,4.0,11.0,21.0,23.0,26.0
Panama,Georgia,PAN,GEO,0.0,0.0,0.0,2.0,6.0,5.0,5.0
Panama,Israel,PAN,ISR,145.0,164.0,195.0,226.0,299.0,350.0,404.0
Panama,Jordan,PAN,JOR,13.0,18.0,26.0,26.0,30.0,35.0,40.0
Panama,Lebanon,PAN,LBN,106.0,114.0,130.0,144.0,185.0,216.0,250.0
Panama,Saudi Arabia,PAN,SAU,5.0,6.0,8.0,10.0,15.0,17.0,18.0
Panama,State of Palestine,PAN,PSE,15.0,21.0,29.0,33.0,45.0,52.0,58.0
Panama,Syrian Arab Republic,PAN,SYR,30.0,42.0,58.0,69.0,92.0,107.0,127.0
Panama,Türkiye,PAN,TUR,12.0,13.0,15.0,16.0,21.0,23.0,26.0
Panama,Bulgaria,PAN,BGR,8.0,14.0,22.0,21.0,25.0,28.0,32.0
Panama,Czechia,PAN,CZE,8.0,10.0,13.0,15.0,21.0,23.0,26.0
Panama,Hungary,PAN,HUN,47.0,28.0,11.0,14.0,19.0,22.0,25.0
Panama,Poland,PAN,POL,22.0,23.0,26.0,40.0,62.0,71.0,81.0
Panama,Romania,PAN,ROU,14.0,20.0,29.0,32.0,43.0,49.0,54.0
Panama,Russian Federation,PAN,RUS,239.0,230.0,237.0,248.0,306.0,360.0,415.0
Panama,Slovakia,PAN,SVK,1.0,1.0,2.0,9.0,19.0,22.0,25.0
Panama,Ukraine*,PAN,UKR,26.0,37.0,51.0,56.0,73.0,85.0,98.0
Panama,Denmark*,PAN,DNK,7.0,9.0,13.0,18.0,27.0,30.0,34.0
Panama,Finland*,PAN,FIN,3.0,3.0,4.0,11.0,21.0,23.0,26.0
Panama,Ireland,PAN,IRL,3.0,5.0,8.0,14.0,23.0,25.0,28.0
Panama,Lithuania,PAN,LTU,4.0,5.0,8.0,8.0,10.0,10.0,10.0
Panama,Norway*,PAN,NOR,4.0,2.0,2.0,12.0,25.0,28.0,32.0
Panama,Sweden,PAN,SWE,9.0,12.0,17.0,29.0,49.0,57.0,65.0
Panama,United Kingdom*,PAN,GBR,114.0,111.0,116.0,329.0,603.0,708.0,820.0
Panama,Croatia,PAN,HRV,4.0,3.0,4.0,11.0,21.0,23.0,26.0
Panama,Greece,PAN,GRC,69.0,65.0,67.0,53.0,49.0,57.0,65.0
Panama,Italy,PAN,ITA,170.0,186.0,215.0,257.0,345.0,405.0,470.0
Panama,Portugal,PAN,PRT,52.0,44.0,40.0,52.0,73.0,85.0,98.0
Panama,Serbia*,PAN,SRB,7.0,7.0,8.0,5.0,4.0,4.0,5.0
Panama,Spain*,PAN,ESP,927.0,907.0,951.0,980.0,1190.0,1397.0,1618.0
Panama,Austria,PAN,AUT,15.0,16.0,20.0,28.0,43.0,49.0,56.0
Panama,Belgium,PAN,BEL,7.0,6.0,6.0,36.0,73.0,85.0,98.0
Panama,France*,PAN,FRA,116.0,125.0,143.0,218.0,332.0,390.0,450.0
Panama,Germany,PAN,DEU,109.0,131.0,163.0,247.0,376.0,440.0,509.0
Panama,Netherlands*,PAN,NLD,30.0,33.0,40.0,79.0,133.0,155.0,179.0
Panama,Switzerland,PAN,CHE,32.0,44.0,60.0,74.0,103.0,120.0,138.0
Panama,Barbados,PAN,BRB,84.0,54.0,29.0,20.0,15.0,17.0,18.0
Panama,Cuba,PAN,CUB,1480.0,1072.0,738.0,797.0,1003.0,1177.0,862.0
Panama,Curaçao*,PAN,CUW,49.0,71.0,98.0,51.0,14.0,15.0,16.0
Panama,Dominica,PAN,DMA,8.0,11.0,15.0,21.0,32.0,37.0,42.0
Panama,Dominican Republic,PAN,DOM,1057.0,2532.0,4182.0,4049.0,4657.0,5468.0,6325.0
Panama,Grenada,PAN,GRD,15.0,8.0,2.0,5.0,10.0,10.0,11.0
Panama,Haiti,PAN,HTI,62.0,103.0,152.0,184.0,250.0,294.0,340.0
Panama,Jamaica,PAN,JAM,548.0,419.0,320.0,287.0,306.0,360.0,413.0
Panama,Puerto Rico*,PAN,PRI,96.0,106.0,125.0,158.0,220.0,258.0,298.0
Panama,Trinidad and Tobago,PAN,TTO,29.0,23.0,20.0,30.0,47.0,54.0,61.0
Panama,Belize,PAN,BLZ,30.0,33.0,40.0,30.0,27.0,30.0,34.0
Panama,Costa Rica,PAN,CRI,2236.0,2311.0,2546.0,2755.0,3469.0,4072.0,4713.0
Panama,El Salvador,PAN,SLV,1113.0,1019.0,996.0,1089.0,1382.0,1623.0,1990.0
Panama,Guatemala,PAN,GTM,185.0,231.0,293.0,408.0,598.0,702.0,809.0
Panama,Honduras,PAN,HND,346.0,384.0,450.0,514.0,672.0,789.0,908.0
Panama,Mexico,PAN,MEX,839.0,1015.0,1263.0,1435.0,1872.0,2198.0,2542.0
Panama,Nicaragua,PAN,NIC,2437.0,2532.0,2802.0,4233.0,6444.0,7564.0,8759.0
Panama,Argentina,PAN,ARG,276.0,315.0,376.0,622.0,983.0,1153.0,1333.0
Panama,Bolivia (Plurinational State of),PAN,BOL,105.0,94.0,91.0,132.0,198.0,231.0,266.0
Panama,Brazil,PAN,BRA,386.0,422.0,489.0,638.0,904.0,1061.0,1227.0
Panama,Chile,PAN,CHL,494.0,491.0,522.0,570.0,723.0,848.0,980.0
Panama,Colombia,PAN,COL,7066.0,8687.0,10908.0,16618.0,25389.0,29805.0,28003.0
Panama,Ecuador,PAN,ECU,531.0,646.0,807.0,851.0,1053.0,1237.0,1428.0
Panama,Guyana,PAN,GUY,14.0,10.0,8.0,14.0,23.0,25.0,28.0
Panama,Paraguay,PAN,PRY,24.0,22.0,22.0,39.0,64.0,74.0,85.0
Panama,Peru,PAN,PER,729.0,904.0,1142.0,1258.0,1605.0,1883.0,2180.0
Panama,Uruguay,PAN,URY,63.0,84.0,112.0,175.0,269.0,316.0,366.0
Panama,Venezuela (Bolivarian Republic of),PAN,VEN,247.0,361.0,500.0,2125.0,4144.0,4864.0,54517.0
Panama,Canada,PAN,CAN,67.0,131.0,206.0,388.0,642.0,755.0,874.0
Panama,Saint Pierre and Miquelon*,PAN,SPM,6.0,8.0,11.0,14.0,21.0,23.0,26.0
Panama,United States of America*,PAN,USA,1288.0,1660.0,2147.0,3198.0,4839.0,5679.0,6575.0
Panama,Australia*,PAN,AUS,48.0,32.0,20.0,42.0,73.0,85.0,98.0
Panama,New Zealand*,PAN,NZL,8.0,11.0,15.0,13.0,14.0,15.0,16.0
Argentina,Algeria,ARG,DZA,98.0,99.0,98.0,104.0,113.0,117.0,125.0
Argentina,Egypt,ARG,EGY,127.0,129.0,128.0,135.0,147.0,153.0,163.0
Argentina,Morocco,ARG,MAR,107.0,109.0,108.0,114.0,125.0,129.0,137.0
Argentina,South Africa,ARG,ZAF,187.0,191.0,189.0,200.0,218.0,226.0,241.0
Argentina,Senegal,ARG,SEN,6.0,6.0,7.0,80.0,233.0,359.0,546.0
Argentina,China,ARG,CHN,1132.0,2164.0,3233.0,4226.0,5379.0,6613.0,8349.0
Argentina,"China, Taiwan Province of China",ARG,TWN,1922.0,1955.0,1924.0,1853.0,1778.0,1719.0,1715.0
Argentina,Dem. People's Republic of Korea,ARG,PRK,2158.0,2177.0,2131.0,2270.0,2491.0,2586.0,2750.0
Argentina,Japan,ARG,JPN,2984.0,2775.0,2496.0,2283.0,2096.0,1796.0,1576.0
Argentina,Republic of Korea,ARG,KOR,6237.0,5585.0,4707.0,3645.0,2782.0,2787.0,2956.0
Argentina,Iran (Islamic Republic of),ARG,IRN,96.0,98.0,98.0,103.0,112.0,116.0,124.0
Argentina,Lao People's Democratic Republic,ARG,LAO,263.0,268.0,265.0,281.0,306.0,317.0,338.0
Argentina,Armenia,ARG,ARM,545.0,555.0,547.0,528.0,508.0,491.0,490.0
Argentina,Cyprus,ARG,CYP,151.0,154.0,153.0,161.0,176.0,182.0,194.0
Argentina,Israel,ARG,ISR,1159.0,1143.0,1088.0,1010.0,930.0,854.0,811.0
Argentina,Lebanon,ARG,LBN,1406.0,1128.0,872.0,664.0,503.0,412.0,352.0
Argentina,State of Palestine,ARG,PSE,91.0,93.0,92.0,98.0,106.0,110.0,118.0
Argentina,Syrian Arab Republic,ARG,SYR,2439.0,1782.0,1265.0,905.0,656.0,625.0,632.0
Argentina,Türkiye,ARG,TUR,704.0,673.0,619.0,551.0,483.0,412.0,363.0
Argentina,Bulgaria,ARG,BGR,156.0,159.0,157.0,166.0,181.0,188.0,201.0
Argentina,Czechia,ARG,CZE,1775.0,1239.0,843.0,562.0,325.0,6.0,5.0
Argentina,Hungary,ARG,HUN,1571.0,1228.0,933.0,696.0,496.0,124.0,6.0
Argentina,Poland,ARG,POL,15307.0,11763.0,8786.0,6191.0,4217.0,2400.0,1382.0
Argentina,Romania,ARG,ROU,1854.0,1385.0,1005.0,716.0,456.0,20.0,5.0
Argentina,Russian Federation,ARG,RUS,5412.0,3803.0,2602.0,2017.0,1653.0,1513.0,1431.0
Argentina,Slovakia,ARG,SVK,93.0,96.0,95.0,100.0,109.0,113.0,120.0
Argentina,Ukraine*,ARG,UKR,3656.0,3527.0,3272.0,2952.0,2624.0,2293.0,2072.0
Argentina,Denmark*,ARG,DNK,201.0,204.0,202.0,214.0,233.0,242.0,258.0
Argentina,Estonia,ARG,EST,95.0,97.0,97.0,102.0,111.0,115.0,123.0
Argentina,Ireland,ARG,IRL,145.0,147.0,146.0,154.0,168.0,175.0,185.0
Argentina,Lithuania,ARG,LTU,171.0,174.0,173.0,183.0,200.0,207.0,220.0
Argentina,Norway*,ARG,NOR,122.0,124.0,124.0,131.0,142.0,147.0,158.0
Argentina,Sweden,ARG,SWE,260.0,264.0,262.0,277.0,302.0,313.0,333.0
Argentina,United Kingdom*,ARG,GBR,2034.0,1995.0,1894.0,1766.0,1631.0,1341.0,1130.0
Argentina,Croatia,ARG,HRV,1344.0,1243.0,1096.0,928.0,756.0,563.0,433.0
Argentina,Greece,ARG,GRC,1733.0,1498.0,1256.0,1033.0,842.0,609.0,453.0
Argentina,Italy,ARG,ITA,166996.0,145365.0,122433.0,101442.0,83440.0,61799.0,46310.0
Argentina,Montenegro,ARG,MNE,571.0,581.0,576.0,610.0,664.0,688.0,733.0
Argentina,Portugal,ARG,PRT,7365.0,6414.0,5413.0,4484.0,3685.0,2746.0,2107.0
Argentina,Serbia*,ARG,SRB,5393.0,3364.0,1970.0,199.0,11.0,6.0,6.0
Argentina,Slovenia,ARG,SVN,1060.0,978.0,861.0,725.0,588.0,433.0,329.0
Argentina,Spain*,ARG,ESP,130189.0,104525.0,82016.0,66312.0,54094.0,41125.0,32006.0
Argentina,Austria,ARG,AUT,2689.0,2123.0,1627.0,1224.0,914.0,633.0,452.0
Argentina,Belgium,ARG,BEL,1094.0,1026.0,921.0,796.0,669.0,532.0,437.0
Argentina,France*,ARG,FRA,4177.0,3864.0,3474.0,3413.0,3431.0,2731.0,2195.0
Argentina,Germany,ARG,DEU,9149.0,7546.0,6084.0,5206.0,4527.0,3346.0,2516.0
Argentina,Netherlands*,ARG,NLD,1334.0,1235.0,1091.0,924.0,755.0,566.0,437.0
Argentina,Switzerland,ARG,CHE,1346.0,1318.0,1251.0,1164.0,1074.0,862.0,708.0
Argentina,Cuba,ARG,CUB,1347.0,1521.0,1655.0,1761.0,1860.0,1970.0,2149.0
Argentina,Dominican Republic,ARG,DOM,967.0,1490.0,2023.0,2526.0,3018.0,3494.0,4152.0
Argentina,Haiti,ARG,HTI,6.0,6.0,7.0,7.0,139.0,328.0,670.0
Argentina,Puerto Rico*,ARG,PRI,166.0,169.0,167.0,177.0,193.0,200.0,213.0
Argentina,Costa Rica,ARG,CRI,261.0,290.0,311.0,327.0,342.0,359.0,388.0
Argentina,El Salvador,ARG,SLV,6.0,5.0,81.0,169.0,251.0,324.0,426.0
Argentina,Guatemala,ARG,GTM,222.0,243.0,256.0,265.0,273.0,282.0,302.0
Argentina,Honduras,ARG,HND,6.0,7.0,35.0,92.0,148.0,198.0,266.0
Argentina,Mexico,ARG,MEX,3253.0,3372.0,3381.0,3326.0,3263.0,3223.0,3286.0
Argentina,Nicaragua,ARG,NIC,129.0,131.0,130.0,138.0,150.0,156.0,166.0
Argentina,Panama,ARG,PAN,486.0,478.0,453.0,420.0,386.0,352.0,334.0
Argentina,Bolivia (Plurinational State of),ARG,BOL,76307.0,93591.0,110731.0,136635.0,171435.0,173503.0,177906.0
Argentina,Brazil,ARG,BRA,22262.0,21624.0,20501.0,21632.0,23762.0,25731.0,28417.0
Argentina,Chile,ARG,CHL,104666.0,109379.0,110521.0,107246.0,102434.0,93589.0,87186.0
Argentina,Colombia,ARG,COL,6.0,6.0,8.0,1975.0,8788.0,14239.0,22365.0
Argentina,Ecuador,ARG,ECU,6.0,7.0,569.0,1574.0,2525.0,3353.0,4511.0
Argentina,Paraguay,ARG,PRY,170470.0,179981.0,185666.0,228676.0,301386.0,294396.0,288885.0
Argentina,Peru,ARG,PER,16496.0,27720.0,45679.0,64265.0,85210.0,82742.0,80834.0
Argentina,Uruguay,ARG,URY,57505.0,60127.0,60862.0,61082.0,61051.0,56613.0,53490.0
Argentina,Venezuela (Bolivarian Republic of),ARG,VEN,6.0,6.0,7.0,8.0,1835.0,15074.0,57903.0
Argentina,Canada,ARG,CAN,1661.0,1584.0,1451.0,1287.0,1122.0,949.0,830.0
Argentina,United States of America*,ARG,USA,6181.0,7259.0,8255.0,9213.0,10119.0,9124.0,8289.0
Argentina,Australia*,ARG,AUS,1134.0,1050.0,928.0,786.0,643.0,483.0,373.0
Argentina,New Zealand*,ARG,NZL,109.0,110.0,110.0,116.0,126.0,131.0,139.0
Bolivia (Plurinational State of),Burundi,BOL,BDI,0.0,1.0,1.0,1.0,0.0,0.0,0.0
Bolivia (Plurinational State of),Eritrea,BOL,ERI,0.0,1.0,1.0,1.0,0.0,0.0,0.0
Bolivia (Plurinational State of),Ethiopia,BOL,ETH,4.0,3.0,2.0,1.0,0.0,0.0,0.0
Bolivia (Plurinational State of),Kenya,BOL,KEN,2.0,4.0,5.0,7.0,8.0,10.0,9.0
Bolivia (Plurinational State of),Madagascar,BOL,MDG,1.0,3.0,5.0,4.0,2.0,3.0,2.0
Bolivia (Plurinational State of),Malawi,BOL,MWI,0.0,2.0,3.0,5.0,6.0,8.0,7.0
Bolivia (Plurinational State of),Mozambique,BOL,MOZ,0.0,0.0,0.0,1.0,1.0,2.0,1.0
Bolivia (Plurinational State of),Rwanda,BOL,RWA,2.0,1.0,0.0,1.0,1.0,2.0,1.0
Bolivia (Plurinational State of),Somalia,BOL,SOM,0.0,0.0,0.0,2.0,3.0,4.0,3.0
Bolivia (Plurinational State of),Uganda,BOL,UGA,2.0,1.0,0.0,0.0,0.0,0.0,0.0
Bolivia (Plurinational State of),United Republic of Tanzania,BOL,TZA,1.0,1.0,0.0,2.0,3.0,4.0,3.0
Bolivia (Plurinational State of),Zambia,BOL,ZMB,0.0,1.0,2.0,2.0,1.0,2.0,1.0
Bolivia (Plurinational State of),Zimbabwe,BOL,ZWE,1.0,4.0,6.0,4.0,1.0,2.0,1.0
Bolivia (Plurinational State of),Angola,BOL,AGO,2.0,3.0,3.0,2.0,1.0,2.0,1.0
Bolivia (Plurinational State of),Cameroon,BOL,CMR,1.0,1.0,1.0,1.0,1.0,2.0,1.0
Bolivia (Plurinational State of),Central African Republic,BOL,CAF,0.0,0.0,0.0,6.0,12.0,15.0,15.0
Bolivia (Plurinational State of),Chad,BOL,TCD,1.0,1.0,0.0,0.0,0.0,0.0,0.0
Bolivia (Plurinational State of),Congo,BOL,COG,1.0,2.0,2.0,2.0,2.0,3.0,2.0
Bolivia (Plurinational State of),Democratic Republic of the Congo,BOL,COD,1.0,1.0,0.0,1.0,2.0,3.0,2.0
Bolivia (Plurinational State of),Gabon,BOL,GAB,1.0,1.0,0.0,0.0,0.0,0.0,0.0
Bolivia (Plurinational State of),Algeria,BOL,DZA,1.0,2.0,3.0,2.0,1.0,2.0,1.0
Bolivia (Plurinational State of),Egypt,BOL,EGY,16.0,15.0,13.0,9.0,5.0,7.0,6.0
Bolivia (Plurinational State of),Libya,BOL,LBY,0.0,1.0,1.0,2.0,2.0,3.0,2.0
Bolivia (Plurinational State of),Morocco,BOL,MAR,5.0,5.0,4.0,8.0,11.0,14.0,14.0
Bolivia (Plurinational State of),Sudan,BOL,SDN,0.0,0.0,0.0,0.0,0.0,0.0,0.0
Bolivia (Plurinational State of),Tunisia,BOL,TUN,0.0,0.0,0.0,0.0,0.0,0.0,0.0
Bolivia (Plurinational State of),Lesotho,BOL,LSO,2.0,2.0,1.0,1.0,0.0,0.0,0.0
Bolivia (Plurinational State of),South Africa,BOL,ZAF,9.0,5.0,0.0,4.0,7.0,9.0,8.0
Bolivia (Plurinational State of),Benin,BOL,BEN,0.0,0.0,0.0,1.0,1.0,2.0,1.0
Bolivia (Plurinational State of),Cabo Verde,BOL,CPV,0.0,1.0,2.0,37.0,71.0,84.0,91.0
Bolivia (Plurinational State of),Côte d'Ivoire,BOL,CIV,4.0,3.0,1.0,2.0,2.0,3.0,2.0
Bolivia (Plurinational State of),Ghana,BOL,GHA,0.0,0.0,0.0,1.0,2.0,3.0,2.0
Bolivia (Plurinational State of),Guinea,BOL,GIN,4.0,3.0,1.0,2.0,2.0,3.0,2.0
Bolivia (Plurinational State of),Liberia,BOL,LBR,1.0,1.0,1.0,1.0,1.0,2.0,1.0
Bolivia (Plurinational State of),Mali,BOL,MLI,0.0,0.0,0.0,1.0,1.0,2.0,1.0
Bolivia (Plurinational State of),Mauritania,BOL,MRT,0.0,0.0,0.0,1.0,1.0,2.0,1.0
Bolivia (Plurinational State of),Niger,BOL,NER,0.0,0.0,0.0,0.0,0.0,0.0,0.0
Bolivia (Plurinational State of),Nigeria,BOL,NGA,4.0,4.0,3.0,2.0,0.0,0.0,0.0
Bolivia (Plurinational State of),Senegal,BOL,SEN,1.0,1.0,0.0,1.0,1.0,2.0,1.0
Bolivia (Plurinational State of),Sierra Leone,BOL,SLE,0.0,0.0,0.0,0.0,0.0,0.0,0.0
Bolivia (Plurinational State of),Togo,BOL,TGO,1.0,2.0,2.0,1.0,0.0,0.0,0.0
Bolivia (Plurinational State of),Kazakhstan,BOL,KAZ,0.0,0.0,0.0,6.0,12.0,15.0,15.0
Bolivia (Plurinational State of),Kyrgyzstan,BOL,KGZ,0.0,0.0,0.0,1.0,2.0,3.0,2.0
Bolivia (Plurinational State of),Tajikistan,BOL,TJK,0.0,1.0,2.0,2.0,1.0,2.0,1.0
Bolivia (Plurinational State of),Turkmenistan,BOL,TKM,0.0,1.0,1.0,1.0,0.0,0.0,0.0
Bolivia (Plurinational State of),Uzbekistan,BOL,UZB,0.0,2.0,3.0,3.0,2.0,3.0,2.0
Bolivia (Plurinational State of),China,BOL,CHN,301.0,251.0,199.0,282.0,364.0,425.0,472.0
Bolivia (Plurinational State of),"China, Hong Kong SAR",BOL,HKG,0.0,3.0,5.0,3.0,1.0,2.0,1.0
Bolivia (Plurinational State of),Dem. People's Republic of Korea,BOL,PRK,59.0,30.0,1.0,2.0,3.0,4.0,3.0
Bolivia (Plurinational State of),Japan,BOL,JPN,660.0,694.0,721.0,709.0,695.0,810.0,902.0
Bolivia (Plurinational State of),Mongolia,BOL,MNG,0.0,1.0,1.0,1.0,1.0,2.0,1.0
Bolivia (Plurinational State of),Republic of Korea,BOL,KOR,265.0,262.0,257.0,231.0,204.0,239.0,265.0
Bolivia (Plurinational State of),Afghanistan,BOL,AFG,1.0,1.0,0.0,0.0,0.0,0.0,0.0
Bolivia (Plurinational State of),Bangladesh,BOL,BGD,2.0,2.0,1.0,1.0,1.0,2.0,1.0
Bolivia (Plurinational State of),India,BOL,IND,39.0,46.0,53.0,41.0,29.0,35.0,37.0
Bolivia (Plurinational State of),Iran (Islamic Republic of),BOL,IRN,9.0,11.0,12.0,16.0,20.0,24.0,25.0
Bolivia (Plurinational State of),Nepal,BOL,NPL,0.0,1.0,1.0,2.0,3.0,4.0,3.0
Bolivia (Plurinational State of),Pakistan,BOL,PAK,18.0,11.0,3.0,4.0,4.0,6.0,5.0
Bolivia (Plurinational State of),Sri Lanka,BOL,LKA,0.0,1.0,2.0,1.0,0.0,0.0,0.0
Bolivia (Plurinational State of),Indonesia,BOL,IDN,4.0,6.0,7.0,6.0,5.0,7.0,6.0
Bolivia (Plurinational State of),Lao People's Democratic Republic,BOL,LAO,0.0,4.0,7.0,4.0,0.0,0.0,0.0
Bolivia (Plurinational State of),Malaysia,BOL,MYS,4.0,5.0,5.0,4.0,3.0,4.0,3.0
Bolivia (Plurinational State of),Myanmar,BOL,MMR,1.0,1.0,0.0,0.0,0.0,0.0,0.0
Bolivia (Plurinational State of),Philippines,BOL,PHL,11.0,18.0,24.0,24.0,23.0,28.0,29.0
Bolivia (Plurinational State of),Singapore,BOL,SGP,2.0,3.0,3.0,2.0,0.0,0.0,0.0
Bolivia (Plurinational State of),Thailand,BOL,THA,2.0,6.0,9.0,8.0,6.0,8.0,7.0
Bolivia (Plurinational State of),Viet Nam,BOL,VNM,1.0,2.0,2.0,2.0,2.0,3.0,2.0
Bolivia (Plurinational State of),Armenia,BOL,ARM,0.0,1.0,1.0,2.0,2.0,3.0,2.0
Bolivia (Plurinational State of),Azerbaijan,BOL,AZE,0.0,1.0,1.0,1.0,1.0,2.0,1.0
Bolivia (Plurinational State of),Bahrain,BOL,BHR,0.0,0.0,0.0,0.0,0.0,0.0,0.0
Bolivia (Plurinational State of),Cyprus,BOL,CYP,5.0,4.0,2.0,2.0,2.0,3.0,2.0
Bolivia (Plurinational State of),Georgia,BOL,GEO,0.0,0.0,0.0,1.0,1.0,2.0,1.0
Bolivia (Plurinational State of),Iraq,BOL,IRQ,0.0,1.0,2.0,2.0,2.0,3.0,2.0
Bolivia (Plurinational State of),Israel,BOL,ISR,41.0,56.0,70.0,68.0,65.0,77.0,83.0
Bolivia (Plurinational State of),Jordan,BOL,JOR,7.0,5.0,2.0,2.0,2.0,3.0,2.0
Bolivia (Plurinational State of),Kuwait,BOL,KWT,1.0,2.0,2.0,2.0,1.0,2.0,1.0
Bolivia (Plurinational State of),Lebanon,BOL,LBN,16.0,15.0,14.0,11.0,7.0,9.0,8.0
Bolivia (Plurinational State of),Oman,BOL,OMN,1.0,1.0,0.0,0.0,0.0,0.0,0.0
Bolivia (Plurinational State of),Qatar,BOL,QAT,1.0,1.0,1.0,1.0,0.0,0.0,0.0
Bolivia (Plurinational State of),Saudi Arabia,BOL,SAU,4.0,4.0,3.0,3.0,3.0,4.0,3.0
Bolivia (Plurinational State of),State of Palestine,BOL,PSE,0.0,0.0,0.0,2.0,3.0,4.0,3.0
Bolivia (Plurinational State of),Syrian Arab Republic,BOL,SYR,12.0,6.0,0.0,1.0,1.0,2.0,1.0
Bolivia (Plurinational State of),Türkiye,BOL,TUR,2.0,4.0,5.0,9.0,12.0,15.0,15.0
Bolivia (Plurinational State of),United Arab Emirates,BOL,ARE,0.0,0.0,0.0,0.0,0.0,0.0,0.0
Bolivia (Plurinational State of),Yemen,BOL,YEM,0.0,0.0,0.0,0.0,0.0,0.0,0.0
Bolivia (Plurinational State of),Belarus,BOL,BLR,0.0,1.0,2.0,2.0,2.0,3.0,2.0
Bolivia (Plurinational State of),Bulgaria,BOL,BGR,11.0,11.0,10.0,10.0,10.0,13.0,13.0
Bolivia (Plurinational State of),Czechia,BOL,CZE,69.0,40.0,11.0,20.0,29.0,35.0,37.0
Bolivia (Plurinational State of),Hungary,BOL,HUN,28.0,24.0,19.0,15.0,11.0,14.0,14.0
Bolivia (Plurinational State of),Poland,BOL,POL,85.0,85.0,85.0,89.0,93.0,109.0,119.0
Bolivia (Plurinational State of),Republic of Moldova*,BOL,MDA,0.0,1.0,1.0,2.0,2.0,3.0,2.0
Bolivia (Plurinational State of),Romania,BOL,ROU,38.0,19.0,0.0,18.0,36.0,43.0,45.0
Bolivia (Plurinational State of),Russian Federation,BOL,RUS,65.0,33.0,1.0,84.0,166.0,194.0,214.0
Bolivia (Plurinational State of),Slovakia,BOL,SVK,0.0,2.0,4.0,4.0,4.0,6.0,5.0
Bolivia (Plurinational State of),Ukraine*,BOL,UKR,0.0,40.0,79.0,76.0,72.0,85.0,92.0
Bolivia (Plurinational State of),Denmark*,BOL,DNK,9.0,26.0,43.0,48.0,52.0,62.0,68.0
Bolivia (Plurinational State of),Estonia,BOL,EST,0.0,2.0,3.0,4.0,4.0,6.0,5.0
Bolivia (Plurinational State of),Finland*,BOL,FIN,34.0,28.0,22.0,20.0,17.0,21.0,21.0
Bolivia (Plurinational State of),Iceland,BOL,ISL,2.0,1.0,0.0,1.0,1.0,2.0,1.0
Bolivia (Plurinational State of),Ireland,BOL,IRL,11.0,17.0,23.0,26.0,29.0,35.0,37.0
Bolivia (Plurinational State of),Isle of Man*,BOL,IMN,0.0,0.0,0.0,0.0,0.0,0.0,0.0
Bolivia (Plurinational State of),Latvia,BOL,LVA,0.0,1.0,1.0,1.0,0.0,0.0,0.0
Bolivia (Plurinational State of),Lithuania,BOL,LTU,0.0,2.0,4.0,5.0,6.0,8.0,7.0
Bolivia (Plurinational State of),Norway*,BOL,NOR,48.0,24.0,0.0,22.0,44.0,52.0,56.0
Bolivia (Plurinational State of),Sweden,BOL,SWE,110.0,94.0,77.0,101.0,124.0,145.0,160.0
Bolivia (Plurinational State of),United Kingdom*,BOL,GBR,273.0,286.0,297.0,331.0,365.0,426.0,474.0
Bolivia (Plurinational State of),Albania,BOL,ALB,6.0,3.0,0.0,1.0,1.0,2.0,1.0
Bolivia (Plurinational State of),Andorra,BOL,AND,1.0,1.0,0.0,0.0,0.0,0.0,0.0
Bolivia (Plurinational State of),Bosnia and Herzegovina,BOL,BIH,0.0,0.0,0.0,1.0,2.0,3.0,2.0
Bolivia (Plurinational State of),Croatia,BOL,HRV,0.0,10.0,20.0,17.0,13.0,16.0,16.0
Bolivia (Plurinational State of),Gibraltar*,BOL,GIB,0.0,1.0,1.0,1.0,0.0,0.0,0.0
Bolivia (Plurinational State of),Greece,BOL,GRC,6.0,5.0,3.0,5.0,6.0,8.0,7.0
Bolivia (Plurinational State of),Italy,BOL,ITA,404.0,387.0,366.0,442.0,516.0,602.0,670.0
Bolivia (Plurinational State of),Malta,BOL,MLT,0.0,1.0,1.0,1.0,0.0,0.0,0.0
Bolivia (Plurinational State of),Montenegro,BOL,MNE,0.0,0.0,0.0,0.0,0.0,0.0,0.0
Bolivia (Plurinational State of),North Macedonia,BOL,MKD,0.0,0.0,0.0,1.0,2.0,3.0,2.0
Bolivia (Plurinational State of),Portugal,BOL,PRT,13.0,15.0,17.0,37.0,56.0,66.0,71.0
Bolivia (Plurinational State of),Serbia*,BOL,SRB,0.0,0.0,0.0,2.0,4.0,6.0,5.0
Bolivia (Plurinational State of),Slovenia,BOL,SVN,0.0,2.0,3.0,3.0,3.0,4.0,3.0
Bolivia (Plurinational State of),Spain*,BOL,ESP,822.0,829.0,827.0,2869.0,4905.0,5712.0,6372.0
Bolivia (Plurinational State of),Austria,BOL,AUT,84.0,89.0,94.0,85.0,75.0,88.0,95.0
Bolivia (Plurinational State of),Belgium,BOL,BEL,105.0,137.0,167.0,158.0,149.0,174.0,191.0
Bolivia (Plurinational State of),France*,BOL,FRA,223.0,255.0,285.0,365.0,445.0,519.0,577.0
Bolivia (Plurinational State of),Germany,BOL,DEU,625.0,711.0,791.0,832.0,872.0,1016.0,1132.0
Bolivia (Plurinational State of),Liechtenstein,BOL,LIE,1.0,1.0,0.0,0.0,0.0,0.0,0.0
Bolivia (Plurinational State of),Luxembourg,BOL,LUX,0.0,3.0,5.0,3.0,1.0,2.0,1.0
Bolivia (Plurinational State of),Monaco,BOL,MCO,2.0,1.0,0.0,0.0,0.0,0.0,0.0
Bolivia (Plurinational State of),Netherlands*,BOL,NLD,0.0,7.0,13.0,83.0,152.0,178.0,197.0
Bolivia (Plurinational State of),Switzerland,BOL,CHE,139.0,205.0,269.0,269.0,268.0,313.0,347.0
Bolivia (Plurinational State of),Antigua and Barbuda,BOL,ATG,2.0,1.0,0.0,0.0,0.0,0.0,0.0
Bolivia (Plurinational State of),Aruba*,BOL,ABW,0.0,2.0,4.0,3.0,1.0,2.0,1.0
Bolivia (Plurinational State of),Bahamas,BOL,BHS,2.0,1.0,0.0,0.0,0.0,0.0,0.0
Bolivia (Plurinational State of),Barbados,BOL,BRB,2.0,1.0,0.0,0.0,0.0,0.0,0.0
Bolivia (Plurinational State of),"Bonaire, Sint Eustatius and Saba*",BOL,BES,7.0,8.0,16.0,8.0,9.0,11.0,10.0
Bolivia (Plurinational State of),Cuba,BOL,CUB,50.0,145.0,238.0,493.0,747.0,871.0,969.0
Bolivia (Plurinational State of),Curaçao*,BOL,CUW,54.0,67.0,135.0,68.0,74.0,83.0,90.0
Bolivia (Plurinational State of),Dominica,BOL,DMA,1.0,1.0,0.0,1.0,1.0,2.0,1.0
Bolivia (Plurinational State of),Dominican Republic,BOL,DOM,27.0,14.0,0.0,23.0,46.0,55.0,59.0
Bolivia (Plurinational State of),Grenada,BOL,GRD,0.0,0.0,0.0,0.0,0.0,0.0,0.0
Bolivia (Plurinational State of),Haiti,BOL,HTI,1.0,3.0,5.0,5.0,4.0,6.0,5.0
Bolivia (Plurinational State of),Jamaica,BOL,JAM,2.0,2.0,1.0,2.0,2.0,3.0,2.0
Bolivia (Plurinational State of),Puerto Rico*,BOL,PRI,13.0,15.0,17.0,17.0,16.0,20.0,20.0
Bolivia (Plurinational State of),Saint Kitts and Nevis,BOL,KNA,0.0,0.0,0.0,0.0,0.0,0.0,0.0
Bolivia (Plurinational State of),Sint Maarten (Dutch part)*,BOL,SXM,15.0,20.0,39.0,19.0,22.0,24.0,25.0
Bolivia (Plurinational State of),Trinidad and Tobago,BOL,TTO,2.0,6.0,10.0,6.0,2.0,3.0,2.0
Bolivia (Plurinational State of),Belize,BOL,BLZ,455.0,456.0,453.0,420.0,386.0,450.0,501.0
Bolivia (Plurinational State of),Costa Rica,BOL,CRI,49.0,61.0,73.0,67.0,61.0,72.0,78.0
Bolivia (Plurinational State of),El Salvador,BOL,SLV,34.0,44.0,54.0,58.0,61.0,72.0,78.0
Bolivia (Plurinational State of),Guatemala,BOL,GTM,77.0,76.0,74.0,64.0,54.0,64.0,69.0
Bolivia (Plurinational State of),Honduras,BOL,HND,122.0,114.0,105.0,102.0,99.0,116.0,127.0
Bolivia (Plurinational State of),Mexico,BOL,MEX,4100.0,4429.0,4714.0,4453.0,4181.0,4869.0,5430.0
Bolivia (Plurinational State of),Nicaragua,BOL,NIC,37.0,42.0,46.0,50.0,53.0,63.0,68.0
Bolivia (Plurinational State of),Panama,BOL,PAN,40.0,46.0,51.0,48.0,44.0,52.0,56.0
Bolivia (Plurinational State of),Argentina,BOL,ARG,11239.0,12707.0,14052.0,16016.0,17942.0,20893.0,23341.0
Bolivia (Plurinational State of),Brazil,BOL,BRA,4994.0,6104.0,7154.0,8869.0,10562.0,12299.0,13719.0
Bolivia (Plurinational State of),Chile,BOL,CHL,2409.0,2274.0,2117.0,2030.0,1938.0,2257.0,2516.0
Bolivia (Plurinational State of),Colombia,BOL,COL,379.0,522.0,660.0,864.0,1066.0,1242.0,1383.0
Bolivia (Plurinational State of),Ecuador,BOL,ECU,161.0,270.0,376.0,381.0,385.0,449.0,500.0
Bolivia (Plurinational State of),French Guiana*,BOL,GUF,0.0,1.0,1.0,1.0,0.0,0.0,0.0
Bolivia (Plurinational State of),Guyana,BOL,GUY,1.0,2.0,3.0,2.0,1.0,2.0,1.0
Bolivia (Plurinational State of),Paraguay,BOL,PRY,580.0,1074.0,1558.0,1674.0,1786.0,2080.0,2318.0
Bolivia (Plurinational State of),Peru,BOL,PER,3206.0,3716.0,4189.0,4145.0,4091.0,4764.0,5314.0
Bolivia (Plurinational State of),Suriname,BOL,SUR,0.0,0.0,0.0,0.0,0.0,0.0,0.0
Bolivia (Plurinational State of),Uruguay,BOL,URY,191.0,199.0,205.0,192.0,179.0,209.0,232.0
Bolivia (Plurinational State of),Venezuela (Bolivarian Republic of),BOL,VEN,195.0,241.0,284.0,295.0,306.0,357.0,2631.0
Bolivia (Plurinational State of),Bermuda*,BOL,BMU,0.0,1.0,1.0,1.0,0.0,0.0,0.0
Bolivia (Plurinational State of),Canada,BOL,CAN,893.0,868.0,834.0,731.0,626.0,730.0,812.0
Bolivia (Plurinational State of),United States of America*,BOL,USA,1519.0,1638.0,1742.0,1880.0,2014.0,2346.0,2616.0
Bolivia (Plurinational State of),Australia*,BOL,AUS,41.0,62.0,83.0,86.0,88.0,103.0,113.0
Bolivia (Plurinational State of),New Zealand*,BOL,NZL,23.0,17.0,10.0,17.0,24.0,29.0,30.0
Bolivia (Plurinational State of),Fiji,BOL,FJI,0.0,1.0,2.0,1.0,0.0,0.0,0.0
Bolivia (Plurinational State of),New Caledonia*,BOL,NCL,0.0,0.0,0.0,0.0,0.0,0.0,0.0
Bolivia (Plurinational State of),Papua New Guinea,BOL,PNG,0.0,1.0,1.0,1.0,0.0,0.0,0.0
Bolivia (Plurinational State of),Solomon Islands,BOL,SLB,0.0,0.0,0.0,1.0,1.0,2.0,1.0
Bolivia (Plurinational State of),Vanuatu,BOL,VUT,0.0,0.0,0.0,0.0,0.0,0.0,0.0
Bolivia (Plurinational State of),Niue*,BOL,NIU,0.0,20.0,40.0,21.0,1.0,2.0,1.0
Bolivia (Plurinational State of),Tonga,BOL,TON,0.0,1.0,1.0,1.0,0.0,0.0,0.0
Brazil,Mozambique,BRA,MOZ,513.0,502.0,509.0,625.0,781.0,956.0,1127.0
Brazil,Somalia,BRA,SOM,0.0,4.0,6.0,7.0,16.0,54.0,114.0
Brazil,United Republic of Tanzania,BRA,TZA,54.0,50.0,47.0,48.0,42.0,53.0,66.0
Brazil,Angola,BRA,AGO,2604.0,3128.0,3340.0,3700.0,3749.0,3848.0,4777.0
Brazil,Cameroon,BRA,CMR,86.0,81.0,75.0,74.0,65.0,94.0,196.0
Brazil,Congo,BRA,COG,50.0,46.0,42.0,42.0,39.0,45.0,62.0
Brazil,Democratic Republic of the Congo,BRA,COD,60.0,114.0,122.0,135.0,216.0,535.0,1165.0
Brazil,Algeria,BRA,DZA,2.0,104.0,86.0,94.0,86.0,93.0,101.0
Brazil,Egypt,BRA,EGY,2153.0,1909.0,1714.0,1617.0,1423.0,1338.0,1302.0
Brazil,Morocco,BRA,MAR,2.0,287.0,236.0,255.0,232.0,257.0,379.0
Brazil,Sudan,BRA,SDN,0.0,6.0,6.0,11.0,16.0,27.0,52.0
Brazil,Tunisia,BRA,TUN,50.0,46.0,42.0,41.0,36.0,42.0,63.0
Brazil,South Africa,BRA,ZAF,2.0,897.0,732.0,792.0,719.0,799.0,871.0
Brazil,Benin,BRA,BEN,16.0,15.0,14.0,13.0,12.0,26.0,58.0
Brazil,Burkina Faso,BRA,BFA,16.0,15.0,13.0,13.0,12.0,23.0,64.0
Brazil,Cabo Verde,BRA,CPV,2.0,675.0,549.0,595.0,540.0,582.0,634.0
Brazil,Côte d'Ivoire,BRA,CIV,2.0,189.0,154.0,170.0,157.0,182.0,220.0
Brazil,Gambia,BRA,GMB,0.0,0.0,0.0,0.0,0.0,25.0,60.0
Brazil,Ghana,BRA,GHA,38.0,38.0,35.0,33.0,30.0,176.0,441.0
Brazil,Guinea,BRA,GIN,35.0,33.0,30.0,30.0,29.0,80.0,219.0
Brazil,Guinea-Bissau,BRA,GNB,2.0,534.0,439.0,477.0,431.0,517.0,760.0
Brazil,Liberia,BRA,LBR,22.0,95.0,123.0,132.0,122.0,123.0,129.0
Brazil,Mali,BRA,MLI,0.0,0.0,0.0,0.0,2.0,58.0,107.0
Brazil,Mauritania,BRA,MRT,0.0,0.0,0.0,2.0,0.0,1.0,55.0
Brazil,Nigeria,BRA,NGA,2.0,636.0,525.0,569.0,517.0,846.0,1175.0
Brazil,Senegal,BRA,SEN,2.0,105.0,86.0,94.0,86.0,700.0,1127.0
Brazil,Sierra Leone,BRA,SLE,0.0,0.0,42.0,60.0,56.0,78.0,126.0
Brazil,Togo,BRA,TGO,0.0,0.0,0.0,0.0,0.0,30.0,123.0
Brazil,China,BRA,CHN,4739.0,4633.0,4632.0,6388.0,8594.0,11046.0,13756.0
Brazil,"China, Taiwan Province of China",BRA,TWN,2.0,2217.0,2060.0,1961.0,1878.0,1895.0,1976.0
Brazil,Japan,BRA,JPN,42114.0,37284.0,33483.0,28832.0,23415.0,18724.0,14190.0
Brazil,Republic of Korea,BRA,KOR,3787.0,3895.0,3568.0,4353.0,4424.0,4700.0,4914.0
Brazil,Afghanistan,BRA,AFG,35.0,33.0,32.0,35.0,33.0,59.0,114.0
Brazil,Bangladesh,BRA,BGD,28.0,26.0,24.0,23.0,25.0,246.0,923.0
Brazil,India,BRA,IND,353.0,329.0,311.0,321.0,303.0,315.0,463.0
Brazil,Iran (Islamic Republic of),BRA,IRN,2.0,308.0,253.0,277.0,255.0,286.0,328.0
Brazil,Nepal,BRA,NPL,32.0,29.0,27.0,25.0,23.0,35.0,91.0
Brazil,Pakistan,BRA,PAK,49.0,56.0,70.0,88.0,112.0,278.0,578.0
Brazil,Indonesia,BRA,IDN,2.0,412.0,336.0,363.0,330.0,351.0,368.0
Brazil,Philippines,BRA,PHL,2.0,202.0,165.0,178.0,162.0,186.0,272.0
Brazil,Thailand,BRA,THA,2.0,260.0,212.0,230.0,208.0,226.0,239.0
Brazil,Viet Nam,BRA,VNM,79.0,83.0,76.0,66.0,60.0,64.0,67.0
Brazil,Iraq,BRA,IRQ,2.0,309.0,263.0,291.0,313.0,361.0,449.0
Brazil,Israel,BRA,ISR,872.0,779.0,706.0,751.0,774.0,828.0,868.0
Brazil,Jordan,BRA,JOR,2.0,596.0,485.0,525.0,477.0,514.0,549.0
Brazil,Lebanon,BRA,LBN,6695.0,6299.0,6029.0,5354.0,4431.0,4010.0,3568.0
Brazil,Saudi Arabia,BRA,SAU,2.0,186.0,152.0,164.0,149.0,158.0,168.0
Brazil,State of Palestine,BRA,PSE,0.0,0.0,4.0,6.0,49.0,164.0,293.0
Brazil,Syrian Arab Republic,BRA,SYR,2222.0,1757.0,1409.0,1133.0,856.0,1525.0,2624.0
Brazil,Türkiye,BRA,TUR,655.0,521.0,413.0,255.0,114.0,39.0,50.0
Brazil,Bulgaria,BRA,BGR,194.0,157.0,130.0,124.0,115.0,112.0,105.0
Brazil,Czechia,BRA,CZE,833.0,657.0,532.0,339.0,189.0,41.0,6.0
Brazil,Hungary,BRA,HUN,2586.0,1984.0,1547.0,1138.0,770.0,423.0,122.0
Brazil,Poland,BRA,POL,7154.0,5400.0,4127.0,2816.0,1731.0,648.0,8.0
Brazil,Romania,BRA,ROU,3269.0,2428.0,1888.0,1360.0,929.0,414.0,9.0
Brazil,Russian Federation,BRA,RUS,6520.0,4837.0,3706.0,1851.0,714.0,12.0,20.0
Brazil,Slovakia,BRA,SVK,2.0,120.0,98.0,106.0,96.0,103.0,107.0
Brazil,Ukraine*,BRA,UKR,2.0,415.0,338.0,366.0,332.0,359.0,390.0
Brazil,Denmark*,BRA,DNK,183.0,156.0,139.0,149.0,156.0,169.0,181.0
Brazil,Estonia,BRA,EST,2.0,103.0,84.0,91.0,82.0,88.0,92.0
Brazil,Finland*,BRA,FIN,152.0,119.0,94.0,150.0,231.0,296.0,330.0
Brazil,Iceland,BRA,ISL,2.0,273.0,223.0,241.0,219.0,233.0,243.0
Brazil,Ireland,BRA,IRL,61.0,53.0,47.0,41.0,34.0,29.0,24.0
Brazil,Lithuania,BRA,LTU,2.0,357.0,291.0,315.0,286.0,304.0,319.0
Brazil,Norway*,BRA,NOR,79.0,50.0,35.0,70.0,147.0,228.0,303.0
Brazil,Sweden,BRA,SWE,353.0,302.0,261.0,237.0,202.0,179.0,158.0
Brazil,United Kingdom*,BRA,GBR,1597.0,1511.0,1488.0,1691.0,1858.0,2106.0,2316.0
Brazil,Croatia,BRA,HRV,2.0,331.0,271.0,290.0,261.0,278.0,290.0
Brazil,Greece,BRA,GRC,1246.0,1115.0,1024.0,848.0,662.0,438.0,202.0
Brazil,Italy,BRA,ITA,31203.0,27187.0,24075.0,19736.0,14931.0,11082.0,7679.0
Brazil,Portugal,BRA,PRT,126093.0,110952.0,99231.0,83654.0,66349.0,50188.0,34417.0
Brazil,Serbia*,BRA,SRB,3216.0,2445.0,1907.0,777.0,262.0,46.0,47.0
Brazil,Slovenia,BRA,SVN,2.0,100.0,81.0,88.0,80.0,85.0,89.0
Brazil,Spain*,BRA,ESP,27678.0,23080.0,19606.0,16785.0,13570.0,10904.0,8379.0
Brazil,Austria,BRA,AUT,2586.0,2086.0,1706.0,1496.0,1252.0,1050.0,852.0
Brazil,Belgium,BRA,BEL,748.0,637.0,544.0,532.0,469.0,426.0,355.0
Brazil,France*,BRA,FRA,4143.0,3745.0,3432.0,3511.0,3437.0,3501.0,3459.0
Brazil,Germany,BRA,DEU,12473.0,10702.0,9208.0,8104.0,6622.0,5623.0,4682.0
Brazil,Netherlands*,BRA,NLD,1480.0,1350.0,1248.0,1148.0,948.0,827.0,697.0
Brazil,Switzerland,BRA,CHE,1298.0,1133.0,1005.0,997.0,948.0,944.0,918.0
Brazil,Cuba,BRA,CUB,394.0,481.0,589.0,736.0,878.0,1109.0,3642.0
Brazil,Dominican Republic,BRA,DOM,74.0,70.0,69.0,126.0,230.0,442.0,664.0
Brazil,Haiti,BRA,HTI,19.0,12.0,7.0,15.0,84.0,58.0,5855.0
Brazil,Jamaica,BRA,JAM,37.0,28.0,21.0,24.0,21.0,19.0,23.0
Brazil,Trinidad and Tobago,BRA,TTO,2.0,106.0,87.0,94.0,85.0,91.0,96.0
Brazil,Costa Rica,BRA,CRI,143.0,137.0,130.0,148.0,149.0,148.0,131.0
Brazil,El Salvador,BRA,SLV,167.0,154.0,146.0,99.0,61.0,28.0,26.0
Brazil,Guatemala,BRA,GTM,46.0,42.0,42.0,73.0,132.0,204.0,284.0
Brazil,Mexico,BRA,MEX,447.0,488.0,548.0,818.0,1195.0,1604.0,1953.0
Brazil,Nicaragua,BRA,NIC,184.0,172.0,164.0,166.0,170.0,163.0,155.0
Brazil,Panama,BRA,PAN,245.0,234.0,227.0,212.0,177.0,159.0,138.0
Brazil,Argentina,BRA,ARG,11809.0,11635.0,11659.0,12038.0,11872.0,12228.0,12312.0
Brazil,Bolivia (Plurinational State of),BRA,BOL,6784.0,7739.0,9001.0,12715.0,17441.0,22609.0,26916.0
Brazil,Chile,BRA,CHL,8276.0,7367.0,6745.0,6551.0,6072.0,5873.0,5633.0
Brazil,Colombia,BRA,COL,1108.0,1404.0,1820.0,2585.0,3543.0,4776.0,5918.0
Brazil,Ecuador,BRA,ECU,394.0,435.0,491.0,644.0,837.0,1081.0,1302.0
Brazil,French Guiana*,BRA,GUF,471.0,348.0,264.0,276.0,284.0,303.0,318.0
Brazil,Guyana,BRA,GUY,546.0,629.0,761.0,874.0,958.0,1086.0,1217.0
Brazil,Paraguay,BRA,PRY,9772.0,11926.0,14802.0,17937.0,20581.0,24088.0,27146.0
Brazil,Peru,BRA,PER,2438.0,3103.0,4013.0,4932.0,5752.0,6810.0,7773.0
Brazil,Suriname,BRA,SUR,83.0,75.0,75.0,91.0,111.0,135.0,162.0
Brazil,Uruguay,BRA,URY,10072.0,10574.0,11430.0,11752.0,11431.0,11652.0,11696.0
Brazil,Venezuela (Bolivarian Republic of),BRA,VEN,760.0,891.0,1040.0,1222.0,1362.0,1655.0,89980.0
Brazil,Canada,BRA,CAN,534.0,522.0,515.0,537.0,509.0,497.0,459.0
Brazil,United States of America*,BRA,USA,5214.0,5388.0,5680.0,7532.0,9655.0,12089.0,14064.0
Brazil,Australia*,BRA,AUS,233.0,226.0,222.0,209.0,141.0,75.0,73.0
Brazil,New Zealand*,BRA,NZL,2.0,155.0,126.0,137.0,124.0,132.0,138.0
Chile,Burundi,CHL,BDI,9.0,12.0,16.0,23.0,35.0,55.0,125.0
Chile,Ethiopia,CHL,ETH,7.0,9.0,12.0,18.0,27.0,43.0,99.0
Chile,Mozambique,CHL,MOZ,7.0,10.0,13.0,19.0,29.0,46.0,105.0
Chile,United Republic of Tanzania,CHL,TZA,13.0,16.0,22.0,33.0,49.0,78.0,178.0
Chile,Cameroon,CHL,CMR,9.0,12.0,16.0,23.0,35.0,55.0,125.0
Chile,Democratic Republic of the Congo,CHL,COD,6.0,9.0,11.0,17.0,25.0,40.0,92.0
Chile,Libya,CHL,LBY,8.0,11.0,15.0,22.0,33.0,52.0,119.0
Chile,Morocco,CHL,MAR,25.0,35.0,45.0,56.0,67.0,83.0,94.0
Chile,Tunisia,CHL,TUN,13.0,16.0,22.0,33.0,49.0,78.0,178.0
Chile,South Africa,CHL,ZAF,56.0,69.0,84.0,102.0,117.0,148.0,165.0
Chile,Senegal,CHL,SEN,9.0,12.0,17.0,24.0,36.0,58.0,131.0
Chile,Uzbekistan,CHL,UZB,18.0,24.0,33.0,48.0,73.0,116.0,263.0
Chile,China,CHL,CHN,410.0,614.0,931.0,1473.0,2255.0,3800.0,5976.0
Chile,"China, Macao SAR",CHL,MAC,15.0,19.0,25.0,37.0,56.0,89.0,204.0
Chile,Dem. People's Republic of Korea,CHL,PRK,218.0,47.0,6.0,1.0,1.0,1.0,1.0
Chile,Japan,CHL,JPN,221.0,260.0,321.0,391.0,442.0,550.0,631.0
Chile,Republic of Korea,CHL,KOR,295.0,375.0,493.0,557.0,547.0,593.0,600.0
Chile,India,CHL,IND,99.0,136.0,183.0,241.0,307.0,432.0,514.0
Chile,Nepal,CHL,NPL,6.0,6.0,11.0,23.0,44.0,86.0,117.0
Chile,Pakistan,CHL,PAK,4.0,28.0,53.0,95.0,158.0,274.0,357.0
Chile,Lao People's Democratic Republic,CHL,LAO,6.0,9.0,11.0,17.0,25.0,40.0,92.0
Chile,Malaysia,CHL,MYS,10.0,13.0,18.0,27.0,40.0,63.0,145.0
Chile,Philippines,CHL,PHL,27.0,57.0,88.0,131.0,184.0,267.0,326.0
Chile,Singapore,CHL,SGP,11.0,15.0,20.0,29.0,44.0,69.0,157.0
Chile,Armenia,CHL,ARM,4.0,13.0,22.0,35.0,52.0,82.0,102.0
Chile,Georgia,CHL,GEO,8.0,10.0,14.0,21.0,31.0,49.0,112.0
Chile,Iraq,CHL,IRQ,10.0,13.0,18.0,27.0,40.0,63.0,145.0
Chile,Israel,CHL,ISR,521.0,446.0,272.0,223.0,208.0,216.0,208.0
Chile,Lebanon,CHL,LBN,94.0,93.0,86.0,82.0,75.0,76.0,70.0
Chile,Oman,CHL,OMN,15.0,19.0,25.0,37.0,56.0,89.0,204.0
Chile,Qatar,CHL,QAT,14.0,18.0,24.0,35.0,53.0,84.0,190.0
Chile,State of Palestine,CHL,PSE,239.0,392.0,393.0,380.0,347.0,329.0,309.0
Chile,Syrian Arab Republic,CHL,SYR,165.0,157.0,146.0,154.0,168.0,203.0,222.0
Chile,Türkiye,CHL,TUR,86.0,99.0,119.0,139.0,152.0,185.0,205.0
Chile,Czechia,CHL,CZE,122.0,101.0,82.0,77.0,75.0,81.0,83.0
Chile,Hungary,CHL,HUN,242.0,215.0,188.0,169.0,148.0,143.0,130.0
Chile,Poland,CHL,POL,239.0,235.0,241.0,247.0,240.0,258.0,264.0
Chile,Romania,CHL,ROU,222.0,204.0,191.0,184.0,171.0,176.0,173.0
Chile,Russian Federation,CHL,RUS,232.0,258.0,314.0,387.0,456.0,593.0,695.0
Chile,Ukraine*,CHL,UKR,8.0,22.0,37.0,58.0,87.0,134.0,168.0
Chile,Denmark*,CHL,DNK,75.0,92.0,105.0,115.0,117.0,132.0,138.0
Chile,Estonia,CHL,EST,12.0,16.0,21.0,32.0,47.0,75.0,171.0
Chile,Finland*,CHL,FIN,47.0,54.0,62.0,72.0,81.0,101.0,113.0
Chile,Iceland,CHL,ISL,11.0,15.0,20.0,29.0,44.0,69.0,157.0
Chile,Latvia,CHL,LVA,22.0,28.0,39.0,57.0,86.0,136.0,309.0
Chile,Lithuania,CHL,LTU,17.0,22.0,30.0,44.0,66.0,104.0,237.0
Chile,Norway*,CHL,NOR,80.0,110.0,146.0,171.0,178.0,204.0,216.0
Chile,Sweden,CHL,SWE,270.0,432.0,570.0,639.0,620.0,667.0,670.0
Chile,United Kingdom*,CHL,GBR,656.0,692.0,713.0,784.0,847.0,1014.0,1104.0
Chile,Albania,CHL,ALB,11.0,14.0,19.0,28.0,42.0,66.0,152.0
Chile,Croatia,CHL,HRV,132.0,229.0,213.0,185.0,148.0,125.0,100.0
Chile,Greece,CHL,GRC,78.0,87.0,99.0,110.0,117.0,136.0,146.0
Chile,Holy See*,CHL,VAT,10.0,13.0,17.0,25.0,38.0,61.0,138.0
Chile,Italy,CHL,ITA,1952.0,1870.0,1813.0,1785.0,1654.0,1692.0,2233.0
Chile,Portugal,CHL,PRT,58.0,78.0,118.0,173.0,232.0,343.0,439.0
Chile,Serbia*,CHL,SRB,530.0,390.0,261.0,178.0,117.0,83.0,35.0
Chile,Spain*,CHL,ESP,4596.0,4460.0,4408.0,4720.0,4978.0,6583.0,9117.0
Chile,Austria,CHL,AUT,324.0,305.0,281.0,260.0,230.0,226.0,211.0
Chile,Belgium,CHL,BEL,424.0,461.0,434.0,450.0,472.0,550.0,592.0
Chile,France*,CHL,FRA,1031.0,1186.0,1382.0,1655.0,1897.0,2415.0,4060.0
Chile,Germany,CHL,DEU,2729.0,2737.0,2787.0,2985.0,3140.0,3091.0,4191.0
Chile,Netherlands*,CHL,NLD,186.0,209.0,234.0,258.0,268.0,310.0,329.0
Chile,Switzerland,CHL,CHE,304.0,333.0,357.0,381.0,385.0,430.0,438.0
Chile,Antigua and Barbuda,CHL,ATG,6.0,9.0,11.0,17.0,25.0,40.0,92.0
Chile,Barbados,CHL,BRB,11.0,14.0,19.0,28.0,42.0,66.0,152.0
Chile,Cayman Islands*,CHL,CYM,8.0,11.0,15.0,22.0,33.0,52.0,119.0
Chile,Cuba,CHL,CUB,214.0,473.0,1095.0,1695.0,1964.0,2554.0,6943.0
Chile,Dominican Republic,CHL,DOM,50.0,88.0,134.0,349.0,1194.0,4518.0,11628.0
Chile,Haiti,CHL,HTI,10.0,15.0,20.0,99.0,937.0,9775.0,64830.0
Chile,Jamaica,CHL,JAM,7.0,9.0,12.0,18.0,27.0,43.0,99.0
Chile,Puerto Rico*,CHL,PRI,61.0,77.0,92.0,114.0,137.0,181.0,212.0
Chile,Saint Kitts and Nevis,CHL,KNA,6.0,9.0,11.0,17.0,25.0,40.0,92.0
Chile,Belize,CHL,BLZ,8.0,10.0,14.0,21.0,31.0,49.0,112.0
Chile,Costa Rica,CHL,CRI,186.0,226.0,242.0,283.0,332.0,433.0,506.0
Chile,El Salvador,CHL,SLV,108.0,114.0,110.0,140.0,202.0,322.0,405.0
Chile,Guatemala,CHL,GTM,45.0,71.0,106.0,161.0,235.0,375.0,509.0
Chile,Honduras,CHL,HND,99.0,118.0,134.0,178.0,247.0,379.0,493.0
Chile,Mexico,CHL,MEX,284.0,492.0,745.0,1127.0,1618.0,2584.0,4655.0
Chile,Nicaragua,CHL,NIC,74.0,94.0,115.0,143.0,170.0,222.0,260.0
Chile,Panama,CHL,PAN,151.0,194.0,240.0,281.0,303.0,362.0,396.0
Chile,Argentina,CHL,ARG,14745.0,18496.0,22440.0,26297.0,28876.0,32377.0,37351.0
Chile,Bolivia (Plurinational State of),CHL,BOL,3639.0,4370.0,5483.0,7166.0,12618.0,28496.0,64991.0
Chile,Brazil,CHL,BRA,1916.0,2662.0,3403.0,4301.0,5135.0,7053.0,10295.0
Chile,Colombia,CHL,COL,793.0,1166.0,1884.0,3392.0,7594.0,30597.0,84649.0
Chile,Ecuador,CHL,ECU,1004.0,1849.0,3920.0,6222.0,10220.0,13294.0,20184.0
Chile,Paraguay,CHL,PRY,298.0,422.0,575.0,865.0,1332.0,2285.0,3579.0
Chile,Peru,CHL,PER,3102.0,6225.0,16508.0,33182.0,72609.0,93033.0,120049.0
Chile,Uruguay,CHL,URY,619.0,774.0,983.0,1263.0,1551.0,2103.0,2678.0
Chile,Venezuela (Bolivarian Republic of),CHL,VEN,1002.0,1463.0,2000.0,4148.0,10284.0,28308.0,220524.0
Chile,Bermuda*,CHL,BMU,10.0,13.0,17.0,25.0,38.0,61.0,138.0
Chile,Canada,CHL,CAN,410.0,591.0,783.0,871.0,837.0,890.0,883.0
Chile,United States of America*,CHL,USA,2418.0,2841.0,3277.0,3823.0,4248.0,5485.0,7995.0
Chile,Australia*,CHL,AUS,287.0,360.0,428.0,486.0,511.0,595.0,638.0
Chile,New Zealand*,CHL,NZL,42.0,60.0,78.0,101.0,123.0,155.0,177.0
Chile,French Polynesia*,CHL,PYF,9.0,12.0,16.0,23.0,35.0,55.0,125.0
Colombia,Cabo Verde,COL,CPV,2.0,5.0,5.0,3.0,14.0,45.0,97.0
Colombia,China,COL,CHN,221.0,377.0,532.0,714.0,708.0,670.0,625.0
Colombia,"China, Taiwan Province of China",COL,TWN,31.0,12.0,25.0,39.0,51.0,66.0,82.0
Colombia,Dem. People's Republic of Korea,COL,PRK,84.0,137.0,106.0,74.0,33.0,14.0,5.0
Colombia,Japan,COL,JPN,179.0,207.0,228.0,242.0,262.0,283.0,303.0
Colombia,Republic of Korea,COL,KOR,26.0,33.0,54.0,88.0,127.0,180.0,239.0
Colombia,Afghanistan,COL,AFG,29.0,5.0,5.0,36.0,79.0,148.0,231.0
Colombia,India,COL,IND,24.0,34.0,49.0,63.0,91.0,112.0,109.0
Colombia,Israel,COL,ISR,118.0,132.0,135.0,135.0,123.0,110.0,98.0
Colombia,Lebanon,COL,LBN,423.0,479.0,403.0,335.0,281.0,235.0,195.0
Colombia,Saudi Arabia,COL,SAU,10.0,16.0,22.0,26.0,39.0,59.0,81.0
Colombia,Türkiye,COL,TUR,14.0,16.0,15.0,14.0,24.0,41.0,80.0
Colombia,Poland,COL,POL,127.0,138.0,118.0,103.0,105.0,111.0,117.0
Colombia,Romania,COL,ROU,102.0,119.0,104.0,90.0,83.0,76.0,70.0
Colombia,Russian Federation,COL,RUS,304.0,329.0,345.0,361.0,378.0,394.0,411.0
Colombia,Sweden,COL,SWE,66.0,72.0,70.0,70.0,84.0,105.0,128.0
Colombia,United Kingdom*,COL,GBR,469.0,462.0,432.0,406.0,466.0,542.0,617.0
Colombia,Albania,COL,ALB,18.0,7.0,7.0,20.0,36.0,59.0,85.0
Colombia,Italy,COL,ITA,496.0,610.0,701.0,793.0,895.0,996.0,1094.0
Colombia,Portugal,COL,PRT,31.0,35.0,36.0,38.0,64.0,109.0,162.0
Colombia,Slovenia,COL,SVN,6.0,5.0,5.0,9.0,29.0,73.0,142.0
Colombia,Spain*,COL,ESP,1391.0,1786.0,2111.0,2480.0,3637.0,5276.0,7009.0
Colombia,Austria,COL,AUT,78.0,87.0,83.0,79.0,79.0,77.0,75.0
Colombia,Belgium,COL,BEL,123.0,141.0,149.0,158.0,179.0,199.0,217.0
Colombia,France*,COL,FRA,586.0,668.0,718.0,771.0,927.0,1074.0,1195.0
Colombia,Germany,COL,DEU,932.0,929.0,878.0,827.0,834.0,837.0,834.0
Colombia,Netherlands*,COL,NLD,128.0,136.0,116.0,102.0,126.0,163.0,203.0
Colombia,Switzerland,COL,CHE,222.0,223.0,213.0,203.0,223.0,245.0,267.0
Colombia,Aruba*,COL,ABW,33.0,39.0,66.0,110.0,127.0,140.0,153.0
Colombia,Cuba,COL,CUB,177.0,323.0,421.0,578.0,717.0,853.0,1034.0
Colombia,Dominican Republic,COL,DOM,3.0,38.0,83.0,160.0,243.0,347.0,438.0
Colombia,Puerto Rico*,COL,PRI,154.0,167.0,187.0,206.0,203.0,191.0,174.0
Colombia,United States Virgin Islands*,COL,VIR,4.0,11.0,10.0,4.0,17.0,53.0,100.0
Colombia,Costa Rica,COL,CRI,186.0,274.0,344.0,435.0,558.0,721.0,895.0
Colombia,El Salvador,COL,SLV,81.0,107.0,114.0,135.0,190.0,269.0,361.0
Colombia,Guatemala,COL,GTM,110.0,141.0,168.0,194.0,251.0,310.0,359.0
Colombia,Honduras,COL,HND,87.0,99.0,116.0,140.0,192.0,276.0,372.0
Colombia,Mexico,COL,MEX,608.0,789.0,925.0,1089.0,1448.0,1941.0,2466.0
Colombia,Nicaragua,COL,NIC,216.0,231.0,255.0,262.0,273.0,284.0,299.0
Colombia,Panama,COL,PAN,964.0,972.0,930.0,895.0,1081.0,1289.0,1489.0
Colombia,Argentina,COL,ARG,788.0,929.0,1024.0,1126.0,1434.0,1820.0,2204.0
Colombia,Bolivia (Plurinational State of),COL,BOL,155.0,207.0,243.0,297.0,368.0,467.0,582.0
Colombia,Brazil,COL,BRA,1311.0,1274.0,1168.0,1078.0,1422.0,1895.0,2383.0
Colombia,Chile,COL,CHL,751.0,749.0,751.0,746.0,1033.0,1453.0,1896.0
Colombia,Ecuador,COL,ECU,4269.0,4820.0,5151.0,5514.0,6612.0,7980.0,9428.0
Colombia,Falkland Islands (Malvinas)*,COL,FLK,97.0,262.0,394.0,405.0,154.0,48.0,10.0
Colombia,Paraguay,COL,PRY,66.0,75.0,82.0,91.0,105.0,124.0,144.0
Colombia,Peru,COL,PER,1480.0,1614.0,1657.0,1701.0,1866.0,2049.0,2230.0
Colombia,Uruguay,COL,URY,121.0,133.0,133.0,133.0,156.0,185.0,212.0
Colombia,Venezuela (Bolivarian Republic of),COL,VEN,22310.0,22149.0,20802.0,19557.0,18436.0,17427.0,911180.0
Colombia,Canada,COL,CAN,301.0,334.0,350.0,367.0,462.0,577.0,688.0
Colombia,United States of America*,COL,USA,6457.0,6991.0,7178.0,7351.0,8039.0,8748.0,9422.0
Colombia,Australia*,COL,AUS,98.0,116.0,107.0,100.0,144.0,200.0,244.0
Colombia,Vanuatu,COL,VUT,111.0,173.0,130.0,87.0,41.0,17.0,1.0
Ecuador,Nigeria,ECU,NGA,1.0,1.0,4.0,3.0,96.0,33.0,42.0
Ecuador,China,ECU,CHN,359.0,416.0,473.0,767.0,1496.0,1349.0,1175.0
Ecuador,"China, Taiwan Province of China",ECU,TWN,460.0,409.0,360.0,301.0,246.0,201.0,164.0
Ecuador,Dem. People's Republic of Korea,ECU,PRK,113.0,107.0,102.0,96.0,87.0,22.0,6.0
Ecuador,Japan,ECU,JPN,117.0,122.0,127.0,131.0,134.0,111.0,89.0
Ecuador,Republic of Korea,ECU,KOR,63.0,107.0,154.0,197.0,242.0,215.0,182.0
Ecuador,Afghanistan,ECU,AFG,5.0,9.0,37.0,29.0,95.0,79.0,94.0
Ecuador,India,ECU,IND,4.0,4.0,26.0,43.0,80.0,83.0,104.0
Ecuador,Iran (Islamic Republic of),ECU,IRN,49.0,33.0,37.0,31.0,49.0,61.0,116.0
Ecuador,Pakistan,ECU,PAK,1.0,1.0,7.0,15.0,120.0,48.0,50.0
Ecuador,Israel,ECU,ISR,85.0,84.0,83.0,82.0,83.0,77.0,74.0
Ecuador,Lebanon,ECU,LBN,77.0,72.0,66.0,61.0,62.0,56.0,62.0
Ecuador,Syrian Arab Republic,ECU,SYR,8.0,16.0,16.0,8.0,13.0,23.0,120.0
Ecuador,Russian Federation,ECU,RUS,304.0,344.0,384.0,425.0,473.0,456.0,444.0
Ecuador,Ukraine*,ECU,UKR,38.0,60.0,86.0,113.0,146.0,184.0,238.0
Ecuador,United Kingdom*,ECU,GBR,271.0,337.0,401.0,458.0,511.0,434.0,354.0
Ecuador,Italy,ECU,ITA,566.0,601.0,638.0,903.0,1451.0,1733.0,2026.0
Ecuador,Spain*,ECU,ESP,1316.0,1412.0,1498.0,2841.0,6983.0,8347.0,9478.0
Ecuador,Austria,ECU,AUT,79.0,88.0,96.0,105.0,112.0,84.0,59.0
Ecuador,Belgium,ECU,BEL,46.0,101.0,157.0,204.0,251.0,199.0,149.0
Ecuador,France*,ECU,FRA,393.0,424.0,455.0,515.0,583.0,485.0,393.0
Ecuador,Germany,ECU,DEU,792.0,851.0,902.0,983.0,1067.0,836.0,636.0
Ecuador,Netherlands*,ECU,NLD,105.0,127.0,146.0,162.0,173.0,137.0,102.0
Ecuador,Switzerland,ECU,CHE,274.0,276.0,276.0,274.0,268.0,228.0,190.0
Ecuador,Anguilla*,ECU,AIA,285.0,238.0,193.0,149.0,101.0,20.0,4.0
Ecuador,Cuba,ECU,CUB,52.0,9.0,101.0,1073.0,4181.0,4090.0,5155.0
Ecuador,Dominican Republic,ECU,DOM,7.0,7.0,56.0,119.0,232.0,263.0,338.0
Ecuador,Haiti,ECU,HTI,3.0,3.0,4.0,44.0,386.0,172.0,162.0
Ecuador,Puerto Rico*,ECU,PRI,127.0,115.0,104.0,94.0,84.0,75.0,66.0
Ecuador,Costa Rica,ECU,CRI,121.0,159.0,197.0,233.0,269.0,248.0,223.0
Ecuador,El Salvador,ECU,SLV,89.0,102.0,111.0,122.0,137.0,163.0,219.0
Ecuador,Guatemala,ECU,GTM,9.0,37.0,79.0,116.0,161.0,169.0,171.0
Ecuador,Honduras,ECU,HND,67.0,83.0,101.0,119.0,142.0,175.0,223.0
Ecuador,Mexico,ECU,MEX,225.0,344.0,467.0,579.0,708.0,787.0,873.0
Ecuador,Nicaragua,ECU,NIC,33.0,54.0,73.0,96.0,122.0,158.0,209.0
Ecuador,Panama,ECU,PAN,162.0,180.0,193.0,206.0,221.0,230.0,240.0
Ecuador,Argentina,ECU,ARG,807.0,849.0,903.0,987.0,1099.0,1196.0,1315.0
Ecuador,Bolivia (Plurinational State of),ECU,BOL,157.0,212.0,275.0,343.0,428.0,499.0,588.0
Ecuador,Brazil,ECU,BRA,459.0,513.0,573.0,651.0,756.0,752.0,746.0
Ecuador,Chile,ECU,CHL,2545.0,2296.0,2167.0,2099.0,2078.0,2022.0,1980.0
Ecuador,Colombia,ECU,COL,23014.0,24796.0,27069.0,40020.0,127751.0,113641.0,110367.0
Ecuador,Paraguay,ECU,PRY,5.0,14.0,38.0,66.0,104.0,131.0,159.0
Ecuador,Peru,ECU,PER,1277.0,1642.0,2139.0,3675.0,9042.0,7227.0,7219.0
Ecuador,Uruguay,ECU,URY,89.0,113.0,140.0,166.0,197.0,199.0,200.0
Ecuador,Venezuela (Bolivarian Republic of),ECU,VEN,1190.0,1488.0,1848.0,2205.0,2606.0,3710.0,212634.0
Ecuador,Canada,ECU,CAN,432.0,463.0,493.0,519.0,545.0,526.0,506.0
Ecuador,United States of America*,ECU,USA,4423.0,4745.0,5129.0,6206.0,7915.0,7592.0,7130.0
Ecuador,Australia*,ECU,AUS,3.0,28.0,59.0,87.0,119.0,94.0,69.0
Falkland Islands (Malvinas)*,Saint Helena,FLK,SHN,13.0,13.0,54.0,65.0,128.0,142.0,175.0
Falkland Islands (Malvinas)*,United Kingdom*,FLK,GBR,282.0,267.0,286.0,276.0,348.0,386.0,484.0
Falkland Islands (Malvinas)*,Argentina,FLK,ARG,16.0,15.0,15.0,23.0,12.0,13.0,14.0
Falkland Islands (Malvinas)*,Chile,FLK,CHL,18.0,17.0,26.0,55.0,78.0,87.0,107.0
Falkland Islands (Malvinas)*,United States of America*,FLK,USA,7.0,8.0,8.0,12.0,10.0,11.0,12.0
Falkland Islands (Malvinas)*,Australia*,FLK,AUS,2.0,3.0,4.0,5.0,15.0,17.0,19.0
Falkland Islands (Malvinas)*,New Zealand*,FLK,NZL,17.0,20.0,21.0,31.0,13.0,14.0,15.0
French Guiana*,Réunion,GUF,REU,177.0,193.0,209.0,198.0,187.0,190.0,213.0
French Guiana*,Algeria,GUF,DZA,45.0,46.0,47.0,46.0,44.0,150.0,168.0
French Guiana*,China,GUF,CHN,447.0,587.0,727.0,622.0,517.0,784.0,881.0
French Guiana*,Lao People's Democratic Republic,GUF,LAO,430.0,443.0,455.0,439.0,422.0,445.0,500.0
French Guiana*,Italy,GUF,ITA,50.0,59.0,67.0,65.0,62.0,62.0,69.0
French Guiana*,Belgium,GUF,BEL,35.0,55.0,74.0,72.0,69.0,92.0,103.0
French Guiana*,France*,GUF,FRA,6278.0,7902.0,9526.0,9628.0,9729.0,9905.0,11131.0
French Guiana*,Dominica,GUF,DMA,290.0,338.0,385.0,409.0,433.0,310.0,348.0
French Guiana*,Guadeloupe*,GUF,GLP,910.0,992.0,1073.0,1019.0,965.0,982.0,1103.0
French Guiana*,Haiti,GUF,HTI,4479.0,5566.0,6652.0,7868.0,9083.0,11291.0,12689.0
French Guiana*,Martinique*,GUF,MTQ,2096.0,2285.0,2473.0,2348.0,2222.0,1356.0,1523.0
French Guiana*,Saint Lucia,GUF,LCA,802.0,757.0,712.0,676.0,640.0,444.0,498.0
French Guiana*,Brazil,GUF,BRA,2893.0,3429.0,3964.0,5951.0,7937.0,10212.0,11476.0
French Guiana*,Guyana,GUF,GUY,1045.0,1204.0,1363.0,1504.0,1644.0,1922.0,2159.0
French Guiana*,Peru,GUF,PER,144.0,168.0,192.0,204.0,215.0,287.0,322.0
French Guiana*,Suriname,GUF,SUR,7129.0,7476.0,7822.0,10694.0,13566.0,12265.0,13792.0
Guyana,China,GUY,CHN,109.0,173.0,237.0,315.0,235.0,248.0,260.0
Guyana,United Kingdom*,GUY,GBR,60.0,96.0,132.0,176.0,131.0,138.0,144.0
Guyana,Antigua and Barbuda,GUY,ATG,3.0,5.0,6.0,8.0,5.0,5.0,5.0
Guyana,Bahamas,GUY,BHS,2.0,3.0,4.0,6.0,4.0,4.0,4.0
Guyana,Barbados,GUY,BRB,76.0,90.0,103.0,105.0,64.0,67.0,70.0
Guyana,Dominica,GUY,DMA,5.0,8.0,10.0,13.0,9.0,9.0,9.0
Guyana,Grenada,GUY,GRD,25.0,38.0,50.0,63.0,44.0,46.0,48.0
Guyana,Jamaica,GUY,JAM,39.0,58.0,76.0,96.0,68.0,72.0,75.0
Guyana,Saint Lucia,GUY,LCA,120.0,116.0,111.0,94.0,46.0,48.0,50.0
Guyana,Saint Vincent and the Grenadines,GUY,VCT,48.0,71.0,93.0,117.0,84.0,88.0,92.0
Guyana,Trinidad and Tobago,GUY,TTO,86.0,141.0,195.0,265.0,199.0,210.0,220.0
Guyana,Brazil,GUY,BRA,193.0,309.0,425.0,568.0,424.0,448.0,469.0
Guyana,Suriname,GUY,SUR,522.0,849.0,1176.0,1568.0,1172.0,1240.0,1300.0
Guyana,Venezuela (Bolivarian Republic of),GUY,VEN,239.0,379.0,518.0,691.0,516.0,546.0,13197.0
Guyana,Canada,GUY,CAN,45.0,71.0,97.0,130.0,96.0,101.0,105.0
Guyana,United States of America*,GUY,USA,131.0,211.0,290.0,387.0,289.0,306.0,320.0
Paraguay,China,PRY,CHN,864.0,625.0,388.0,369.0,352.0,344.0,370.0
Paraguay,Japan,PRY,JPN,1224.0,1144.0,1068.0,1017.0,971.0,948.0,1023.0
Paraguay,Republic of Korea,PRY,KOR,2542.0,1952.0,1367.0,1302.0,1243.0,1214.0,1311.0
Paraguay,Poland,PRY,POL,344.0,402.0,462.0,440.0,420.0,410.0,441.0
Paraguay,United Kingdom*,PRY,GBR,67.0,78.0,90.0,85.0,81.0,79.0,85.0
Paraguay,Italy,PRY,ITA,284.0,332.0,381.0,362.0,345.0,337.0,362.0
Paraguay,Spain*,PRY,ESP,475.0,446.0,420.0,400.0,381.0,372.0,401.0
Paraguay,France*,PRY,FRA,205.0,239.0,274.0,261.0,249.0,243.0,262.0
Paraguay,Germany,PRY,DEU,898.0,842.0,790.0,752.0,718.0,701.0,756.0
Paraguay,Mexico,PRY,MEX,1547.0,1221.0,900.0,857.0,818.0,799.0,862.0
Paraguay,Argentina,PRY,ARG,25381.0,28615.0,31921.0,30406.0,29031.0,28371.0,30671.0
Paraguay,Bolivia (Plurinational State of),PRY,BOL,389.0,468.0,550.0,523.0,499.0,487.0,525.0
Paraguay,Brazil,PRY,BRA,51989.0,45708.0,39542.0,37666.0,35963.0,35146.0,38004.0
Paraguay,Chile,PRY,CHL,1094.0,1036.0,981.0,934.0,891.0,870.0,939.0
Paraguay,Uruguay,PRY,URY,1453.0,1434.0,1420.0,1352.0,1290.0,1260.0,1361.0
Paraguay,Canada,PRY,CAN,729.0,820.0,914.0,870.0,830.0,811.0,876.0
Paraguay,United States of America*,PRY,USA,745.0,785.0,827.0,787.0,751.0,733.0,791.0
Peru,South Africa,PER,ZAF,32.0,37.0,43.0,51.0,70.0,100.0,141.0
Peru,China,PER,CHN,1369.0,1473.0,1591.0,1655.0,1715.0,1804.0,1896.0
Peru,Japan,PER,JPN,764.0,963.0,1175.0,1394.0,1612.0,1844.0,2142.0
Peru,Republic of Korea,PER,KOR,211.0,230.0,248.0,265.0,282.0,298.0,322.0
Peru,India,PER,IND,4.0,4.0,31.0,60.0,86.0,115.0,152.0
Peru,Philippines,PER,PHL,46.0,41.0,36.0,75.0,112.0,133.0,156.0
Peru,Viet Nam,PER,VNM,11.0,11.0,11.0,10.0,6.0,13.0,11.0
Peru,Israel,PER,ISR,279.0,256.0,228.0,198.0,158.0,124.0,97.0
Peru,State of Palestine,PER,PSE,25.0,32.0,34.0,46.0,62.0,97.0,139.0
Peru,Türkiye,PER,TUR,5.0,5.0,5.0,8.0,25.0,47.0,122.0
Peru,Poland,PER,POL,38.0,51.0,68.0,84.0,101.0,119.0,143.0
Peru,Romania,PER,ROU,44.0,57.0,70.0,84.0,97.0,110.0,126.0
Peru,Russian Federation,PER,RUS,163.0,237.0,280.0,342.0,407.0,479.0,565.0
Peru,Ukraine*,PER,UKR,20.0,55.0,93.0,128.0,160.0,196.0,238.0
Peru,Denmark*,PER,DNK,235.0,192.0,152.0,115.0,77.0,46.0,24.0
Peru,Ireland,PER,IRL,200.0,166.0,135.0,108.0,81.0,60.0,44.0
Peru,Sweden,PER,SWE,180.0,162.0,145.0,128.0,112.0,97.0,87.0
Peru,United Kingdom*,PER,GBR,256.0,376.0,493.0,636.0,683.0,603.0,534.0
Peru,Italy,PER,ITA,1133.0,1197.0,1261.0,1323.0,1554.0,1988.0,2451.0
Peru,Portugal,PER,PRT,5.0,5.0,0.0,26.0,53.0,77.0,109.0
Peru,Serbia*,PER,SRB,84.0,128.0,127.0,110.0,95.0,65.0,23.0
Peru,Spain*,PER,ESP,1547.0,1718.0,1887.0,2067.0,2605.0,3528.0,4454.0
Peru,Austria,PER,AUT,125.0,114.0,101.0,88.0,73.0,58.0,47.0
Peru,Belgium,PER,BEL,381.0,346.0,312.0,280.0,249.0,220.0,202.0
Peru,France*,PER,FRA,442.0,586.0,715.0,876.0,939.0,896.0,853.0
Peru,Germany,PER,DEU,801.0,937.0,1062.0,1213.0,1213.0,1079.0,951.0
Peru,Netherlands*,PER,NLD,430.0,383.0,338.0,296.0,257.0,220.0,194.0
Peru,Switzerland,PER,CHE,238.0,264.0,293.0,316.0,312.0,281.0,253.0
Peru,Cuba,PER,CUB,5.0,225.0,346.0,539.0,763.0,839.0,2508.0
Peru,Dominican Republic,PER,DOM,5.0,5.0,6.0,7.0,141.0,404.0,799.0
Peru,Haiti,PER,HTI,12.0,18.0,23.0,27.0,35.0,69.0,109.0
Peru,Puerto Rico*,PER,PRI,7.0,7.0,7.0,42.0,86.0,135.0,189.0
Peru,Saint Kitts and Nevis,PER,KNA,11.0,11.0,11.0,12.0,41.0,180.0,349.0
Peru,Costa Rica,PER,CRI,8.0,29.0,80.0,134.0,183.0,237.0,305.0
Peru,El Salvador,PER,SLV,6.0,6.0,6.0,17.0,76.0,162.0,268.0
Peru,Guatemala,PER,GTM,7.0,7.0,18.0,58.0,91.0,124.0,159.0
Peru,Honduras,PER,HND,6.0,4.0,37.0,76.0,112.0,151.0,204.0
Peru,Mexico,PER,MEX,339.0,445.0,539.0,654.0,874.0,1270.0,1706.0
Peru,Nicaragua,PER,NIC,9.0,23.0,49.0,76.0,98.0,120.0,150.0
Peru,Panama,PER,PAN,158.0,158.0,157.0,158.0,181.0,223.0,280.0
Peru,Argentina,PER,ARG,92.0,877.0,2629.0,4379.0,5940.0,7602.0,9531.0
Peru,Bolivia (Plurinational State of),PER,BOL,7.0,7.0,8.0,1542.0,3720.0,5995.0,8712.0
Peru,Brazil,PER,BRA,498.0,1029.0,1606.0,2178.0,2710.0,3275.0,3958.0
Peru,Chile,PER,CHL,2748.0,2987.0,3158.0,3363.0,4184.0,5949.0,7806.0
Peru,Colombia,PER,COL,6.0,6.0,11.0,1715.0,3948.0,6286.0,9723.0
Peru,Ecuador,PER,ECU,898.0,1229.0,1514.0,1871.0,2475.0,3460.0,4620.0
Peru,Paraguay,PER,PRY,6.0,6.0,7.0,149.0,355.0,591.0,879.0
Peru,Uruguay,PER,URY,173.0,192.0,209.0,229.0,278.0,363.0,460.0
Peru,Venezuela (Bolivarian Republic of),PER,VEN,580.0,824.0,1062.0,1347.0,3193.0,12394.0,552799.0
Peru,Canada,PER,CAN,788.0,714.0,643.0,576.0,510.0,450.0,410.0
Peru,United States of America*,PER,USA,2456.0,2940.0,3369.0,3893.0,4355.0,4700.0,5055.0
Peru,Australia*,PER,AUS,326.0,300.0,274.0,248.0,221.0,195.0,178.0
Suriname,China,SUR,CHN,946.0,1164.0,1438.0,1746.0,2058.0,2232.0,2453.0
Suriname,Netherlands*,SUR,NLD,604.0,743.0,918.0,1115.0,1314.0,1425.0,1566.0
Suriname,Brazil,SUR,BRA,967.0,1190.0,1469.0,1785.0,2103.0,2280.0,2505.0
Suriname,Guyana,SUR,GUY,2354.0,2897.0,3578.0,4347.0,5121.0,5554.0,6105.0
Uruguay,Poland,URY,POL,2200.0,1373.0,737.0,682.0,637.0,658.0,765.0
Uruguay,Romania,URY,ROU,391.0,375.0,360.0,333.0,311.0,321.0,372.0
Uruguay,United Kingdom*,URY,GBR,272.0,283.0,295.0,273.0,255.0,263.0,306.0
Uruguay,Italy,URY,ITA,9729.0,7873.0,6053.0,3682.0,3233.0,3340.0,3890.0
Uruguay,Portugal,URY,PRT,864.0,512.0,304.0,281.0,262.0,270.0,314.0
Uruguay,Spain*,URY,ESP,17867.0,15689.0,13170.0,10219.0,8594.0,8879.0,10344.0
Uruguay,France*,URY,FRA,453.0,437.0,423.0,255.0,238.0,245.0,285.0
Uruguay,Germany,URY,DEU,1341.0,1204.0,845.0,782.0,731.0,755.0,878.0
Uruguay,Mexico,URY,MEX,360.0,346.0,333.0,308.0,288.0,297.0,345.0
Uruguay,Argentina,URY,ARG,8901.0,10678.0,12102.0,14501.0,15076.0,15576.0,18166.0
Uruguay,Brazil,URY,BRA,3189.0,4704.0,6823.0,7662.0,7166.0,7404.0,8625.0
Uruguay,Chile,URY,CHL,602.0,674.0,756.0,699.0,653.0,674.0,784.0
Uruguay,Paraguay,URY,PRY,210.0,406.0,785.0,726.0,679.0,701.0,816.0
Uruguay,Peru,URY,PER,276.0,95.0,33.0,30.0,28.0,28.0,31.0
Uruguay,Venezuela (Bolivarian Republic of),URY,VEN,365.0,350.0,337.0,311.0,290.0,299.0,7397.0
Uruguay,Canada,URY,CAN,247.0,242.0,238.0,219.0,204.0,210.0,244.0
Uruguay,United States of America*,URY,USA,676.0,474.0,333.0,307.0,287.0,296.0,343.0
Venezuela (Bolivarian Republic of),Eritrea,VEN,ERI,12.0,11.0,11.0,11.0,12.0,13.0,11.0
Venezuela (Bolivarian Republic of),Ethiopia,VEN,ETH,10.0,10.0,10.0,10.0,11.0,12.0,10.0
Venezuela (Bolivarian Republic of),Mozambique,VEN,MOZ,24.0,23.0,23.0,24.0,26.0,28.0,26.0
Venezuela (Bolivarian Republic of),Zimbabwe,VEN,ZWE,6.0,6.0,6.0,6.0,7.0,7.0,5.0
Venezuela (Bolivarian Republic of),Angola,VEN,AGO,78.0,76.0,75.0,78.0,83.0,89.0,84.0
Venezuela (Bolivarian Republic of),Algeria,VEN,DZA,44.0,43.0,43.0,45.0,47.0,50.0,47.0
Venezuela (Bolivarian Republic of),Egypt,VEN,EGY,218.0,167.0,127.0,106.0,90.0,85.0,80.0
Venezuela (Bolivarian Republic of),Libya,VEN,LBY,47.0,39.0,33.0,40.0,49.0,52.0,49.0
Venezuela (Bolivarian Republic of),Morocco,VEN,MAR,724.0,615.0,519.0,490.0,468.0,474.0,453.0
Venezuela (Bolivarian Republic of),Tunisia,VEN,TUN,7.0,7.0,7.0,7.0,8.0,8.0,6.0
Venezuela (Bolivarian Republic of),South Africa,VEN,ZAF,36.0,32.0,29.0,31.0,35.0,36.0,33.0
Venezuela (Bolivarian Republic of),Ghana,VEN,GHA,5.0,5.0,5.0,5.0,6.0,6.0,4.0
Venezuela (Bolivarian Republic of),Nigeria,VEN,NGA,20.0,19.0,19.0,19.0,22.0,24.0,22.0
Venezuela (Bolivarian Republic of),Senegal,VEN,SEN,7.0,7.0,7.0,7.0,8.0,8.0,6.0
Venezuela (Bolivarian Republic of),China,VEN,CHN,2690.0,3494.0,4505.0,4884.0,5344.0,5841.0,5593.0
Venezuela (Bolivarian Republic of),"China, Hong Kong SAR",VEN,HKG,211.0,208.0,204.0,214.0,226.0,241.0,230.0
Venezuela (Bolivarian Republic of),Dem. People's Republic of Korea,VEN,PRK,21.0,20.0,20.0,20.0,22.0,24.0,22.0
Venezuela (Bolivarian Republic of),Japan,VEN,JPN,311.0,242.0,188.0,168.0,151.0,147.0,139.0
Venezuela (Bolivarian Republic of),Republic of Korea,VEN,KOR,103.0,101.0,99.0,103.0,110.0,117.0,111.0
Venezuela (Bolivarian Republic of),India,VEN,IND,107.0,105.0,103.0,108.0,115.0,122.0,116.0
Venezuela (Bolivarian Republic of),Iran (Islamic Republic of),VEN,IRN,79.0,55.0,38.0,37.0,37.0,34.0,31.0
Venezuela (Bolivarian Republic of),Pakistan,VEN,PAK,2.0,2.0,2.0,2.0,2.0,2.0,0.0
Venezuela (Bolivarian Republic of),Indonesia,VEN,IDN,30.0,29.0,29.0,30.0,32.0,35.0,32.0
Venezuela (Bolivarian Republic of),Malaysia,VEN,MYS,15.0,14.0,14.0,14.0,16.0,17.0,15.0
Venezuela (Bolivarian Republic of),Philippines,VEN,PHL,83.0,81.0,80.0,83.0,89.0,95.0,90.0
Venezuela (Bolivarian Republic of),Singapore,VEN,SGP,8.0,8.0,8.0,8.0,9.0,10.0,8.0
Venezuela (Bolivarian Republic of),Thailand,VEN,THA,29.0,28.0,28.0,29.0,31.0,34.0,31.0
Venezuela (Bolivarian Republic of),Viet Nam,VEN,VNM,6.0,6.0,6.0,6.0,7.0,7.0,5.0
Venezuela (Bolivarian Republic of),Armenia,VEN,ARM,14.0,13.0,13.0,13.0,15.0,16.0,14.0
Venezuela (Bolivarian Republic of),Cyprus,VEN,CYP,7.0,7.0,7.0,7.0,8.0,8.0,6.0
Venezuela (Bolivarian Republic of),Georgia,VEN,GEO,8.0,8.0,8.0,8.0,9.0,10.0,8.0
Venezuela (Bolivarian Republic of),Iraq,VEN,IRQ,21.0,20.0,20.0,20.0,22.0,24.0,22.0
Venezuela (Bolivarian Republic of),Israel,VEN,ISR,421.0,319.0,241.0,217.0,197.0,192.0,182.0
Venezuela (Bolivarian Republic of),Jordan,VEN,JOR,190.0,137.0,99.0,91.0,85.0,81.0,76.0
Venezuela (Bolivarian Republic of),Kuwait,VEN,KWT,26.0,25.0,25.0,26.0,28.0,30.0,28.0
Venezuela (Bolivarian Republic of),Lebanon,VEN,LBN,2932.0,2871.0,2790.0,2770.0,2776.0,2920.0,2795.0
Venezuela (Bolivarian Republic of),Saudi Arabia,VEN,SAU,277.0,331.0,394.0,426.0,466.0,506.0,483.0
Venezuela (Bolivarian Republic of),State of Palestine,VEN,PSE,150.0,148.0,145.0,152.0,161.0,171.0,162.0
Venezuela (Bolivarian Republic of),Syrian Arab Republic,VEN,SYR,5382.0,5315.0,5208.0,5468.0,5793.0,6152.0,5891.0
Venezuela (Bolivarian Republic of),Türkiye,VEN,TUR,47.0,46.0,46.0,48.0,50.0,54.0,51.0
Venezuela (Bolivarian Republic of),Bulgaria,VEN,BGR,46.0,45.0,45.0,47.0,49.0,53.0,50.0
Venezuela (Bolivarian Republic of),Czechia,VEN,CZE,166.0,163.0,160.0,167.0,178.0,189.0,179.0
Venezuela (Bolivarian Republic of),Hungary,VEN,HUN,450.0,444.0,435.0,456.0,484.0,514.0,491.0
Venezuela (Bolivarian Republic of),Poland,VEN,POL,450.0,444.0,436.0,457.0,485.0,515.0,492.0
Venezuela (Bolivarian Republic of),Romania,VEN,ROU,420.0,415.0,407.0,427.0,452.0,480.0,459.0
Venezuela (Bolivarian Republic of),Russian Federation,VEN,RUS,340.0,335.0,329.0,345.0,365.0,388.0,370.0
Venezuela (Bolivarian Republic of),Slovakia,VEN,SVK,14.0,13.0,13.0,13.0,15.0,16.0,14.0
Venezuela (Bolivarian Republic of),Ukraine*,VEN,UKR,110.0,108.0,107.0,112.0,118.0,126.0,119.0
Venezuela (Bolivarian Republic of),Denmark*,VEN,DNK,46.0,45.0,45.0,47.0,49.0,53.0,50.0
Venezuela (Bolivarian Republic of),Estonia,VEN,EST,32.0,31.0,31.0,32.0,35.0,37.0,34.0
Venezuela (Bolivarian Republic of),Finland*,VEN,FIN,37.0,36.0,36.0,37.0,39.0,42.0,39.0
Venezuela (Bolivarian Republic of),Ireland,VEN,IRL,23.0,22.0,22.0,23.0,25.0,26.0,24.0
Venezuela (Bolivarian Republic of),Latvia,VEN,LVA,63.0,62.0,61.0,64.0,67.0,72.0,67.0
Venezuela (Bolivarian Republic of),Lithuania,VEN,LTU,69.0,68.0,67.0,70.0,74.0,79.0,74.0
Venezuela (Bolivarian Republic of),Norway*,VEN,NOR,37.0,36.0,36.0,37.0,39.0,42.0,39.0
Venezuela (Bolivarian Republic of),Sweden,VEN,SWE,112.0,83.0,62.0,58.0,56.0,55.0,52.0
Venezuela (Bolivarian Republic of),United Kingdom*,VEN,GBR,892.0,810.0,730.0,771.0,823.0,864.0,827.0
Venezuela (Bolivarian Republic of),Albania,VEN,ALB,8.0,8.0,8.0,8.0,9.0,10.0,8.0
Venezuela (Bolivarian Republic of),Bosnia and Herzegovina,VEN,BIH,9.0,9.0,9.0,9.0,10.0,11.0,9.0
Venezuela (Bolivarian Republic of),Croatia,VEN,HRV,154.0,152.0,149.0,156.0,165.0,176.0,167.0
Venezuela (Bolivarian Republic of),Greece,VEN,GRC,394.0,333.0,280.0,270.0,262.0,267.0,254.0
Venezuela (Bolivarian Republic of),Italy,VEN,ITA,23955.0,21722.0,19539.0,18905.0,18458.0,19097.0,18288.0
Venezuela (Bolivarian Republic of),Montenegro,VEN,MNE,124.0,122.0,120.0,125.0,133.0,141.0,133.0
Venezuela (Bolivarian Republic of),Portugal,VEN,PRT,29714.0,26108.0,22754.0,22381.0,22215.0,22919.0,21950.0
Venezuela (Bolivarian Republic of),Serbia*,VEN,SRB,374.0,369.0,364.0,382.0,404.0,430.0,411.0
Venezuela (Bolivarian Republic of),Slovenia,VEN,SVN,41.0,40.0,40.0,41.0,44.0,47.0,44.0
Venezuela (Bolivarian Republic of),Spain*,VEN,ESP,50038.0,43017.0,36680.0,35081.0,33878.0,34603.0,33139.0
Venezuela (Bolivarian Republic of),Austria,VEN,AUT,509.0,451.0,398.0,398.0,403.0,418.0,399.0
Venezuela (Bolivarian Republic of),Belgium,VEN,BEL,239.0,209.0,183.0,181.0,181.0,185.0,176.0
Venezuela (Bolivarian Republic of),France*,VEN,FRA,2274.0,1986.0,1722.0,1750.0,1796.0,1861.0,1781.0
Venezuela (Bolivarian Republic of),Germany,VEN,DEU,2276.0,2039.0,1813.0,1847.0,1900.0,1979.0,1894.0
Venezuela (Bolivarian Republic of),Netherlands*,VEN,NLD,264.0,246.0,228.0,246.0,269.0,283.0,270.0
Venezuela (Bolivarian Republic of),Switzerland,VEN,CHE,333.0,285.0,242.0,245.0,251.0,259.0,247.0
Venezuela (Bolivarian Republic of),Aruba*,VEN,ABW,251.0,247.0,242.0,254.0,270.0,286.0,273.0
Venezuela (Bolivarian Republic of),Barbados,VEN,BRB,125.0,73.0,43.0,21.0,11.0,2.0,0.0
Venezuela (Bolivarian Republic of),"Bonaire, Sint Eustatius and Saba*",VEN,BES,23.0,23.0,23.0,24.0,25.0,27.0,25.0
Venezuela (Bolivarian Republic of),Cuba,VEN,CUB,5685.0,5137.0,4737.0,5026.0,5379.0,5695.0,5453.0
Venezuela (Bolivarian Republic of),Curaçao*,VEN,CUW,335.0,330.0,324.0,340.0,360.0,382.0,366.0
Venezuela (Bolivarian Republic of),Dominica,VEN,DMA,114.0,18.0,3.0,1.0,1.0,0.0,0.0
Venezuela (Bolivarian Republic of),Dominican Republic,VEN,DOM,11369.0,9967.0,8668.0,8766.0,8946.0,9273.0,8880.0
Venezuela (Bolivarian Republic of),Grenada,VEN,GRD,295.0,222.0,167.0,139.0,118.0,110.0,104.0
Venezuela (Bolivarian Republic of),Haiti,VEN,HTI,878.0,789.0,726.0,754.0,790.0,831.0,794.0
Venezuela (Bolivarian Republic of),Jamaica,VEN,JAM,126.0,92.0,67.0,61.0,56.0,54.0,51.0
Venezuela (Bolivarian Republic of),Martinique*,VEN,MTQ,25.0,24.0,24.0,25.0,27.0,29.0,27.0
Venezuela (Bolivarian Republic of),Puerto Rico*,VEN,PRI,494.0,374.0,281.0,255.0,234.0,228.0,217.0
Venezuela (Bolivarian Republic of),Saint Lucia,VEN,LCA,32.0,21.0,14.0,7.0,4.0,2.0,0.0
Venezuela (Bolivarian Republic of),Saint Vincent and the Grenadines,VEN,VCT,42.0,41.0,41.0,43.0,45.0,48.0,45.0
Venezuela (Bolivarian Republic of),Sint Maarten (Dutch part)*,VEN,SXM,119.0,118.0,115.0,121.0,128.0,136.0,129.0
Venezuela (Bolivarian Republic of),Trinidad and Tobago,VEN,TTO,1901.0,1670.0,1456.0,1444.0,1446.0,1494.0,1428.0
Venezuela (Bolivarian Republic of),Belize,VEN,BLZ,8.0,8.0,8.0,8.0,9.0,10.0,8.0
Venezuela (Bolivarian Republic of),Costa Rica,VEN,CRI,946.0,813.0,694.0,660.0,635.0,647.0,619.0
Venezuela (Bolivarian Republic of),El Salvador,VEN,SLV,572.0,540.0,506.0,524.0,548.0,576.0,550.0
Venezuela (Bolivarian Republic of),Guatemala,VEN,GTM,311.0,265.0,225.0,224.0,225.0,231.0,220.0
Venezuela (Bolivarian Republic of),Honduras,VEN,HND,244.0,216.0,191.0,175.0,162.0,164.0,155.0
Venezuela (Bolivarian Republic of),Mexico,VEN,MEX,1602.0,1634.0,1654.0,1814.0,2007.0,2150.0,2058.0
Venezuela (Bolivarian Republic of),Nicaragua,VEN,NIC,1372.0,1199.0,1067.0,1071.0,1085.0,1130.0,1081.0
Venezuela (Bolivarian Republic of),Panama,VEN,PAN,783.0,632.0,507.0,486.0,470.0,473.0,452.0
Venezuela (Bolivarian Republic of),Argentina,VEN,ARG,4514.0,4329.0,4119.0,4300.0,4530.0,4786.0,4583.0
Venezuela (Bolivarian Republic of),Bolivia (Plurinational State of),VEN,BOL,1063.0,969.0,877.0,888.0,909.0,949.0,907.0
Venezuela (Bolivarian Republic of),Brazil,VEN,BRA,2193.0,2322.0,2440.0,2638.0,2878.0,3090.0,2958.0
Venezuela (Bolivarian Republic of),Chile,VEN,CHL,10598.0,8933.0,7550.0,7339.0,7200.0,7369.0,7056.0
Venezuela (Bolivarian Republic of),Colombia,VEN,COL,295840.0,310277.0,322828.0,354187.0,482798.0,503720.0,482502.0
Venezuela (Bolivarian Republic of),Ecuador,VEN,ECU,12419.0,13714.0,15022.0,16145.0,17512.0,18878.0,18079.0
Venezuela (Bolivarian Republic of),French Guiana*,VEN,GUF,15.0,14.0,14.0,14.0,16.0,17.0,15.0
Venezuela (Bolivarian Republic of),Guyana,VEN,GUY,2321.0,2884.0,3557.0,3884.0,4280.0,4666.0,4467.0
Venezuela (Bolivarian Republic of),Paraguay,VEN,PRY,184.0,152.0,126.0,117.0,110.0,110.0,104.0
Venezuela (Bolivarian Republic of),Peru,VEN,PER,12966.0,14552.0,16203.0,17581.0,19253.0,20801.0,19921.0
Venezuela (Bolivarian Republic of),Suriname,VEN,SUR,57.0,42.0,32.0,28.0,25.0,23.0,21.0
Venezuela (Bolivarian Republic of),Uruguay,VEN,URY,2845.0,2508.0,2194.0,2184.0,2194.0,2269.0,2172.0
Venezuela (Bolivarian Republic of),Canada,VEN,CAN,464.0,455.0,444.0,474.0,510.0,543.0,519.0
Venezuela (Bolivarian Republic of),United States of America*,VEN,USA,5748.0,5335.0,4913.0,5100.0,5343.0,5615.0,5376.0
Venezuela (Bolivarian Republic of),Australia*,VEN,AUS,63.0,62.0,61.0,64.0,67.0,72.0,67.0
Venezuela (Bolivarian Republic of),New Zealand*,VEN,NZL,8.0,8.0,8.0,8.0,9.0,10.0,8.0
Bermuda*,South Africa,BMU,ZAF,13.0,22.0,26.0,55.0,96.0,108.0,120.0
Bermuda*,Ghana,BMU,GHA,7.0,14.0,18.0,14.0,10.0,10.0,8.0
Bermuda*,Nigeria,BMU,NGA,7.0,13.0,17.0,16.0,13.0,13.0,11.0
Bermuda*,China,BMU,CHN,29.0,45.0,54.0,49.0,26.0,46.0,31.0
Bermuda*,Japan,BMU,JPN,31.0,113.0,168.0,91.0,19.0,21.0,18.0
Bermuda*,India,BMU,IND,65.0,93.0,106.0,111.0,105.0,98.0,161.0
Bermuda*,Pakistan,BMU,PAK,5.0,8.0,9.0,8.0,7.0,11.0,12.0
Bermuda*,Malaysia,BMU,MYS,4.0,7.0,9.0,16.0,26.0,17.0,22.0
Bermuda*,Philippines,BMU,PHL,44.0,82.0,200.0,392.0,603.0,673.0,953.0
Bermuda*,Israel,BMU,ISR,5.0,16.0,23.0,17.0,11.0,8.0,6.0
Bermuda*,Türkiye,BMU,TUR,11.0,6.0,0.0,2.0,1.0,2.0,1.0
Bermuda*,Poland,BMU,POL,11.0,17.0,19.0,19.0,18.0,18.0,24.0
Bermuda*,Romania,BMU,ROU,6.0,3.0,0.0,12.0,39.0,50.0,54.0
Bermuda*,Denmark*,BMU,DNK,8.0,10.0,10.0,12.0,14.0,10.0,9.0
Bermuda*,Ireland,BMU,IRL,29.0,31.0,29.0,72.0,135.0,147.0,171.0
Bermuda*,United Kingdom*,BMU,GBR,2025.0,2044.0,2188.0,2105.0,2047.0,2053.0,1972.0
Bermuda*,Greece,BMU,GRC,37.0,37.0,32.0,28.0,4.0,3.0,1.0
Bermuda*,Italy,BMU,ITA,25.0,27.0,22.0,24.0,25.0,23.0,20.0
Bermuda*,Portugal,BMU,PRT,1343.0,1489.0,753.0,710.0,680.0,678.0,706.0
Bermuda*,Spain*,BMU,ESP,29.0,29.0,26.0,28.0,17.0,20.0,14.0
Bermuda*,Austria,BMU,AUT,18.0,15.0,10.0,10.0,9.0,12.0,15.0
Bermuda*,Belgium,BMU,BEL,10.0,8.0,5.0,9.0,13.0,6.0,3.0
Bermuda*,France*,BMU,FRA,36.0,44.0,46.0,42.0,38.0,51.0,46.0
Bermuda*,Germany,BMU,DEU,109.0,106.0,75.0,82.0,92.0,88.0,82.0
Bermuda*,Switzerland,BMU,CHE,41.0,47.0,46.0,38.0,28.0,28.0,24.0
Bermuda*,Cuba,BMU,CUB,6.0,8.0,9.0,14.0,20.0,17.0,16.0
Bermuda*,Dominican Republic,BMU,DOM,4.0,5.0,5.0,33.0,79.0,103.0,158.0
Bermuda*,Haiti,BMU,HTI,362.0,450.0,473.0,315.0,7.0,5.0,2.0
Bermuda*,Jamaica,BMU,JAM,218.0,249.0,552.0,631.0,722.0,813.0,868.0
Bermuda*,Trinidad and Tobago,BMU,TTO,16.0,20.0,78.0,94.0,114.0,103.0,102.0
Bermuda*,Turks and Caicos Islands*,BMU,TCA,85.0,73.0,52.0,28.0,2.0,0.0,0.0
Bermuda*,Guyana,BMU,GUY,23.0,30.0,32.0,43.0,56.0,56.0,55.0
Bermuda*,Canada,BMU,CAN,1311.0,1289.0,1239.0,1249.0,1275.0,1233.0,1142.0
Bermuda*,United States of America*,BMU,USA,1809.0,1770.0,1733.0,1841.0,1990.0,2073.0,2080.0
Bermuda*,Australia*,BMU,AUS,18.0,21.0,21.0,35.0,51.0,66.0,86.0
Canada,Burundi,CAN,BDI,169.0,401.0,936.0,1863.0,3205.0,4445.0,6464.0
Canada,Eritrea,CAN,ERI,1210.0,1650.0,2208.0,3002.0,3873.0,6819.0,13360.0
Canada,Ethiopia,CAN,ETH,4323.0,5117.0,6476.0,9476.0,12646.0,16670.0,20893.0
Canada,Kenya,CAN,KEN,8219.0,9073.0,10140.0,11674.0,13406.0,14976.0,15445.0
Canada,Mauritius,CAN,MUS,2601.0,2908.0,3246.0,4603.0,6534.0,8145.0,8920.0
Canada,Rwanda,CAN,RWA,119.0,381.0,976.0,1761.0,2795.0,3355.0,4115.0
Canada,Somalia,CAN,SOM,1891.0,4041.0,9262.0,10794.0,12514.0,15110.0,17473.0
Canada,Uganda,CAN,UGA,4377.0,4765.0,5135.0,5505.0,6340.0,6942.0,7846.0
Canada,United Republic of Tanzania,CAN,TZA,9002.0,9362.0,9874.0,10178.0,9958.0,10866.0,10969.0
Canada,Zimbabwe,CAN,ZWE,1058.0,1308.0,1610.0,3152.0,4846.0,5849.0,6275.0
Canada,Cameroon,CAN,CMR,102.0,293.0,712.0,1268.0,3565.0,8878.0,13908.0
Canada,Democratic Republic of the Congo,CAN,COD,564.0,1430.0,3503.0,6811.0,9936.0,13685.0,16768.0
Canada,Algeria,CAN,DZA,1209.0,3041.0,7183.0,13497.0,22457.0,30319.0,37236.0
Canada,Egypt,CAN,EGY,12602.0,14378.0,16447.0,18805.0,23060.0,30181.0,34397.0
Canada,Libya,CAN,LBY,191.0,363.0,695.0,1092.0,2320.0,3827.0,3819.0
Canada,Morocco,CAN,MAR,7398.0,9210.0,11186.0,17064.0,25904.0,33553.0,39775.0
Canada,Sudan,CAN,SDN,415.0,1100.0,2358.0,5157.0,6319.0,5490.0,7316.0
Canada,Tunisia,CAN,TUN,766.0,1139.0,1595.0,2564.0,4069.0,7647.0,10424.0
Canada,South Africa,CAN,ZAF,11891.0,14282.0,17273.0,19238.0,21484.0,23706.0,25532.0
Canada,Côte d'Ivoire,CAN,CIV,135.0,235.0,439.0,955.0,2432.0,5482.0,8704.0
Canada,Ghana,CAN,GHA,2583.0,4215.0,7186.0,9181.0,10724.0,11858.0,12615.0
Canada,Guinea,CAN,GIN,60.0,142.0,377.0,990.0,1801.0,2644.0,3065.0
Canada,Nigeria,CAN,NGA,1006.0,1848.0,3557.0,6314.0,13204.0,22979.0,36698.0
Canada,Senegal,CAN,SEN,162.0,297.0,546.0,915.0,2208.0,3621.0,4604.0
Canada,Kazakhstan,CAN,KAZ,2894.0,2358.0,1821.0,3239.0,4815.0,6732.0,7587.0
Canada,Uzbekistan,CAN,UZB,1492.0,1102.0,796.0,1378.0,2270.0,3336.0,3791.0
Canada,China,CAN,CHN,74946.0,116933.0,195056.0,245626.0,336300.0,402791.0,400503.0
Canada,"China, Hong Kong SAR",CAN,HKG,71913.0,119657.0,122673.0,113799.0,110812.0,113637.0,113450.0
Canada,"China, Macao SAR",CAN,MAC,2075.0,2656.0,3518.0,3335.0,3006.0,3280.0,3065.0
Canada,"China, Taiwan Province of China",CAN,TWN,7473.0,23694.0,29486.0,34413.0,35791.0,35662.0,36485.0
Canada,Japan,CAN,JPN,6897.0,8493.0,10829.0,14333.0,21039.0,24807.0,22801.0
Canada,Republic of Korea,CAN,KOR,15804.0,23596.0,34558.0,48278.0,67370.0,79160.0,76170.0
Canada,Afghanistan,CAN,AFG,1993.0,4355.0,9351.0,16948.0,20325.0,25636.0,30593.0
Canada,Bangladesh,CAN,BGD,1456.0,3696.0,8990.0,15369.0,21400.0,28469.0,33589.0
Canada,Bhutan,CAN,BTN,0.0,4.0,16.0,38.0,969.0,2129.0,2071.0
Canada,India,CAN,IND,79677.0,113181.0,149333.0,209634.0,273969.0,342457.0,430927.0
Canada,Iran (Islamic Republic of),CAN,IRN,11641.0,18632.0,30617.0,42674.0,58001.0,76041.0,88487.0
Canada,Nepal,CAN,NPL,43.0,140.0,340.0,1452.0,3753.0,6770.0,9143.0
Canada,Pakistan,CAN,PAK,10571.0,19577.0,34073.0,61238.0,75873.0,97665.0,113365.0
Canada,Sri Lanka,CAN,LKA,9821.0,19533.0,38269.0,51424.0,65427.0,68216.0,69619.0
Canada,Brunei Darussalam,CAN,BRN,2031.0,2045.0,2033.0,2038.0,1942.0,2154.0,2185.0
Canada,Cambodia,CAN,KHM,9029.0,9312.0,9543.0,10674.0,12621.0,12834.0,12609.0
Canada,Indonesia,CAN,IDN,3710.0,4247.0,4961.0,6363.0,7522.0,8627.0,9091.0
Canada,Lao People's Democratic Republic,CAN,LAO,6870.0,6873.0,6969.0,7191.0,7345.0,7416.0,7139.0
Canada,Malaysia,CAN,MYS,8097.0,9351.0,11094.0,11864.0,12825.0,13772.0,13671.0
Canada,Myanmar,CAN,MMR,1169.0,1459.0,1826.0,2320.0,3896.0,4264.0,4633.0
Canada,Philippines,CAN,PHL,67629.0,107227.0,134460.0,170346.0,274236.0,354674.0,404820.0
Canada,Singapore,CAN,SGP,3161.0,3824.0,4685.0,5372.0,6277.0,7155.0,6884.0
Canada,Thailand,CAN,THA,3103.0,3847.0,4666.0,5630.0,8346.0,10829.0,11339.0
Canada,Viet Nam,CAN,VNM,52205.0,68134.0,74653.0,82918.0,87937.0,93867.0,98467.0
Canada,Armenia,CAN,ARM,1090.0,1022.0,965.0,1204.0,1858.0,2202.0,2768.0
Canada,Azerbaijan,CAN,AZE,1064.0,713.0,413.0,1128.0,1455.0,2114.0,2747.0
Canada,Cyprus,CAN,CYP,2020.0,2087.0,2132.0,1985.0,1910.0,2038.0,2079.0
Canada,Iraq,CAN,IRQ,2470.0,5053.0,10226.0,15237.0,23032.0,32811.0,40185.0
Canada,Israel,CAN,ISR,7801.0,7680.0,7547.0,9838.0,11648.0,13765.0,13731.0
Canada,Jordan,CAN,JOR,819.0,1277.0,1991.0,3484.0,4371.0,6304.0,7983.0
Canada,Kuwait,CAN,KWT,973.0,1967.0,3849.0,4545.0,6206.0,7542.0,8197.0
Canada,Lebanon,CAN,LBN,23352.0,26330.0,30426.0,35014.0,38126.0,42139.0,44585.0
Canada,Saudi Arabia,CAN,SAU,625.0,1572.0,3519.0,5330.0,8819.0,12637.0,14079.0
Canada,State of Palestine,CAN,PSE,1505.0,1802.0,2145.0,2564.0,3279.0,3772.0,4053.0
Canada,Syrian Arab Republic,CAN,SYR,5036.0,6059.0,7369.0,9136.0,10663.0,23909.0,43857.0
Canada,Türkiye,CAN,TUR,5622.0,6540.0,7466.0,9905.0,12220.0,13092.0,15901.0
Canada,United Arab Emirates,CAN,ARE,423.0,1048.0,2435.0,4300.0,6562.0,10056.0,13324.0
Canada,Belarus,CAN,BLR,2473.0,2364.0,2199.0,3400.0,5335.0,6042.0,6552.0
Canada,Bulgaria,CAN,BGR,1056.0,2036.0,4096.0,7685.0,8841.0,9572.0,9899.0
Canada,Czechia,CAN,CZE,12224.0,9915.0,8026.0,10912.0,10933.0,11437.0,10559.0
Canada,Hungary,CAN,HUN,26938.0,25942.0,24044.0,22813.0,21025.0,20048.0,17053.0
Canada,Poland,CAN,POL,92751.0,99439.0,96449.0,92011.0,85710.0,82015.0,75396.0
Canada,Republic of Moldova*,CAN,MDA,4037.0,2395.0,1264.0,2363.0,5558.0,8779.0,10264.0
Canada,Romania,CAN,ROU,15582.0,21092.0,28670.0,41611.0,43457.0,47497.0,46230.0
Canada,Russian Federation,CAN,RUS,16798.0,20666.0,25128.0,33881.0,40347.0,45853.0,46695.0
Canada,Slovakia,CAN,SVK,8342.0,6716.0,5403.0,7668.0,7086.0,7887.0,7266.0
Canada,Ukraine*,CAN,UKR,16023.0,20427.0,26456.0,31906.0,36471.0,41131.0,43825.0
Canada,Denmark*,CAN,DNK,9918.0,9206.0,8460.0,8210.0,7164.0,6595.0,5615.0
Canada,Finland*,CAN,FIN,9566.0,8758.0,8073.0,7320.0,5957.0,5913.0,5046.0
Canada,Ireland,CAN,IRL,14989.0,14258.0,13593.0,11738.0,15034.0,16397.0,14084.0
Canada,Latvia,CAN,LVA,899.0,1853.0,3734.0,3824.0,3572.0,3385.0,2902.0
Canada,Lithuania,CAN,LTU,919.0,1808.0,3425.0,3722.0,2920.0,3006.0,2894.0
Canada,Norway*,CAN,NOR,3930.0,3440.0,3042.0,2549.0,2493.0,2271.0,1922.0
Canada,Sweden,CAN,SWE,4272.0,3986.0,3691.0,3716.0,4064.0,4138.0,3655.0
Canada,United Kingdom*,CAN,GBR,392283.0,357793.0,328027.0,308845.0,292192.0,272215.0,239630.0
Canada,Albania,CAN,ALB,53.0,355.0,1956.0,4738.0,6561.0,7969.0,8687.0
Canada,Andorra,CAN,AND,5.0,5.0,5.0,16.0,23.0,29.0,33.0
Canada,Bosnia and Herzegovina,CAN,BIH,12241.0,12265.0,12407.0,14150.0,17290.0,18225.0,18259.0
Canada,Croatia,CAN,HRV,12082.0,14884.0,18704.0,19432.0,20596.0,20678.0,18835.0
Canada,Greece,CAN,GRC,40775.0,38559.0,37110.0,35616.0,33118.0,32359.0,28456.0
Canada,Italy,CAN,ITA,167430.0,158794.0,153172.0,145771.0,131107.0,121992.0,105426.0
Canada,Malta,CAN,MLT,4674.0,4549.0,4398.0,3998.0,3651.0,3696.0,3232.0
Canada,North Macedonia,CAN,MKD,3540.0,3555.0,3536.0,4130.0,4762.0,5238.0,5305.0
Canada,Portugal,CAN,PRT,80141.0,79377.0,77796.0,76375.0,72154.0,72750.0,66966.0
Canada,Serbia*,CAN,SRB,10858.0,11998.0,13451.0,15105.0,16783.0,17352.0,16562.0
Canada,Slovenia,CAN,SVN,2403.0,3272.0,4403.0,4925.0,4549.0,4510.0,3932.0
Canada,Spain*,CAN,ESP,5269.0,5094.0,4973.0,4994.0,4805.0,6260.0,5694.0
Canada,Austria,CAN,AUT,13572.0,12422.0,11378.0,10813.0,9086.0,8808.0,7411.0
Canada,Belgium,CAN,BEL,11456.0,10859.0,10333.0,10375.0,10737.0,10799.0,9541.0
Canada,France*,CAN,FRA,26202.0,30407.0,33412.0,38011.0,50911.0,63691.0,58830.0
Canada,Germany,CAN,DEU,93061.0,95102.0,91516.0,89828.0,89162.0,87463.0,69046.0
Canada,Netherlands*,CAN,NLD,62994.0,61095.0,57430.0,55014.0,50250.0,45577.0,38028.0
Canada,Switzerland,CAN,CHE,7325.0,8198.0,9348.0,9522.0,9744.0,10398.0,9345.0
Canada,Barbados,CAN,BRB,8195.0,8083.0,7859.0,8104.0,8484.0,8191.0,7450.0
Canada,Cuba,CAN,CUB,691.0,1213.0,2198.0,4308.0,6520.0,9337.0,10017.0
Canada,Dominican Republic,CAN,DOM,1472.0,1991.0,2694.0,3536.0,4303.0,5810.0,6656.0
Canada,Grenada,CAN,GRD,2655.0,3564.0,4842.0,5152.0,6241.0,6346.0,5890.0
Canada,Haiti,CAN,HTI,21732.0,25219.0,29375.0,34850.0,46263.0,53343.0,55088.0
Canada,Jamaica,CAN,JAM,57649.0,66454.0,69186.0,71144.0,74239.0,79806.0,81713.0
Canada,Saint Lucia,CAN,LCA,1077.0,1396.0,1752.0,2237.0,3278.0,4007.0,4222.0
Canada,Saint Vincent and the Grenadines,CAN,VCT,2488.0,3391.0,4626.0,5290.0,7575.0,8540.0,8687.0
Canada,Trinidad and Tobago,CAN,TTO,25938.0,29627.0,33842.0,35776.0,37531.0,36567.0,36002.0
Canada,Costa Rica,CAN,CRI,710.0,922.0,1151.0,1550.0,2207.0,2527.0,2483.0
Canada,El Salvador,CAN,SLV,12993.0,15302.0,18251.0,21089.0,22009.0,24328.0,24949.0
Canada,Guatemala,CAN,GTM,4136.0,5161.0,6490.0,7665.0,7861.0,8797.0,8937.0
Canada,Honduras,CAN,HND,1107.0,1566.0,2251.0,2679.0,3237.0,4175.0,4609.0
Canada,Mexico,CAN,MEX,9869.0,13668.0,18602.0,26118.0,40990.0,48781.0,48674.0
Canada,Nicaragua,CAN,NIC,3023.0,3719.0,4702.0,4692.0,4926.0,5240.0,5685.0
Canada,Argentina,CAN,ARG,5390.0,5670.0,5960.0,8810.0,9989.0,10510.0,10211.0
Canada,Bolivia (Plurinational State of),CAN,BOL,770.0,953.0,1204.0,1885.0,2696.0,2876.0,2193.0
Canada,Brazil,CAN,BRA,3753.0,4778.0,6060.0,8102.0,13103.0,20172.0,25237.0
Canada,Chile,CAN,CHL,11069.0,11569.0,12274.0,13483.0,13595.0,14283.0,14470.0
Canada,Colombia,CAN,COL,4020.0,5860.0,8229.0,19340.0,31634.0,39228.0,43257.0
Canada,Ecuador,CAN,ECU,4003.0,4766.0,5740.0,7004.0,7798.0,8509.0,8927.0
Canada,Guyana,CAN,GUY,34093.0,38785.0,44755.0,47764.0,49152.0,49263.0,47876.0
Canada,Paraguay,CAN,PRY,2340.0,2427.0,2578.0,3518.0,3841.0,4111.0,3314.0
Canada,Peru,CAN,PER,5962.0,7373.0,9160.0,11666.0,14920.0,17241.0,17489.0
Canada,Uruguay,CAN,URY,2593.0,2796.0,3024.0,3298.0,3531.0,3412.0,3191.0
Canada,Venezuela (Bolivarian Republic of),CAN,VEN,1640.0,2431.0,3609.0,5231.0,8925.0,12565.0,14679.0
Canada,United States of America*,CAN,USA,143942.0,140035.0,137135.0,141278.0,167290.0,179233.0,146662.0
Canada,Australia*,CAN,AUS,7595.0,7983.0,8493.0,9269.0,11910.0,14324.0,12439.0
Canada,New Zealand*,CAN,NZL,3704.0,3957.0,4247.0,4651.0,5267.0,5711.0,4918.0
Canada,Fiji,CAN,FJI,7994.0,9507.0,11419.0,13119.0,13176.0,13500.0,13451.0
Greenland*,China,GRL,CHN,0.0,0.0,0.0,1.0,6.0,9.0,8.0
Greenland*,Philippines,GRL,PHL,0.0,5.0,6.0,7.0,32.0,79.0,78.0
Greenland*,Thailand,GRL,THA,3.0,9.0,20.0,43.0,77.0,97.0,97.0
Greenland*,Bulgaria,GRL,BGR,0.0,2.0,1.0,0.0,3.0,6.0,5.0
Greenland*,Poland,GRL,POL,6.0,0.0,5.0,2.0,2.0,8.0,7.0
Greenland*,Romania,GRL,ROU,0.0,0.0,0.0,0.0,0.0,2.0,1.0
Greenland*,Denmark*,GRL,DNK,2620.0,2042.0,1701.0,1842.0,1599.0,1562.0,1593.0
Greenland*,Faroe Islands*,GRL,FRO,53.0,65.0,65.0,33.0,48.0,50.0,49.0
Greenland*,Finland*,GRL,FIN,6.0,4.0,8.0,3.0,5.0,9.0,8.0
Greenland*,Iceland,GRL,ISL,4.0,9.0,24.0,15.0,19.0,28.0,27.0
Greenland*,Norway*,GRL,NOR,18.0,24.0,35.0,24.0,28.0,22.0,21.0
Greenland*,Sweden,GRL,SWE,22.0,25.0,42.0,29.0,30.0,30.0,30.0
Greenland*,United Kingdom*,GRL,GBR,9.0,9.0,8.0,5.0,3.0,3.0,2.0
Greenland*,France*,GRL,FRA,5.0,3.0,1.0,4.0,3.0,5.0,4.0
Greenland*,Germany,GRL,DEU,5.0,6.0,11.0,14.0,14.0,13.0,12.0
Greenland*,Canada,GRL,CAN,8.0,6.0,3.0,7.0,4.0,5.0,4.0
Greenland*,United States of America*,GRL,USA,8.0,12.0,12.0,8.0,11.0,15.0,14.0
Saint Pierre and Miquelon*,France*,SPM,FRA,280.0,370.0,436.0,380.0,335.0,323.0,315.0
Saint Pierre and Miquelon*,Canada,SPM,CAN,154.0,150.0,139.0,132.0,116.0,112.0,108.0
Saint Pierre and Miquelon*,United States of America*,SPM,USA,41.0,41.0,40.0,28.0,27.0,28.0,26.0
United States of America*,Ethiopia,USA,ETH,14275.0,4160.0,30948.0,56528.0,84348.0,121218.0,145571.0
United States of America*,Kenya,USA,KEN,5481.0,2979.0,17272.0,31813.0,43918.0,77555.0,87933.0
United States of America*,Egypt,USA,EGY,29008.0,41746.0,47273.0,54253.0,64883.0,86474.0,104619.0
United States of America*,South Africa,USA,ZAF,17955.0,15632.0,36676.0,43609.0,44872.0,52242.0,63878.0
United States of America*,Ghana,USA,GHA,8410.0,3958.0,27865.0,36015.0,60145.0,77098.0,97104.0
United States of America*,Nigeria,USA,NGA,21559.0,38398.0,55839.0,71206.0,103982.0,155703.0,211021.0
United States of America*,China,USA,CHN,267564.0,323637.0,548968.0,660341.0,889468.0,1179901.0,1261658.0
United States of America*,"China, Hong Kong SAR",USA,HKG,72941.0,51894.0,109293.0,110919.0,114878.0,126354.0,135594.0
United States of America*,"China, Taiwan Province of China",USA,TWN,134311.0,127502.0,197014.0,199777.0,207902.0,226387.0,223803.0
United States of America*,Japan,USA,JPN,272641.0,366488.0,345976.0,310447.0,302574.0,326354.0,320430.0
United States of America*,Republic of Korea,USA,KOR,478396.0,511320.0,546493.0,582087.0,654257.0,643112.0,626103.0
United States of America*,Afghanistan,USA,AFG,14650.0,5678.0,22955.0,28516.0,31553.0,40632.0,66805.0
United States of America*,Bangladesh,USA,BGD,8867.0,36708.0,37086.0,55577.0,77178.0,110741.0,134274.0
United States of America*,India,USA,IND,203843.0,297733.0,506195.0,646944.0,860122.0,1131614.0,1305141.0
United States of America*,Iran (Islamic Republic of),USA,IRN,94820.0,95847.0,127142.0,145331.0,176712.0,195337.0,203926.0
United States of America*,Nepal,USA,NPL,901.0,2122.0,6254.0,10065.0,28103.0,52631.0,84736.0
United States of America*,Pakistan,USA,PAK,33927.0,42843.0,87256.0,117256.0,141269.0,181046.0,195721.0
United States of America*,Cambodia,USA,KHM,62314.0,56629.0,72922.0,79264.0,88526.0,94238.0,90154.0
United States of America*,Lao People's Democratic Republic,USA,LAO,88513.0,117876.0,95966.0,102752.0,95538.0,97431.0,91502.0
United States of America*,Myanmar,USA,MMR,10915.0,15047.0,15271.0,20457.0,39831.0,67790.0,80295.0
United States of America*,Philippines,USA,PHL,540544.0,675171.0,845304.0,977473.0,1119730.0,1250464.0,1295739.0
United States of America*,Thailand,USA,THA,66885.0,98430.0,101844.0,111601.0,139330.0,166097.0,175583.0
United States of America*,Viet Nam,USA,VNM,260427.0,323179.0,502516.0,552353.0,654461.0,720981.0,753428.0
United States of America*,Iraq,USA,IRQ,17020.0,7920.0,42527.0,42700.0,78147.0,99135.0,116798.0
United States of America*,Israel,USA,ISR,52157.0,83196.0,62370.0,67291.0,68423.0,73492.0,68729.0
United States of America*,Lebanon,USA,LBN,38106.0,31310.0,49107.0,48184.0,54041.0,60728.0,66733.0
United States of America*,Türkiye,USA,TUR,28876.0,24942.0,41373.0,45042.0,53164.0,65944.0,66400.0
United States of America*,Poland,USA,POL,225457.0,304131.0,252761.0,244928.0,259710.0,246649.0,235320.0
United States of America*,Romania,USA,ROU,48831.0,47746.0,66349.0,91734.0,88601.0,87684.0,97942.0
United States of America*,Russian Federation,USA,RUS,163640.0,178369.0,208402.0,227126.0,235118.0,240235.0,253098.0
United States of America*,Ukraine*,USA,UKR,106371.0,131605.0,146331.0,173864.0,186529.0,187177.0,211325.0
United States of America*,Ireland,USA,IRL,104760.0,114396.0,83826.0,73636.0,65345.0,68336.0,63462.0
United States of America*,United Kingdom*,USA,GBR,454844.0,503259.0,481122.0,451164.0,446519.0,428687.0,431518.0
United States of America*,Greece,USA,GRC,88201.0,71936.0,84104.0,74035.0,71694.0,71118.0,64799.0
United States of America*,Italy,USA,ITA,371270.0,350695.0,298936.0,221406.0,224191.0,212652.0,184333.0
United States of America*,Portugal,USA,PRT,83384.0,70636.0,92147.0,87267.0,90385.0,79312.0,73067.0
United States of America*,Spain*,USA,ESP,56442.0,39564.0,60872.0,59373.0,65483.0,65605.0,76982.0
United States of America*,France*,USA,FRA,96928.0,140678.0,108474.0,106082.0,111055.0,120896.0,120073.0
United States of America*,Germany,USA,DEU,892151.0,1368804.0,889653.0,673691.0,684433.0,659210.0,637679.0
United States of America*,Cuba,USA,CUB,380296.0,416388.0,470460.0,472187.0,549805.0,628803.0,676382.0
United States of America*,Dominican Republic,USA,DOM,212710.0,314673.0,372527.0,408986.0,502899.0,612850.0,712101.0
United States of America*,Haiti,USA,HTI,116449.0,188253.0,231184.0,253830.0,328601.0,368922.0,382619.0
United States of America*,Jamaica,USA,JAM,198079.0,305770.0,313275.0,328310.0,383055.0,423412.0,469138.0
United States of America*,Puerto Rico*,USA,PRI,482553.0,543536.0,612204.0,716506.0,801267.0,872434.0,962636.0
United States of America*,Trinidad and Tobago,USA,TTO,65081.0,61785.0,115189.0,118335.0,128310.0,134017.0,128875.0
United States of America*,El Salvador,USA,SLV,234608.0,387858.0,385126.0,469961.0,602152.0,672323.0,728077.0
United States of America*,Guatemala,USA,GTM,97361.0,147396.0,206448.0,275011.0,336322.0,403457.0,489262.0
United States of America*,Honduras,USA,HND,56335.0,103824.0,132683.0,192126.0,239949.0,302097.0,386061.0
United States of America*,Mexico,USA,MEX,1927762.0,3176773.0,4130098.0,4959003.0,5536043.0,5713555.0,5415408.0
United States of America*,Nicaragua,USA,NIC,96110.0,141158.0,116633.0,122494.0,133460.0,147114.0,139328.0
United States of America*,Panama,USA,PAN,80234.0,74165.0,88783.0,89618.0,89217.0,87900.0,87258.0
United States of America*,Argentina,USA,ARG,43759.0,38656.0,70393.0,94063.0,87953.0,98247.0,104275.0
United States of America*,Brazil,USA,BRA,45024.0,61871.0,130336.0,173007.0,197802.0,204877.0,307833.0
United States of America*,Colombia,USA,COL,161553.0,200183.0,302637.0,315360.0,374911.0,415134.0,485243.0
United States of America*,Ecuador,USA,ECU,71292.0,115082.0,138385.0,163753.0,220490.0,222354.0,226453.0
United States of America*,Guyana,USA,GUY,65999.0,82971.0,118285.0,132157.0,143374.0,153842.0,149559.0
United States of America*,Peru,USA,PER,80338.0,134904.0,155453.0,192553.0,240375.0,242272.0,246351.0
United States of America*,Venezuela (Bolivarian Republic of),USA,VEN,22484.0,22050.0,65560.0,86625.0,105707.0,143489.0,279445.0
United States of America*,Canada,USA,CAN,510372.0,602654.0,531749.0,529500.0,501271.0,507259.0,495003.0
Australia*,Burundi,AUS,BDI,8.0,11.0,10.0,172.0,913.0,1174.0,1519.0
Australia*,Djibouti,AUS,DJI,35.0,48.0,47.0,68.0,70.0,92.0,100.0
Australia*,Eritrea,AUS,ERI,408.0,559.0,846.0,1124.0,1543.0,2377.0,3175.0
Australia*,Ethiopia,AUS,ETH,686.0,1072.0,1751.0,2932.0,4501.0,6757.0,8078.0
Australia*,Kenya,AUS,KEN,1894.0,2775.0,3463.0,5200.0,7577.0,9957.0,13056.0
Australia*,Madagascar,AUS,MDG,56.0,65.0,100.0,120.0,151.0,181.0,213.0
Australia*,Malawi,AUS,MWI,158.0,203.0,253.0,391.0,509.0,718.0,854.0
Australia*,Mauritius,AUS,MUS,8758.0,9714.0,9571.0,10361.0,13410.0,14502.0,14989.0
Australia*,Mozambique,AUS,MOZ,179.0,222.0,300.0,370.0,431.0,518.0,549.0
Australia*,Réunion,AUS,REU,27.0,38.0,55.0,88.0,120.0,122.0,120.0
Australia*,Rwanda,AUS,RWA,1.0,2.0,22.0,101.0,322.0,514.0,640.0
Australia*,Seychelles,AUS,SYC,1499.0,1528.0,1452.0,1561.0,1614.0,1649.0,1551.0
Australia*,Somalia,AUS,SOM,600.0,808.0,1820.0,2280.0,3169.0,4485.0,4807.0
Australia*,South Sudan,AUS,SSD,0.0,0.0,0.0,0.0,268.0,3370.0,4319.0
Australia*,Uganda,AUS,UGA,439.0,587.0,647.0,893.0,1411.0,1884.0,2346.0
Australia*,United Republic of Tanzania,AUS,TZA,573.0,767.0,881.0,1013.0,1753.0,2112.0,2342.0
Australia*,Zambia,AUS,ZMB,1116.0,1415.0,1717.0,2274.0,3057.0,3717.0,3874.0
Australia*,Zimbabwe,AUS,ZWE,3290.0,4879.0,6015.0,10723.0,16808.0,20142.0,22288.0
Australia*,Angola,AUS,AGO,169.0,185.0,189.0,220.0,247.0,268.0,268.0
Australia*,Cameroon,AUS,CMR,4.0,6.0,25.0,53.0,100.0,186.0,247.0
Australia*,Central African Republic,AUS,CAF,1.0,2.0,3.0,4.0,10.0,12.0,67.0
Australia*,Chad,AUS,TCD,2.0,4.0,12.0,17.0,20.0,25.0,43.0
Australia*,Congo,AUS,COG,0.0,0.0,61.0,267.0,458.0,822.0,1232.0
Australia*,Democratic Republic of the Congo,AUS,COD,91.0,147.0,157.0,201.0,1198.0,2151.0,3411.0
Australia*,Gabon,AUS,GAB,1.0,2.0,10.0,10.0,18.0,20.0,22.0
Australia*,Algeria,AUS,DZA,242.0,308.0,419.0,513.0,531.0,634.0,705.0
Australia*,Egypt,AUS,EGY,18336.0,18779.0,18338.0,18852.0,19623.0,21426.0,22622.0
Australia*,Libya,AUS,LBY,453.0,554.0,642.0,730.0,1074.0,1314.0,1357.0
Australia*,Morocco,AUS,MAR,337.0,445.0,507.0,615.0,751.0,964.0,1236.0
Australia*,Sudan,AUS,SDN,590.0,1040.0,1967.0,7988.0,11568.0,9653.0,9118.0
Australia*,Tunisia,AUS,TUN,178.0,201.0,208.0,211.0,239.0,274.0,350.0
Australia*,Botswana,AUS,BWA,46.0,82.0,314.0,420.0,533.0,667.0,822.0
Australia*,Eswatini,AUS,SWZ,55.0,72.0,125.0,132.0,169.0,205.0,200.0
Australia*,Lesotho,AUS,LSO,19.0,28.0,30.0,42.0,58.0,70.0,80.0
Australia*,Namibia,AUS,NAM,101.0,157.0,221.0,359.0,544.0,724.0,863.0
Australia*,South Africa,AUS,ZAF,23301.0,30009.0,40801.0,57275.0,78258.0,89135.0,100632.0
Australia*,Benin,AUS,BEN,1.0,1.0,10.0,10.0,31.0,30.0,38.0
Australia*,Burkina Faso,AUS,BFA,1.0,3.0,5.0,10.0,18.0,22.0,30.0
Australia*,Côte d'Ivoire,AUS,CIV,9.0,14.0,27.0,78.0,229.0,289.0,320.0
Australia*,Gambia,AUS,GMB,5.0,8.0,12.0,37.0,40.0,56.0,48.0
Australia*,Ghana,AUS,GHA,466.0,605.0,900.0,1275.0,1931.0,2679.0,3209.0
Australia*,Guinea,AUS,GIN,1.0,2.0,12.0,89.0,326.0,461.0,555.0
Australia*,Liberia,AUS,LBR,24.0,32.0,42.0,590.0,1513.0,1845.0,1891.0
Australia*,Mali,AUS,MLI,0.0,0.0,11.0,20.0,20.0,32.0,30.0
Australia*,Nigeria,AUS,NGA,347.0,549.0,699.0,1035.0,1890.0,3352.0,5921.0
Australia*,Senegal,AUS,SEN,56.0,81.0,96.0,105.0,137.0,165.0,208.0
Australia*,Sierra Leone,AUS,SLE,45.0,73.0,117.0,734.0,1609.0,2001.0,2049.0
Australia*,Togo,AUS,TGO,1.0,2.0,10.0,10.0,136.0,179.0,180.0
Australia*,Kazakhstan,AUS,KAZ,56.0,91.0,233.0,422.0,744.0,1210.0,1568.0
Australia*,Kyrgyzstan,AUS,KGZ,6.0,9.0,60.0,135.0,212.0,312.0,413.0
Australia*,Tajikistan,AUS,TJK,11.0,17.0,22.0,40.0,68.0,101.0,128.0
Australia*,Turkmenistan,AUS,TKM,4.0,7.0,19.0,40.0,66.0,72.0,95.0
Australia*,Uzbekistan,AUS,UZB,95.0,149.0,244.0,415.0,702.0,1031.0,1259.0
Australia*,China,AUS,CHN,37669.0,56444.0,75790.0,122821.0,202032.0,282992.0,351111.0
Australia*,"China, Hong Kong SAR",AUS,HKG,29579.0,36420.0,38121.0,40822.0,43955.0,49185.0,53864.0
Australia*,"China, Macao SAR",AUS,MAC,946.0,1037.0,1125.0,1138.0,1386.0,1554.0,1636.0
Australia*,"China, Taiwan Province of China",AUS,TWN,7422.0,9602.0,12059.0,14170.0,18085.0,30003.0,32274.0
Australia*,Japan,AUS,JPN,12541.0,15112.0,15740.0,21709.0,26475.0,32197.0,34017.0
Australia*,Mongolia,AUS,MNG,58.0,77.0,54.0,141.0,398.0,1008.0,3280.0
Australia*,Republic of Korea,AUS,KOR,11163.0,15132.0,19317.0,27583.0,44392.0,56461.0,60355.0
Australia*,Afghanistan,AUS,AFG,1722.0,2979.0,5186.0,8176.0,13675.0,20674.0,26191.0
Australia*,Bangladesh,AUS,BGD,1083.0,2019.0,3424.0,6213.0,11928.0,19169.0,25172.0
Australia*,Bhutan,AUS,BTN,12.0,12.0,22.0,51.0,841.0,2858.0,6303.0
Australia*,India,AUS,IND,24176.0,36093.0,43531.0,66776.0,135966.0,204594.0,324359.0
Australia*,Iran (Islamic Republic of),AUS,IRN,6812.0,8522.0,9790.0,12541.0,17040.0,28940.0,35417.0
Australia*,Maldives,AUS,MDV,77.0,101.0,89.0,168.0,235.0,322.0,343.0
Australia*,Nepal,AUS,NPL,241.0,388.0,640.0,1407.0,10062.0,22248.0,58713.0
Australia*,Pakistan,AUS,PAK,2156.0,3336.0,4671.0,7119.0,11952.0,24381.0,38087.0
Australia*,Sri Lanka,AUS,LKA,21150.0,25667.0,28744.0,34587.0,46472.0,57861.0,67269.0
Australia*,Brunei Darussalam,AUS,BRN,743.0,874.0,1031.0,1307.0,1540.0,1502.0,1654.0
Australia*,Cambodia,AUS,KHM,10572.0,11870.0,12942.0,14565.0,17040.0,18778.0,22838.0
Australia*,Indonesia,AUS,IDN,20593.0,23658.0,29388.0,32461.0,39660.0,43517.0,53973.0
Australia*,Lao People's Democratic Republic,AUS,LAO,5324.0,5450.0,5255.0,5412.0,5817.0,5857.0,6367.0
Australia*,Malaysia,AUS,MYS,37468.0,42889.0,44991.0,54443.0,69567.0,76695.0,93853.0
Australia*,Myanmar,AUS,MMR,4513.0,5645.0,6124.0,6846.0,11787.0,16212.0,20342.0
Australia*,Philippines,AUS,PHL,47373.0,64241.0,73143.0,86416.0,115057.0,146438.0,185703.0
Australia*,Singapore,AUS,SGP,13028.0,15695.0,18298.0,23132.0,29363.0,31599.0,36327.0
Australia*,Thailand,AUS,THA,8142.0,11646.0,14568.0,20481.0,33698.0,44784.0,61584.0
Australia*,Timor-Leste,AUS,TLS,0.0,0.0,1011.0,5370.0,5338.0,5029.0,5009.0
Australia*,Viet Nam,AUS,VNM,58336.0,74617.0,83175.0,90590.0,108298.0,128650.0,153223.0
Australia*,Armenia,AUS,ARM,395.0,450.0,518.0,582.0,653.0,823.0,822.0
Australia*,Azerbaijan,AUS,AZE,26.0,38.0,108.0,178.0,243.0,376.0,425.0
Australia*,Bahrain,AUS,BHR,217.0,294.0,360.0,475.0,605.0,800.0,998.0
Australia*,Cyprus,AUS,CYP,11642.0,11482.0,11275.0,11221.0,10781.0,10201.0,9500.0
Australia*,Georgia,AUS,GEO,66.0,88.0,145.0,210.0,260.0,334.0,408.0
Australia*,Iraq,AUS,IRQ,4017.0,6026.0,11625.0,17138.0,24941.0,34176.0,48613.0
Australia*,Israel,AUS,ISR,2802.0,3210.0,3337.0,3997.0,4715.0,4938.0,5397.0
Australia*,Jordan,AUS,JOR,988.0,1249.0,1537.0,1811.0,2268.0,2909.0,3854.0
Australia*,Kuwait,AUS,KWT,542.0,782.0,1143.0,1425.0,1828.0,2657.0,3196.0
Australia*,Lebanon,AUS,LBN,31219.0,35965.0,37776.0,40347.0,42515.0,44632.0,45505.0
Australia*,Oman,AUS,OMN,28.0,50.0,141.0,354.0,512.0,736.0,887.0
Australia*,Qatar,AUS,QAT,36.0,62.0,109.0,180.0,278.0,505.0,929.0
Australia*,Saudi Arabia,AUS,SAU,220.0,449.0,728.0,1333.0,4512.0,6314.0,6834.0
Australia*,State of Palestine,AUS,PSE,1289.0,1313.0,1319.0,1417.0,1325.0,1394.0,1428.0
Australia*,Syrian Arab Republic,AUS,SYR,2821.0,3192.0,3664.0,4179.0,4761.0,7155.0,15722.0
Australia*,Türkiye,AUS,TUR,14185.0,15056.0,16521.0,18172.0,19113.0,19205.0,20275.0
Australia*,United Arab Emirates,AUS,ARE,227.0,413.0,654.0,1218.0,2203.0,3823.0,6435.0
Australia*,Yemen,AUS,YEM,85.0,107.0,158.0,230.0,269.0,314.0,424.0
Australia*,Belarus,AUS,BLR,565.0,667.0,750.0,902.0,1083.0,1294.0,1520.0
Australia*,Bulgaria,AUS,BGR,904.0,1088.0,1356.0,1679.0,1894.0,2119.0,2277.0
Australia*,Czechia,AUS,CZE,6062.0,6256.0,6147.0,6749.0,6956.0,7013.0,6394.0
Australia*,Hungary,AUS,HUN,13503.0,12904.0,12273.0,11774.0,11297.0,10739.0,9748.0
Australia*,Poland,AUS,POL,32917.0,36344.0,35021.0,34165.0,32792.0,30835.0,29071.0
Australia*,Republic of Moldova*,AUS,MDA,142.0,198.0,299.0,441.0,556.0,638.0,790.0
Australia*,Romania,AUS,ROU,5471.0,6116.0,6965.0,7854.0,8523.0,8869.0,8863.0
Australia*,Russian Federation,AUS,RUS,9021.0,9810.0,9945.0,10977.0,12744.0,15898.0,17877.0
Australia*,Slovakia,AUS,SVK,2388.0,2579.0,2941.0,2998.0,3176.0,3598.0,3854.0
Australia*,Ukraine*,AUS,UKR,9231.0,9146.0,9286.0,9586.0,9645.0,9957.0,10115.0
Australia*,Denmark*,AUS,DNK,4124.0,4370.0,4521.0,4880.0,5034.0,4935.0,4756.0
Australia*,Estonia,AUS,EST,1501.0,1383.0,1088.0,922.0,1219.0,1994.0,2093.0
Australia*,Finland*,AUS,FIN,4653.0,4899.0,5038.0,5222.0,5447.0,5442.0,5259.0
Australia*,Iceland,AUS,ISL,130.0,162.0,253.0,320.0,339.0,284.0,219.0
Australia*,Ireland,AUS,IRL,24807.0,25645.0,25743.0,26672.0,32914.0,42126.0,40975.0
Australia*,Isle of Man*,AUS,IMN,341.0,350.0,347.0,362.0,416.0,368.0,425.0
Australia*,Latvia,AUS,LVA,5529.0,4843.0,3901.0,3436.0,3222.0,3000.0,2463.0
Australia*,Lithuania,AUS,LTU,2587.0,2356.0,1939.0,1783.0,1772.0,2003.0,2061.0
Australia*,Norway*,AUS,NOR,966.0,1167.0,1823.0,2200.0,2277.0,2435.0,2269.0
Australia*,Sweden,AUS,SWE,2402.0,2949.0,3510.0,4475.0,5545.0,6656.0,6951.0
Australia*,United Kingdom*,AUS,GBR,553376.0,571452.0,559354.0,552474.0,582555.0,592338.0,575246.0
Australia*,Albania,AUS,ALB,344.0,447.0,660.0,1070.0,1406.0,1671.0,1947.0
Australia*,Bosnia and Herzegovina,AUS,BIH,6668.0,8686.0,13983.0,18983.0,19829.0,18547.0,16836.0
Australia*,Croatia,AUS,HRV,25503.0,27089.0,27670.0,33613.0,33582.0,30757.0,27733.0
Australia*,Gibraltar*,AUS,GIB,246.0,246.0,260.0,248.0,234.0,247.0,232.0
Australia*,Greece,AUS,GRC,67008.0,67382.0,64357.0,64466.0,62135.0,59379.0,53994.0
Australia*,Italy,AUS,ITA,118430.0,116809.0,110218.0,105464.0,99133.0,95809.0,85213.0
Australia*,Malta,AUS,MLT,25514.0,26420.0,25127.0,24835.0,23745.0,21727.0,19546.0
Australia*,Montenegro,AUS,MNE,3213.0,2476.0,2559.0,1708.0,922.0,1013.0,976.0
Australia*,North Macedonia,AUS,MKD,23306.0,23857.0,23986.0,24994.0,25369.0,24899.0,25823.0
Australia*,Portugal,AUS,PRT,8808.0,8907.0,8616.0,8739.0,8974.0,9332.0,9151.0
Australia*,Serbia*,AUS,SRB,26547.0,24229.0,24974.0,19099.0,17458.0,17100.0,16348.0
Australia*,Slovenia,AUS,SVN,4558.0,4463.0,4088.0,4272.0,4151.0,4036.0,3450.0
Australia*,Spain*,AUS,ESP,6762.0,6897.0,6725.0,6929.0,7360.0,8768.0,9911.0
Australia*,Austria,AUS,AUT,11084.0,10676.0,10056.0,9856.0,9475.0,8635.0,7621.0
Australia*,Belgium,AUS,BEL,2362.0,2566.0,2714.0,2942.0,3284.0,3616.0,3910.0
Australia*,France*,AUS,FRA,6640.0,7923.0,8947.0,10429.0,13654.0,17494.0,19457.0
Australia*,Germany,AUS,DEU,58475.0,61739.0,60975.0,63589.0,65830.0,62532.0,58535.0
Australia*,Luxembourg,AUS,LUX,54.0,64.0,72.0,92.0,112.0,140.0,158.0
Australia*,Monaco,AUS,MCO,5.0,7.0,20.0,30.0,38.0,42.0,48.0
Australia*,Netherlands*,AUS,NLD,44849.0,45552.0,44372.0,44352.0,43239.0,39639.0,35966.0
Australia*,Switzerland,AUS,CHE,4455.0,4918.0,5580.0,6157.0,6732.0,6849.0,6746.0
Australia*,Antigua and Barbuda,AUS,ATG,8.0,10.0,20.0,21.0,22.0,35.0,30.0
Australia*,Aruba*,AUS,ABW,23.0,26.0,27.0,30.0,30.0,40.0,51.0
Australia*,Bahamas,AUS,BHS,118.0,124.0,138.0,153.0,158.0,168.0,165.0
Australia*,Barbados,AUS,BRB,147.0,151.0,162.0,174.0,198.0,210.0,191.0
Australia*,Cayman Islands*,AUS,CYM,3.0,5.0,10.0,17.0,38.0,72.0,89.0
Australia*,Cuba,AUS,CUB,207.0,238.0,237.0,288.0,353.0,400.0,444.0
Australia*,Curaçao*,AUS,CUW,45.0,50.0,50.0,60.0,67.0,82.0,88.0
Australia*,Dominican Republic,AUS,DOM,14.0,21.0,32.0,58.0,81.0,125.0,166.0
Australia*,Grenada,AUS,GRD,46.0,49.0,70.0,60.0,51.0,70.0,72.0
Australia*,Haiti,AUS,HTI,43.0,46.0,52.0,52.0,58.0,60.0,60.0
Australia*,Jamaica,AUS,JAM,407.0,444.0,446.0,482.0,514.0,599.0,635.0
Australia*,Puerto Rico*,AUS,PRI,46.0,54.0,80.0,94.0,78.0,80.0,108.0
Australia*,Saint Kitts and Nevis,AUS,KNA,6.0,7.0,20.0,22.0,21.0,20.0,20.0
Australia*,Saint Lucia,AUS,LCA,3.0,8.0,10.0,12.0,20.0,30.0,40.0
Australia*,Saint Vincent and the Grenadines,AUS,VCT,23.0,28.0,21.0,32.0,24.0,30.0,22.0
Australia*,Trinidad and Tobago,AUS,TTO,603.0,657.0,709.0,767.0,842.0,941.0,951.0
Australia*,Belize,AUS,BLZ,20.0,28.0,30.0,30.0,38.0,45.0,50.0
Australia*,Costa Rica,AUS,CRI,138.0,153.0,159.0,180.0,208.0,250.0,318.0
Australia*,El Salvador,AUS,SLV,5494.0,5539.0,5477.0,5508.0,5602.0,5853.0,5875.0
Australia*,Guatemala,AUS,GTM,113.0,133.0,160.0,192.0,220.0,286.0,337.0
Australia*,Honduras,AUS,HND,68.0,86.0,88.0,100.0,120.0,168.0,198.0
Australia*,Mexico,AUS,MEX,331.0,528.0,685.0,970.0,1717.0,2785.0,4074.0
Australia*,Nicaragua,AUS,NIC,446.0,445.0,420.0,412.0,433.0,461.0,471.0
Australia*,Panama,AUS,PAN,44.0,66.0,70.0,72.0,90.0,124.0,181.0
Australia*,Argentina,AUS,ARG,5790.0,6126.0,6111.0,6684.0,6975.0,7996.0,10332.0
Australia*,Bolivia (Plurinational State of),AUS,BOL,270.0,311.0,358.0,406.0,459.0,563.0,613.0
Australia*,Brazil,AUS,BRA,1137.0,1840.0,2601.0,3993.0,8603.0,14499.0,27749.0
Australia*,Chile,AUS,CHL,13608.0,13890.0,13469.0,13920.0,14592.0,15605.0,17302.0
Australia*,Colombia,AUS,COL,855.0,1355.0,2087.0,3084.0,6429.0,10700.0,20654.0
Australia*,Ecuador,AUS,ECU,584.0,669.0,735.0,851.0,986.0,1400.0,1495.0
Australia*,Falkland Islands (Malvinas)*,AUS,FLK,52.0,54.0,62.0,60.0,65.0,60.0,47.0
Australia*,Guyana,AUS,GUY,265.0,278.0,288.0,301.0,322.0,350.0,317.0
Australia*,Paraguay,AUS,PRY,142.0,162.0,198.0,221.0,238.0,272.0,325.0
Australia*,Peru,AUS,PER,2320.0,2837.0,3261.0,3784.0,5278.0,6369.0,7343.0
Australia*,Suriname,AUS,SUR,36.0,48.0,47.0,52.0,70.0,98.0,98.0
Australia*,Uruguay,AUS,URY,5668.0,5658.0,5410.0,5597.0,5513.0,5523.0,5502.0
Australia*,Venezuela (Bolivarian Republic of),AUS,VEN,265.0,418.0,617.0,865.0,1704.0,2888.0,3791.0
Australia*,Bermuda*,AUS,BMU,168.0,187.0,212.0,238.0,262.0,292.0,319.0
Australia*,Canada,AUS,CAN,11545.0,13853.0,15603.0,18871.0,23533.0,28137.0,30960.0
Australia*,United States of America*,AUS,USA,22652.0,25877.0,28952.0,34751.0,42397.0,51440.0,59656.0
Australia*,New Zealand*,AUS,NZL,128594.0,148649.0,179218.0,206976.0,252814.0,281804.0,287047.0
Australia*,Fiji,AUS,FJI,17780.0,20830.0,24734.0,28967.0,33927.0,38615.0,40469.0
Australia*,New Caledonia*,AUS,NCL,626.0,658.0,695.0,710.0,786.0,871.0,844.0
Australia*,Papua New Guinea,AUS,PNG,13225.0,13986.0,13779.0,14638.0,16332.0,18401.0,18660.0
Australia*,Solomon Islands,AUS,SLB,701.0,784.0,757.0,918.0,1072.0,1263.0,1528.0
Australia*,Vanuatu,AUS,VUT,637.0,637.0,542.0,616.0,672.0,685.0,1228.0
Australia*,Guam*,AUS,GUM,17.0,22.0,30.0,38.0,45.0,58.0,60.0
Australia*,Kiribati,AUS,KIR,245.0,267.0,277.0,295.0,375.0,401.0,536.0
Australia*,Nauru,AUS,NRU,213.0,236.0,257.0,272.0,298.0,352.0,390.0
Australia*,American Samoa*,AUS,ASM,24.0,35.0,59.0,90.0,110.0,182.0,225.0
Australia*,Cook Islands*,AUS,COK,1191.0,1522.0,2343.0,2756.0,3321.0,3927.0,3940.0
Australia*,French Polynesia*,AUS,PYF,126.0,143.0,198.0,240.0,279.0,301.0,308.0
Australia*,Niue*,AUS,NIU,129.0,170.0,242.0,296.0,388.0,473.0,482.0
Australia*,Samoa,AUS,WSM,4208.0,5296.0,6789.0,8502.0,10408.0,13943.0,16615.0
Australia*,Tokelau*,AUS,TKL,60.0,87.0,130.0,201.0,258.0,313.0,286.0
Australia*,Tonga,AUS,TON,3826.0,4042.0,4009.0,4278.0,4858.0,5564.0,6705.0
Australia*,Tuvalu,AUS,TUV,39.0,46.0,60.0,70.0,83.0,91.0,125.0
New Zealand*,Zimbabwe,NZL,ZWE,584.0,738.0,1418.0,3798.0,4207.0,4351.0,4559.0
New Zealand*,South Africa,NZL,ZAF,3864.0,5603.0,12380.0,20160.0,25425.0,31965.0,42087.0
New Zealand*,China,NZL,CHN,5811.0,9602.0,19060.0,43133.0,47827.0,63100.0,79255.0
New Zealand*,"China, Hong Kong SAR",NZL,HKG,3208.0,5787.0,5982.0,4322.0,3871.0,4713.0,6294.0
New Zealand*,"China, Taiwan Province of China",NZL,TWN,5856.0,5856.0,5627.0,5362.0,5098.0,5225.0,5743.0
New Zealand*,Japan,NZL,JPN,2214.0,3898.0,5298.0,6197.0,6680.0,7800.0,8650.0
New Zealand*,Republic of Korea,NZL,KOR,6126.0,6126.0,8918.0,14481.0,15754.0,16296.0,16765.0
New Zealand*,Afghanistan,NZL,AFG,96.0,96.0,288.0,886.0,1117.0,1506.0,2366.0
New Zealand*,Bangladesh,NZL,BGD,234.0,472.0,515.0,620.0,638.0,836.0,1189.0
New Zealand*,India,NZL,IND,4413.0,5843.0,9603.0,19272.0,26354.0,38874.0,53710.0
New Zealand*,Iran (Islamic Republic of),NZL,IRN,624.0,624.0,808.0,1187.0,1359.0,1755.0,2287.0
New Zealand*,Nepal,NZL,NPL,150.0,150.0,150.0,230.0,469.0,1054.0,2023.0
New Zealand*,Pakistan,NZL,PAK,229.0,344.0,518.0,917.0,1196.0,1963.0,2865.0
New Zealand*,Sri Lanka,NZL,LKA,1145.0,1883.0,2871.0,3522.0,4259.0,5651.0,7852.0
New Zealand*,Cambodia,NZL,KHM,1950.0,1950.0,2418.0,2998.0,3351.0,3819.0,4256.0
New Zealand*,Indonesia,NZL,IDN,1311.0,1311.0,1879.0,2446.0,2640.0,3180.0,3928.0
New Zealand*,Malaysia,NZL,MYS,3652.0,5954.0,6078.0,7459.0,8423.0,9746.0,11368.0
New Zealand*,Myanmar,NZL,MMR,250.0,307.0,364.0,421.0,836.0,1265.0,1636.0
New Zealand*,Philippines,NZL,PHL,2709.0,4673.0,6549.0,9270.0,16975.0,28001.0,42937.0
New Zealand*,Singapore,NZL,SGP,1611.0,1962.0,2230.0,2712.0,2950.0,3364.0,3912.0
New Zealand*,Thailand,NZL,THA,1911.0,1911.0,3018.0,3902.0,4687.0,5902.0,7310.0
New Zealand*,Viet Nam,NZL,VNM,1373.0,1639.0,1949.0,2448.0,3016.0,4200.0,5850.0
New Zealand*,Iraq,NZL,IRQ,580.0,1129.0,2160.0,2839.0,2781.0,2752.0,2748.0
New Zealand*,United Arab Emirates,NZL,ARE,192.0,192.0,192.0,332.0,412.0,609.0,1022.0
New Zealand*,Czechia,NZL,CZE,312.0,312.0,312.0,439.0,613.0,950.0,1255.0
New Zealand*,Poland,NZL,POL,988.0,1019.0,1031.0,1109.0,1149.0,1318.0,1497.0
New Zealand*,Russian Federation,NZL,RUS,708.0,708.0,1481.0,2525.0,3058.0,3907.0,4781.0
New Zealand*,Ukraine*,NZL,UKR,438.0,438.0,438.0,619.0,751.0,981.0,1308.0
New Zealand*,Ireland,NZL,IRL,2944.0,2890.0,3166.0,3363.0,3961.0,5772.0,6238.0
New Zealand*,United Kingdom*,NZL,GBR,111222.0,109324.0,109215.0,119690.0,124897.0,127553.0,127300.0
New Zealand*,Italy,NZL,ITA,666.0,663.0,674.0,716.0,843.0,1120.0,1350.0
New Zealand*,France*,NZL,FRA,493.0,598.0,773.0,1192.0,1920.0,3001.0,3720.0
New Zealand*,Germany,NZL,DEU,2934.0,3624.0,4368.0,5699.0,6774.0,8351.0,9401.0
New Zealand*,Netherlands*,NZL,NLD,10307.0,10486.0,10249.0,10383.0,9973.0,9686.0,9223.0
New Zealand*,Switzerland,NZL,CHE,994.0,1207.0,1306.0,1478.0,1537.0,1624.0,1695.0
New Zealand*,Argentina,NZL,ARG,213.0,213.0,213.0,439.0,744.0,1315.0,2218.0
New Zealand*,Brazil,NZL,BRA,189.0,189.0,329.0,833.0,1502.0,2844.0,4602.0
New Zealand*,Chile,NZL,CHL,342.0,342.0,373.0,619.0,1009.0,1567.0,2344.0
New Zealand*,Colombia,NZL,COL,123.0,123.0,123.0,221.0,520.0,1058.0,1819.0
New Zealand*,Canada,NZL,CAN,3616.0,3946.0,4167.0,4869.0,5246.0,6084.0,7070.0
New Zealand*,United States of America*,NZL,USA,4402.0,5546.0,6608.0,8799.0,10713.0,13179.0,15854.0
New Zealand*,Australia*,NZL,AUS,25908.0,28726.0,29929.0,32888.0,33464.0,36606.0,42490.0
New Zealand*,Fiji,NZL,FJI,6204.0,9236.0,12943.0,18668.0,24478.0,29627.0,33604.0
New Zealand*,Kiribati,NZL,KIR,297.0,297.0,297.0,473.0,693.0,985.0,1341.0
New Zealand*,Cook Islands*,NZL,COK,8013.0,7333.0,7819.0,7722.0,7191.0,6654.0,6485.0
New Zealand*,Niue*,NZL,NIU,2778.0,2775.0,2791.0,2596.0,2377.0,2217.0,2159.0
New Zealand*,Samoa,NZL,WSM,21689.0,22349.0,24404.0,26147.0,26313.0,27174.0,29540.0
New Zealand*,Tonga,NZL,TON,5134.0,6957.0,8872.0,10120.0,10860.0,12011.0,13430.0
Fiji,China,FJI,CHN,396.0,394.0,393.0,395.0,418.0,426.0,435.0
Fiji,Bangladesh,FJI,BGD,714.0,680.0,645.0,583.0,617.0,628.0,643.0
Fiji,India,FJI,IND,788.0,727.0,666.0,552.0,584.0,595.0,609.0
Fiji,Pakistan,FJI,PAK,641.0,674.0,706.0,779.0,825.0,840.0,859.0
Fiji,United Kingdom*,FJI,GBR,327.0,281.0,235.0,145.0,154.0,157.0,159.0
Fiji,Australia*,FJI,AUS,619.0,664.0,708.0,805.0,852.0,868.0,898.0
Fiji,New Zealand*,FJI,NZL,591.0,507.0,422.0,259.0,274.0,279.0,284.0
Fiji,Solomon Islands,FJI,SLB,300.0,299.0,298.0,300.0,318.0,324.0,330.0
Fiji,Vanuatu,FJI,VUT,79.0,79.0,79.0,79.0,84.0,86.0,86.0
Fiji,Kiribati,FJI,KIR,332.0,330.0,330.0,331.0,350.0,356.0,363.0
Fiji,Cook Islands*,FJI,COK,14.0,14.0,14.0,14.0,15.0,15.0,14.0
Fiji,Samoa,FJI,WSM,127.0,126.0,126.0,126.0,133.0,135.0,136.0
Fiji,Tonga,FJI,TON,570.0,567.0,566.0,568.0,601.0,612.0,626.0
Fiji,Tuvalu,FJI,TUV,177.0,176.0,175.0,176.0,186.0,189.0,191.0
New Caledonia*,Algeria,NCL,DZA,222.0,261.0,300.0,318.0,336.0,287.0,304.0
New Caledonia*,Morocco,NCL,MAR,205.0,241.0,277.0,294.0,311.0,266.0,282.0
New Caledonia*,Tunisia,NCL,TUN,238.0,280.0,322.0,342.0,362.0,309.0,328.0
New Caledonia*,China,NCL,CHN,36.0,42.0,49.0,51.0,54.0,45.0,46.0
New Caledonia*,Cambodia,NCL,KHM,251.0,295.0,340.0,360.0,380.0,325.0,345.0
New Caledonia*,Indonesia,NCL,IDN,318.0,374.0,430.0,456.0,482.0,412.0,438.0
New Caledonia*,Lao People's Democratic Republic,NCL,LAO,268.0,315.0,363.0,384.0,406.0,348.0,369.0
New Caledonia*,Viet Nam,NCL,VNM,259.0,310.0,351.0,375.0,393.0,345.0,366.0
New Caledonia*,Italy,NCL,ITA,62.0,73.0,84.0,88.0,93.0,79.0,83.0
New Caledonia*,Spain*,NCL,ESP,43.0,50.0,58.0,61.0,65.0,55.0,57.0
New Caledonia*,France*,NCL,FRA,8192.0,9639.0,11086.0,13719.0,16352.0,19858.0,21194.0
New Caledonia*,Australia*,NCL,AUS,124.0,146.0,168.0,177.0,187.0,160.0,170.0
New Caledonia*,New Zealand*,NCL,NZL,48.0,56.0,65.0,69.0,73.0,62.0,64.0
New Caledonia*,Vanuatu,NCL,VUT,1430.0,1682.0,1935.0,2053.0,2171.0,1862.0,1983.0
New Caledonia*,French Polynesia*,NCL,PYF,1322.0,1555.0,1789.0,928.0,68.0,109.0,115.0
New Caledonia*,Wallis and Futuna Islands*,NCL,WLF,2653.0,3121.0,3590.0,3696.0,3799.0,5830.0,6213.0
Papua New Guinea,United Republic of Tanzania,PNG,TZA,16.0,15.0,9.0,9.0,9.0,7.0,5.0
Papua New Guinea,China,PNG,CHN,85.0,88.0,75.0,72.0,59.0,58.0,56.0
Papua New Guinea,Japan,PNG,JPN,118.0,122.0,93.0,90.0,73.0,72.0,70.0
Papua New Guinea,Republic of Korea,PNG,KOR,58.0,46.0,30.0,32.0,30.0,29.0,27.0
Papua New Guinea,India,PNG,IND,91.0,80.0,44.0,42.0,34.0,33.0,31.0
Papua New Guinea,Sri Lanka,PNG,LKA,45.0,39.0,21.0,20.0,16.0,15.0,13.0
Papua New Guinea,Indonesia,PNG,IDN,3460.0,2981.0,3137.0,5135.0,6298.0,6577.0,6577.0
Papua New Guinea,Malaysia,PNG,MYS,52.0,54.0,42.0,40.0,32.0,31.0,29.0
Papua New Guinea,Philippines,PNG,PHL,828.0,795.0,513.0,501.0,409.0,408.0,406.0
Papua New Guinea,Singapore,PNG,SGP,21.0,24.0,18.0,20.0,19.0,18.0,16.0
Papua New Guinea,Russian Federation,PNG,RUS,15.0,15.0,9.0,8.0,6.0,5.0,3.0
Papua New Guinea,Ireland,PNG,IRL,32.0,35.0,30.0,28.0,23.0,22.0,20.0
Papua New Guinea,United Kingdom*,PNG,GBR,1037.0,1113.0,858.0,852.0,686.0,685.0,682.0
Papua New Guinea,Canada,PNG,CAN,146.0,135.0,84.0,81.0,66.0,65.0,63.0
Papua New Guinea,United States of America*,PNG,USA,401.0,334.0,166.0,162.0,132.0,131.0,129.0
Papua New Guinea,Australia*,PNG,AUS,5801.0,5586.0,3797.0,3679.0,2964.0,2960.0,2951.0
Papua New Guinea,New Zealand*,PNG,NZL,1119.0,1106.0,777.0,714.0,535.0,535.0,532.0
Papua New Guinea,Fiji,PNG,FJI,55.0,54.0,37.0,35.0,29.0,28.0,26.0
Papua New Guinea,Solomon Islands,PNG,SLB,135.0,129.0,85.0,82.0,67.0,66.0,64.0
Papua New Guinea,Vanuatu,PNG,VUT,86.0,92.0,62.0,60.0,49.0,48.0,46.0
Papua New Guinea,Tonga,PNG,TON,19.0,20.0,16.0,14.0,11.0,10.0,8.0
Solomon Islands,China,SLB,CHN,108.0,107.0,102.0,94.0,92.0,86.0,83.0
Solomon Islands,Japan,SLB,JPN,16.0,16.0,16.0,14.0,13.0,12.0,11.0
Solomon Islands,Republic of Korea,SLB,KOR,11.0,11.0,11.0,12.0,14.0,13.0,12.0
Solomon Islands,Indonesia,SLB,IDN,9.0,9.0,9.0,19.0,32.0,29.0,28.0
Solomon Islands,Malaysia,SLB,MYS,6.0,6.0,6.0,27.0,51.0,47.0,45.0
Solomon Islands,Philippines,SLB,PHL,32.0,32.0,31.0,42.0,56.0,52.0,50.0
Solomon Islands,United Kingdom*,SLB,GBR,25.0,25.0,24.0,20.0,18.0,16.0,15.0
Solomon Islands,United States of America*,SLB,USA,57.0,57.0,55.0,32.0,13.0,12.0,11.0
Solomon Islands,Australia*,SLB,AUS,156.0,154.0,147.0,134.0,131.0,122.0,118.0
Solomon Islands,New Zealand*,SLB,NZL,66.0,66.0,63.0,47.0,34.0,31.0,30.0
Solomon Islands,Fiji,SLB,FJI,113.0,112.0,107.0,75.0,48.0,44.0,42.0
Solomon Islands,New Caledonia*,SLB,NCL,67.0,67.0,64.0,38.0,15.0,14.0,13.0
Solomon Islands,Papua New Guinea,SLB,PNG,534.0,527.0,501.0,371.0,265.0,247.0,240.0
Solomon Islands,Vanuatu,SLB,VUT,6.0,6.0,6.0,17.0,31.0,28.0,27.0
Solomon Islands,Kiribati,SLB,KIR,521.0,514.0,489.0,297.0,124.0,115.0,111.0
Vanuatu,United Kingdom*,VUT,GBR,101.0,72.0,47.0,53.0,53.0,56.0,57.0
Vanuatu,France*,VUT,FRA,94.0,114.0,119.0,189.0,256.0,272.0,277.0
Vanuatu,Australia*,VUT,AUS,180.0,210.0,223.0,274.0,307.0,327.0,334.0
Vanuatu,New Zealand*,VUT,NZL,68.0,78.0,86.0,125.0,150.0,159.0,162.0
Vanuatu,Fiji,VUT,FJI,83.0,69.0,64.0,90.0,108.0,115.0,117.0
Vanuatu,New Caledonia*,VUT,NCL,97.0,76.0,72.0,98.0,121.0,128.0,130.0
Vanuatu,Papua New Guinea,VUT,PNG,34.0,23.0,24.0,28.0,31.0,33.0,33.0
Vanuatu,Solomon Islands,VUT,SLB,44.0,30.0,25.0,37.0,56.0,59.0,60.0
Vanuatu,Tonga,VUT,TON,10.0,11.0,13.0,13.0,14.0,14.0,14.0
Guam*,China,GUM,CHN,470.0,900.0,1330.0,1181.0,1032.0,1042.0,1100.0
Guam*,Japan,GUM,JPN,1308.0,1290.0,1272.0,1140.0,1007.0,1016.0,1073.0
Guam*,Republic of Korea,GUM,KOR,1467.0,1531.0,1595.0,1448.0,1300.0,1312.0,1386.0
Guam*,Philippines,GUM,PHL,11795.0,14065.0,16335.0,15190.0,14045.0,14182.0,15014.0
Guam*,Viet Nam,GUM,VNM,201.0,199.0,196.0,183.0,169.0,170.0,179.0
Guam*,Puerto Rico*,GUM,PRI,83.0,92.0,101.0,998.0,1894.0,1912.0,2021.0
Guam*,United States of America*,GUM,USA,10705.0,9345.0,7985.0,8430.0,8875.0,8961.0,9476.0
Guam*,Marshall Islands,GUM,MHL,40.0,76.0,111.0,112.0,112.0,113.0,118.0
Guam*,Micronesia (Fed. States of),GUM,FSM,1339.0,2355.0,3371.0,4237.0,5102.0,5151.0,5446.0
Guam*,Northern Mariana Islands*,GUM,MNP,1088.0,1116.0,1144.0,1104.0,1063.0,1073.0,1133.0
Guam*,Palau,GUM,PLW,707.0,739.0,770.0,733.0,695.0,701.0,740.0
Kiribati,United Kingdom*,KIR,GBR,4.0,4.0,4.0,4.0,5.0,4.0,3.0
Kiribati,United States of America*,KIR,USA,27.0,20.0,13.0,12.0,11.0,11.0,10.0
Kiribati,Australia*,KIR,AUS,24.0,33.0,42.0,39.0,36.0,36.0,37.0
Kiribati,New Zealand*,KIR,NZL,14.0,14.0,14.0,16.0,19.0,18.0,17.0
Kiribati,Fiji,KIR,FJI,100.0,111.0,123.0,176.0,230.0,234.0,249.0
Kiribati,Nauru,KIR,NRU,522.0,532.0,542.0,630.0,719.0,731.0,794.0
Kiribati,Tuvalu,KIR,TUV,174.0,162.0,150.0,138.0,126.0,127.0,134.0
Marshall Islands,China,MHL,CHN,5.0,28.0,46.0,75.0,97.0,107.0,106.0
Marshall Islands,Philippines,MHL,PHL,82.0,107.0,138.0,178.0,216.0,230.0,229.0
Marshall Islands,United States of America*,MHL,USA,234.0,280.0,341.0,405.0,520.0,554.0,560.0
Marshall Islands,Fiji,MHL,FJI,15.0,17.0,23.0,30.0,42.0,44.0,43.0
Marshall Islands,Kiribati,MHL,KIR,27.0,35.0,51.0,74.0,100.0,106.0,105.0
Marshall Islands,Micronesia (Fed. States of),MHL,FSM,32.0,42.0,56.0,76.0,98.0,104.0,107.0
Micronesia (Fed. States of),"China, Hong Kong SAR",FSM,HKG,5.0,3.0,4.0,6.0,5.0,7.0,6.0
Micronesia (Fed. States of),Japan,FSM,JPN,28.0,21.0,23.0,22.0,21.0,20.0,19.0
Micronesia (Fed. States of),Republic of Korea,FSM,KOR,27.0,20.0,22.0,21.0,20.0,19.0,18.0
Micronesia (Fed. States of),Philippines,FSM,PHL,73.0,56.0,63.0,60.0,58.0,57.0,57.0
Micronesia (Fed. States of),United States of America*,FSM,USA,100.0,77.0,87.0,83.0,80.0,78.0,78.0
Micronesia (Fed. States of),Guam*,FSM,GUM,23.0,17.0,19.0,18.0,17.0,16.0,15.0
Micronesia (Fed. States of),Marshall Islands,FSM,MHL,54.0,41.0,46.0,44.0,42.0,41.0,40.0
Micronesia (Fed. States of),Northern Mariana Islands*,FSM,MNP,44.0,33.0,37.0,35.0,34.0,33.0,32.0
Micronesia (Fed. States of),Palau,FSM,PLW,162.0,126.0,145.0,139.0,135.0,132.0,134.0
Micronesia (Fed. States of),American Samoa*,FSM,ASM,8.0,6.0,6.0,8.0,9.0,11.0,10.0
Micronesia (Fed. States of),Samoa,FSM,WSM,6.0,7.0,7.0,9.0,12.0,11.0,10.0
Micronesia (Fed. States of),Tonga,FSM,TON,3.0,5.0,5.0,7.0,7.0,9.0,8.0
Nauru,China,NRU,CHN,209.0,193.0,177.0,169.0,51.0,78.0,85.0
Nauru,Iran (Islamic Republic of),NRU,IRN,0.0,0.0,0.0,0.0,8.0,98.0,88.0
Nauru,Sri Lanka,NRU,LKA,0.0,0.0,0.0,0.0,55.0,9.0,31.0
Nauru,Philippines,NRU,PHL,34.0,31.0,28.0,26.0,11.0,16.0,16.0
Nauru,Australia*,NRU,AUS,84.0,77.0,71.0,67.0,10.0,15.0,15.0
Nauru,New Zealand*,NRU,NZL,11.0,10.0,9.0,8.0,0.0,0.0,0.0
Nauru,Fiji,NRU,FJI,90.0,83.0,76.0,71.0,23.0,35.0,37.0
Nauru,Solomon Islands,NRU,SLB,11.0,11.0,11.0,10.0,14.0,21.0,22.0
Nauru,Kiribati,NRU,KIR,627.0,579.0,532.0,500.0,69.0,105.0,115.0
Nauru,Tuvalu,NRU,TUV,133.0,122.0,112.0,105.0,8.0,12.0,12.0
Northern Mariana Islands*,China,MNP,CHN,1960.0,5916.0,10593.0,7771.0,2625.0,2362.0,2382.0
Northern Mariana Islands*,Japan,MNP,JPN,252.0,282.0,348.0,383.0,305.0,274.0,275.0
Northern Mariana Islands*,Republic of Korea,MNP,KOR,1521.0,1073.0,756.0,970.0,894.0,805.0,811.0
Northern Mariana Islands*,Bangladesh,MNP,BGD,13.0,27.0,28.0,28.0,21.0,18.0,17.0
Northern Mariana Islands*,Nepal,MNP,NPL,26.0,30.0,38.0,37.0,26.0,24.0,23.0
Northern Mariana Islands*,Philippines,MNP,PHL,4656.0,5106.0,6177.0,7411.0,6430.0,5785.0,5845.0
Northern Mariana Islands*,Puerto Rico*,MNP,PRI,479.0,565.0,720.0,777.0,602.0,542.0,546.0
Northern Mariana Islands*,United States of America*,MNP,USA,469.0,601.0,807.0,868.0,670.0,603.0,607.0
Northern Mariana Islands*,Guam*,MNP,GUM,554.0,574.0,664.0,656.0,452.0,407.0,409.0
Northern Mariana Islands*,Marshall Islands,MNP,MHL,57.0,59.0,70.0,62.0,37.0,34.0,33.0
Northern Mariana Islands*,Micronesia (Fed. States of),MNP,FSM,906.0,893.0,990.0,1022.0,750.0,675.0,680.0
Northern Mariana Islands*,Palau,MNP,PLW,713.0,599.0,559.0,540.0,360.0,323.0,324.0
Palau,China,PLW,CHN,91.0,177.0,455.0,161.0,162.0,137.0,153.0
Palau,Japan,PLW,JPN,20.0,40.0,108.0,74.0,74.0,63.0,70.0
Palau,Republic of Korea,PLW,KOR,3.0,6.0,33.0,31.0,31.0,26.0,28.0
Palau,Philippines,PLW,PHL,545.0,1049.0,1104.0,1344.0,1258.0,1071.0,1228.0
Palau,United States of America*,PLW,USA,119.0,232.0,183.0,178.0,179.0,152.0,171.0
Palau,Guam*,PLW,GUM,62.0,122.0,126.0,134.0,134.0,114.0,127.0
Palau,Micronesia (Fed. States of),PLW,FSM,80.0,157.0,180.0,238.0,239.0,203.0,229.0
Palau,Northern Mariana Islands*,PLW,MNP,40.0,78.0,106.0,152.0,153.0,130.0,145.0
American Samoa*,China,ASM,CHN,29.0,59.0,89.0,136.0,182.0,182.0,181.0
American Samoa*,Republic of Korea,ASM,KOR,95.0,92.0,88.0,116.0,144.0,144.0,143.0
American Samoa*,Philippines,ASM,PHL,162.0,225.0,287.0,389.0,491.0,493.0,494.0
American Samoa*,Viet Nam,ASM,VNM,0.0,49.0,98.0,101.0,104.0,104.0,103.0
American Samoa*,United States of America*,ASM,USA,1638.0,1669.0,1700.0,1488.0,1275.0,1281.0,1285.0
American Samoa*,New Zealand*,ASM,NZL,113.0,112.0,111.0,234.0,357.0,358.0,358.0
American Samoa*,Fiji,ASM,FJI,24.0,49.0,74.0,120.0,165.0,165.0,164.0
American Samoa*,Samoa,ASM,WSM,7049.0,7836.0,8627.0,8230.0,7839.0,7878.0,7914.0
American Samoa*,Tokelau*,ASM,TKL,15.0,15.0,14.0,12.0,10.0,10.0,9.0
American Samoa*,Tonga,ASM,TON,598.0,566.0,533.0,572.0,610.0,613.0,614.0
Cook Islands*,United Kingdom*,COK,GBR,10.0,11.0,11.0,18.0,25.0,26.0,28.0
Cook Islands*,Netherlands*,COK,NLD,2.0,2.0,2.0,3.0,4.0,4.0,4.0
Cook Islands*,United States of America*,COK,USA,5.0,5.0,5.0,8.0,11.0,11.0,12.0
Cook Islands*,Australia*,COK,AUS,44.0,46.0,47.0,105.0,163.0,183.0,201.0
Cook Islands*,New Zealand*,COK,NZL,983.0,1020.0,1061.0,1125.0,1185.0,1194.0,1315.0
Cook Islands*,Fiji,COK,FJI,35.0,37.0,38.0,62.0,86.0,228.0,251.0
Cook Islands*,Papua New Guinea,COK,PNG,5.0,5.0,5.0,8.0,11.0,11.0,12.0
Cook Islands*,French Polynesia*,COK,PYF,31.0,32.0,33.0,55.0,76.0,81.0,89.0
Cook Islands*,Niue*,COK,NIU,2.0,2.0,2.0,3.0,4.0,4.0,4.0
Cook Islands*,Samoa,COK,WSM,4.0,4.0,4.0,6.0,8.0,8.0,8.0
French Polynesia*,Algeria,PYF,DZA,219.0,246.0,269.0,280.0,262.0,249.0,249.0
French Polynesia*,China,PYF,CHN,272.0,306.0,334.0,348.0,326.0,309.0,309.0
French Polynesia*,Japan,PYF,JPN,11.0,12.0,14.0,14.0,13.0,12.0,12.0
French Polynesia*,India,PYF,IND,9.0,10.0,11.0,11.0,10.0,9.0,9.0
French Polynesia*,Indonesia,PYF,IDN,7.0,8.0,9.0,8.0,8.0,7.0,7.0
French Polynesia*,United Kingdom*,PYF,GBR,34.0,19.0,4.0,3.0,3.0,2.0,2.0
French Polynesia*,Italy,PYF,ITA,28.0,31.0,34.0,35.0,33.0,31.0,31.0
French Polynesia*,Spain*,PYF,ESP,17.0,19.0,21.0,21.0,20.0,19.0,19.0
French Polynesia*,France*,PYF,FRA,6776.0,7632.0,8326.0,9312.0,9324.0,9485.0,9491.0
French Polynesia*,Germany,PYF,DEU,95.0,107.0,117.0,121.0,114.0,108.0,108.0
French Polynesia*,Switzerland,PYF,CHE,13.0,14.0,16.0,16.0,15.0,14.0,14.0
French Polynesia*,Canada,PYF,CAN,35.0,39.0,43.0,44.0,41.0,38.0,38.0
French Polynesia*,United States of America*,PYF,USA,162.0,182.0,199.0,207.0,194.0,184.0,184.0
French Polynesia*,Australia*,PYF,AUS,32.0,35.0,39.0,40.0,38.0,36.0,36.0
French Polynesia*,New Zealand*,PYF,NZL,46.0,52.0,57.0,59.0,55.0,52.0,52.0
French Polynesia*,Fiji,PYF,FJI,14.0,15.0,17.0,17.0,16.0,15.0,15.0
French Polynesia*,New Caledonia*,PYF,NCL,915.0,1030.0,1124.0,1169.0,1092.0,1092.0,1092.0
French Polynesia*,Vanuatu,PYF,VUT,81.0,91.0,100.0,103.0,97.0,92.0,92.0
French Polynesia*,Wallis and Futuna Islands*,PYF,WLF,20.0,22.0,25.0,25.0,24.0,23.0,23.0
Niue*,United States of America*,NIU,USA,5.0,6.0,7.0,7.0,3.0,2.0,1.0
Niue*,Australia*,NIU,AUS,3.0,7.0,11.0,11.0,9.0,8.0,7.0
Niue*,New Zealand*,NIU,NZL,120.0,93.0,66.0,71.0,150.0,157.0,164.0
Niue*,Fiji,NIU,FJI,12.0,16.0,21.0,22.0,20.0,19.0,18.0
Niue*,Samoa,NIU,WSM,18.0,13.0,9.0,9.0,20.0,19.0,18.0
Niue*,Tonga,NIU,TON,19.0,34.0,50.0,53.0,23.0,22.0,21.0
Niue*,Tuvalu,NIU,TUV,13.0,22.0,26.0,27.0,14.0,13.0,12.0
Samoa,China,WSM,CHN,20.0,18.0,16.0,15.0,14.0,11.0,9.0
Samoa,Japan,WSM,JPN,5.0,9.0,13.0,12.0,11.0,8.0,6.0
Samoa,United Kingdom*,WSM,GBR,15.0,13.0,12.0,11.0,10.0,7.0,5.0
Samoa,France*,WSM,FRA,2.0,2.0,3.0,2.0,2.0,1.0,0.0
Samoa,Germany,WSM,DEU,14.0,18.0,22.0,20.0,18.0,15.0,13.0
Samoa,Canada,WSM,CAN,8.0,7.0,7.0,6.0,6.0,5.0,3.0
Samoa,United States of America*,WSM,USA,132.0,184.0,236.0,224.0,198.0,165.0,155.0
Samoa,Australia*,WSM,AUS,101.0,142.0,183.0,174.0,154.0,127.0,119.0
Samoa,New Zealand*,WSM,NZL,524.0,744.0,965.0,919.0,813.0,678.0,642.0
Samoa,Fiji,WSM,FJI,38.0,67.0,96.0,91.0,81.0,67.0,62.0
Samoa,Papua New Guinea,WSM,PNG,15.0,25.0,36.0,34.0,30.0,25.0,22.0
Samoa,Solomon Islands,WSM,SLB,3.0,7.0,11.0,10.0,9.0,6.0,4.0
Samoa,Vanuatu,WSM,VUT,1.0,2.0,4.0,4.0,3.0,5.0,3.0
Samoa,Kiribati,WSM,KIR,14.0,13.0,13.0,12.0,11.0,8.0,6.0
Samoa,Nauru,WSM,NRU,2.0,4.0,7.0,6.0,6.0,5.0,3.0
Samoa,American Samoa*,WSM,ASM,462.0,705.0,948.0,903.0,798.0,673.0,635.0
Samoa,Cook Islands*,WSM,COK,6.0,8.0,15.0,14.0,11.0,9.0,7.0
Samoa,Niue*,WSM,NIU,4.0,4.0,4.0,4.0,4.0,3.0,1.0
Samoa,Tokelau*,WSM,TKL,65.0,66.0,68.0,64.0,57.0,47.0,43.0
Samoa,Tonga,WSM,TON,21.0,33.0,46.0,43.0,39.0,32.0,29.0
Samoa,Tuvalu,WSM,TUV,18.0,30.0,43.0,40.0,36.0,29.0,26.0
Tokelau*,Australia*,TKL,AUS,4.0,3.0,2.0,3.0,5.0,7.0,7.0
Tokelau*,New Zealand*,TKL,NZL,55.0,54.0,56.0,59.0,105.0,109.0,114.0
Tokelau*,Samoa,TKL,WSM,43.0,46.0,50.0,51.0,90.0,102.0,107.0
Tokelau*,Tuvalu,TKL,TUV,7.0,6.0,5.0,7.0,15.0,17.0,17.0
Tonga,China,TON,CHN,36.0,39.0,43.0,49.0,52.0,44.0,40.0
Tonga,Japan,TON,JPN,21.0,24.0,28.0,32.0,34.0,29.0,26.0
Tonga,India,TON,IND,73.0,80.0,87.0,100.0,106.0,90.0,84.0
Tonga,Fiji,TON,FJI,177.0,194.0,211.0,244.0,259.0,221.0,208.0
Tonga,Samoa,TON,WSM,109.0,119.0,130.0,150.0,159.0,135.0,127.0
Tuvalu,United States of America*,TUV,USA,4.0,2.0,1.0,1.0,1.0,1.0,0.0
Tuvalu,Fiji,TUV,FJI,49.0,35.0,24.0,21.0,18.0,20.0,21.0
Tuvalu,Kiribati,TUV,KIR,50.0,42.0,41.0,40.0,44.0,45.0,50.0
Tuvalu,Nauru,TUV,NRU,6.0,5.0,4.0,4.0,4.0,4.0,3.0
Tuvalu,Samoa,TUV,WSM,3.0,1.0,1.0,1.0,1.0,1.0,0.0
Wallis and Futuna Islands*,Mayotte,WLF,MYT,16.0,20.0,24.0,28.0,18.0,12.0,9.0
Wallis and Futuna Islands*,France*,WLF,FRA,157.0,225.0,270.0,320.0,393.0,434.0,443.0
Wallis and Futuna Islands*,New Caledonia*,WLF,NCL,410.0,480.0,574.0,598.0,545.0,513.0,512.0
Wallis and Futuna Islands*,Vanuatu,WLF,VUT,73.0,80.0,96.0,97.0,68.0,34.0,28.0
Wallis and Futuna Islands*,French Polynesia*,WLF,PYF,8.0,11.0,13.0,16.0,9.0,7.0,5.0
