iso3,year,education_index
AFG,1990,0.871961963
AFG,1991,0.915267456
AFG,1992,0.95857295
AFG,1993,1.001878443
AFG,1994,1.045183937
AFG,1995,1.08848943
AFG,1996,1.123601992
AFG,1997,1.158714555
AFG,1998,1.193827117
AFG,1999,1.228939679
AFG,2000,1.264052241
AFG,2001,1.315550666
AFG,2002,1.367049091
AFG,2003,1.418547515
AFG,2004,1.47004594
AFG,2005,1.521544365
AFG,2006,1.595280745
AFG,2007,1.669017126
AFG,2008,1.742753507
AFG,2009,1.816489888
AFG,2010,1.890226268
AFG,2011,1.937043018
AFG,2012,1.983859768
AFG,2013,2.030676517
AFG,2014,2.077493267
AFG,2015,2.124310017
AFG,2016,2.267770012
AFG,2017,2.411230008
AFG,2018,2.554690003
AFG,2019,2.698149999
AFG,2020,2.841609995
AFG,2021,2.98506999
AFG,2022,2.514790058
AFG,2025,1.0
AGO,1999,3.387042502
AGO,2000,3.425696188
AGO,2001,3.464791
AGO,2002,3.505244769
AGO,2003,3.545698537
AGO,2004,3.586152306
AGO,2005,3.626606075
AGO,2006,3.667059843
AGO,2007,3.707513612
AGO,2008,3.747967381
AGO,2009,3.788421149
AGO,2010,3.828874918
AGO,2011,3.869328687
AGO,2012,3.909782456
AGO,2013,3.950236224
AGO,2014,3.990689993
AGO,2015,5.315629959
AGO,2016,5.417390823
AGO,2017,5.521099768
AGO,2018,5.626794086
AGO,2019,5.734511785
AGO,2020,5.844291601
AGO,2021,5.844291601
AGO,2022,5.844291601
AGO,2025,1.0
ALB,1990,7.354632085
ALB,1991,7.352753507
ALB,1992,7.350874929
ALB,1993,7.348996351
ALB,1994,7.347117774
ALB,1995,7.345239196
ALB,1996,7.627025866
ALB,1997,7.908812536
ALB,1998,8.190599206
ALB,1999,8.472385876
ALB,2000,8.754172545
ALB,2001,8.823679924
ALB,2002,8.888405664
ALB,2003,8.953131403
ALB,2004,9.017857143
ALB,2005,9.082582882
ALB,2006,9.147308622
ALB,2007,9.212034362
ALB,2008,9.276760101
ALB,2009,9.451739947
ALB,2010,9.626719793
ALB,2011,9.801699638
ALB,2012,10.02511024
ALB,2013,10.01542816
ALB,2014,10.00574608
ALB,2015,9.996063995
ALB,2016,9.986381912
ALB,2017,9.976699829
ALB,2018,10.02484799
ALB,2019,10.07299615
ALB,2020,10.12114431
ALB,2021,10.12114431
ALB,2022,10.12114431
ALB,2025,1.0
AND,2000,9.806363724
AND,2001,9.891956443
AND,2002,9.978296239
AND,2003,10.06538963
AND,2004,10.70065022
AND,2005,10.08963966
AND,2006,10.41322041
AND,2007,10.4421978
AND,2008,10.47117519
AND,2009,10.50015259
AND,2010,10.52912998
AND,2011,10.55810738
AND,2012,10.58708477
AND,2013,10.61606216
AND,2014,10.64503956
AND,2015,10.57328033
AND,2016,10.55609989
AND,2017,10.73232317
AND,2018,10.90854645
AND,2019,11.08476973
AND,2020,11.260993
AND,2021,11.43721628
AND,2022,11.61343956
AND,2025,1.0
ARE,1990,5.759906188
ARE,1991,6.058643774
ARE,1992,6.35738136
ARE,1993,6.656118945
ARE,1994,6.954856531
ARE,1995,7.253594116
ARE,1996,7.499131858
ARE,1997,7.7446696
ARE,1998,7.990207341
ARE,1999,8.235745083
ARE,2000,8.481282824
ARE,2001,8.583590217
ARE,2002,8.685897609
ARE,2003,8.788205001
ARE,2004,8.890512394
ARE,2005,8.992819786
ARE,2006,9.160983432
ARE,2007,9.329147079
ARE,2008,9.497310725
ARE,2009,9.665474371
ARE,2010,9.833638018
ARE,2011,10.00180166
ARE,2012,10.16996531
ARE,2013,10.33812896
ARE,2014,10.5062926
ARE,2015,10.67445625
ARE,2016,10.8426199
ARE,2017,12.05539989
ARE,2018,12.48400021
ARE,2019,12.69402981
ARE,2020,12.73389006
ARE,2021,12.77375031
ARE,2022,12.77375031
ARE,2025,1.0
ARG,1990,8.126089428
ARG,1991,8.192950249
ARG,1992,8.260361195
ARG,1993,8.327772141
ARG,1994,8.395183086
ARG,1995,8.462594032
ARG,1996,8.530004978
ARG,1997,8.597415924
ARG,1998,8.66482687
ARG,1999,8.732237816
ARG,2000,8.799648762
ARG,2001,8.867059708
ARG,2002,9.391139984
ARG,2003,9.915220261
ARG,2004,10.00709343
ARG,2005,10.0989666
ARG,2006,10.19083977
ARG,2007,10.29859972
ARG,2008,10.40635967
ARG,2009,10.54321003
ARG,2010,10.59963989
ARG,2011,10.69979
ARG,2012,10.78507042
ARG,2013,10.89459991
ARG,2014,10.90851021
ARG,2015,10.91755009
ARG,2016,10.92819023
ARG,2017,11.01644516
ARG,2018,11.10470009
ARG,2019,11.12439013
ARG,2020,11.14408016
ARG,2021,11.14408016
ARG,2022,11.14408016
ARG,2025,1.0
ARM,1990,9.781759786
ARM,1991,9.851629499
ARM,1992,9.921499211
ARM,1993,9.991368924
ARM,1994,10.06123864
ARM,1995,10.13110835
ARM,1996,10.20291889
ARM,1997,10.27472943
ARM,1998,10.34653996
ARM,1999,10.4183505
ARM,2000,10.49016104
ARM,2001,10.48822021
ARM,2002,10.55885315
ARM,2003,10.62948608
ARM,2004,10.70011902
ARM,2005,10.77075195
ARM,2006,10.84138489
ARM,2007,10.91201782
ARM,2008,10.98265076
ARM,2009,11.05328369
ARM,2010,11.12391663
ARM,2011,11.19454956
ARM,2012,11.28896475
ARM,2013,11.38337994
ARM,2014,11.47779512
ARM,2015,11.57221031
ARM,2016,11.68974018
ARM,2017,11.18758965
ARM,2018,11.23515987
ARM,2019,11.2827301
ARM,2020,11.33030033
ARM,2021,11.33030033
ARM,2022,11.33030033
ARM,2025,1.0
ATG,2000,9.724649907
ATG,2001,9.769729986
ATG,2002,9.815019041
ATG,2003,9.860518039
ATG,2004,9.906227956
ATG,2005,9.952149767
ATG,2006,9.998284456
ATG,2007,10.04463301
ATG,2008,10.09119642
ATG,2009,10.13797568
ATG,2010,10.18497179
ATG,2011,10.23218576
ATG,2012,10.2796186
ATG,2013,10.32727132
ATG,2014,10.37492404
ATG,2015,10.42257676
ATG,2016,10.47022948
ATG,2017,10.5178822
ATG,2018,10.52733136
ATG,2019,10.53678052
ATG,2020,10.54622968
ATG,2021,10.54622968
ATG,2022,10.54622968
ATG,2025,1.0
AUS,1990,11.22770758
AUS,1991,11.249762
AUS,1992,11.27181643
AUS,1993,11.29387086
AUS,1994,11.31592528
AUS,1995,11.33797971
AUS,1996,11.32795497
AUS,1997,11.31793023
AUS,1998,11.30790549
AUS,1999,11.29788075
AUS,2000,11.28785601
AUS,2001,11.34399455
AUS,2002,11.40013309
AUS,2003,11.45627163
AUS,2004,11.51241016
AUS,2005,11.54751968
AUS,2006,11.6446104
AUS,2007,11.7118597
AUS,2008,11.9376297
AUS,2009,11.98707962
AUS,2010,12.03444004
AUS,2011,12.11583996
AUS,2012,12.29574013
AUS,2013,12.01885986
AUS,2014,12.16699982
AUS,2015,12.2456398
AUS,2016,12.35210991
AUS,2017,12.42234039
AUS,2018,12.55362034
AUS,2019,12.65668964
AUS,2020,12.72681999
AUS,2021,12.72681999
AUS,2022,12.72681999
AUS,2025,1.0
AUT,1990,10.20033055
AUT,1991,10.29016018
AUT,1992,10.3807809
AUT,1993,10.47140162
AUT,1994,10.56202235
AUT,1995,10.65264307
AUT,1996,10.74326379
AUT,1997,10.83388451
AUT,1998,10.92450523
AUT,1999,11.01512596
AUT,2000,11.10574668
AUT,2001,11.1963674
AUT,2002,11.28698812
AUT,2003,11.37760884
AUT,2004,11.46822957
AUT,2005,11.55885029
AUT,2006,11.54505491
AUT,2007,11.53125954
AUT,2008,11.46809959
AUT,2009,11.67436981
AUT,2010,11.71487999
AUT,2011,11.71115017
AUT,2012,11.75162983
AUT,2013,11.78754044
AUT,2014,12.01449966
AUT,2015,12.07699013
AUT,2016,12.11466026
AUT,2017,12.15911961
AUT,2018,12.20790482
AUT,2019,12.25669003
AUT,2020,12.30571367
AUT,2021,12.30571367
AUT,2022,12.30571367
AUT,2025,1.0
AZE,1995,9.921096274
AZE,1996,9.985629775
AZE,1997,10.05058305
AZE,1998,10.11595882
AZE,1999,10.18175983
AZE,2000,10.24885607
AZE,2001,10.3159523
AZE,2002,10.38304853
AZE,2003,10.45014477
AZE,2004,10.517241
AZE,2005,10.58433723
AZE,2006,10.65143347
AZE,2007,10.7185297
AZE,2008,10.73077965
AZE,2009,10.45223045
AZE,2010,10.46595001
AZE,2011,10.4671402
AZE,2012,10.47150993
AZE,2013,10.47587967
AZE,2014,10.47768021
AZE,2015,10.47585011
AZE,2016,10.55539989
AZE,2017,10.54459953
AZE,2018,10.54176044
AZE,2019,10.5429697
AZE,2020,10.55612992
AZE,2021,10.55612992
AZE,2022,10.55612992
AZE,2025,1.0
BDI,1990,1.460590005
BDI,1991,1.514265001
BDI,1992,1.567939997
BDI,1993,1.621614993
BDI,1994,1.675289989
BDI,1995,1.728964984
BDI,1996,1.78263998
BDI,1997,1.836314976
BDI,1998,1.889989972
BDI,1999,1.943664968
BDI,2000,1.997339964
BDI,2001,2.05101496
BDI,2002,2.104689956
BDI,2003,2.158364952
BDI,2004,2.212039948
BDI,2005,2.265714943
BDI,2006,2.319389939
BDI,2007,2.373064935
BDI,2008,2.426739931
BDI,2009,2.359861612
BDI,2010,2.292983294
BDI,2011,2.226104975
BDI,2012,2.159226656
BDI,2013,2.092348337
BDI,2014,2.025470018
BDI,2015,2.285303354
BDI,2016,2.54513669
BDI,2017,2.804970026
BDI,2018,2.962684561
BDI,2019,3.129266883
BDI,2020,3.305215598
BDI,2021,3.305215598
BDI,2022,3.305215598
BDI,2025,1.0
BEL,1990,9.406848637
BEL,1991,9.547434507
BEL,1992,9.688020377
BEL,1993,9.828606246
BEL,1994,9.969192116
BEL,1995,10.10977799
BEL,1996,10.19661043
BEL,1997,10.28344288
BEL,1998,10.37027533
BEL,1999,10.45710778
BEL,2000,10.54394023
BEL,2001,10.64110988
BEL,2002,10.73827952
BEL,2003,10.83544917
BEL,2004,10.93261881
BEL,2005,11.02978846
BEL,2006,11.05253029
BEL,2007,11.11720991
BEL,2008,11.18188953
BEL,2009,11.3167696
BEL,2010,11.41578007
BEL,2011,11.46986961
BEL,2012,11.49960995
BEL,2013,11.53950977
BEL,2014,11.64029026
BEL,2015,11.89404011
BEL,2016,11.98532009
BEL,2017,12.23692989
BEL,2018,12.30630493
BEL,2019,12.37567997
BEL,2020,12.52857789
BEL,2021,12.52857789
BEL,2022,12.52857789
BEL,2025,1.0
BEN,1990,1.458545852
BEN,1991,1.534742616
BEN,1992,1.61492002
BEN,1993,1.69928602
BEN,1994,1.78365202
BEN,1995,1.868018019
BEN,1996,1.952384019
BEN,1997,2.036750019
BEN,1998,2.121116018
BEN,1999,2.205482018
BEN,2000,2.289848018
BEN,2001,2.374214017
BEN,2002,2.458580017
BEN,2003,2.471358013
BEN,2004,2.484136009
BEN,2005,2.496914005
BEN,2006,2.509692001
BEN,2007,2.522469997
BEN,2008,2.535247993
BEN,2009,2.54802599
BEN,2010,2.560803986
BEN,2011,2.573581982
BEN,2012,2.586359978
BEN,2013,2.599137974
BEN,2014,2.61191597
BEN,2015,2.624693966
BEN,2016,2.637471962
BEN,2017,2.650249958
BEN,2018,2.841894984
BEN,2019,3.03354001
BEN,2020,3.137261725
BEN,2021,3.137261725
BEN,2022,3.137261725
BEN,2025,1.0
BFA,1999,1.496643878
BFA,2000,1.469865149
BFA,2001,1.44356556
BFA,2002,1.417736536
BFA,2003,1.392369659
BFA,2004,1.367456658
BFA,2005,1.342989415
BFA,2006,1.318959951
BFA,2007,0.976930022
BFA,2008,1.021130017
BFA,2009,1.065330012
BFA,2010,1.109530006
BFA,2011,1.153730001
BFA,2012,1.197929995
BFA,2013,1.24212999
BFA,2014,1.286329985
BFA,2015,1.444627494
BFA,2016,1.602925003
BFA,2017,1.761222512
BFA,2018,1.91952002
BFA,2019,2.101710081
BFA,2020,2.318685239
BFA,2021,2.318685239
BFA,2022,2.318685239
BFA,2025,1.0
BGD,1990,3.294752292
BGD,1991,3.399163456
BGD,1992,3.50357462
BGD,1993,3.607985785
BGD,1994,3.712396949
BGD,1995,3.816808113
BGD,1996,3.909618037
BGD,1997,4.00242796
BGD,1998,4.095237884
BGD,1999,4.188047808
BGD,2000,4.280857732
BGD,2001,4.396870136
BGD,2002,4.477070141
BGD,2003,4.557270145
BGD,2004,4.63747015
BGD,2005,4.717670155
BGD,2006,4.797870159
BGD,2007,4.878070164
BGD,2008,4.958270168
BGD,2009,5.038470173
BGD,2010,5.118670177
BGD,2011,5.198870182
BGD,2012,5.302340031
BGD,2013,5.064770222
BGD,2014,5.194399834
BGD,2015,5.98582983
BGD,2016,6.113890171
BGD,2017,6.270249844
BGD,2018,6.385879993
BGD,2019,6.549980164
BGD,2020,7.379059792
BGD,2021,7.379059792
BGD,2022,7.379059792
BGD,2025,1.0
BGR,1990,6.81489869
BGR,1991,7.088468488
BGR,1992,7.373020172
BGR,1993,7.668994586
BGR,1994,7.964968999
BGR,1995,8.260943413
BGR,1996,8.556917826
BGR,1997,8.85289224
BGR,1998,9.148866653
BGR,1999,9.444841067
BGR,2000,9.740815481
BGR,2001,10.03678989
BGR,2002,10.11271992
BGR,2003,10.18864994
BGR,2004,10.26457996
BGR,2005,10.34050999
BGR,2006,10.41644001
BGR,2007,10.5424099
BGR,2008,10.58646965
BGR,2009,10.64169025
BGR,2010,10.72171974
BGR,2011,10.78184986
BGR,2012,10.89634037
BGR,2013,11.00629997
BGR,2014,11.05152988
BGR,2015,11.18832016
BGR,2016,11.23243999
BGR,2017,11.24269962
BGR,2018,11.29952653
BGR,2019,11.35635344
BGR,2020,11.41318035
BGR,2021,11.41318035
BGR,2022,11.41318035
BGR,2025,1.0
BHR,1990,5.108272499
BHR,1991,5.387740135
BHR,1992,5.68249712
BHR,1993,5.977254105
BHR,1994,6.272011089
BHR,1995,6.566768074
BHR,1996,6.861525059
BHR,1997,7.156282043
BHR,1998,7.451039028
BHR,1999,7.745796013
BHR,2000,8.040552998
BHR,2001,8.335309982
BHR,2002,8.301632245
BHR,2003,8.267954508
BHR,2004,8.234276772
BHR,2005,8.200599035
BHR,2006,8.166921298
BHR,2007,8.133243561
BHR,2008,8.099565824
BHR,2009,8.065888087
BHR,2010,8.03221035
BHR,2011,8.247186979
BHR,2012,8.462163607
BHR,2013,8.677140236
BHR,2014,8.892116865
BHR,2015,9.107093493
BHR,2016,9.322070122
BHR,2017,9.586489677
BHR,2018,10.54808998
BHR,2019,10.79733992
BHR,2020,11.04658985
BHR,2021,11.04658985
BHR,2022,11.04658985
BHR,2025,1.0
BHS,1990,10.01280022
BHS,1991,10.11538124
BHS,1992,10.21796227
BHS,1993,10.32054329
BHS,1994,10.42312431
BHS,1995,10.52570534
BHS,1996,10.62828636
BHS,1997,10.73086739
BHS,1998,10.83344841
BHS,1999,10.93602943
BHS,2000,11.03861046
BHS,2001,11.1210104
BHS,2002,11.20341034
BHS,2003,11.28581028
BHS,2004,11.36821022
BHS,2005,11.45061016
BHS,2006,11.5330101
BHS,2007,11.61541004
BHS,2008,11.69780998
BHS,2009,11.78020992
BHS,2010,11.86260986
BHS,2011,11.94677192
BHS,2012,12.03153108
BHS,2013,12.11689158
BHS,2014,12.20285769
BHS,2015,12.28943371
BHS,2016,12.37662396
BHS,2017,12.46443281
BHS,2018,12.55286464
BHS,2019,12.64192386
BHS,2020,12.73161494
BHS,2021,12.73161494
BHS,2022,12.73161494
BHS,2025,1.0
BIH,2000,6.119783684
BIH,2001,6.126404184
BIH,2002,6.133024683
BIH,2003,6.139645183
BIH,2004,6.146265683
BIH,2005,6.152886182
BIH,2006,6.159506682
BIH,2007,6.825698913
BIH,2008,6.920869232
BIH,2009,7.016039551
BIH,2010,7.111209869
BIH,2011,7.238110065
BIH,2012,7.890076637
BIH,2013,8.542043209
BIH,2014,9.194009781
BIH,2015,9.291910172
BIH,2016,9.692919731
BIH,2017,9.752649784
BIH,2018,9.812379837
BIH,2019,10.17434978
BIH,2020,10.53631973
BIH,2021,10.53631973
BIH,2022,10.53631973
BIH,2025,1.0
BLR,1995,9.956694897
BLR,1996,10.04010863
BLR,1997,10.12422118
BLR,1998,10.20903839
BLR,1999,10.29456617
BLR,2000,10.38081047
BLR,2001,10.4677773
BLR,2002,10.5554727
BLR,2003,10.64390279
BLR,2004,10.73307371
BLR,2005,10.82299168
BLR,2006,10.91366295
BLR,2007,11.00509383
BLR,2008,11.09729068
BLR,2009,11.19025993
BLR,2010,11.28559198
BLR,2011,11.38092403
BLR,2012,11.47625608
BLR,2013,11.57158813
BLR,2014,11.66692019
BLR,2015,11.76225224
BLR,2016,11.85758429
BLR,2017,11.95291634
BLR,2018,12.04824839
BLR,2019,12.14358044
BLR,2020,12.24122445
BLR,2021,12.24122445
BLR,2022,12.24122445
BLR,2025,1.0
BLZ,1990,5.451236009
BLZ,1991,5.618259907
BLZ,1992,5.790401357
BLZ,1993,5.962542806
BLZ,1994,6.134684256
BLZ,1995,6.306825706
BLZ,1996,6.478967156
BLZ,1997,6.651108606
BLZ,1998,6.823250055
BLZ,1999,6.995391505
BLZ,2000,7.167532955
BLZ,2001,7.339674405
BLZ,2002,7.511815854
BLZ,2003,7.683957304
BLZ,2004,7.856098754
BLZ,2005,8.028240204
BLZ,2006,8.519836235
BLZ,2007,9.011432266
BLZ,2008,9.503028297
BLZ,2009,9.994624329
BLZ,2010,10.48622036
BLZ,2011,10.17366238
BLZ,2012,9.861104393
BLZ,2013,9.54854641
BLZ,2014,9.235988426
BLZ,2015,8.923430443
BLZ,2016,8.908264351
BLZ,2017,8.893098259
BLZ,2018,8.877932167
BLZ,2019,8.862766075
BLZ,2020,8.847599983
BLZ,2021,8.847599983
BLZ,2022,8.847599983
BLZ,2025,1.0
BOL,1990,5.993671061
BOL,1991,6.101269806
BOL,1992,6.210800171
BOL,1993,6.322296831
BOL,1994,6.433793492
BOL,1995,6.545290152
BOL,1996,6.656786813
BOL,1997,6.768283473
BOL,1998,6.879780134
BOL,1999,6.991276794
BOL,2000,7.102773454
BOL,2001,7.214270115
BOL,2002,7.152404118
BOL,2003,7.09053812
BOL,2004,7.028672123
BOL,2005,6.966806126
BOL,2006,6.904940128
BOL,2007,7.052365065
BOL,2008,7.199790001
BOL,2009,7.481540203
BOL,2010,7.712310155
BOL,2011,7.943080107
BOL,2012,8.17385006
BOL,2013,8.425590197
BOL,2014,8.677330335
BOL,2015,8.929070473
BOL,2016,9.162832737
BOL,2017,9.396595001
BOL,2018,9.630357265
BOL,2019,9.86411953
BOL,2020,9.827750206
BOL,2021,9.827750206
BOL,2022,9.827750206
BOL,2025,1.0
BRA,1990,3.685384501
BRA,1991,3.831340323
BRA,1992,3.977296144
BRA,1993,4.123251966
BRA,1994,4.269207788
BRA,1995,4.41516361
BRA,1996,4.5866617
BRA,1997,4.758159791
BRA,1998,4.929657882
BRA,1999,5.101155972
BRA,2000,5.272654063
BRA,2001,5.449625497
BRA,2002,5.626596931
BRA,2003,5.803568365
BRA,2004,5.980539799
BRA,2005,6.150349855
BRA,2006,6.320159912
BRA,2007,6.501580238
BRA,2008,6.671150208
BRA,2009,6.768959999
BRA,2010,6.878170013
BRA,2011,7.006090164
BRA,2012,7.215769768
BRA,2013,7.287489891
BRA,2014,7.379069805
BRA,2015,7.506820202
BRA,2016,7.731040001
BRA,2017,7.851759911
BRA,2018,7.982019901
BRA,2019,8.128813955
BRA,2020,8.278307638
BRA,2021,8.278307638
BRA,2022,8.278307638
BRA,2025,1.0
BRB,1990,8.369409254
BRB,1991,8.499922319
BRB,1992,8.630435384
BRB,1993,8.760948449
BRB,1994,8.891461514
BRB,1995,9.021974579
BRB,1996,9.015759671
BRB,1997,9.009544763
BRB,1998,9.003329855
BRB,1999,8.997114948
BRB,2000,8.99090004
BRB,2001,9.096553473
BRB,2002,9.202206907
BRB,2003,9.307860341
BRB,2004,9.413513774
BRB,2005,9.519167208
BRB,2006,9.546098475
BRB,2007,9.573029743
BRB,2008,9.59996101
BRB,2009,9.626892278
BRB,2010,9.653823545
BRB,2011,9.662110089
BRB,2012,9.670396633
BRB,2013,9.678683176
BRB,2014,9.68696972
BRB,2015,9.695256264
BRB,2016,9.734617347
BRB,2017,9.77397843
BRB,2018,9.813339513
BRB,2019,9.852700596
BRB,2020,9.89206168
BRB,2021,9.89206168
BRB,2022,9.89206168
BRB,2025,1.0
BRN,1990,7.51
BRN,1991,7.62
BRN,1992,7.73
BRN,1993,7.84
BRN,1994,7.95
BRN,1995,8.06
BRN,1996,8.106
BRN,1997,8.152
BRN,1998,8.198
BRN,1999,8.244
BRN,2000,8.29
BRN,2001,8.328
BRN,2002,8.366
BRN,2003,8.404
BRN,2004,8.442
BRN,2005,8.48
BRN,2006,8.538
BRN,2007,8.596
BRN,2008,8.654
BRN,2009,8.712
BRN,2010,8.77
BRN,2011,8.82
BRN,2012,8.87
BRN,2013,8.92
BRN,2014,8.97
BRN,2015,9.02
BRN,2016,9.06
BRN,2017,9.1
BRN,2018,9.14
BRN,2019,9.18
BRN,2020,9.22
BRN,2021,9.22
BRN,2022,9.22
BRN,2025,1.0
BTN,2010,2.359933
BTN,2011,2.288726499
BTN,2012,2.217519999
BTN,2013,2.585663986
BTN,2014,2.953807974
BTN,2015,3.321951962
BTN,2016,3.690095949
BTN,2017,4.058239937
BTN,2018,4.580629311
BTN,2019,5.170262283
BTN,2020,5.835794662
BTN,2021,5.835794662
BTN,2022,5.835794662
BTN,2025,1.0
BWA,1990,5.52
BWA,1991,5.758
BWA,1992,5.996
BWA,1993,6.234
BWA,1994,6.472
BWA,1995,6.71
BWA,1996,6.89
BWA,1997,7.07
BWA,1998,7.25
BWA,1999,7.43
BWA,2000,7.61
BWA,2001,7.744
BWA,2002,7.878
BWA,2003,8.012
BWA,2004,8.146
BWA,2005,8.28
BWA,2006,8.398
BWA,2007,8.516
BWA,2008,8.634
BWA,2009,8.752
BWA,2010,8.87
BWA,2011,9.1
BWA,2012,9.33
BWA,2013,9.56
BWA,2014,9.79
BWA,2015,10.02
BWA,2016,10.1
BWA,2017,10.18
BWA,2018,10.26
BWA,2019,10.34
BWA,2020,10.42
BWA,2021,10.42
BWA,2022,10.42
BWA,2025,1.0
CAF,1990,1.867779274
CAF,1991,1.934874257
CAF,1992,2.001969241
CAF,1993,2.069064225
CAF,1994,2.136159208
CAF,1995,2.203254192
CAF,1996,2.281229443
CAF,1997,2.359204694
CAF,1998,2.437179946
CAF,1999,2.515155197
CAF,2000,2.593130448
CAF,2001,2.665665566
CAF,2002,2.738200683
CAF,2003,2.8107358
CAF,2004,2.883270918
CAF,2005,2.955806035
CAF,2006,3.012020751
CAF,2007,3.068235467
CAF,2008,3.124450183
CAF,2009,3.180664899
CAF,2010,3.236879615
CAF,2011,3.356562559
CAF,2012,3.476245503
CAF,2013,3.595928447
CAF,2014,3.71561139
CAF,2015,3.835294334
CAF,2016,3.858868247
CAF,2017,3.88244216
CAF,2018,3.906016074
CAF,2019,3.929589987
CAF,2020,3.9531639
CAF,2021,3.9531639
CAF,2022,3.9531639
CAF,2025,1.0
CAN,1990,10.74998669
CAN,1991,10.92090034
CAN,1992,11.09453135
CAN,1993,11.26816235
CAN,1994,11.44179335
CAN,1995,11.61542435
CAN,1996,11.78905535
CAN,1997,11.96268635
CAN,1998,12.13631735
CAN,1999,12.30994835
CAN,2000,12.48357935
CAN,2001,12.65721035
CAN,2002,12.78942223
CAN,2003,12.9216341
CAN,2004,13.05384598
CAN,2005,13.18605785
CAN,2006,13.31826973
CAN,2007,13.36716785
CAN,2008,13.41606598
CAN,2009,13.4649641
CAN,2010,13.51386223
CAN,2011,13.56276035
CAN,2012,13.59659233
CAN,2013,13.63042431
CAN,2014,13.66425629
CAN,2015,13.69808826
CAN,2016,13.73192024
CAN,2017,13.76600456
CAN,2018,13.80017348
CAN,2019,13.83442722
CAN,2020,13.86876597
CAN,2021,13.86876597
CAN,2022,13.86876597
CAN,2025,1.0
CHE,1990,10.53357283
CHE,1991,10.52323566
CHE,1992,10.51289849
CHE,1993,10.50256133
CHE,1994,10.49222416
CHE,1995,10.48188699
CHE,1996,10.51289849
CHE,1997,10.54390999
CHE,1998,10.57492149
CHE,1999,10.60593299
CHE,2000,10.63694449
CHE,2001,10.75065333
CHE,2002,10.86436216
CHE,2003,10.97807099
CHE,2004,11.09177983
CHE,2005,11.20548866
CHE,2006,11.73888646
CHE,2007,12.27228426
CHE,2008,12.80568206
CHE,2009,13.33907986
CHE,2010,13.32365036
CHE,2011,13.32542038
CHE,2012,13.41355038
CHE,2013,13.5268302
CHE,2014,13.64011002
CHE,2015,13.71187973
CHE,2016,13.66668034
CHE,2017,13.73318529
CHE,2018,13.79969025
CHE,2019,13.85966015
CHE,2020,13.90406622
CHE,2021,13.90406622
CHE,2022,13.90406622
CHE,2025,1.0
CHL,1990,8.387270623
CHL,1991,8.466750993
CHL,1992,8.546231363
CHL,1993,8.625711733
CHL,1994,8.705192103
CHL,1995,8.784672473
CHL,1996,8.857878077
CHL,1997,8.931083681
CHL,1998,9.004289285
CHL,1999,9.077494889
CHL,2000,9.150700493
CHL,2001,9.288745346
CHL,2002,9.426790199
CHL,2003,9.564835053
CHL,2004,9.702879906
CHL,2005,9.736940066
CHL,2006,9.771000226
CHL,2007,9.805060387
CHL,2008,10.1062603
CHL,2009,9.97935009
CHL,2010,9.85243988
CHL,2011,9.544130325
CHL,2012,9.776545048
CHL,2013,10.00895977
CHL,2014,10.13243484
CHL,2015,10.25590992
CHL,2016,10.42321491
CHL,2017,10.59051991
CHL,2018,10.76136507
CHL,2019,10.9349663
CHL,2020,11.11136804
CHL,2021,11.11136804
CHL,2022,11.11136804
CHL,2025,1.0
CHN,1990,4.143789768
CHN,1991,4.322265768
CHN,1992,4.500741768
CHN,1993,4.679217768
CHN,1994,4.857693768
CHN,1995,5.036169767
CHN,1996,5.214645767
CHN,1997,5.393121767
CHN,1998,5.571597767
CHN,1999,5.750073767
CHN,2000,5.928549767
CHN,2001,6.008342791
CHN,2002,6.088135815
CHN,2003,6.167928839
CHN,2004,6.247721863
CHN,2005,6.327514887
CHN,2006,6.407307911
CHN,2007,6.487100935
CHN,2008,6.566893959
CHN,2009,6.646686983
CHN,2010,6.726480007
CHN,2011,6.862735033
CHN,2012,6.998990059
CHN,2013,7.135245085
CHN,2014,7.271500111
CHN,2015,7.407755136
CHN,2016,7.544010162
CHN,2017,7.680265188
CHN,2018,7.816520214
CHN,2019,7.960391283
CHN,2020,8.106910446
CHN,2021,8.106910446
CHN,2022,8.106910446
CHN,2025,1.0
CIV,1990,4.585823318
CIV,1991,4.792634958
CIV,1992,4.999446597
CIV,1993,5.206258237
CIV,1994,5.413069877
CIV,1995,5.619881517
CIV,1996,5.957074408
CIV,1997,6.294267299
CIV,1998,6.63146019
CIV,1999,6.509348929
CIV,2000,6.387237668
CIV,2001,6.265126407
CIV,2002,6.143015146
CIV,2003,6.020903885
CIV,2004,5.898792624
CIV,2005,5.776681364
CIV,2006,5.654570103
CIV,2007,5.532458842
CIV,2008,5.410347581
CIV,2009,5.28823632
CIV,2010,5.166125059
CIV,2011,5.044013798
CIV,2012,4.921902537
CIV,2013,4.799791276
CIV,2014,4.677680016
CIV,2015,4.308879972
CIV,2016,3.940079927
CIV,2017,4.014304353
CIV,2018,4.088528779
CIV,2019,4.162753204
CIV,2020,4.23697763
CIV,2021,4.23697763
CIV,2022,4.23697763
CIV,2025,1.0
CMR,1990,2.137418272
CMR,1991,2.221190285
CMR,1992,2.304962298
CMR,1993,2.388734311
CMR,1994,2.472506324
CMR,1995,2.556278337
CMR,1996,2.641282291
CMR,1997,2.726286246
CMR,1998,2.8112902
CMR,1999,2.896294154
CMR,2000,2.981298109
CMR,2001,3.058910415
CMR,2002,3.136522721
CMR,2003,3.214135027
CMR,2004,3.291747333
CMR,2005,3.369359639
CMR,2006,3.429724766
CMR,2007,3.490089893
CMR,2008,4.061129888
CMR,2009,4.632169882
CMR,2010,5.203209877
CMR,2011,5.355272412
CMR,2012,5.507334948
CMR,2013,5.659397483
CMR,2014,5.811460018
CMR,2015,5.963522553
CMR,2016,6.115585089
CMR,2017,6.267647624
CMR,2018,6.419710159
CMR,2019,6.47855597
CMR,2020,6.537401781
CMR,2021,6.537401781
CMR,2022,6.537401781
CMR,2025,1.0
COD,1990,3.516495009
COD,1991,3.725921823
COD,1992,3.935348637
COD,1993,4.144775451
COD,1994,4.354202265
COD,1995,4.563629078
COD,1996,4.679282692
COD,1997,4.794936306
COD,1998,4.910589919
COD,1999,5.026243533
COD,2000,5.141897147
COD,2001,5.20128684
COD,2002,5.260676533
COD,2003,5.320066227
COD,2004,5.37945592
COD,2005,5.438845614
COD,2006,5.479480667
COD,2007,5.520115721
COD,2008,5.560750774
COD,2009,5.601385828
COD,2010,5.642020881
COD,2011,5.748297175
COD,2012,5.854573468
COD,2013,5.960849762
COD,2014,6.227059841
COD,2015,6.49326992
COD,2016,6.75948
COD,2017,6.903520107
COD,2018,7.047560215
COD,2019,7.126862507
COD,2020,7.206164799
COD,2021,7.206164799
COD,2022,7.206164799
COD,2025,1.0
COG,1990,5.860829425
COG,1991,6.039724902
COG,1992,6.218620379
COG,1993,6.397515855
COG,1994,6.576411332
COG,1995,6.755306809
COG,1996,6.856769915
COG,1997,6.958233021
COG,1998,7.059696128
COG,1999,7.161159234
COG,2000,7.26262234
COG,2001,7.310683811
COG,2002,7.358745283
COG,2003,7.406806754
COG,2004,7.454868225
COG,2005,7.502929697
COG,2006,7.516280106
COG,2007,7.529630514
COG,2008,7.542980923
COG,2009,7.556331332
COG,2010,7.56968174
COG,2011,7.687165337
COG,2012,7.804648934
COG,2013,7.92213253
COG,2014,8.039616127
COG,2015,8.157099724
COG,2016,8.175790296
COG,2017,8.194480868
COG,2018,8.21317144
COG,2019,8.231862013
COG,2020,8.250552585
COG,2021,8.250552585
COG,2022,8.250552585
COG,2025,1.0
COL,1990,6.340998417
COL,1991,6.39219122
COL,1992,6.443797317
COL,1993,6.495820045
COL,1994,6.54826277
COL,1995,6.600705494
COL,1996,6.653148218
COL,1997,6.705590942
COL,1998,6.758033666
COL,1999,6.81047639
COL,2000,6.862919114
COL,2001,6.915361838
COL,2002,6.967804562
COL,2003,7.020247286
COL,2004,7.07269001
COL,2005,7.284200191
COL,2006,6.803120136
COL,2007,7.188660145
COL,2008,7.321400166
COL,2009,7.247399807
COL,2010,7.393869877
COL,2011,7.518929958
COL,2012,7.625860214
COL,2013,7.833469868
COL,2014,7.992390156
COL,2015,8.047450066
COL,2016,8.221500397
COL,2017,8.362985134
COL,2018,8.504469872
COL,2019,8.643030167
COL,2020,8.862859726
COL,2021,8.862859726
COL,2022,8.862859726
COL,2025,1.0
COM,2000,2.71568799
COM,2001,2.872843325
COM,2002,3.02999866
COM,2003,3.187153995
COM,2004,3.34430933
COM,2005,3.501464665
COM,2006,3.65862
COM,2007,3.815775335
COM,2008,3.97293067
COM,2009,4.130086005
COM,2010,4.28724134
COM,2011,4.444396675
COM,2012,4.60155201
COM,2013,4.777156814
COM,2014,4.959463062
COM,2015,5.148726497
COM,2016,5.345212619
COM,2017,5.54919706
COM,2018,5.760965972
COM,2019,5.980816426
COM,2020,6.209056832
COM,2021,6.209056832
COM,2022,6.209056832
COM,2025,1.0
CPV,2000,5.314436678
CPV,2001,5.349154601
CPV,2002,5.384099328
CPV,2003,5.419272341
CPV,2004,5.45467513
CPV,2005,5.490309197
CPV,2006,5.526176052
CPV,2007,5.562277217
CPV,2008,5.598614223
CPV,2009,5.635188609
CPV,2010,5.672001926
CPV,2011,5.709055736
CPV,2012,5.74635161
CPV,2013,5.783891128
CPV,2014,5.821430647
CPV,2015,5.858970165
CPV,2016,5.896509684
CPV,2017,5.934049202
CPV,2018,5.986045818
CPV,2019,6.038042434
CPV,2020,6.09003905
CPV,2021,6.09003905
CPV,2022,6.09003905
CPV,2025,1.0
CRI,1990,6.246158944
CRI,1991,6.207062733
CRI,1992,6.489623811
CRI,1993,6.7170524
CRI,1994,6.73303985
CRI,1995,6.962734944
CRI,1996,6.941064556
CRI,1997,7.114540012
CRI,1998,7.321519931
CRI,1999,7.30533652
CRI,2000,7.142045964
CRI,2001,7.332145083
CRI,2002,7.485752501
CRI,2003,7.633359768
CRI,2004,7.666705062
CRI,2005,7.825407987
CRI,2006,7.836508898
CRI,2007,8.012720108
CRI,2008,8.288009644
CRI,2009,8.359669685
CRI,2010,8.230690002
CRI,2011,8.351329803
CRI,2012,8.412119865
CRI,2013,8.581184864
CRI,2014,8.750249863
CRI,2015,8.584500313
CRI,2016,8.564390182
CRI,2017,8.643780231
CRI,2018,8.72317028
CRI,2019,8.763615131
CRI,2020,8.804059982
CRI,2021,8.804059982
CRI,2022,8.804059982
CRI,2025,1.0
CUB,1990,8.794557697
CUB,1991,8.942269906
CUB,1992,9.089982115
CUB,1993,9.237694325
CUB,1994,9.385406534
CUB,1995,9.533118744
CUB,1996,9.62629106
CUB,1997,9.719463377
CUB,1998,9.812635694
CUB,1999,9.90580801
CUB,2000,9.998980327
CUB,2001,10.08533516
CUB,2002,10.17168999
CUB,2003,10.30446396
CUB,2004,10.43723793
CUB,2005,10.5700119
CUB,2006,10.70278587
CUB,2007,10.83555984
CUB,2008,10.96833382
CUB,2009,11.10110779
CUB,2010,11.23388176
CUB,2011,11.36665573
CUB,2012,11.4994297
CUB,2013,11.38002832
CUB,2014,11.26062693
CUB,2015,11.14122554
CUB,2016,11.02182416
CUB,2017,10.90242277
CUB,2018,10.78302138
CUB,2019,10.66362
CUB,2020,10.54807197
CUB,2021,10.54807197
CUB,2022,10.54807197
CUB,2025,1.0
CYP,1990,8.298367536
CYP,1991,8.454519727
CYP,1992,8.613610268
CYP,1993,8.77569445
CYP,1994,8.937778632
CYP,1995,9.099862814
CYP,1996,9.261946996
CYP,1997,9.424031178
CYP,1998,9.58611536
CYP,1999,9.748199542
CYP,2000,9.910283724
CYP,2001,10.07236791
CYP,2002,10.23445209
CYP,2003,10.39653627
CYP,2004,10.55862045
CYP,2005,10.71990967
CYP,2006,10.96681976
CYP,2007,11.19272995
CYP,2008,11.28384972
CYP,2009,11.26194
CYP,2010,11.44206047
CYP,2011,11.57841015
CYP,2012,11.80556011
CYP,2013,11.87837982
CYP,2014,11.88368034
CYP,2015,11.86548042
CYP,2016,12.08658028
CYP,2017,12.18473005
CYP,2018,12.28287983
CYP,2019,12.36152506
CYP,2020,12.44017029
CYP,2021,12.44017029
CYP,2022,12.44017029
CYP,2025,1.0
CZE,1990,9.10276631
CZE,1991,9.287969589
CZE,1992,9.476940982
CZE,1993,9.665912374
CZE,1994,9.854883766
CZE,1995,10.04385516
CZE,1996,10.23282655
CZE,1997,10.42179794
CZE,1998,10.61076934
CZE,1999,10.79974073
CZE,2000,10.98871212
CZE,2001,11.17768351
CZE,2002,11.3666549
CZE,2003,11.5556263
CZE,2004,11.74459769
CZE,2005,11.93356908
CZE,2006,12.12254047
CZE,2007,12.14151001
CZE,2008,12.19182014
CZE,2009,12.29473972
CZE,2010,12.38508034
CZE,2011,12.46833038
CZE,2012,12.5199604
CZE,2013,12.59654045
CZE,2014,12.63813972
CZE,2015,12.67333984
CZE,2016,12.73709011
CZE,2017,12.78682041
CZE,2018,12.8280654
CZE,2019,12.86931038
CZE,2020,12.91605342
CZE,2021,12.91605342
CZE,2022,12.91605342
CZE,2025,1.0
DEU,1990,10.3637846
DEU,1991,10.5741328
DEU,1992,10.78448099
DEU,1993,10.99482919
DEU,1994,11.20517738
DEU,1995,11.41552557
DEU,1996,11.61641992
DEU,1997,11.81731426
DEU,1998,12.0182086
DEU,1999,12.21910294
DEU,2000,12.41999728
DEU,2001,12.76506286
DEU,2002,13.11012844
DEU,2003,13.45519401
DEU,2004,13.80025959
DEU,2005,13.70372963
DEU,2006,13.60348034
DEU,2007,13.68010998
DEU,2008,13.75629044
DEU,2009,13.82800961
DEU,2010,13.85177994
DEU,2011,13.93054962
DEU,2012,13.97772026
DEU,2013,14.00984955
DEU,2014,14.03711987
DEU,2015,14.08201981
DEU,2016,14.1321497
DEU,2017,14.10476494
DEU,2018,14.07738018
DEU,2019,14.16666031
DEU,2020,14.25594044
DEU,2021,14.25594044
DEU,2022,14.25594044
DEU,2025,1.0
DJI,1995,1.542417229
DJI,1996,1.604556522
DJI,1997,1.669199218
DJI,1998,1.736446171
DJI,1999,1.806402299
DJI,2000,1.879176747
DJI,2001,1.954883055
DJI,2002,2.03363934
DJI,2003,2.115568476
DJI,2004,2.200798287
DJI,2005,2.289461748
DJI,2006,2.381697189
DJI,2007,2.477648516
DJI,2008,2.577465429
DJI,2009,2.681303662
DJI,2010,2.789325221
DJI,2011,2.90169864
DJI,2012,3.018599241
DJI,2013,3.140209412
DJI,2014,3.261819583
DJI,2015,3.383429754
DJI,2016,3.505039924
DJI,2017,3.626650095
DJI,2018,3.714428115
DJI,2019,3.802206136
DJI,2020,3.889984156
DJI,2021,3.889984156
DJI,2022,3.889984156
DJI,2025,1.0
DMA,2000,7.84770598
DMA,2001,7.750249863
DMA,2002,7.82583377
DMA,2003,7.901417677
DMA,2004,7.977001584
DMA,2005,8.052585492
DMA,2006,8.128169399
DMA,2007,8.203753306
DMA,2008,8.279337213
DMA,2009,8.35492112
DMA,2010,8.430505028
DMA,2011,8.506088935
DMA,2012,8.581672842
DMA,2013,8.657256749
DMA,2014,8.732840657
DMA,2015,8.808424564
DMA,2016,8.884008471
DMA,2017,8.959592378
DMA,2018,9.035176286
DMA,2019,9.110760193
DMA,2020,9.1863441
DMA,2021,9.1863441
DMA,2022,9.1863441
DMA,2025,1.0
DNK,1990,11.47511219
DNK,1991,11.49547958
DNK,1992,11.51588313
DNK,1993,11.53628667
DNK,1994,11.55669022
DNK,1995,11.64894009
DNK,1996,11.81353259
DNK,1997,11.9781251
DNK,1998,12.1427176
DNK,1999,12.3073101
DNK,2000,12.47190261
DNK,2001,12.63649511
DNK,2002,12.80108762
DNK,2003,12.96568012
DNK,2004,12.91676044
DNK,2005,12.82844702
DNK,2006,12.7401336
DNK,2007,12.65182018
DNK,2008,12.88381004
DNK,2009,12.4705801
DNK,2010,12.42588997
DNK,2011,12.46644974
DNK,2012,12.70141029
DNK,2013,12.74561024
DNK,2014,12.38759041
DNK,2015,12.63831997
DNK,2016,13.16281986
DNK,2017,13.011765
DNK,2018,12.86071014
DNK,2019,12.91060019
DNK,2020,12.96049023
DNK,2021,12.96049023
DNK,2022,12.96049023
DNK,2025,1.0
DOM,1990,5.26625239
DOM,1991,5.397396418
DOM,1992,5.528540447
DOM,1993,5.659684475
DOM,1994,5.790828503
DOM,1995,5.921972532
DOM,1996,6.03057618
DOM,1997,6.139179829
DOM,1998,6.247783477
DOM,1999,6.356387126
DOM,2000,6.464990774
DOM,2001,6.542857541
DOM,2002,6.620724308
DOM,2003,6.698591075
DOM,2004,6.776457842
DOM,2005,6.854324609
DOM,2006,7.012107268
DOM,2007,7.169889927
DOM,2008,7.193096638
DOM,2009,7.216303349
DOM,2010,7.239510059
DOM,2011,7.330570221
DOM,2012,7.429090023
DOM,2013,7.516860008
DOM,2014,7.650459766
DOM,2015,7.718160152
DOM,2016,9.044050217
DOM,2017,8.984526952
DOM,2018,8.925003688
DOM,2019,8.865480423
DOM,2020,9.150526383
DOM,2021,9.150526383
DOM,2022,9.150526383
DOM,2025,1.0
DZA,1990,4.614607921
DZA,1991,4.830320362
DZA,1992,5.046032803
DZA,1993,5.261745244
DZA,1994,5.477457686
DZA,1995,5.693170127
DZA,1996,5.876116121
DZA,1997,6.059062116
DZA,1998,6.24200811
DZA,1999,6.424954105
DZA,2000,6.607900099
DZA,2001,6.695277291
DZA,2002,6.782654482
DZA,2003,6.870031674
DZA,2004,6.957408865
DZA,2005,7.044786056
DZA,2006,7.268690109
DZA,2007,7.327584982
DZA,2008,7.386479855
DZA,2009,7.353188038
DZA,2010,7.319896221
DZA,2011,7.286604404
DZA,2012,7.253312588
DZA,2013,7.220020771
DZA,2014,7.186728954
DZA,2015,7.153437138
DZA,2016,7.120145321
DZA,2017,7.086853504
DZA,2018,7.053561687
DZA,2019,7.020269871
DZA,2020,6.987443608
DZA,2021,6.987443608
DZA,2022,6.987443608
DZA,2025,1.0
ECU,1990,6.75150013
ECU,1991,6.808366579
ECU,1992,6.865233029
ECU,1993,6.922099478
ECU,1994,6.978965928
ECU,1995,7.035832377
ECU,1996,7.092698827
ECU,1997,7.149565276
ECU,1998,7.206431725
ECU,1999,7.263298175
ECU,2000,7.320164624
ECU,2001,7.377031074
ECU,2002,7.433897523
ECU,2003,7.490763973
ECU,2004,7.547630422
ECU,2005,7.604496872
ECU,2006,7.661363321
ECU,2007,7.718229771
ECU,2008,7.72631979
ECU,2009,7.739970207
ECU,2010,7.849160194
ECU,2011,7.907040119
ECU,2012,8.097470284
ECU,2013,8.288680077
ECU,2014,8.361359596
ECU,2015,8.701580048
ECU,2016,8.692919731
ECU,2017,8.765919685
ECU,2018,8.782986323
ECU,2019,8.800052961
ECU,2020,8.817119598
ECU,2021,9.113010406
ECU,2022,8.969750404
ECU,2025,1.0
EGY,1990,5.305645579
EGY,1991,5.468896212
EGY,1992,5.632146845
EGY,1993,5.795397478
EGY,1994,5.958648111
EGY,1995,6.121898744
EGY,1996,6.333519936
EGY,1997,6.341912937
EGY,1998,6.350305939
EGY,1999,6.35869894
EGY,2000,6.367091942
EGY,2001,6.375484943
EGY,2002,6.383877945
EGY,2003,6.392270947
EGY,2004,6.400663948
EGY,2005,6.40905695
EGY,2006,6.417449951
EGY,2007,6.656382647
EGY,2008,6.895315344
EGY,2009,7.13424804
EGY,2010,7.373180736
EGY,2011,7.612113432
EGY,2012,7.851046129
EGY,2013,8.089978825
EGY,2014,8.328911521
EGY,2015,8.567844217
EGY,2016,8.806776914
EGY,2017,9.04570961
EGY,2018,9.305633501
EGY,2019,9.573026174
EGY,2020,9.84810224
EGY,2021,9.84810224
EGY,2022,9.84810224
EGY,2025,1.0
ERI,2005,4.710979562
ERI,2006,4.703474364
ERI,2007,4.695981122
ERI,2008,4.688499818
ERI,2009,4.681030433
ERI,2010,4.673572948
ERI,2011,4.666127343
ERI,2012,4.6586936
ERI,2013,4.6512717
ERI,2014,4.6438498
ERI,2015,4.6364279
ERI,2016,4.629006
ERI,2017,4.6215841
ERI,2018,4.77817754
ERI,2019,4.93477098
ERI,2020,5.09136442
ERI,2021,5.09136442
ERI,2022,5.09136442
ERI,2025,1.0
ESP,1990,5.879199312
ESP,1991,6.070390224
ESP,1992,6.267798644
ESP,1993,6.465207063
ESP,1994,6.662615483
ESP,1995,6.860023902
ESP,1996,7.057432321
ESP,1997,7.254840741
ESP,1998,7.45224916
ESP,1999,7.64965758
ESP,2000,7.847065999
ESP,2001,8.044474418
ESP,2002,8.241882838
ESP,2003,8.439291257
ESP,2004,8.636699677
ESP,2005,8.923020363
ESP,2006,9.02989006
ESP,2007,9.121709824
ESP,2008,9.187439919
ESP,2009,9.251560211
ESP,2010,9.363030434
ESP,2011,9.484009743
ESP,2012,9.510689735
ESP,2013,9.615365028
ESP,2014,9.720040321
ESP,2015,9.912139893
ESP,2016,10.01107979
ESP,2017,10.07671499
ESP,2018,10.1423502
ESP,2019,10.37387514
ESP,2020,10.60540009
ESP,2021,10.60540009
ESP,2022,10.60540009
ESP,2025,1.0
EST,1990,9.655532811
EST,1991,9.900291752
EST,1992,10.14505069
EST,1993,10.38980963
EST,1994,10.63456858
EST,1995,10.87932752
EST,1996,11.13860606
EST,1997,11.3978846
EST,1998,11.65716314
EST,1999,11.91644168
EST,2000,12.17572021
EST,2001,12.34650517
EST,2002,12.51729012
EST,2003,12.68807507
EST,2004,12.85886002
EST,2005,13.02964497
EST,2006,13.20042992
EST,2007,13.21786022
EST,2008,13.25249004
EST,2009,13.32087994
EST,2010,13.33069038
EST,2011,13.3991003
EST,2012,13.44874001
EST,2013,13.53934956
EST,2014,13.44295025
EST,2015,13.48861027
EST,2016,13.51035023
EST,2017,13.55548
EST,2018,13.65631008
EST,2019,13.60237026
EST,2020,13.54843044
EST,2021,13.54843044
EST,2022,13.54843044
EST,2025,1.0
ETH,2000,1.484763579
ETH,2001,1.558857166
ETH,2002,1.632950752
ETH,2003,1.707044339
ETH,2004,1.786018234
ETH,2005,1.86499213
ETH,2006,1.943966025
ETH,2007,2.02293992
ETH,2008,2.060162425
ETH,2009,2.09738493
ETH,2010,2.134607434
ETH,2011,2.171829939
ETH,2012,2.222821951
ETH,2013,2.273813963
ETH,2014,2.324805975
ETH,2015,2.375797987
ETH,2016,2.426789999
ETH,2017,2.41103665
ETH,2018,2.395283302
ETH,2019,2.379529953
ETH,2020,2.390854081
ETH,2021,2.390854081
ETH,2022,2.390854081
ETH,2025,1.0
FIN,1990,9.184650421
FIN,1991,9.40821809
FIN,1992,9.63178576
FIN,1993,9.855353429
FIN,1994,10.0789211
FIN,1995,10.30248877
FIN,1996,10.52605644
FIN,1997,10.74962411
FIN,1998,10.97319177
FIN,1999,11.19675944
FIN,2000,11.42032711
FIN,2001,11.64389478
FIN,2002,11.86746245
FIN,2003,12.09103012
FIN,2004,12.13717985
FIN,2005,12.18332958
FIN,2006,12.23163033
FIN,2007,12.27503967
FIN,2008,12.32691956
FIN,2009,12.37001038
FIN,2010,12.41567993
FIN,2011,12.45691967
FIN,2012,12.4878397
FIN,2013,12.54920959
FIN,2014,12.59953022
FIN,2015,12.63366985
FIN,2016,12.68652487
FIN,2017,12.73937988
FIN,2018,12.80649996
FIN,2019,12.87362003
FIN,2020,12.92915501
FIN,2021,12.92915501
FIN,2022,12.92915501
FIN,2025,1.0
FJI,1990,6.602397357
FJI,1991,6.826421353
FJI,1992,7.050445349
FJI,1993,7.274469346
FJI,1994,7.498493342
FJI,1995,7.722517338
FJI,1996,7.69411993
FJI,1997,7.834786328
FJI,1998,7.975452727
FJI,1999,8.116119125
FJI,2000,8.256785523
FJI,2001,8.397451921
FJI,2002,8.538118319
FJI,2003,8.678784717
FJI,2004,8.819451115
FJI,2005,8.960117513
FJI,2006,9.100783912
FJI,2007,9.24145031
FJI,2008,9.380341244
FJI,2009,9.519232178
FJI,2010,9.658123112
FJI,2011,9.797014046
FJI,2012,9.93590498
FJI,2013,10.07479591
FJI,2014,10.21368685
FJI,2015,10.35257778
FJI,2016,10.49146872
FJI,2017,10.63035965
FJI,2018,10.56551218
FJI,2019,10.50066471
FJI,2020,10.43581724
FJI,2021,10.37096977
FJI,2022,10.37096977
FJI,2025,1.0
FRA,1990,7.552529812
FRA,1991,7.744341952
FRA,1992,7.936154093
FRA,1993,8.127966234
FRA,1994,8.319778374
FRA,1995,8.511590515
FRA,1996,8.703402655
FRA,1997,8.895214796
FRA,1998,9.087026937
FRA,1999,9.278839077
FRA,2000,9.470651218
FRA,2001,9.662463358
FRA,2002,9.854275499
FRA,2003,10.04608764
FRA,2004,10.23789978
FRA,2005,10.31739044
FRA,2006,10.44354534
FRA,2007,10.56970024
FRA,2008,10.65437031
FRA,2009,10.63230991
FRA,2010,10.7787199
FRA,2011,10.85153961
FRA,2012,10.9350996
FRA,2013,11.08078957
FRA,2014,11.22550011
FRA,2015,11.33419037
FRA,2016,11.35085964
FRA,2017,11.40970039
FRA,2018,11.50988007
FRA,2019,11.61005974
FRA,2020,11.68859246
FRA,2021,11.68859246
FRA,2022,11.68859246
FRA,2025,1.0
FSM,2000,7.80353371
FSM,2001,7.774548081
FSM,2002,7.745670118
FSM,2003,7.716899419
FSM,2004,7.688235587
FSM,2005,7.659678224
FSM,2006,7.631226936
FSM,2007,7.602881327
FSM,2008,7.574641007
FSM,2009,7.546505583
FSM,2010,7.518474665
FSM,2011,7.490547867
FSM,2012,7.4627248
FSM,2013,7.43500508
FSM,2014,7.40728536
FSM,2015,7.37956564
FSM,2016,7.35184592
FSM,2017,7.3241262
FSM,2018,7.32692546
FSM,2019,7.32972472
FSM,2020,7.33252398
FSM,2021,7.33252398
FSM,2022,7.33252398
FSM,2025,1.0
GAB,1990,4.32
GAB,1991,4.5
GAB,1992,4.68
GAB,1993,4.86
GAB,1994,5.04
GAB,1995,5.22
GAB,1996,5.406
GAB,1997,5.592
GAB,1998,5.778
GAB,1999,5.964
GAB,2000,6.15
GAB,2001,6.304
GAB,2002,6.458
GAB,2003,6.612
GAB,2004,6.766
GAB,2005,6.92
GAB,2006,7.05
GAB,2007,7.18
GAB,2008,7.31
GAB,2009,7.44
GAB,2010,7.57
GAB,2011,7.852
GAB,2012,8.134
GAB,2013,8.416
GAB,2014,8.698
GAB,2015,8.98
GAB,2016,9.094
GAB,2017,9.208
GAB,2018,9.322
GAB,2019,9.436
GAB,2020,9.55
GAB,2021,9.55
GAB,2022,9.55
GAB,2025,1.0
GBR,1990,9.635440148
GBR,1991,9.724416059
GBR,1992,9.81339197
GBR,1993,9.902367882
GBR,1994,9.991343793
GBR,1995,10.0803197
GBR,1996,10.20401792
GBR,1997,10.32771614
GBR,1998,10.45141436
GBR,1999,10.57511258
GBR,2000,10.69881079
GBR,2001,10.95271766
GBR,2002,11.20662453
GBR,2003,11.4605314
GBR,2004,11.71443827
GBR,2005,11.96834514
GBR,2006,12.24829374
GBR,2007,12.52824234
GBR,2008,12.80819094
GBR,2009,13.08813953
GBR,2010,13.21277046
GBR,2011,13.18756962
GBR,2012,13.33852959
GBR,2013,12.83395004
GBR,2014,12.88897991
GBR,2015,12.97976335
GBR,2016,13.07054679
GBR,2017,13.16133022
GBR,2018,13.24292692
GBR,2019,13.32452361
GBR,2020,13.4061203
GBR,2021,13.4061203
GBR,2022,13.4061203
GBR,2025,1.0
GEO,2000,11.80588996
GEO,2001,11.86248939
GEO,2002,11.91936016
GEO,2003,11.97705412
GEO,2004,12.03474808
GEO,2005,12.09244204
GEO,2006,12.15013599
GEO,2007,12.20782995
GEO,2008,12.26552391
GEO,2009,12.32321787
GEO,2010,12.38091183
GEO,2011,12.43860579
GEO,2012,12.49629974
GEO,2013,12.55731964
GEO,2014,12.61833954
GEO,2015,12.71645498
GEO,2016,12.81457043
GEO,2017,12.87436008
GEO,2018,13.34078026
GEO,2019,12.82221985
GEO,2020,12.78220336
GEO,2021,12.74218686
GEO,2022,12.70217037
GEO,2025,1.0
GHA,1990,5.506158276
GHA,1991,5.67437085
GHA,1992,5.842583425
GHA,1993,6.010796
GHA,1994,6.179008574
GHA,1995,6.347221149
GHA,1996,6.452634362
GHA,1997,6.558047576
GHA,1998,6.663460789
GHA,1999,6.768874002
GHA,2000,6.874287216
GHA,2001,6.937086577
GHA,2002,6.999885938
GHA,2003,7.062685299
GHA,2004,7.125484661
GHA,2005,7.188284022
GHA,2006,7.266783223
GHA,2007,7.345282425
GHA,2008,7.423781626
GHA,2009,7.502280828
GHA,2010,7.580780029
GHA,2011,7.372168609
GHA,2012,7.163557189
GHA,2013,6.954945769
GHA,2014,6.746334348
GHA,2015,6.537722928
GHA,2016,6.329111508
GHA,2017,6.120500088
GHA,2018,6.224439538
GHA,2019,6.328378988
GHA,2020,6.432318439
GHA,2021,6.432318439
GHA,2022,6.432318439
GHA,2025,1.0
GIN,1990,1.313318515
GIN,1991,1.325962177
GIN,1992,1.338727563
GIN,1993,1.351615845
GIN,1994,1.364628206
GIN,1995,1.37776584
GIN,1996,1.391029954
GIN,1997,1.4046821
GIN,1998,1.418334246
GIN,1999,1.431986392
GIN,2000,1.445638537
GIN,2001,1.459290683
GIN,2002,1.472942829
GIN,2003,1.486594975
GIN,2004,1.500247121
GIN,2005,1.513899267
GIN,2006,1.527551413
GIN,2007,1.541203558
GIN,2008,1.554855704
GIN,2009,1.56850785
GIN,2010,1.582159996
GIN,2011,1.654532492
GIN,2012,1.726904988
GIN,2013,1.799277484
GIN,2014,1.871649981
GIN,2015,2.451784968
GIN,2016,3.031919956
GIN,2017,2.580559969
GIN,2018,2.129199982
GIN,2019,2.241205475
GIN,2020,2.35910296
GIN,2021,2.35910296
GIN,2022,2.35910296
GIN,2025,1.0
GMB,1990,1.395152942
GMB,1991,1.521166756
GMB,1992,1.64718057
GMB,1993,1.773194384
GMB,1994,1.899208198
GMB,1995,2.025222012
GMB,1996,2.067976699
GMB,1997,2.110731386
GMB,1998,2.153486073
GMB,1999,2.19624076
GMB,2000,2.238995447
GMB,2001,2.322254574
GMB,2002,2.405513701
GMB,2003,2.488772828
GMB,2004,2.572031955
GMB,2005,2.655291083
GMB,2006,2.75880243
GMB,2007,2.862313777
GMB,2008,2.965825124
GMB,2009,3.069336472
GMB,2010,3.172847819
GMB,2011,3.305612373
GMB,2012,3.438376927
GMB,2013,3.571141481
GMB,2014,3.676881218
GMB,2015,3.782620955
GMB,2016,3.888360691
GMB,2017,3.994100428
GMB,2018,4.099840164
GMB,2019,4.306130171
GMB,2020,4.512420177
GMB,2021,4.512420177
GMB,2022,4.512420177
GMB,2025,1.0
GNB,2005,2.148568167
GNB,2006,2.27117
GNB,2007,2.418591125
GNB,2008,2.56601225
GNB,2009,2.713433375
GNB,2010,2.8608545
GNB,2011,3.008275625
GNB,2012,3.15569675
GNB,2013,3.303117875
GNB,2014,3.450539
GNB,2015,3.4950382
GNB,2016,3.5395374
GNB,2017,3.5840366
GNB,2018,3.6285358
GNB,2019,3.673035
GNB,2020,3.673035
GNB,2021,3.673035
GNB,2022,3.673035
GNB,2025,1.0
GNQ,2000,6.393709877
GNQ,2001,6.484496369
GNQ,2002,6.57657197
GNQ,2003,6.669954983
GNQ,2004,6.764663975
GNQ,2005,6.860717772
GNQ,2006,6.958135469
GNQ,2007,7.056936435
GNQ,2008,7.157140309
GNQ,2009,7.258767013
GNQ,2010,7.361836749
GNQ,2011,7.466370009
GNQ,2012,7.572387571
GNQ,2013,7.679910514
GNQ,2014,7.787433457
GNQ,2015,7.8949564
GNQ,2016,8.002479343
GNQ,2017,8.110002286
GNQ,2018,8.167110529
GNQ,2019,8.224218771
GNQ,2020,8.281327014
GNQ,2021,8.281327014
GNQ,2022,8.281327014
GNQ,2025,1.0
GRC,1990,7.580366438
GRC,1991,7.722380161
GRC,1992,7.867054428
GRC,1993,8.011728695
GRC,1994,8.156402963
GRC,1995,8.30107723
GRC,1996,8.445751497
GRC,1997,8.590425764
GRC,1998,8.735100031
GRC,1999,8.879774298
GRC,2000,9.024448565
GRC,2001,9.169122832
GRC,2002,9.313797099
GRC,2003,9.458471366
GRC,2004,9.603145633
GRC,2005,9.747819901
GRC,2006,10.10496998
GRC,2007,10.05718994
GRC,2008,10.10492039
GRC,2009,10.15659523
GRC,2010,10.20827007
GRC,2011,10.30519748
GRC,2012,10.40212488
GRC,2013,10.49905229
GRC,2014,10.59597969
GRC,2015,10.74370956
GRC,2016,10.25430012
GRC,2017,10.54285765
GRC,2018,10.83141518
GRC,2019,11.11997271
GRC,2020,11.40853024
GRC,2021,11.40853024
GRC,2022,11.40853024
GRC,2025,1.0
GRD,2002,9.613924209
GRD,2003,9.621043
GRD,2004,9.628167063
GRD,2005,9.635296401
GRD,2006,9.642431018
GRD,2007,9.649570918
GRD,2008,9.656716105
GRD,2009,9.663866583
GRD,2010,9.671022355
GRD,2011,9.678183426
GRD,2012,9.6853498
GRD,2013,9.69252148
GRD,2014,9.69969316
GRD,2015,9.70686484
GRD,2016,9.71403652
GRD,2017,9.7212082
GRD,2018,9.76679368
GRD,2019,9.81237916
GRD,2020,9.85796464
GRD,2021,9.85796464
GRD,2022,9.85796464
GRD,2025,1.0
GTM,1990,3.192767468
GTM,1991,3.268137717
GTM,1992,3.343507965
GTM,1993,3.418878214
GTM,1994,3.494248462
GTM,1995,3.569618711
GTM,1996,3.638708105
GTM,1997,3.707797499
GTM,1998,3.776886894
GTM,1999,3.845976288
GTM,2000,3.915065683
GTM,2001,3.881567794
GTM,2002,3.848069906
GTM,2003,3.799302459
GTM,2004,3.750535011
GTM,2005,3.701767564
GTM,2006,3.653000116
GTM,2007,3.844273448
GTM,2008,4.03554678
GTM,2009,4.226820111
GTM,2010,4.418093443
GTM,2011,4.609366775
GTM,2012,4.800640106
GTM,2013,4.896299839
GTM,2014,5.83698988
GTM,2015,4.933569908
GTM,2016,5.120502472
GTM,2017,5.307435036
GTM,2018,5.494367599
GTM,2019,5.681300163
GTM,2020,5.668648013
GTM,2021,5.668648013
GTM,2022,5.668648013
GTM,2025,1.0
GUY,1990,5.273218506
GUY,1991,5.343320377
GUY,1992,5.413422248
GUY,1993,5.483524119
GUY,1994,5.55362599
GUY,1995,5.62372786
GUY,1996,5.701618828
GUY,1997,5.779509796
GUY,1998,5.857400763
GUY,1999,5.935291731
GUY,2000,6.013182698
GUY,2001,6.067706376
GUY,2002,6.122230053
GUY,2003,6.265548257
GUY,2004,6.408866462
GUY,2005,6.552184666
GUY,2006,6.69550287
GUY,2007,6.838821075
GUY,2008,6.982139279
GUY,2009,7.125457483
GUY,2010,7.268775687
GUY,2011,7.412093892
GUY,2012,7.555412096
GUY,2013,7.6987303
GUY,2014,7.842048505
GUY,2015,7.985366709
GUY,2016,8.128684913
GUY,2017,8.272003118
GUY,2018,8.415321322
GUY,2019,8.558639526
GUY,2020,8.627408726
GUY,2021,8.627408726
GUY,2022,8.627408726
GUY,2025,1.0
HKG,1990,8.675597279
HKG,1991,8.854880333
HKG,1992,9.037868309
HKG,1993,9.220856285
HKG,1994,9.403844261
HKG,1995,9.586832237
HKG,1996,9.769820213
HKG,1997,9.892756176
HKG,1998,10.01569214
HKG,1999,10.1386281
HKG,2000,10.26156406
HKG,2001,10.38450003
HKG,2002,10.50743599
HKG,2003,10.63037195
HKG,2004,10.75330791
HKG,2005,10.87624388
HKG,2006,10.99917984
HKG,2007,11.10687494
HKG,2008,11.21457005
HKG,2009,11.31379032
HKG,2010,11.40386009
HKG,2011,11.61520004
HKG,2012,11.70422681
HKG,2013,11.79325358
HKG,2014,11.88228035
HKG,2015,12.02414989
HKG,2016,12.09660006
HKG,2017,12.16905022
HKG,2018,12.19762993
HKG,2019,12.22620964
HKG,2020,12.26672967
HKG,2021,12.3072497
HKG,2022,12.34776974
HKG,2025,1.0
HND,1990,3.867753515
HND,1991,3.947463658
HND,1992,4.027173801
HND,1993,4.106883943
HND,1994,4.186594086
HND,1995,4.266304229
HND,1996,4.333333212
HND,1997,4.400362196
HND,1998,4.46739118
HND,1999,4.534420163
HND,2000,4.601449147
HND,2001,4.668478131
HND,2002,4.735507114
HND,2003,4.802536098
HND,2004,4.869565082
HND,2005,4.936594065
HND,2006,4.945652036
HND,2007,4.954710007
HND,2008,5.111529946
HND,2009,5.268349886
HND,2010,5.425169826
HND,2011,5.581989765
HND,2012,5.518219948
HND,2013,5.847009897
HND,2014,6.175799847
HND,2015,6.294149876
HND,2016,6.528709888
HND,2017,6.408294916
HND,2018,6.287879944
HND,2019,7.088479996
HND,2020,7.296200514
HND,2021,7.296200514
HND,2022,7.296200514
HND,2025,1.0
HRV,1990,6.569557049
HRV,1991,6.86289978
HRV,1992,7.169340801
HRV,1993,7.475781822
HRV,1994,7.782222843
HRV,1995,8.088663864
HRV,1996,8.395104885
HRV,1997,8.701545906
HRV,1998,9.007986927
HRV,1999,9.314427948
HRV,2000,9.620868969
HRV,2001,9.92730999
HRV,2002,10.04897003
HRV,2003,10.17063007
HRV,2004,10.29229012
HRV,2005,10.41395016
HRV,2006,10.5356102
HRV,2007,10.65727024
HRV,2008,10.77893028
HRV,2009,10.90059032
HRV,2010,11.02225037
HRV,2011,11.14391041
HRV,2012,11.26972198
HRV,2013,11.39695393
HRV,2014,11.5256223
HRV,2015,11.65574329
HRV,2016,11.78733331
HRV,2017,11.92040895
HRV,2018,12.05498697
HRV,2019,12.19108434
HRV,2020,12.32871821
HRV,2021,12.32871821
HRV,2022,12.32871821
HRV,2025,1.0
HTI,1990,2.680190065
HTI,1991,2.78181809
HTI,1992,2.883446115
HTI,1993,2.985074139
HTI,1994,3.086702164
HTI,1995,3.188330189
HTI,1996,3.297929039
HTI,1997,3.407527889
HTI,1998,3.51712674
HTI,1999,3.62672559
HTI,2000,3.73632444
HTI,2001,3.843930584
HTI,2002,3.951536728
HTI,2003,4.059142872
HTI,2004,4.166749016
HTI,2005,4.274355159
HTI,2006,4.364026946
HTI,2007,4.453698733
HTI,2008,4.543370519
HTI,2009,4.633042306
HTI,2010,4.722714092
HTI,2011,4.824342117
HTI,2012,4.925970142
HTI,2013,5.027598167
HTI,2014,5.129226191
HTI,2015,5.230854216
HTI,2016,5.306577058
HTI,2017,5.3822999
HTI,2018,5.458022742
HTI,2019,5.533745584
HTI,2020,5.609468426
HTI,2021,5.609468426
HTI,2022,5.609468426
HTI,2025,1.0
HUN,1990,9.479980469
HUN,1991,9.549073133
HUN,1992,9.618165796
HUN,1993,9.68725846
HUN,1994,9.756351124
HUN,1995,9.825443788
HUN,1996,9.894536452
HUN,1997,9.963629116
HUN,1998,10.03272178
HUN,1999,10.10181444
HUN,2000,10.17090711
HUN,2001,10.23999977
HUN,2002,10.3880899
HUN,2003,10.53618002
HUN,2004,10.68427014
HUN,2005,10.83236027
HUN,2006,11.07682776
HUN,2007,11.32129526
HUN,2008,11.56576276
HUN,2009,11.81023026
HUN,2010,11.88173008
HUN,2011,11.92125034
HUN,2012,11.83899975
HUN,2013,12.00895977
HUN,2014,11.77344036
HUN,2015,11.84778976
HUN,2016,11.88941002
HUN,2017,11.97945499
HUN,2018,12.06949997
HUN,2019,12.15954494
HUN,2020,12.24958992
HUN,2021,12.24958992
HUN,2022,12.24958992
HUN,2025,1.0
IDN,1990,3.219540119
IDN,1991,3.492958248
IDN,1992,3.766376376
IDN,1993,4.039794505
IDN,1994,4.313212633
IDN,1995,4.586630762
IDN,1996,4.86004889
IDN,1997,5.133467019
IDN,1998,5.406885147
IDN,1999,5.680303276
IDN,2000,5.953721404
IDN,2001,6.227139533
IDN,2002,6.500557661
IDN,2003,6.77397579
IDN,2004,7.047393918
IDN,2005,7.320812047
IDN,2006,7.594230175
IDN,2007,7.022429943
IDN,2008,7.069019794
IDN,2009,7.309589863
IDN,2010,7.41217494
IDN,2011,7.514760017
IDN,2012,7.608673414
IDN,2013,7.70258681
IDN,2014,7.796500206
IDN,2015,7.914480209
IDN,2016,7.976150036
IDN,2017,8.239589691
IDN,2018,8.162039757
IDN,2019,8.359274864
IDN,2020,8.556509972
IDN,2021,8.556509972
IDN,2022,8.556509972
IDN,2025,1.0
IND,1990,2.78157628
IND,1991,2.884945669
IND,1992,2.988315058
IND,1993,3.091684447
IND,1994,3.195053836
IND,1995,3.298423224
IND,1996,3.467573133
IND,1997,3.636723042
IND,1998,3.805872951
IND,1999,3.97502286
IND,2000,4.144172769
IND,2001,4.22122995
IND,2002,4.298287131
IND,2003,4.375344311
IND,2004,4.452401492
IND,2005,4.529458673
IND,2006,4.636586948
IND,2007,4.743715224
IND,2008,4.8508435
IND,2009,4.957971775
IND,2010,5.065100051
IND,2011,5.301909924
IND,2012,5.39910593
IND,2013,5.496301937
IND,2014,5.593497944
IND,2015,5.690693951
IND,2016,5.787889957
IND,2017,6.014425039
IND,2018,6.240960121
IND,2019,6.281380177
IND,2020,6.494880199
IND,2021,6.532790184
IND,2022,6.570700169
IND,2025,1.0
IRL,1990,6.995905683
IRL,1991,7.243639946
IRL,1992,7.500146806
IRL,1993,7.756653666
IRL,1994,8.013160527
IRL,1995,8.269667387
IRL,1996,8.526174247
IRL,1997,8.782681108
IRL,1998,9.039187968
IRL,1999,9.295694828
IRL,2000,9.552201688
IRL,2001,9.808708549
IRL,2002,10.06521541
IRL,2003,10.32172227
IRL,2004,10.57822913
IRL,2005,10.83473599
IRL,2006,11.09124285
IRL,2007,11.34774971
IRL,2008,11.42160988
IRL,2009,11.49547005
IRL,2010,11.56933022
IRL,2011,10.99995995
IRL,2012,11.07233159
IRL,2013,11.14470323
IRL,2014,11.21707487
IRL,2015,11.28944651
IRL,2016,11.36181815
IRL,2017,11.4341898
IRL,2018,11.50796839
IRL,2019,11.58222303
IRL,2020,11.6569568
IRL,2021,11.6569568
IRL,2022,11.6569568
IRL,2025,1.0
IRN,1990,5.738566289
IRN,1991,6.021415054
IRN,1992,6.304263819
IRN,1993,6.587112584
IRN,1994,6.869961349
IRN,1995,7.152810114
IRN,1996,7.413901281
IRN,1997,7.674992449
IRN,1998,7.936083617
IRN,1999,8.197174784
IRN,2000,8.458265952
IRN,2001,8.678561625
IRN,2002,8.898857298
IRN,2003,9.11915297
IRN,2004,9.339448643
IRN,2005,9.559744316
IRN,2006,9.869790077
IRN,2007,9.630650043
IRN,2008,9.39151001
IRN,2009,9.551324844
IRN,2010,9.711139679
IRN,2011,9.798224926
IRN,2012,9.885310173
IRN,2013,10.04448032
IRN,2014,10.11600018
IRN,2015,10.21497011
IRN,2016,10.31394005
IRN,2017,10.42034294
IRN,2018,10.52784353
IRN,2019,10.63645314
IRN,2020,10.74618321
IRN,2021,10.74618321
IRN,2022,10.74618321
IRN,2025,1.0
IRQ,1990,3.579930663
IRQ,1991,3.799888785
IRQ,1992,4.019846907
IRQ,1993,4.239805029
IRQ,1994,4.459763152
IRQ,1995,4.679721274
IRQ,1996,4.874990219
IRQ,1997,5.070259164
IRQ,1998,5.26552811
IRQ,1999,5.460797055
IRQ,2000,5.656066
IRQ,2001,5.738294667
IRQ,2002,5.820523333
IRQ,2003,5.902752
IRQ,2004,5.984980667
IRQ,2005,6.067209333
IRQ,2006,6.149438
IRQ,2007,6.226963
IRQ,2008,6.304488
IRQ,2009,6.382013
IRQ,2010,6.459538
IRQ,2011,6.537063
IRQ,2012,6.558606861
IRQ,2013,6.580150722
IRQ,2014,6.601694582
IRQ,2015,6.623238443
IRQ,2016,6.644782304
IRQ,2017,6.666326165
IRQ,2018,6.687870026
IRQ,2019,6.749874486
IRQ,2020,6.811878947
IRQ,2021,6.811878947
IRQ,2022,6.811878947
IRQ,2025,1.0
ISL,1990,10.51085085
ISL,1991,10.62763808
ISL,1992,10.74442531
ISL,1993,10.86121255
ISL,1994,10.97799978
ISL,1995,11.09478701
ISL,1996,11.22399841
ISL,1997,11.35320982
ISL,1998,11.48242123
ISL,1999,11.61163263
ISL,2000,11.74084404
ISL,2001,11.88744928
ISL,2002,12.03405453
ISL,2003,12.18065978
ISL,2004,12.32726503
ISL,2005,12.47387028
ISL,2006,12.56340524
ISL,2007,12.65294021
ISL,2008,12.74247517
ISL,2009,12.83201013
ISL,2010,12.9215451
ISL,2011,13.01108006
ISL,2012,13.10061502
ISL,2013,13.19014999
ISL,2014,13.27968495
ISL,2015,13.36921992
ISL,2016,13.45875488
ISL,2017,13.54828984
ISL,2018,13.63782481
ISL,2019,13.72735977
ISL,2020,13.76716995
ISL,2021,13.76716995
ISL,2022,13.76716995
ISL,2025,1.0
ISR,1990,9.903128995
ISR,1991,9.969568845
ISR,1992,10.0360087
ISR,1993,10.10244855
ISR,1994,10.1688884
ISR,1995,10.23532825
ISR,1996,10.30715511
ISR,1997,10.37898197
ISR,1998,10.45080884
ISR,1999,10.5226357
ISR,2000,10.59446257
ISR,2001,10.63935436
ISR,2002,10.68424615
ISR,2003,10.72913794
ISR,2004,10.77402973
ISR,2005,11.27696466
ISR,2006,11.7798996
ISR,2007,12.38459969
ISR,2008,12.42374992
ISR,2009,12.46290016
ISR,2010,12.4951601
ISR,2011,12.5978899
ISR,2012,12.68892002
ISR,2013,12.80438042
ISR,2014,12.91596985
ISR,2015,12.9602499
ISR,2016,13.05535211
ISR,2017,13.15115217
ISR,2018,13.24765522
ISR,2019,13.3448664
ISR,2020,13.44279092
ISR,2021,13.44279092
ISR,2022,13.44279092
ISR,2025,1.0
ITA,1990,7.439056506
ITA,1991,7.569673685
ITA,1992,7.700290864
ITA,1993,7.830908042
ITA,1994,7.961525221
ITA,1995,8.0921424
ITA,1996,8.224800472
ITA,1997,8.357458544
ITA,1998,8.490116616
ITA,1999,8.622774688
ITA,2000,8.75543276
ITA,2001,8.841150284
ITA,2002,8.94881773
ITA,2003,9.056485176
ITA,2004,9.164152622
ITA,2005,9.271820068
ITA,2006,9.389100075
ITA,2007,9.531259537
ITA,2008,9.650380135
ITA,2009,9.732089996
ITA,2010,9.82297039
ITA,2011,9.897959709
ITA,2012,10.02369976
ITA,2013,10.12277985
ITA,2014,10.22185993
ITA,2015,10.3059597
ITA,2016,10.39278984
ITA,2017,10.47961998
ITA,2018,10.56645012
ITA,2019,10.65328026
ITA,2020,10.7401104
ITA,2021,10.7401104
ITA,2022,10.7401104
ITA,2025,1.0
JAM,1990,6.683423858
JAM,1991,6.766069889
JAM,1992,6.849737906
JAM,1993,6.933405924
JAM,1994,7.017073941
JAM,1995,7.100741959
JAM,1996,7.184409976
JAM,1997,7.268077993
JAM,1998,7.351746011
JAM,1999,7.435414028
JAM,2000,7.519082046
JAM,2001,7.602750063
JAM,2002,7.68641808
JAM,2003,7.770086098
JAM,2004,7.853754115
JAM,2005,7.937422132
JAM,2006,8.02109015
JAM,2007,8.104758167
JAM,2008,8.188426185
JAM,2009,8.272094202
JAM,2010,8.355762219
JAM,2011,8.439430237
JAM,2012,8.525680986
JAM,2013,8.612813215
JAM,2014,8.700835933
JAM,2015,8.789758241
JAM,2016,8.879589332
JAM,2017,8.970338495
JAM,2018,9.062015112
JAM,2019,9.154628661
JAM,2020,9.248188719
JAM,2021,9.248188719
JAM,2022,9.248188719
JAM,2025,1.0
JOR,1990,5.005190277
JOR,1991,5.283574193
JOR,1992,5.56195811
JOR,1993,5.840342026
JOR,1994,6.118725942
JOR,1995,6.397109859
JOR,1996,6.589690513
JOR,1997,6.782271168
JOR,1998,6.974851822
JOR,1999,7.167432477
JOR,2000,7.360013131
JOR,2001,7.506832046
JOR,2002,7.653650961
JOR,2003,7.800469875
JOR,2004,8.145095825
JOR,2005,8.489721775
JOR,2006,8.834347725
JOR,2007,9.178973675
JOR,2008,9.523599625
JOR,2009,9.56456995
JOR,2010,9.605540276
JOR,2011,9.759554454
JOR,2012,9.913568633
JOR,2013,10.06758281
JOR,2014,10.22159699
JOR,2015,10.37561117
JOR,2016,10.52962535
JOR,2017,10.68363953
JOR,2018,10.3508997
JOR,2019,10.39878988
JOR,2020,10.44668007
JOR,2021,10.44668007
JOR,2022,10.44668007
JOR,2025,1.0
JPN,1990,11.6402998
JPN,1991,11.68477979
JPN,1992,11.72925978
JPN,1993,11.77373977
JPN,1994,11.81821976
JPN,1995,11.86269975
JPN,1996,11.90717974
JPN,1997,11.95165973
JPN,1998,11.99613972
JPN,1999,12.04061971
JPN,2000,12.0850997
JPN,2001,12.12957969
JPN,2002,12.17405968
JPN,2003,12.21853967
JPN,2004,12.26301966
JPN,2005,12.30749965
JPN,2006,12.35197964
JPN,2007,12.39645963
JPN,2008,12.44093962
JPN,2009,12.48541961
JPN,2010,12.5298996
JPN,2011,12.54383268
JPN,2012,12.55776577
JPN,2013,12.57169886
JPN,2014,12.58563194
JPN,2015,12.59956503
JPN,2016,12.61349812
JPN,2017,12.6274312
JPN,2018,12.64136429
JPN,2019,12.65529737
JPN,2020,12.66923046
JPN,2021,12.66923046
JPN,2022,12.66923046
JPN,2025,1.0
KAZ,1990,7.497319287
KAZ,1991,7.724567226
KAZ,1992,7.951815165
KAZ,1993,8.179063103
KAZ,1994,8.406311042
KAZ,1995,8.633558981
KAZ,1996,8.858944231
KAZ,1997,9.084329482
KAZ,1998,9.309714733
KAZ,1999,9.535099983
KAZ,2000,9.782702446
KAZ,2001,10.03030491
KAZ,2002,10.27790737
KAZ,2003,10.52550983
KAZ,2004,10.7731123
KAZ,2005,11.02071476
KAZ,2006,11.26831722
KAZ,2007,11.51591969
KAZ,2008,11.26464462
KAZ,2009,11.01336956
KAZ,2010,11.17743635
KAZ,2011,11.34150314
KAZ,2012,11.50556993
KAZ,2013,11.66963673
KAZ,2014,11.83370352
KAZ,2015,11.99777031
KAZ,2016,12.06853676
KAZ,2017,12.13930321
KAZ,2018,12.21006966
KAZ,2019,12.32121841
KAZ,2020,12.43337895
KAZ,2021,12.43337895
KAZ,2022,12.43337895
KAZ,2025,1.0
KEN,1990,3.840729596
KEN,1991,4.010052084
KEN,1992,4.179374571
KEN,1993,4.348697059
KEN,1994,4.518019546
KEN,1995,4.687342034
KEN,1996,4.836015438
KEN,1997,4.984688841
KEN,1998,5.133362245
KEN,1999,5.282035649
KEN,2000,5.430709053
KEN,2001,5.546343922
KEN,2002,5.661978792
KEN,2003,5.777613661
KEN,2004,5.893248531
KEN,2005,6.0088834
KEN,2006,6.085285011
KEN,2007,6.161686621
KEN,2008,6.238088231
KEN,2009,6.314489841
KEN,2010,5.818039894
KEN,2011,6.059886561
KEN,2012,6.301733229
KEN,2013,6.543579896
KEN,2014,6.785426564
KEN,2015,7.027273231
KEN,2016,7.269119898
KEN,2017,7.510966566
KEN,2018,7.752813233
KEN,2019,7.994659901
KEN,2020,7.686359882
KEN,2021,7.686359882
KEN,2022,7.686359882
KEN,2025,1.0
KGZ,1990,9.171267886
KGZ,1991,9.286980145
KGZ,1992,9.402692403
KGZ,1993,9.518404662
KGZ,1994,9.63411692
KGZ,1995,9.749829178
KGZ,1996,9.884826813
KGZ,1997,10.01982445
KGZ,1998,10.15482208
KGZ,1999,10.28981972
KGZ,2000,10.34707279
KGZ,2001,10.40432587
KGZ,2002,10.46157894
KGZ,2003,10.51883202
KGZ,2004,10.57608509
KGZ,2005,10.63333817
KGZ,2006,10.69059124
KGZ,2007,10.74784431
KGZ,2008,10.80509739
KGZ,2009,10.86235046
KGZ,2010,10.96170372
KGZ,2011,11.06105698
KGZ,2012,11.16041025
KGZ,2013,11.25976351
KGZ,2014,11.35911677
KGZ,2015,11.45847003
KGZ,2016,11.55782329
KGZ,2017,11.65717655
KGZ,2018,11.75652981
KGZ,2019,11.85848279
KGZ,2020,11.96131992
KGZ,2021,11.96131992
KGZ,2022,11.96131992
KGZ,2025,1.0
KHM,1990,2.814247517
KHM,1991,2.868649328
KHM,1992,2.923051139
KHM,1993,2.97745295
KHM,1994,3.03185476
KHM,1995,3.086256571
KHM,1996,3.142750759
KHM,1997,3.199244947
KHM,1998,3.255739135
KHM,1999,3.312233323
KHM,2000,3.368727511
KHM,2001,3.431498832
KHM,2002,3.494270152
KHM,2003,3.557041472
KHM,2004,3.619812792
KHM,2005,3.682584112
KHM,2006,3.803941997
KHM,2007,3.925299883
KHM,2008,4.030479908
KHM,2009,3.936969995
KHM,2010,3.869265985
KHM,2011,3.801561975
KHM,2012,3.733857965
KHM,2013,3.666153955
KHM,2014,3.598449945
KHM,2015,3.674109936
KHM,2016,3.955174923
KHM,2017,4.23623991
KHM,2018,4.517304897
KHM,2019,4.798369884
KHM,2020,4.997735023
KHM,2021,5.197100163
KHM,2022,5.197100163
KHM,2025,1.0
KIR,2000,7.541033476
KIR,2001,7.619961922
KIR,2002,7.699716476
KIR,2003,7.780305783
KIR,2004,7.86173858
KIR,2005,7.944023696
KIR,2006,8.027170051
KIR,2007,8.11118666
KIR,2008,8.196082632
KIR,2009,8.28186717
KIR,2010,8.368549574
KIR,2011,8.456139242
KIR,2012,8.54464567
KIR,2013,8.634078452
KIR,2014,8.723511235
KIR,2015,8.812944018
KIR,2016,8.902376801
KIR,2017,8.991809584
KIR,2018,9.037400246
KIR,2019,9.082990907
KIR,2020,9.128581569
KIR,2021,9.128581569
KIR,2022,9.128581569
KIR,2025,1.0
KNA,2005,8.524296424
KNA,2006,8.733878601
KNA,2007,8.948613659
KNA,2008,9.16862829
KNA,2009,9.394052298
KNA,2010,9.625018683
KNA,2011,9.861663711
KNA,2012,10.104127
KNA,2013,10.3525516
KNA,2014,10.6009762
KNA,2015,10.8494008
KNA,2016,10.8494008
KNA,2017,10.8494008
KNA,2018,10.8494008
KNA,2019,10.8494008
KNA,2020,10.8494008
KNA,2021,10.8494008
KNA,2022,10.8494008
KNA,2025,1.0
KOR,1990,9.27328968
KOR,1991,9.418097687
KOR,1992,9.562905693
KOR,1993,9.707713699
KOR,1994,9.852521706
KOR,1995,9.997329712
KOR,1996,10.12222176
KOR,1997,10.2471138
KOR,1998,10.37200584
KOR,1999,10.49689789
KOR,2000,10.62178993
KOR,2001,10.74614601
KOR,2002,10.87050209
KOR,2003,10.99485817
KOR,2004,11.11921425
KOR,2005,11.24357033
KOR,2006,11.15105033
KOR,2007,11.05853033
KOR,2008,10.96601033
KOR,2009,10.87349033
KOR,2010,11.6382103
KOR,2011,11.73383427
KOR,2012,11.82945824
KOR,2013,11.92508221
KOR,2014,12.02070618
KOR,2015,12.11633015
KOR,2016,12.21428586
KOR,2017,12.31303351
KOR,2018,12.41257949
KOR,2019,12.51293027
KOR,2020,12.61409234
KOR,2021,12.61409234
KOR,2022,12.61409234
KOR,2025,1.0
KWT,1990,5.641944529
KWT,1991,5.678806599
KWT,1992,5.715668668
KWT,1993,5.752530738
KWT,1994,5.789392807
KWT,1995,5.826254877
KWT,1996,5.904074801
KWT,1997,5.981894726
KWT,1998,6.05971465
KWT,1999,6.137534575
KWT,2000,6.215354499
KWT,2001,6.194875572
KWT,2002,6.174396644
KWT,2003,6.153917717
KWT,2004,6.133438789
KWT,2005,6.112959862
KWT,2006,6.135809898
KWT,2007,6.217239857
KWT,2008,6.426829815
KWT,2009,6.637987375
KWT,2010,6.849144936
KWT,2011,7.060302496
KWT,2012,7.271460056
KWT,2013,6.68321991
KWT,2014,6.877979994
KWT,2015,7.072740078
KWT,2016,7.132780075
KWT,2017,7.192820072
KWT,2018,7.216040134
KWT,2019,7.328022618
KWT,2020,7.441742908
KWT,2021,7.441742908
KWT,2022,7.441742908
KWT,2025,1.0
LAO,1990,3.365593212
LAO,1991,3.470155332
LAO,1992,3.574717451
LAO,1993,3.67927957
LAO,1994,3.783841689
LAO,1995,3.888403808
LAO,1996,3.960290265
LAO,1997,4.032176722
LAO,1998,4.104063179
LAO,1999,4.175949636
LAO,2000,4.247836093
LAO,2001,4.31972255
LAO,2002,4.391609007
LAO,2003,4.463495464
LAO,2004,4.535381921
LAO,2005,4.607268378
LAO,2006,4.681333212
LAO,2007,4.755398047
LAO,2008,4.829462881
LAO,2009,4.903527716
LAO,2010,4.97759255
LAO,2011,5.077797914
LAO,2012,5.178003279
LAO,2013,5.278208643
LAO,2014,5.378414007
LAO,2015,5.478619371
LAO,2016,5.572289603
LAO,2017,5.665959835
LAO,2018,5.759630067
LAO,2019,5.853300299
LAO,2020,5.94697053
LAO,2021,5.94697053
LAO,2022,5.94697053
LAO,2025,1.0
LBN,2005,7.967203308
LBN,2006,8.014158251
LBN,2007,8.061389923
LBN,2008,8.108899957
LBN,2009,8.156689992
LBN,2010,8.20476168
LBN,2011,8.253116679
LBN,2012,8.30175666
LBN,2013,8.350683302
LBN,2014,8.399609944
LBN,2015,8.448536586
LBN,2016,8.497463228
LBN,2017,8.54638987
LBN,2018,8.565249605
LBN,2019,8.584109341
LBN,2020,8.602969077
LBN,2021,8.602969077
LBN,2022,8.602969077
LBN,2025,1.0
LBR,1990,2.648864266
LBR,1991,2.750743661
LBR,1992,2.852623056
LBR,1993,2.954502451
LBR,1994,3.056381846
LBR,1995,3.158261241
LBR,1996,3.231614405
LBR,1997,3.304967569
LBR,1998,3.378320734
LBR,1999,3.451673898
LBR,2000,3.525027062
LBR,2001,3.590229875
LBR,2002,3.655432688
LBR,2003,3.7206355
LBR,2004,3.785838313
LBR,2005,3.851041126
LBR,2006,3.914206351
LBR,2007,3.977371575
LBR,2008,4.0405368
LBR,2009,4.103702025
LBR,2010,4.16686725
LBR,2011,4.256521117
LBR,2012,4.346174985
LBR,2013,4.435828852
LBR,2014,4.52548272
LBR,2015,4.615136587
LBR,2016,4.755730152
LBR,2017,4.896323717
LBR,2018,5.036917282
LBR,2019,5.177510847
LBR,2020,5.318104412
LBR,2021,5.318104412
LBR,2022,5.318104412
LBR,2025,1.0
LBY,1990,3.81
LBY,1991,3.986
LBY,1992,4.162
LBY,1993,4.338
LBY,1994,4.514
LBY,1995,4.69
LBY,1996,4.868
LBY,1997,5.046
LBY,1998,5.224
LBY,1999,5.402
LBY,2000,5.58
LBY,2001,5.752
LBY,2002,5.924
LBY,2003,6.096
LBY,2004,6.268
LBY,2005,6.44
LBY,2006,6.614
LBY,2007,6.788
LBY,2008,6.962
LBY,2009,7.136
LBY,2010,7.31
LBY,2011,7.56
LBY,2012,7.81
LBY,2013,7.807726512
LBY,2014,7.805453023
LBY,2015,7.803179535
LBY,2016,7.800906046
LBY,2017,7.798632558
LBY,2018,7.791957182
LBY,2019,7.785281806
LBY,2020,7.77860643
LBY,2021,7.77860643
LBY,2022,7.77860643
LBY,2025,1.0
LCA,1990,6.565525952
LCA,1991,6.654469967
LCA,1992,6.744618918
LCA,1993,6.834767869
LCA,1994,6.92491682
LCA,1995,7.01506577
LCA,1996,7.105214721
LCA,1997,7.195363672
LCA,1998,7.285512623
LCA,1999,7.375661574
LCA,2000,7.465810525
LCA,2001,7.555959476
LCA,2002,7.646108427
LCA,2003,7.736257377
LCA,2004,7.826406328
LCA,2005,7.916555279
LCA,2006,8.00670423
LCA,2007,8.096853181
LCA,2008,8.187002132
LCA,2009,8.277151083
LCA,2010,8.367300034
LCA,2011,8.363389969
LCA,2012,8.359479904
LCA,2013,8.355569839
LCA,2014,8.387148221
LCA,2015,8.418726603
LCA,2016,8.450304985
LCA,2017,8.481883367
LCA,2018,8.513461749
LCA,2019,8.545040131
LCA,2020,8.576973425
LCA,2021,8.576973425
LCA,2022,8.576973425
LCA,2025,1.0
LIE,1990,10.23800893
LIE,1991,10.32817038
LIE,1992,10.41912584
LIE,1993,10.5100813
LIE,1994,10.60103676
LIE,1995,10.69199222
LIE,1996,10.78294768
LIE,1997,10.87390314
LIE,1998,10.9648586
LIE,1999,11.05581406
LIE,2000,11.14676952
LIE,2001,11.23772498
LIE,2002,11.32868044
LIE,2003,11.41963591
LIE,2004,11.51059137
LIE,2005,11.60154683
LIE,2006,11.58770049
LIE,2007,11.57385416
LIE,2008,11.51046091
LIE,2009,11.71749306
LIE,2010,11.75815288
LIE,2011,11.75440928
LIE,2012,11.79503846
LIE,2013,11.83108172
LIE,2014,12.0588793
LIE,2015,12.12160059
LIE,2016,12.15940987
LIE,2017,12.20403344
LIE,2018,12.25299886
LIE,2019,12.30196427
LIE,2020,12.351169
LIE,2021,12.351169
LIE,2022,12.351169
LIE,2025,1.0
LKA,1990,8.174521818
LKA,1991,8.355011902
LKA,1992,8.535501986
LKA,1993,8.71599207
LKA,1994,8.896482153
LKA,1995,9.076972237
LKA,1996,9.286844428
LKA,1997,9.496716618
LKA,1998,9.706588809
LKA,1999,9.916460999
LKA,2000,10.12633319
LKA,2001,10.16411018
LKA,2002,10.15491445
LKA,2003,10.14571871
LKA,2004,10.13652297
LKA,2005,10.12732724
LKA,2006,10.1181315
LKA,2007,10.10893576
LKA,2008,10.09974003
LKA,2009,10.19462967
LKA,2010,10.23958833
LKA,2011,10.28454699
LKA,2012,10.32950565
LKA,2013,10.37446431
LKA,2014,10.41942297
LKA,2015,10.46438163
LKA,2016,10.50934029
LKA,2017,10.57874966
LKA,2018,10.64155006
LKA,2019,10.63134003
LKA,2020,10.82730007
LKA,2021,11.24960995
LKA,2022,11.24960995
LKA,2025,1.0
LSO,1990,4.10912389
LSO,1991,4.192011797
LSO,1992,4.274899704
LSO,1993,4.35778761
LSO,1994,4.440675517
LSO,1995,4.523563424
LSO,1996,4.618796338
LSO,1997,4.714029252
LSO,1998,4.809262167
LSO,1999,4.904495081
LSO,2000,4.999727995
LSO,2001,5.207829548
LSO,2002,5.415931101
LSO,2003,5.624032655
LSO,2004,5.832134208
LSO,2005,6.040235761
LSO,2006,5.825079918
LSO,2007,5.680554867
LSO,2008,5.536029816
LSO,2009,5.701013851
LSO,2010,5.865997887
LSO,2011,6.030981922
LSO,2012,6.195965958
LSO,2013,6.360949993
LSO,2014,6.525934029
LSO,2015,6.690918064
LSO,2016,6.8559021
LSO,2017,7.020886135
LSO,2018,7.185870171
LSO,2019,7.363274601
LSO,2020,7.545058784
LSO,2021,7.545058784
LSO,2022,7.545058784
LSO,2025,1.0
LTU,1990,9.163519754
LTU,1991,9.336793582
LTU,1992,9.51006741
LTU,1993,9.683341238
LTU,1994,9.856615066
LTU,1995,10.02988889
LTU,1996,10.21427002
LTU,1997,10.39865114
LTU,1998,10.58303227
LTU,1999,10.76741339
LTU,2000,10.95179452
LTU,2001,11.13617564
LTU,2002,11.32055677
LTU,2003,11.50493789
LTU,2004,11.68931902
LTU,2005,11.87370014
LTU,2006,12.01453018
LTU,2007,12.15880966
LTU,2008,12.2985096
LTU,2009,12.32283974
LTU,2010,12.45812035
LTU,2011,12.57373047
LTU,2012,12.56449986
LTU,2013,12.58769035
LTU,2014,12.8023901
LTU,2015,12.95541
LTU,2016,13.10509968
LTU,2017,13.18838978
LTU,2018,13.29162661
LTU,2019,13.39486345
LTU,2020,13.49810028
LTU,2021,13.49810028
LTU,2022,13.49810028
LTU,2025,1.0
LUX,1990,8.820647886
LUX,1991,8.991640091
LUX,1992,9.165947056
LUX,1993,9.340254021
LUX,1994,9.514560986
LUX,1995,9.68886795
LUX,1996,9.863174915
LUX,1997,10.03748188
LUX,1998,10.21178885
LUX,1999,10.38609581
LUX,2000,10.56040277
LUX,2001,10.73470974
LUX,2002,10.99867487
LUX,2003,11.26264
LUX,2004,11.35346246
LUX,2005,11.44428492
LUX,2006,11.53510737
LUX,2007,11.62592983
LUX,2008,12.21762991
LUX,2009,12.80932999
LUX,2010,12.83508015
LUX,2011,12.85511971
LUX,2012,13.00098991
LUX,2013,13.20458984
LUX,2014,13.42529011
LUX,2015,12.45672989
LUX,2016,12.84430344
LUX,2017,12.65323261
LUX,2018,12.82510172
LUX,2019,13.01519217
LUX,2020,12.9600811
LUX,2021,12.9600811
LUX,2022,12.9600811
LUX,2025,1.0
LVA,1990,9.157942743
LVA,1991,9.480166654
LVA,1992,9.802390565
LVA,1993,10.12461448
LVA,1994,10.44683839
LVA,1995,10.7690623
LVA,1996,10.909581
LVA,1997,11.0500997
LVA,1998,11.19061839
LVA,1999,11.33113709
LVA,2000,11.47165579
LVA,2001,11.63640185
LVA,2002,11.80114791
LVA,2003,11.96589397
LVA,2004,12.13064003
LVA,2005,12.2501297
LVA,2006,12.29691982
LVA,2007,12.17078972
LVA,2008,12.35105991
LVA,2009,12.45602989
LVA,2010,12.56455994
LVA,2011,12.6059103
LVA,2012,12.70405006
LVA,2013,12.80914974
LVA,2014,12.85737991
LVA,2015,12.87024021
LVA,2016,12.93480968
LVA,2017,13.05903006
LVA,2018,13.18325043
LVA,2019,13.25271988
LVA,2020,13.33330305
LVA,2021,13.33330305
LVA,2022,13.33330305
LVA,2025,1.0
MAR,1990,2.11
MAR,1991,2.22
MAR,1992,2.33
MAR,1993,2.44
MAR,1994,2.55
MAR,1995,2.66
MAR,1996,2.78
MAR,1997,2.9
MAR,1998,3.02
MAR,1999,3.14
MAR,2000,3.26
MAR,2001,3.366
MAR,2002,3.472
MAR,2003,3.578
MAR,2004,3.684
MAR,2005,3.79
MAR,2006,3.88
MAR,2007,3.97
MAR,2008,4.06
MAR,2009,4.15
MAR,2010,4.24
MAR,2011,4.468
MAR,2012,4.696
MAR,2013,4.924
MAR,2014,5.152
MAR,2015,5.38
MAR,2016,5.514
MAR,2017,5.648
MAR,2018,5.782
MAR,2019,5.916
MAR,2020,6.05
MAR,2021,6.05
MAR,2022,6.05
MAR,2025,1.0
MDA,1990,9.123799733
MDA,1991,9.254623066
MDA,1992,9.3854464
MDA,1993,9.516269734
MDA,1994,9.647093067
MDA,1995,9.777916401
MDA,1996,9.877161688
MDA,1997,9.976406976
MDA,1998,10.07565226
MDA,1999,10.17489755
MDA,2000,10.27414284
MDA,2001,10.37789928
MDA,2002,10.48165571
MDA,2003,10.58541215
MDA,2004,10.68916859
MDA,2005,10.79292502
MDA,2006,11.03878267
MDA,2007,11.28464031
MDA,2008,11.38162994
MDA,2009,11.47673988
MDA,2010,11.4894104
MDA,2011,11.55617046
MDA,2012,11.70310974
MDA,2013,11.69207954
MDA,2014,11.76074028
MDA,2015,11.76515007
MDA,2016,11.79195658
MDA,2017,11.8187631
MDA,2018,11.84556961
MDA,2019,11.82159042
MDA,2020,11.8338152
MDA,2021,11.8338152
MDA,2022,11.8338152
MDA,2025,1.0
MDG,1999,3.771085909
MDG,2000,3.902890818
MDG,2001,4.034695727
MDG,2002,4.166500637
MDG,2003,4.298305546
MDG,2004,4.430110455
MDG,2005,4.476048265
MDG,2006,4.521986076
MDG,2007,4.567923886
MDG,2008,4.613861697
MDG,2009,4.659799508
MDG,2010,4.705737318
MDG,2011,4.751675129
MDG,2012,4.79761294
MDG,2013,4.84355075
MDG,2014,4.889488561
MDG,2015,4.935426371
MDG,2016,4.981364182
MDG,2017,5.027301993
MDG,2018,5.073239803
MDG,2019,4.912999948
MDG,2020,4.752760092
MDG,2021,4.592520237
MDG,2022,4.592520237
MDG,2025,1.0
MDV,1990,4.590225666
MDV,1991,4.469789052
MDV,1992,4.349352438
MDV,1993,4.228915824
MDV,1994,4.10847921
MDV,1995,3.988042596
MDV,1996,3.883512705
MDV,1997,3.778982813
MDV,1998,3.674452922
MDV,1999,3.569923031
MDV,2000,3.465393139
MDV,2001,3.469937917
MDV,2002,3.474482695
MDV,2003,3.479027473
MDV,2004,3.483572251
MDV,2005,3.488117029
MDV,2006,3.78579998
MDV,2007,4.058446364
MDV,2008,4.331092748
MDV,2009,4.603739132
MDV,2010,4.876385515
MDV,2011,5.149031899
MDV,2012,5.421678283
MDV,2013,5.694324667
MDV,2014,5.966971051
MDV,2015,6.239617434
MDV,2016,6.512263818
MDV,2017,6.784910202
MDV,2018,7.096234139
MDV,2019,7.421843098
MDV,2020,7.762392544
MDV,2021,7.762392544
MDV,2022,7.762392544
MDV,2025,1.0
MEX,1990,5.953360081
MEX,1991,6.024422073
MEX,1992,6.095484066
MEX,1993,6.166546059
MEX,1994,6.237608051
MEX,1995,6.308670044
MEX,1996,6.379732037
MEX,1997,6.450794029
MEX,1998,6.521856022
MEX,1999,6.592918015
MEX,2000,6.663980007
MEX,2001,6.819949985
MEX,2002,6.975919962
MEX,2003,7.131889939
MEX,2004,7.287859917
MEX,2005,7.48514986
MEX,2006,7.871600151
MEX,2007,7.882470131
MEX,2008,7.948890209
MEX,2009,8.136670113
MEX,2010,8.005069733
MEX,2011,8.247494698
MEX,2012,8.489919662
MEX,2013,8.357230186
MEX,2014,8.403470039
MEX,2015,8.601650238
MEX,2016,8.599900246
MEX,2017,8.742489815
MEX,2018,8.933190346
MEX,2019,9.077120304
MEX,2020,9.221050262
MEX,2021,9.221050262
MEX,2022,9.221050262
MEX,2025,1.0
MHL,2011,10.88313961
MHL,2012,11.11766501
MHL,2013,11.3572443
MHL,2014,11.59682359
MHL,2015,11.83640289
MHL,2016,12.07598218
MHL,2017,12.31556147
MHL,2018,12.48316337
MHL,2019,12.65076528
MHL,2020,12.81836718
MHL,2021,12.81836718
MHL,2022,12.81836718
MHL,2025,1.0
MKD,1990,4.605396198
MKD,1991,4.781829411
MKD,1992,4.965021798
MKD,1993,5.155232306
MKD,1994,5.352729797
MKD,1995,5.574106097
MKD,1996,5.795482397
MKD,1997,6.016858697
MKD,1998,6.238234997
MKD,1999,6.459611297
MKD,2000,6.680987597
MKD,2001,6.902363896
MKD,2002,7.123740196
MKD,2003,7.408845186
MKD,2004,7.693950176
MKD,2005,7.979055166
MKD,2006,8.264160156
MKD,2007,8.549265146
MKD,2008,8.834370136
MKD,2009,9.119475126
MKD,2010,9.404580116
MKD,2011,9.689685106
MKD,2012,9.974790096
MKD,2013,10.25989509
MKD,2014,10.54500008
MKD,2015,10.83010507
MKD,2016,11.11521006
MKD,2017,11.40031505
MKD,2018,11.68542004
MKD,2019,10.9567852
MKD,2020,10.22815037
MKD,2021,10.22815037
MKD,2022,10.22815037
MKD,2025,1.0
MLI,1990,0.844106169
MLI,1991,0.881621999
MLI,1992,0.919137829
MLI,1993,0.956653659
MLI,1994,0.994169488
MLI,1995,1.031685318
MLI,1996,1.06216693
MLI,1997,1.092648542
MLI,1998,1.123130153
MLI,1999,1.153611765
MLI,2000,1.184093377
MLI,2001,1.219264467
MLI,2002,1.254435557
MLI,2003,1.289606648
MLI,2004,1.324777738
MLI,2005,1.359948828
MLI,2006,1.439669967
MLI,2007,1.55489397
MLI,2008,1.670117974
MLI,2009,1.785341978
MLI,2010,1.900565982
MLI,2011,2.015789986
MLI,2012,1.969857484
MLI,2013,1.923924983
MLI,2014,1.877992481
MLI,2015,1.832059979
MLI,2016,1.528259993
MLI,2017,1.700025022
MLI,2018,1.871790051
MLI,2019,2.041840076
MLI,2020,1.626710057
MLI,2021,1.626710057
MLI,2022,1.626710057
MLI,2025,1.0
MLT,1990,6.4654826
MLT,1991,6.574985169
MLT,1992,6.684487739
MLT,1993,6.793990308
MLT,1994,6.903492878
MLT,1995,7.012995448
MLT,1996,7.104784366
MLT,1997,7.196573285
MLT,1998,7.288362203
MLT,1999,7.380151122
MLT,2000,7.471940041
MLT,2001,7.934534073
MLT,2002,8.397128105
MLT,2003,8.859722137
MLT,2004,9.32231617
MLT,2005,9.784910202
MLT,2006,9.821985245
MLT,2007,9.859060287
MLT,2008,10.00864029
MLT,2009,10.15822029
MLT,2010,10.30780029
MLT,2011,10.47278023
MLT,2012,10.79741001
MLT,2013,11.0275898
MLT,2014,11.12584019
MLT,2015,11.21442032
MLT,2016,11.28810978
MLT,2017,11.56434488
MLT,2018,11.84057999
MLT,2019,12.02542019
MLT,2020,12.21026039
MLT,2021,12.21026039
MLT,2022,12.21026039
MLT,2025,1.0
MMR,1990,2.220867026
MMR,1991,2.272047501
MMR,1992,2.323227975
MMR,1993,2.37440845
MMR,1994,2.425588925
MMR,1995,2.4767694
MMR,1996,2.548056489
MMR,1997,2.619343579
MMR,1998,2.690630669
MMR,1999,2.761917758
MMR,2000,2.833204848
MMR,2001,2.915459182
MMR,2002,2.997713517
MMR,2003,3.079967851
MMR,2004,3.162222185
MMR,2005,3.24447652
MMR,2006,3.343181721
MMR,2007,3.441886922
MMR,2008,3.540592123
MMR,2009,3.639297324
MMR,2010,3.738002525
MMR,2011,3.937240802
MMR,2012,4.136479078
MMR,2013,4.335717355
MMR,2014,4.534955631
MMR,2015,4.734193908
MMR,2016,4.849349976
MMR,2017,5.358500004
MMR,2018,5.867650032
MMR,2019,6.37680006
MMR,2020,6.518157697
MMR,2021,6.518157697
MMR,2022,6.518157697
MMR,2025,1.0
MNE,2003,10.44497967
MNE,2004,10.54984474
MNE,2005,10.65470982
MNE,2006,10.75957489
MNE,2007,10.86443996
MNE,2008,10.96930504
MNE,2009,11.07417011
MNE,2010,11.17903519
MNE,2011,11.28390026
MNE,2012,11.43050875
MNE,2013,11.57711724
MNE,2014,11.72372573
MNE,2015,11.87033422
MNE,2016,12.01694271
MNE,2017,12.16355119
MNE,2018,12.31015968
MNE,2019,12.46224679
MNE,2020,12.61621288
MNE,2021,12.61621288
MNE,2022,12.61621288
MNE,2025,1.0
MNG,1990,8.489093305
MNG,1991,8.515587225
MNG,1992,8.542081144
MNG,1993,8.568575063
MNG,1994,8.595068983
MNG,1995,8.621562902
MNG,1996,8.705460313
MNG,1997,8.789357724
MNG,1998,8.873255135
MNG,1999,8.957152546
MNG,2000,9.041049957
MNG,2001,9.14112196
MNG,2002,9.241193962
MNG,2003,9.341265965
MNG,2004,9.441337967
MNG,2005,9.541409969
MNG,2006,9.641481972
MNG,2007,9.741553974
MNG,2008,9.841625977
MNG,2009,9.941697979
MNG,2010,10.04176998
MNG,2011,10.14955497
MNG,2012,10.25733995
MNG,2013,10.36512494
MNG,2014,10.47290993
MNG,2015,10.58069491
MNG,2016,10.6884799
MNG,2017,10.79626489
MNG,2018,10.90404987
MNG,2019,10.1638751
MNG,2020,9.423700333
MNG,2021,9.423700333
MNG,2022,9.423700333
MNG,2025,1.0
MOZ,1990,1.598693513
MOZ,1991,1.587136693
MOZ,1992,1.575579872
MOZ,1993,1.564023052
MOZ,1994,1.552466231
MOZ,1995,1.540909411
MOZ,1996,1.583284419
MOZ,1997,1.625659428
MOZ,1998,1.668034437
MOZ,1999,1.710409446
MOZ,2000,1.752784454
MOZ,2001,1.829829925
MOZ,2002,1.906875395
MOZ,2003,1.983920866
MOZ,2004,2.060966337
MOZ,2005,2.138011807
MOZ,2006,2.188091363
MOZ,2007,2.238170919
MOZ,2008,2.288250475
MOZ,2009,2.33833003
MOZ,2010,2.479079962
MOZ,2011,2.619829893
MOZ,2012,2.762074947
MOZ,2013,2.904320002
MOZ,2014,3.046565056
MOZ,2015,3.18881011
MOZ,2016,3.126510024
MOZ,2017,3.064209938
MOZ,2018,3.329503298
MOZ,2019,3.594796658
MOZ,2020,3.860090017
MOZ,2021,3.860090017
MOZ,2022,3.860090017
MOZ,2025,1.0
MRT,1990,2.267245743
MRT,1991,2.344515105
MRT,1992,2.421784467
MRT,1993,2.499053828
MRT,1994,2.57632319
MRT,1995,2.653592552
MRT,1996,2.726795105
MRT,1997,2.799997658
MRT,1998,2.873200211
MRT,1999,2.946402764
MRT,2000,3.019605317
MRT,2001,3.096874679
MRT,2002,3.174144041
MRT,2003,3.251413402
MRT,2004,3.328682764
MRT,2005,3.405952126
MRT,2006,3.491355104
MRT,2007,3.576758083
MRT,2008,3.662161062
MRT,2009,3.74756404
MRT,2010,3.832967019
MRT,2011,3.959038083
MRT,2012,4.085109146
MRT,2013,4.21118021
MRT,2014,4.213705063
MRT,2015,4.216229916
MRT,2016,4.323796601
MRT,2017,4.431363287
MRT,2018,4.538929973
MRT,2019,4.646496659
MRT,2020,4.754063344
MRT,2021,4.754063344
MRT,2022,4.754063344
MRT,2025,1.0
MUS,1990,5.856750011
MUS,1991,5.900706005
MUS,1992,5.944661999
MUS,1993,5.988617992
MUS,1994,6.032573986
MUS,1995,6.07652998
MUS,1996,6.120485973
MUS,1997,6.164441967
MUS,1998,6.208397961
MUS,1999,6.252353954
MUS,2000,6.296309948
MUS,2001,6.49846996
MUS,2002,6.700629971
MUS,2003,6.902789983
MUS,2004,7.104949995
MUS,2005,7.307110006
MUS,2006,7.509270018
MUS,2007,7.711430029
MUS,2008,7.913590041
MUS,2009,8.115750053
MUS,2010,8.317910064
MUS,2011,8.520070076
MUS,2012,8.748864733
MUS,2013,8.977659391
MUS,2014,9.206454048
MUS,2015,9.435248706
MUS,2016,9.546608937
MUS,2017,9.657969169
MUS,2018,9.7693294
MUS,2019,9.880689632
MUS,2020,9.992049863
MUS,2021,9.992049863
MUS,2022,9.992049863
MUS,2025,1.0
MWI,1990,2.277381717
MWI,1991,2.325717982
MWI,1992,2.374054247
MWI,1993,2.422390512
MWI,1994,2.470726777
MWI,1995,2.519063042
MWI,1996,2.582272004
MWI,1997,2.645480966
MWI,1998,2.708689928
MWI,1999,2.860732864
MWI,2000,3.0127758
MWI,2001,3.164818736
MWI,2002,3.316861672
MWI,2003,3.468904607
MWI,2004,3.620947543
MWI,2005,3.772990479
MWI,2006,3.925033415
MWI,2007,4.077076351
MWI,2008,4.229119287
MWI,2009,4.381162223
MWI,2010,4.533205159
MWI,2011,4.685248094
MWI,2012,4.83729103
MWI,2013,4.989333966
MWI,2014,5.141376902
MWI,2015,5.293419838
MWI,2016,5.283483887
MWI,2017,5.273547935
MWI,2018,5.263611984
MWI,2019,5.253676033
MWI,2020,5.243740082
MWI,2021,5.243740082
MWI,2022,5.243740082
MWI,2025,1.0
MYS,1990,6.145886365
MYS,1991,6.339768845
MYS,1992,6.533651324
MYS,1993,6.727533804
MYS,1994,6.921416283
MYS,1995,7.115298763
MYS,1996,7.228240013
MYS,1997,7.525190115
MYS,1998,7.822140217
MYS,1999,8.119090319
MYS,2000,8.416040421
MYS,2001,8.251122379
MYS,2002,8.086204338
MYS,2003,7.921286297
MYS,2004,7.756368256
MYS,2005,7.591450214
MYS,2006,8.084400058
MYS,2007,8.577349901
MYS,2008,9.070299745
MYS,2009,9.563249588
MYS,2010,9.6979599
MYS,2011,9.809384982
MYS,2012,9.920810064
MYS,2013,10.03223515
MYS,2014,10.14366023
MYS,2015,10.25508531
MYS,2016,10.36651039
MYS,2017,10.45936012
MYS,2018,10.55220985
MYS,2019,10.64505959
MYS,2020,10.74828052
MYS,2021,10.74828052
MYS,2022,10.74828052
MYS,2025,1.0
NAM,1990,5.704538658
NAM,1991,5.713290215
NAM,1992,5.722055197
NAM,1993,5.730820179
NAM,1994,5.739585161
NAM,1995,5.748350143
NAM,1996,5.757115126
NAM,1997,5.765880108
NAM,1998,5.77464509
NAM,1999,5.783410072
NAM,2000,5.792175055
NAM,2001,5.800940037
NAM,2002,5.881194262
NAM,2003,5.961448488
NAM,2004,6.041702713
NAM,2005,6.121956938
NAM,2006,6.177517556
NAM,2007,6.233078174
NAM,2008,6.288638791
NAM,2009,6.344199409
NAM,2010,6.399760026
NAM,2011,6.517054664
NAM,2012,6.634349301
NAM,2013,6.751643938
NAM,2014,6.868938575
NAM,2015,6.986233212
NAM,2016,7.037678228
NAM,2017,7.089123245
NAM,2018,7.140568261
NAM,2019,7.192013277
NAM,2020,7.243458294
NAM,2021,7.243458294
NAM,2022,7.243458294
NAM,2025,1.0
NER,1990,0.728083218
NER,1991,0.768180555
NER,1992,0.808277892
NER,1993,0.848375228
NER,1994,0.888472565
NER,1995,0.928569902
NER,1996,0.974998397
NER,1997,1.021426892
NER,1998,1.067855387
NER,1999,1.114283882
NER,2000,1.160712377
NER,2001,1.2029201
NER,2002,1.245127823
NER,2003,1.287335546
NER,2004,1.329543268
NER,2005,1.371750991
NER,2006,1.403406783
NER,2007,1.435062575
NER,2008,1.466718367
NER,2009,1.49837416
NER,2010,1.530029952
NER,2011,1.584899991
NER,2012,1.639770031
NER,2013,1.574126701
NER,2014,1.50848337
NER,2015,1.44284004
NER,2016,1.377196709
NER,2017,1.311553379
NER,2018,1.245910048
NER,2019,1.293631241
NER,2020,1.341352433
NER,2021,1.341352433
NER,2022,1.341352433
NER,2025,1.0
NGA,2003,4.724502563
NGA,2004,4.933246326
NGA,2005,5.141990089
NGA,2006,5.350733852
NGA,2007,5.559477615
NGA,2008,5.768221378
NGA,2009,5.803909016
NGA,2010,5.839596653
NGA,2011,5.87528429
NGA,2012,5.910971928
NGA,2013,5.946659565
NGA,2014,6.296143055
NGA,2015,6.645626545
NGA,2016,6.995110035
NGA,2017,6.957065105
NGA,2018,6.919020176
NGA,2019,7.191969872
NGA,2020,7.388969898
NGA,2021,7.585969925
NGA,2022,7.585969925
NGA,2025,1.0
NIC,1990,4.09
NIC,1991,4.184
NIC,1992,4.278
NIC,1993,4.372
NIC,1994,4.466
NIC,1995,4.56
NIC,1996,4.664
NIC,1997,4.768
NIC,1998,4.872
NIC,1999,4.976
NIC,2000,5.08
NIC,2001,5.156
NIC,2002,5.232
NIC,2003,5.308
NIC,2004,5.384
NIC,2005,5.46
NIC,2006,5.568
NIC,2007,5.676
NIC,2008,5.784
NIC,2009,5.892
NIC,2010,6.0
NIC,2011,6.136
NIC,2012,6.272
NIC,2013,6.408
NIC,2014,6.544
NIC,2015,6.68
NIC,2016,6.796
NIC,2017,6.912
NIC,2018,7.028
NIC,2019,7.144
NIC,2020,7.26
NIC,2021,7.26
NIC,2022,7.26
NIC,2025,1.0
NLD,1990,11.09854878
NLD,1991,11.16080369
NLD,1992,11.22305861
NLD,1993,11.28531353
NLD,1994,11.34756844
NLD,1995,11.40982336
NLD,1996,11.4849586
NLD,1997,11.56009384
NLD,1998,11.63522909
NLD,1999,11.71036433
NLD,2000,11.78549957
NLD,2001,11.78549957
NLD,2002,11.78549957
NLD,2003,11.78549957
NLD,2004,11.78549957
NLD,2005,11.78781033
NLD,2006,11.88865519
NLD,2007,11.98950005
NLD,2008,11.90822029
NLD,2009,11.93865013
NLD,2010,11.98348045
NLD,2011,11.9578104
NLD,2012,12.02159977
NLD,2013,12.06632996
NLD,2014,12.09368992
NLD,2015,12.13512993
NLD,2016,12.18412018
NLD,2017,12.25356531
NLD,2018,12.32301044
NLD,2019,12.4523201
NLD,2020,12.58162975
NLD,2021,12.58162975
NLD,2022,12.58162975
NLD,2025,1.0
NOR,1990,11.17730999
NOR,1991,11.25230571
NOR,1992,11.32730143
NOR,1993,11.40229716
NOR,1994,11.47729288
NOR,1995,11.5522886
NOR,1996,11.62728432
NOR,1997,11.70228004
NOR,1998,11.77727577
NOR,1999,11.85227149
NOR,2000,11.92726721
NOR,2001,12.00226293
NOR,2002,12.07725866
NOR,2003,12.15225438
NOR,2004,12.2272501
NOR,2005,12.28176022
NOR,2006,12.36614037
NOR,2007,12.40898037
NOR,2008,12.48221016
NOR,2009,12.50294018
NOR,2010,12.54957008
NOR,2011,12.60601044
NOR,2012,12.64209366
NOR,2013,12.67817688
NOR,2014,12.7142601
NOR,2015,12.77120972
NOR,2016,12.81906033
NOR,2017,12.94715977
NOR,2018,12.97539473
NOR,2019,13.00362968
NOR,2020,13.06234279
NOR,2021,13.06234279
NOR,2022,13.06234279
NOR,2025,1.0
NPL,1990,2.346687263
NPL,1991,2.397803223
NPL,1992,2.448919183
NPL,1993,2.500035143
NPL,1994,2.551151103
NPL,1995,2.602267063
NPL,1996,2.632471949
NPL,1997,2.662676835
NPL,1998,2.69288172
NPL,1999,2.723086606
NPL,2000,2.753291491
NPL,2001,2.853199959
NPL,2002,2.920027971
NPL,2003,2.986855984
NPL,2004,3.053683996
NPL,2005,3.120512009
NPL,2006,3.187340021
NPL,2007,3.254168034
NPL,2008,3.320996046
NPL,2009,3.387824059
NPL,2010,3.454652071
NPL,2011,3.521480083
NPL,2012,3.563950062
NPL,2013,3.60642004
NPL,2014,3.648890018
NPL,2015,3.691359997
NPL,2016,3.733829975
NPL,2017,3.933636665
NPL,2018,4.133443356
NPL,2019,4.333250046
NPL,2020,4.485598758
NPL,2021,4.485598758
NPL,2022,4.485598758
NPL,2025,1.0
NRU,2000,4.769378127
NRU,2001,4.936780362
NRU,2002,5.110058311
NRU,2003,5.289418211
NRU,2004,5.475073532
NRU,2005,5.667245241
NRU,2006,5.866162058
NRU,2007,6.072060733
NRU,2008,6.285186324
NRU,2009,6.505792493
NRU,2010,6.734141802
NRU,2011,6.970506032
NRU,2012,7.2151665
NRU,2013,7.4684144
NRU,2014,7.7216623
NRU,2015,7.9749102
NRU,2016,8.2281581
NRU,2017,8.481406
NRU,2018,8.736929
NRU,2019,8.992452
NRU,2020,9.247975
NRU,2021,9.247975
NRU,2022,9.247975
NRU,2025,1.0
NZL,1990,10.1395211
NZL,1991,10.39962959
NZL,1992,10.66641064
NZL,1993,10.93319168
NZL,1994,11.19997272
NZL,1995,11.46675377
NZL,1996,11.73353481
NZL,1997,12.00031586
NZL,1998,12.2670969
NZL,1999,12.53387794
NZL,2000,12.80065899
NZL,2001,13.06744003
NZL,2002,13.11823406
NZL,2003,13.16902809
NZL,2004,13.21982212
NZL,2005,13.27061615
NZL,2006,13.32141018
NZL,2007,13.3354702
NZL,2008,13.34953022
NZL,2009,13.36359024
NZL,2010,13.37765026
NZL,2011,13.39171028
NZL,2012,13.37806988
NZL,2013,13.32773972
NZL,2014,13.27740955
NZL,2015,13.23099995
NZL,2016,13.33483982
NZL,2017,13.2373023
NZL,2018,13.13976479
NZL,2019,13.04222727
NZL,2020,12.94468975
NZL,2021,12.94468975
NZL,2022,12.94468975
NZL,2025,1.0
OMN,2000,5.425632031
OMN,2001,5.694540001
OMN,2002,5.976775726
OMN,2003,6.272999763
OMN,2004,6.616245842
OMN,2005,6.95949192
OMN,2006,7.302737999
OMN,2007,7.645984077
OMN,2008,7.989230156
OMN,2009,7.955485106
OMN,2010,7.921740055
OMN,2011,8.276850128
OMN,2012,8.631960201
OMN,2013,8.987070274
OMN,2014,9.342180347
OMN,2015,9.697290421
OMN,2016,10.12806625
OMN,2017,10.55884209
OMN,2018,10.98961792
OMN,2019,11.42039375
OMN,2020,11.85116959
OMN,2021,11.87195969
OMN,2022,11.89274979
OMN,2025,1.0
PAK,1990,2.291861259
PAK,1991,2.390371085
PAK,1992,2.488880911
PAK,1993,2.587390737
PAK,1994,2.685900563
PAK,1995,2.784410389
PAK,1996,2.88493062
PAK,1997,2.98545085
PAK,1998,3.085971081
PAK,1999,3.186491312
PAK,2000,3.287011542
PAK,2001,3.536301714
PAK,2002,3.785591886
PAK,2003,4.034882058
PAK,2004,4.28417223
PAK,2005,4.533462403
PAK,2006,4.521399975
PAK,2007,4.410629988
PAK,2008,4.299860001
PAK,2009,4.46612978
PAK,2010,4.594940186
PAK,2011,4.721109867
PAK,2012,4.818150043
PAK,2013,4.958040237
PAK,2014,5.162640095
PAK,2015,5.162640095
PAK,2016,5.162640095
PAK,2017,5.115049839
PAK,2018,4.770319939
PAK,2019,4.536330223
PAK,2020,4.422319019
PAK,2021,4.422319019
PAK,2022,4.422319019
PAK,2025,1.0
PAN,1990,7.407239914
PAN,1991,7.454354906
PAN,1992,7.501469898
PAN,1993,7.54858489
PAN,1994,7.595699883
PAN,1995,7.642814875
PAN,1996,7.689929867
PAN,1997,7.737044859
PAN,1998,7.784159851
PAN,1999,7.831274843
PAN,2000,7.878389835
PAN,2001,8.018189859
PAN,2002,8.157989883
PAN,2003,8.297789907
PAN,2004,8.437589931
PAN,2005,8.577389956
PAN,2006,8.71718998
PAN,2007,8.856990004
PAN,2008,8.996790028
PAN,2009,9.136590052
PAN,2010,9.276390076
PAN,2011,9.416856766
PAN,2012,9.557323456
PAN,2013,9.697790146
PAN,2014,9.838256836
PAN,2015,9.978723526
PAN,2016,10.11919022
PAN,2017,10.25965691
PAN,2018,10.4001236
PAN,2019,10.54059029
PAN,2020,10.68696295
PAN,2021,10.68696295
PAN,2022,10.68696295
PAN,2025,1.0
PER,1990,7.781378166
PER,1991,7.838587107
PER,1992,7.896216649
PER,1993,7.954269886
PER,1994,8.012749932
PER,1995,8.071229978
PER,1996,8.129710024
PER,1997,8.18819007
PER,1998,8.246670116
PER,1999,8.305150162
PER,2000,8.363630208
PER,2001,8.422110254
PER,2002,8.4805903
PER,2003,8.539070346
PER,2004,8.597550392
PER,2005,7.924409866
PER,2006,7.928460121
PER,2007,8.18680954
PER,2008,8.187299728
PER,2009,8.217120171
PER,2010,8.865139961
PER,2011,8.887160301
PER,2012,9.082159996
PER,2013,9.136059761
PER,2014,9.151889801
PER,2015,9.094240189
PER,2016,9.314760208
PER,2017,9.535280228
PER,2018,9.755800247
PER,2019,9.885518863
PER,2020,10.01696229
PER,2021,10.01696229
PER,2022,10.01696229
PER,2025,1.0
PHL,1990,7.178850174
PHL,1991,7.217683172
PHL,1992,7.256516171
PHL,1993,7.295349169
PHL,1994,7.334182167
PHL,1995,7.373015165
PHL,1996,7.411848164
PHL,1997,7.450681162
PHL,1998,7.48951416
PHL,1999,7.528347158
PHL,2000,7.567180157
PHL,2001,7.836127639
PHL,2002,8.105075121
PHL,2003,8.374022603
PHL,2004,8.642970085
PHL,2005,8.65989995
PHL,2006,8.676829815
PHL,2007,8.69375968
PHL,2008,8.710689545
PHL,2009,8.812839985
PHL,2010,8.914990425
PHL,2011,8.991986911
PHL,2012,9.068983396
PHL,2013,9.145979881
PHL,2014,8.971109867
PHL,2015,8.796239853
PHL,2016,8.621369839
PHL,2017,8.446499825
PHL,2018,8.707799911
PHL,2019,8.969099998
PHL,2020,8.971409559
PHL,2021,8.971409559
PHL,2022,8.971409559
PHL,2025,1.0
PLW,2000,12.51425254
PLW,2001,12.53714326
PLW,2002,12.56007584
PLW,2003,12.58305037
PLW,2004,12.60606692
PLW,2005,12.62912558
PLW,2006,12.65222641
PLW,2007,12.6753695
PLW,2008,12.69855493
PLW,2009,12.72178276
PLW,2010,12.74505308
PLW,2011,12.76836596
PLW,2012,12.79172149
PLW,2013,12.81511974
PLW,2014,12.83851799
PLW,2015,12.86191624
PLW,2016,12.88531449
PLW,2017,12.90871274
PLW,2018,12.95510857
PLW,2019,13.00150439
PLW,2020,13.04790021
PLW,2021,13.04790021
PLW,2022,13.04790021
PLW,2025,1.0
PNG,1990,2.394565745
PNG,1991,2.518422593
PNG,1992,2.642279442
PNG,1993,2.766136291
PNG,1994,2.88999314
PNG,1995,3.013849989
PNG,1996,3.084035537
PNG,1997,3.154221084
PNG,1998,3.224406632
PNG,1999,3.29459218
PNG,2000,3.364777727
PNG,2001,3.424641871
PNG,2002,3.484506015
PNG,2003,3.544370158
PNG,2004,3.604234302
PNG,2005,3.664098445
PNG,2006,3.746669678
PNG,2007,3.829240911
PNG,2008,3.911812143
PNG,2009,3.994383376
PNG,2010,4.076954608
PNG,2011,4.2070043
PNG,2012,4.337053991
PNG,2013,4.467103682
PNG,2014,4.597153373
PNG,2015,4.727203065
PNG,2016,4.768488681
PNG,2017,4.809774297
PNG,2018,4.851059914
PNG,2019,4.89234553
PNG,2020,4.933631146
PNG,2021,4.933631146
PNG,2022,4.933631146
PNG,2025,1.0
POL,1990,9.670923882
POL,1991,9.85872977
POL,1992,10.04653566
POL,1993,10.23434155
POL,1994,10.42214743
POL,1995,10.60995332
POL,1996,10.73731594
POL,1997,10.86467855
POL,1998,10.99204116
POL,1999,11.11940378
POL,2000,11.24676639
POL,2001,11.35038343
POL,2002,11.45400047
POL,2003,11.57296705
POL,2004,11.69193363
POL,2005,11.81090021
POL,2006,11.92986679
POL,2007,12.04883337
POL,2008,12.16779995
POL,2009,12.34123993
POL,2010,12.31373024
POL,2011,12.55062008
POL,2012,12.78314018
POL,2013,12.77855015
POL,2014,12.83730984
POL,2015,12.92106485
POL,2016,13.00481987
POL,2017,13.04480243
POL,2018,13.08478498
POL,2019,13.12476754
POL,2020,13.1647501
POL,2021,13.1647501
POL,2022,13.1647501
POL,2025,1.0
PRT,1990,5.270990553
PRT,1991,5.439489841
PRT,1992,5.613375596
PRT,1993,5.78726135
PRT,1994,5.961147104
PRT,1995,6.135032858
PRT,1996,6.308918612
PRT,1997,6.482804367
PRT,1998,6.656690121
PRT,1999,6.707129955
PRT,2000,6.793540001
PRT,2001,6.877550125
PRT,2002,6.96269989
PRT,2003,7.150589943
PRT,2004,7.389319897
PRT,2005,7.494040012
PRT,2006,7.617310047
PRT,2007,7.671520233
PRT,2008,7.782169819
PRT,2009,7.926529884
PRT,2010,8.058150291
PRT,2011,8.277119637
PRT,2012,8.495369911
PRT,2013,8.655139923
PRT,2014,8.870940208
PRT,2015,8.986729622
PRT,2016,9.112580299
PRT,2017,9.218230247
PRT,2018,9.144709587
PRT,2019,9.327420235
PRT,2020,9.575940132
PRT,2021,9.575940132
PRT,2022,9.575940132
PRT,2025,1.0
PRY,1990,5.684462242
PRY,1991,5.782122307
PRY,1992,5.88146019
PRY,1993,5.982504715
PRY,1994,6.083549239
PRY,1995,6.184593764
PRY,1996,6.285638289
PRY,1997,6.386682814
PRY,1998,6.487727339
PRY,1999,6.588771863
PRY,2000,6.689816388
PRY,2001,6.790860913
PRY,2002,6.891905438
PRY,2003,6.992949963
PRY,2004,7.170140028
PRY,2005,7.347330093
PRY,2006,7.069910049
PRY,2007,7.153329849
PRY,2008,7.389259815
PRY,2009,7.032569885
PRY,2010,7.280279954
PRY,2011,7.527990023
PRY,2012,7.775700092
PRY,2013,8.290029526
PRY,2014,8.247850418
PRY,2015,8.524069786
PRY,2016,8.351449966
PRY,2017,8.468514919
PRY,2018,8.585579872
PRY,2019,8.810709953
PRY,2020,8.861840248
PRY,2021,8.861840248
PRY,2022,8.861840248
PRY,2025,1.0
PSE,2004,7.527530193
PSE,2005,7.631455183
PSE,2006,7.735380173
PSE,2007,7.913090229
PSE,2008,8.014430046
PSE,2009,8.305820465
PSE,2010,8.363300323
PSE,2011,8.575409889
PSE,2012,8.851819992
PSE,2013,8.873760223
PSE,2014,8.913519859
PSE,2015,9.075750351
PSE,2016,9.156229973
PSE,2017,9.275179863
PSE,2018,9.524060249
PSE,2019,10.84827995
PSE,2020,9.938480377
PSE,2021,9.938480377
PSE,2022,9.938480377
PSE,2025,1.0
QAT,1990,6.414351989
QAT,1991,6.547884967
QAT,1992,6.681417946
QAT,1993,6.814950924
QAT,1994,6.948483902
QAT,1995,7.08201688
QAT,1996,7.196473719
QAT,1997,7.310930557
QAT,1998,7.425387396
QAT,1999,7.539844234
QAT,2000,7.654301073
QAT,2001,7.81644826
QAT,2002,7.978595448
QAT,2003,8.140742636
QAT,2004,8.302889824
QAT,2005,8.694486618
QAT,2006,9.086083412
QAT,2007,9.477680206
QAT,2008,9.591139793
QAT,2009,9.163060188
QAT,2010,8.548800468
QAT,2011,8.65089035
QAT,2012,9.116559982
QAT,2013,9.802619934
QAT,2014,9.723939896
QAT,2015,9.695640087
QAT,2016,9.667340279
QAT,2017,9.730019569
QAT,2018,9.86211879
QAT,2019,9.99601145
QAT,2020,10.1317219
QAT,2021,10.1317219
QAT,2022,10.1317219
QAT,2025,1.0
ROU,1990,8.498106819
ROU,1991,8.594471947
ROU,1992,8.691929817
ROU,1993,8.790492821
ROU,1994,8.889055824
ROU,1995,8.987618828
ROU,1996,9.086181831
ROU,1997,9.184744835
ROU,1998,9.283307838
ROU,1999,9.381870842
ROU,2000,9.480433846
ROU,2001,9.578996849
ROU,2002,9.677559853
ROU,2003,9.860065842
ROU,2004,10.04257183
ROU,2005,10.22507782
ROU,2006,10.40758381
ROU,2007,10.5900898
ROU,2008,10.6749897
ROU,2009,10.69618034
ROU,2010,10.73447037
ROU,2011,10.85896015
ROU,2012,10.95590019
ROU,2013,11.02073956
ROU,2014,10.85933971
ROU,2015,10.98408985
ROU,2016,11.08049011
ROU,2017,11.14865017
ROU,2018,11.21188498
ROU,2019,11.27511978
ROU,2020,11.36019615
ROU,2021,11.36019615
ROU,2022,11.36019615
ROU,2025,1.0
RUS,1990,9.652386365
RUS,1991,9.840884146
RUS,1992,10.02938193
RUS,1993,10.21787971
RUS,1994,10.40637749
RUS,1995,10.59487527
RUS,1996,10.88737183
RUS,1997,11.17986838
RUS,1998,11.47236494
RUS,1999,11.7648615
RUS,2000,12.05735805
RUS,2001,12.118024
RUS,2002,12.17868996
RUS,2003,12.19929993
RUS,2004,12.21990991
RUS,2005,12.24051988
RUS,2006,12.26112986
RUS,2007,12.28173983
RUS,2008,12.30234981
RUS,2009,12.32295978
RUS,2010,12.34356976
RUS,2011,12.34974792
RUS,2012,12.35592608
RUS,2013,12.36210424
RUS,2014,12.3682824
RUS,2015,12.37446057
RUS,2016,12.38063873
RUS,2017,12.38681689
RUS,2018,12.39299505
RUS,2019,12.39917322
RUS,2020,12.40535138
RUS,2021,12.41152954
RUS,2022,12.41152954
RUS,2025,1.0
RWA,1990,1.902254862
RWA,1991,1.947649581
RWA,1992,1.993044299
RWA,1993,2.038439017
RWA,1994,2.083833736
RWA,1995,2.129228454
RWA,1996,2.194078051
RWA,1997,2.258927649
RWA,1998,2.323777247
RWA,1999,2.388626844
RWA,2000,2.453476442
RWA,2001,2.570205717
RWA,2002,2.686934993
RWA,2003,2.803664269
RWA,2004,2.920393544
RWA,2005,3.03712282
RWA,2006,3.181953588
RWA,2007,3.326784356
RWA,2008,3.471615124
RWA,2009,3.616445892
RWA,2010,3.76127666
RWA,2011,3.763438313
RWA,2012,3.765599966
RWA,2013,3.910889983
RWA,2014,4.05618
RWA,2015,4.095149994
RWA,2016,4.175089995
RWA,2017,4.255029996
RWA,2018,4.334969997
RWA,2019,4.6066401
RWA,2020,4.878310204
RWA,2021,4.878310204
RWA,2022,4.878310204
RWA,2025,1.0
SAU,1990,5.574122405
SAU,1991,5.674557043
SAU,1992,5.774991681
SAU,1993,5.875426319
SAU,1994,5.975860957
SAU,1995,6.076295595
SAU,1996,6.194808468
SAU,1997,6.31332134
SAU,1998,6.431834213
SAU,1999,6.550347086
SAU,2000,6.668859959
SAU,2001,6.882584929
SAU,2002,7.0963099
SAU,2003,7.310034871
SAU,2004,7.523759842
SAU,2005,7.761379878
SAU,2006,7.998999914
SAU,2007,8.236619949
SAU,2008,8.474239985
SAU,2009,8.711860021
SAU,2010,8.949480057
SAU,2011,9.187100093
SAU,2012,9.424720128
SAU,2013,9.662340164
SAU,2014,9.801830053
SAU,2015,9.941319942
SAU,2016,10.08080983
SAU,2017,10.22029972
SAU,2018,10.58370972
SAU,2019,10.94711971
SAU,2020,11.31052971
SAU,2021,11.31052971
SAU,2022,11.31052971
SAU,2025,1.0
SDN,1990,1.5
SDN,1991,1.594
SDN,1992,1.688
SDN,1993,1.782
SDN,1994,1.876
SDN,1995,1.97
SDN,1996,2.064
SDN,1997,2.158
SDN,1998,2.252
SDN,1999,2.346
SDN,2000,2.44
SDN,2001,2.538
SDN,2002,2.636
SDN,2003,2.734
SDN,2004,2.832
SDN,2005,2.93
SDN,2006,2.97
SDN,2007,3.01
SDN,2008,3.05
SDN,2009,3.09
SDN,2010,3.13
SDN,2011,3.228
SDN,2012,3.326
SDN,2013,3.424
SDN,2014,3.522
SDN,2015,3.62
SDN,2016,3.67
SDN,2017,3.72
SDN,2018,3.77
SDN,2019,3.82
SDN,2020,3.87
SDN,2021,3.87
SDN,2022,3.87
SDN,2025,1.0
SEN,1990,1.997784188
SEN,1991,1.972357844
SEN,1992,1.946931499
SEN,1993,1.921505155
SEN,1994,1.896078811
SEN,1995,1.870652467
SEN,1996,1.83977762
SEN,1997,1.808902774
SEN,1998,1.778027927
SEN,1999,1.747153081
SEN,2000,1.716278234
SEN,2001,1.649080039
SEN,2002,1.581881843
SEN,2003,1.514683648
SEN,2004,1.447485452
SEN,2005,1.380287257
SEN,2006,1.540109992
SEN,2007,1.709369993
SEN,2008,1.878629994
SEN,2009,2.047889996
SEN,2010,2.217149997
SEN,2011,2.386409998
SEN,2012,2.584450006
SEN,2013,2.782490015
SEN,2014,2.657179952
SEN,2015,2.531869888
SEN,2016,2.891940117
SEN,2017,2.830689907
SEN,2018,2.998349905
SEN,2019,2.84145999
SEN,2020,2.88736686
SEN,2021,2.88736686
SEN,2022,2.88736686
SEN,2025,1.0
SGP,1990,6.363349915
SGP,1991,6.661061954
SGP,1992,6.958773994
SGP,1993,7.256486034
SGP,1994,7.554198074
SGP,1995,7.851910114
SGP,1996,8.122598124
SGP,1997,8.393286133
SGP,1998,8.663974142
SGP,1999,8.934662151
SGP,2000,9.205350161
SGP,2001,9.47603817
SGP,2002,9.746726179
SGP,2003,10.01741419
SGP,2004,10.2881022
SGP,2005,10.55879021
SGP,2006,10.43768024
SGP,2007,10.53822041
SGP,2008,10.80021
SGP,2009,10.81105995
SGP,2010,11.18054008
SGP,2011,11.24769974
SGP,2012,11.25349998
SGP,2013,11.37757015
SGP,2014,11.44260979
SGP,2015,11.57108974
SGP,2016,11.58815956
SGP,2017,11.5461998
SGP,2018,11.74279022
SGP,2019,11.85017014
SGP,2020,11.92488003
SGP,2021,11.92488003
SGP,2022,11.92488003
SGP,2025,1.0
SLB,1999,5.053478849
SLB,2000,5.092110034
SLB,2001,5.131036535
SLB,2002,5.170260608
SLB,2003,5.209784529
SLB,2004,5.249610589
SLB,2005,5.289741098
SLB,2006,5.330178384
SLB,2007,5.370924792
SLB,2008,5.411982685
SLB,2009,5.453354443
SLB,2010,5.495042467
SLB,2011,5.537049174
SLB,2012,5.579377
SLB,2013,5.6220284
SLB,2014,5.6646798
SLB,2015,5.7073312
SLB,2016,5.7499826
SLB,2017,5.792634
SLB,2018,5.8216494
SLB,2019,5.8506648
SLB,2020,5.8796802
SLB,2021,5.8796802
SLB,2022,5.8796802
SLB,2025,1.0
SLE,1990,1.902686429
SLE,1991,1.994208055
SLE,1992,2.08572968
SLE,1993,2.177251306
SLE,1994,2.268772932
SLE,1995,2.360294557
SLE,1996,2.442182328
SLE,1997,2.524070098
SLE,1998,2.605957868
SLE,1999,2.687845639
SLE,2000,2.769733409
SLE,2001,2.861255035
SLE,2002,2.952776661
SLE,2003,3.044298286
SLE,2004,3.135819912
SLE,2005,3.164591459
SLE,2006,3.193363006
SLE,2007,3.222134553
SLE,2008,3.250906101
SLE,2009,3.279677648
SLE,2010,3.308449195
SLE,2011,3.337220742
SLE,2012,3.365992289
SLE,2013,3.394763836
SLE,2014,3.423535384
SLE,2015,3.452306931
SLE,2016,3.481078478
SLE,2017,3.509850025
SLE,2018,3.50654006
SLE,2019,3.503230095
SLE,2020,3.519426358
SLE,2021,3.519426358
SLE,2022,3.519426358
SLE,2025,1.0
SLV,1990,3.729339234
SLV,1991,3.847328115
SLV,1992,3.969049931
SLV,1993,4.094622782
SLV,1994,4.220195634
SLV,1995,4.345768486
SLV,1996,4.471341337
SLV,1997,4.596914189
SLV,1998,4.722487041
SLV,1999,4.848059893
SLV,2000,4.973632744
SLV,2001,5.099205596
SLV,2002,5.224778448
SLV,2003,5.3503513
SLV,2004,5.475924151
SLV,2005,5.601497003
SLV,2006,5.727069855
SLV,2007,5.625279903
SLV,2008,6.029550076
SLV,2009,6.130139828
SLV,2010,6.339930058
SLV,2011,6.209420204
SLV,2012,6.366330147
SLV,2013,6.434329987
SLV,2014,6.528739929
SLV,2015,6.623149872
SLV,2016,6.717559814
SLV,2017,6.825099945
SLV,2018,6.968569994
SLV,2019,7.112040043
SLV,2020,7.150929928
SLV,2021,7.150929928
SLV,2022,7.150929928
SLV,2025,1.0
SMR,1990,8.332661106
SMR,1991,8.417467034
SMR,1992,8.503136077
SMR,1993,8.589677019
SMR,1994,8.677098734
SMR,1995,8.765410187
SMR,1996,8.854620433
SMR,1997,8.944738618
SMR,1998,9.035773985
SMR,1999,9.127735866
SMR,2000,9.220633693
SMR,2001,9.314476991
SMR,2002,9.409275381
SMR,2003,9.505038586
SMR,2004,9.601776423
SMR,2005,9.699498813
SMR,2006,9.798215775
SMR,2007,9.897937433
SMR,2008,9.998674011
SMR,2009,10.10043584
SMR,2010,10.20323335
SMR,2011,10.30707709
SMR,2012,10.4119777
SMR,2013,10.51794594
SMR,2014,10.62391418
SMR,2015,10.72988242
SMR,2016,10.83585066
SMR,2017,10.9418189
SMR,2018,10.80146027
SMR,2019,10.66110164
SMR,2020,10.52074301
SMR,2021,10.52074301
SMR,2022,10.52074301
SMR,2025,1.0
SOM,2022,1.900300026
SOM,2025,1.9003
SRB,1990,6.295356316
SRB,1991,6.431557735
SRB,1992,6.567759155
SRB,1993,6.703960575
SRB,1994,6.840161994
SRB,1995,6.976363414
SRB,1996,7.068220185
SRB,1997,7.160076957
SRB,1998,7.251933728
SRB,1999,7.3437905
SRB,2000,7.435647271
SRB,2001,7.565513741
SRB,2002,7.695380211
SRB,2003,8.119018555
SRB,2004,8.542656898
SRB,2005,8.966295242
SRB,2006,9.389933586
SRB,2007,9.81357193
SRB,2008,10.23721027
SRB,2009,10.3045702
SRB,2010,10.37370968
SRB,2011,10.57170963
SRB,2012,10.56832504
SRB,2013,10.56494045
SRB,2014,10.7205801
SRB,2015,11.01756954
SRB,2016,11.13010025
SRB,2017,11.16240025
SRB,2018,11.26613522
SRB,2019,11.36987019
SRB,2020,11.5047611
SRB,2021,11.5047611
SRB,2022,11.5047611
SRB,2025,1.0
SSD,2008,5.726140022
SSD,2009,5.726140022
SSD,2010,5.726140022
SSD,2011,5.726140022
SSD,2012,5.726140022
SSD,2013,5.726140022
SSD,2014,5.726140022
SSD,2015,5.726140022
SSD,2016,5.726140022
SSD,2017,5.726140022
SSD,2018,5.726140022
SSD,2019,5.726140022
SSD,2020,5.726140022
SSD,2021,5.726140022
SSD,2022,5.726140022
SSD,2025,1.0
STP,1990,4.109171154
STP,1991,4.15956813
STP,1992,4.2105832
STP,1993,4.262223945
STP,1994,4.314498039
STP,1995,4.367413249
STP,1996,4.420977438
STP,1997,4.475198566
STP,1998,4.530084689
STP,1999,4.585643964
STP,2000,4.641884646
STP,2001,4.698815093
STP,2002,4.756443764
STP,2003,4.814779222
STP,2004,4.873830136
STP,2005,4.933605281
STP,2006,4.994113539
STP,2007,5.055363901
STP,2008,5.117365468
STP,2009,5.180127455
STP,2010,5.243659187
STP,2011,5.307970104
STP,2012,5.373069763
STP,2013,5.440604074
STP,2014,5.508138384
STP,2015,5.575672695
STP,2016,5.643207005
STP,2017,5.710741316
STP,2018,5.778275626
STP,2019,5.845809937
STP,2020,5.915788918
STP,2021,5.915788918
STP,2022,5.915788918
STP,2025,1.0
SUR,2004,7.737889767
SUR,2005,7.778472662
SUR,2006,7.819055557
SUR,2007,7.859638453
SUR,2008,7.900221348
SUR,2009,7.940804243
SUR,2010,7.981387138
SUR,2011,8.021970034
SUR,2012,8.062552929
SUR,2013,8.103135824
SUR,2014,8.143718719
SUR,2015,8.184301615
SUR,2016,8.22488451
SUR,2017,8.265467405
SUR,2018,8.306050301
SUR,2019,8.347238928
SUR,2020,8.388631804
SUR,2021,8.388631804
SUR,2022,8.388631804
SUR,2025,1.0
SVK,1990,6.867406247
SVK,1991,7.164020061
SVK,1992,7.473445082
SVK,1993,7.782870102
SVK,1994,8.092295122
SVK,1995,8.401720142
SVK,1996,8.711145163
SVK,1997,9.020570183
SVK,1998,9.329995203
SVK,1999,9.639420223
SVK,2000,9.948845243
SVK,2001,10.25827026
SVK,2002,10.48229122
SVK,2003,10.70631218
SVK,2004,10.93033314
SVK,2005,11.1543541
SVK,2006,11.37837505
SVK,2007,11.60239601
SVK,2008,11.82641697
SVK,2009,12.05043793
SVK,2010,12.27445889
SVK,2011,12.49847984
SVK,2012,12.37734985
SVK,2013,12.44200039
SVK,2014,12.4435997
SVK,2015,12.63834
SVK,2016,12.71166039
SVK,2017,12.76618004
SVK,2018,12.86622047
SVK,2019,12.91141987
SVK,2020,13.00719575
SVK,2021,13.00719575
SVK,2022,13.00719575
SVK,2025,1.0
SVN,1990,7.189289993
SVN,1991,7.50770998
SVN,1992,7.840233069
SVN,1993,8.172756158
SVN,1994,8.505279248
SVN,1995,8.837802337
SVN,1996,9.170325426
SVN,1997,9.502848515
SVN,1998,9.835371604
SVN,1999,10.16789469
SVN,2000,10.50041778
SVN,2001,10.83294087
SVN,2002,11.16546396
SVN,2003,11.49798705
SVN,2004,11.83051014
SVN,2005,11.68457031
SVN,2006,11.81441021
SVN,2007,11.7532196
SVN,2008,11.90997028
SVN,2009,12.02530956
SVN,2010,12.05920029
SVN,2011,12.21228981
SVN,2012,12.2800703
SVN,2013,12.38016987
SVN,2014,12.42835999
SVN,2015,12.56729984
SVN,2016,12.66755009
SVN,2017,12.70028973
SVN,2018,12.75198507
SVN,2019,12.80368042
SVN,2020,12.88015724
SVN,2021,12.88015724
SVN,2022,12.88015724
SVN,2025,1.0
SWE,1990,9.553979874
SWE,1991,9.707380295
SWE,1992,10.01762962
SWE,1993,10.20709038
SWE,1994,10.35719967
SWE,1995,10.52972031
SWE,1996,10.71294912
SWE,1997,10.89617793
SWE,1998,11.07940674
SWE,1999,11.26263555
SWE,2000,11.44586436
SWE,2001,11.62909317
SWE,2002,11.81232198
SWE,2003,11.99555079
SWE,2004,12.1787796
SWE,2005,12.25926018
SWE,2006,12.33154011
SWE,2007,12.40091991
SWE,2008,12.07044983
SWE,2009,12.13978958
SWE,2010,12.20699024
SWE,2011,12.27527046
SWE,2012,12.34175968
SWE,2013,12.23344994
SWE,2014,12.29454041
SWE,2015,12.35441017
SWE,2016,12.41359997
SWE,2017,12.48604965
SWE,2018,12.54788494
SWE,2019,12.60972023
SWE,2020,12.67372015
SWE,2021,12.67372015
SWE,2022,12.67372015
SWE,2025,1.0
SWZ,1990,4.35
SWZ,1991,4.328
SWZ,1992,4.306
SWZ,1993,4.284
SWZ,1994,4.262
SWZ,1995,4.24
SWZ,1996,4.164
SWZ,1997,4.088
SWZ,1998,4.012
SWZ,1999,3.936
SWZ,2000,3.86
SWZ,2001,3.714
SWZ,2002,3.568
SWZ,2003,3.422
SWZ,2004,3.276
SWZ,2005,3.13
SWZ,2006,3.308
SWZ,2007,3.486
SWZ,2008,3.664
SWZ,2009,3.842
SWZ,2010,4.02
SWZ,2011,4.228
SWZ,2012,4.436
SWZ,2013,4.644
SWZ,2014,4.852
SWZ,2015,5.06
SWZ,2016,5.194
SWZ,2017,5.328
SWZ,2018,5.462
SWZ,2019,5.596
SWZ,2020,5.73
SWZ,2021,5.73
SWZ,2022,5.73
SWZ,2025,1.0
SYC,2000,10.27391556
SYC,2001,10.32183595
SYC,2002,10.36997986
SYC,2003,10.41880163
SYC,2004,10.4676234
SYC,2005,10.51644518
SYC,2006,10.56526695
SYC,2007,10.61408872
SYC,2008,10.6629105
SYC,2009,10.71173227
SYC,2010,10.76055404
SYC,2011,10.80937582
SYC,2012,10.85819759
SYC,2013,10.90701936
SYC,2014,10.95584113
SYC,2015,11.00466291
SYC,2016,11.05348468
SYC,2017,11.10230645
SYC,2018,11.15112823
SYC,2019,11.19995
SYC,2020,11.19995
SYC,2021,11.19995
SYC,2022,11.19995
SYC,2025,1.0
SYR,1990,3.780265279
SYR,1991,3.877390483
SYR,1992,3.974515686
SYR,1993,4.07164089
SYR,1994,4.168766094
SYR,1995,4.265891297
SYR,1996,4.284935455
SYR,1997,4.303979612
SYR,1998,4.32302377
SYR,1999,4.342067928
SYR,2000,4.361112085
SYR,2001,4.543935998
SYR,2002,4.726759911
SYR,2003,5.104187965
SYR,2004,5.48161602
SYR,2005,5.859044075
SYR,2006,6.23647213
SYR,2007,6.613900185
SYR,2008,6.192810059
SYR,2009,6.488399982
SYR,2010,6.39759115
SYR,2011,6.308053238
SYR,2012,6.21976846
SYR,2013,6.132719278
SYR,2014,6.045670096
SYR,2015,5.958620913
SYR,2016,5.871571731
SYR,2017,5.784522548
SYR,2018,5.768614228
SYR,2019,5.752705908
SYR,2020,5.736797587
SYR,2021,5.736797587
SYR,2022,5.736797587
SYR,2025,1.0
TCD,2000,1.283289695
TCD,2001,1.333357263
TCD,2002,1.38342483
TCD,2003,1.433492398
TCD,2004,1.483559966
TCD,2005,1.539813972
TCD,2006,1.596067977
TCD,2007,1.652321982
TCD,2008,1.708575988
TCD,2009,1.764829993
TCD,2010,1.811623991
TCD,2011,1.858417988
TCD,2012,1.905211985
TCD,2013,1.952005982
TCD,2014,1.99879998
TCD,2015,2.045593977
TCD,2016,2.092387974
TCD,2017,2.139181972
TCD,2018,2.185975969
TCD,2019,2.232769966
TCD,2020,2.282753488
TCD,2021,2.282753488
TCD,2022,2.282753488
TCD,2025,1.0
TGO,1990,2.318533345
TGO,1991,2.4022797
TGO,1992,2.486026055
TGO,1993,2.56977241
TGO,1994,2.653518764
TGO,1995,2.737265119
TGO,1996,2.807053749
TGO,1997,2.876842378
TGO,1998,2.946631007
TGO,1999,3.016419636
TGO,2000,3.086208265
TGO,2001,3.124979726
TGO,2002,3.163751186
TGO,2003,3.202522647
TGO,2004,3.241294107
TGO,2005,3.280065568
TGO,2006,3.295574152
TGO,2007,3.311082737
TGO,2008,3.326591321
TGO,2009,3.342099905
TGO,2010,3.492609978
TGO,2011,3.64312005
TGO,2012,3.845696727
TGO,2013,4.048273404
TGO,2014,4.250850081
TGO,2015,4.453426758
TGO,2016,4.656003435
TGO,2017,4.858580112
TGO,2018,5.091178373
TGO,2019,5.334911976
TGO,2020,5.590314011
TGO,2021,5.590314011
TGO,2022,5.590314011
TGO,2025,1.0
THA,1990,4.507717011
THA,1991,4.625411972
THA,1992,4.743106933
THA,1993,4.860801894
THA,1994,4.978496855
THA,1995,5.096191816
THA,1996,5.209178979
THA,1997,5.322166142
THA,1998,5.435153304
THA,1999,5.548140467
THA,2000,5.66112763
THA,2001,6.044813203
THA,2002,6.428498776
THA,2003,6.812184349
THA,2004,7.195869923
THA,2005,7.08158493
THA,2006,6.967299938
THA,2007,7.12835741
THA,2008,7.289414883
THA,2009,7.450472355
THA,2010,7.611529827
THA,2011,7.710706552
THA,2012,7.809883277
THA,2013,7.909060001
THA,2014,8.044580142
THA,2015,8.180100282
THA,2016,8.315620422
THA,2017,8.343885422
THA,2018,8.372150421
THA,2019,8.697119713
THA,2020,8.834560711
THA,2021,8.834560711
THA,2022,8.834560711
THA,2025,1.0
TJK,1990,9.306605518
TJK,1991,9.499155977
TJK,1992,9.691706436
TJK,1993,9.884256895
TJK,1994,10.07680735
TJK,1995,10.26935781
TJK,1996,10.37633029
TJK,1997,10.48330277
TJK,1998,10.59027525
TJK,1999,10.69724772
TJK,2000,10.8042202
TJK,2001,10.84050605
TJK,2002,10.8767919
TJK,2003,10.91307775
TJK,2004,10.9493636
TJK,2005,10.98564945
TJK,2006,11.02193529
TJK,2007,11.05822114
TJK,2008,11.09450699
TJK,2009,11.13079284
TJK,2010,11.16707869
TJK,2011,11.20336454
TJK,2012,11.23965039
TJK,2013,11.27593624
TJK,2014,11.31222209
TJK,2015,11.34850794
TJK,2016,11.38479379
TJK,2017,11.42107964
TJK,2018,11.37723672
TJK,2019,11.3333938
TJK,2020,11.28955089
TJK,2021,11.28955089
TJK,2022,11.28955089
TJK,2025,1.0
TKM,1995,10.95166016
TKM,1996,10.94530363
TKM,1997,10.93894711
TKM,1998,10.93259058
TKM,1999,10.92623405
TKM,2000,10.91987753
TKM,2001,10.913521
TKM,2002,10.90716448
TKM,2003,10.90080795
TKM,2004,10.89445143
TKM,2005,10.8880949
TKM,2006,10.88173838
TKM,2007,10.87538185
TKM,2008,10.86902533
TKM,2009,10.8626688
TKM,2010,10.85631227
TKM,2011,10.84995575
TKM,2012,10.84359922
TKM,2013,10.8372427
TKM,2014,10.83088617
TKM,2015,10.82452965
TKM,2016,10.8880372
TKM,2017,10.95154476
TKM,2018,11.01505232
TKM,2019,11.07855988
TKM,2020,11.14299353
TKM,2021,11.14299353
TKM,2022,11.14299353
TKM,2025,1.0
TLS,2000,3.771546767
TLS,2001,3.905539216
TLS,2002,4.044292041
TLS,2003,4.187974363
TLS,2004,4.336761313
TLS,2005,4.490834246
TLS,2006,4.650380957
TLS,2007,4.815595913
TLS,2008,4.986680493
TLS,2009,5.163843226
TLS,2010,5.347300053
TLS,2011,5.332790057
TLS,2012,5.318280061
TLS,2013,5.303770065
TLS,2014,5.28926007
TLS,2015,5.274750074
TLS,2016,5.260240078
TLS,2017,5.44069493
TLS,2018,5.627340364
TLS,2019,5.820388753
TLS,2020,6.020059751
TLS,2021,6.020059751
TLS,2022,6.020059751
TLS,2025,1.0
TON,1990,9.118815371
TON,1991,9.303388983
TON,1992,9.487962596
TON,1993,9.672536208
TON,1994,9.85710982
TON,1995,10.04168343
TON,1996,10.0284996
TON,1997,10.03272161
TON,1998,10.03694363
TON,1999,10.04116564
TON,2000,10.04538765
TON,2001,10.04960966
TON,2002,10.05383167
TON,2003,10.05805368
TON,2004,10.0622757
TON,2005,10.06649771
TON,2006,10.07071972
TON,2007,10.2396677
TON,2008,10.40861568
TON,2009,10.57756367
TON,2010,10.74651165
TON,2011,10.91545963
TON,2012,10.90745223
TON,2013,10.89944482
TON,2014,10.89143741
TON,2015,10.88343
TON,2016,10.8754226
TON,2017,10.86741519
TON,2018,10.85940778
TON,2019,10.85140038
TON,2020,10.88028609
TON,2021,10.88028609
TON,2022,10.88028609
TON,2025,1.0
TTO,1990,7.252180099
TTO,1991,7.421411779
TTO,1992,7.590643459
TTO,1993,7.759875139
TTO,1994,7.929106818
TTO,1995,8.098338498
TTO,1996,8.267570178
TTO,1997,8.436801857
TTO,1998,8.606033537
TTO,1999,8.775265217
TTO,2000,8.944496897
TTO,2001,9.113728576
TTO,2002,9.282960256
TTO,2003,9.452191936
TTO,2004,9.621423615
TTO,2005,9.790655295
TTO,2006,9.959886975
TTO,2007,10.12911865
TTO,2008,10.29835033
TTO,2009,10.30049992
TTO,2010,10.47030973
TTO,2011,10.64011955
TTO,2012,10.75685069
TTO,2013,10.87486246
TTO,2014,10.99416892
TTO,2015,11.11478428
TTO,2016,11.23672288
TTO,2017,11.35999926
TTO,2018,11.48462809
TTO,2019,11.61062419
TTO,2020,11.73800258
TTO,2021,11.73800258
TTO,2022,11.73800258
TTO,2025,1.0
TUN,1990,3.466150007
TUN,1991,3.607625518
TUN,1992,3.749101028
TUN,1993,3.890576539
TUN,1994,4.032052049
TUN,1995,4.17352756
TUN,1996,4.329150621
TUN,1997,4.484773683
TUN,1998,4.640396745
TUN,1999,4.796019806
TUN,2000,4.951642868
TUN,2001,5.123434559
TUN,2002,5.29522625
TUN,2003,5.467017942
TUN,2004,5.638809633
TUN,2005,5.810601324
TUN,2006,5.978350858
TUN,2007,6.146100392
TUN,2008,6.313849926
TUN,2009,6.481699944
TUN,2010,6.649549961
TUN,2011,6.823840141
TUN,2012,6.741419792
TUN,2013,6.855244875
TUN,2014,6.969069958
TUN,2015,7.082895041
TUN,2016,7.196720123
TUN,2017,7.409665108
TUN,2018,7.622610092
TUN,2019,7.786245249
TUN,2020,7.953393173
TUN,2021,7.953393173
TUN,2022,7.953393173
TUN,2025,1.0
TUR,1990,4.455356985
TUR,1991,4.510434245
TUR,1992,4.565511506
TUR,1993,4.620588767
TUR,1994,4.675666028
TUR,1995,4.730743288
TUR,1996,4.874337575
TUR,1997,5.017931862
TUR,1998,5.161526149
TUR,1999,5.305120436
TUR,2000,5.448714723
TUR,2001,5.551001064
TUR,2002,5.653287406
TUR,2003,5.755573747
TUR,2004,5.857860088
TUR,2005,5.973519802
TUR,2006,6.061210155
TUR,2007,6.14236021
TUR,2008,6.396150112
TUR,2009,6.570459843
TUR,2010,7.09209013
TUR,2011,7.358980179
TUR,2012,7.487070084
TUR,2013,7.63214016
TUR,2014,7.795050144
TUR,2015,7.958399773
TUR,2016,8.099840164
TUR,2017,8.268190384
TUR,2018,8.450664997
TUR,2019,8.63313961
TUR,2020,8.811284129
TUR,2021,8.811284129
TUR,2022,8.811284129
TUR,2025,1.0
TUV,1990,7.12797794
TUV,1991,7.243259907
TUV,1992,7.360406348
TUV,1993,7.477552789
TUV,1994,7.59469923
TUV,1995,7.71184567
TUV,1996,7.828992111
TUV,1997,7.946138552
TUV,1998,8.063284993
TUV,1999,8.180431434
TUV,2000,8.297577875
TUV,2001,8.414724316
TUV,2002,8.531870757
TUV,2003,8.649017198
TUV,2004,8.766163639
TUV,2005,8.88331008
TUV,2006,9.00045652
TUV,2007,9.117602961
TUV,2008,9.234749402
TUV,2009,9.351895843
TUV,2010,9.469042284
TUV,2011,9.586188725
TUV,2012,9.703335166
TUV,2013,9.820481607
TUV,2014,9.937628048
TUV,2015,10.05477449
TUV,2016,10.17192093
TUV,2017,10.28906737
TUV,2018,10.40621381
TUV,2019,10.52336025
TUV,2020,10.64458626
TUV,2021,10.64458626
TUV,2022,10.64458626
TUV,2025,1.0
TZA,1990,3.329101206
TZA,1991,3.419726739
TZA,1992,3.510352272
TZA,1993,3.600977805
TZA,1994,3.691603337
TZA,1995,3.78222887
TZA,1996,3.871004902
TZA,1997,3.959780935
TZA,1998,4.048556967
TZA,1999,4.137332999
TZA,2000,4.226109031
TZA,2001,4.261249544
TZA,2002,4.296390057
TZA,2003,4.411692047
TZA,2004,4.526994038
TZA,2005,4.642296028
TZA,2006,4.757598019
TZA,2007,4.872900009
TZA,2008,4.988202
TZA,2009,5.10350399
TZA,2010,5.218805981
TZA,2011,5.334107971
TZA,2012,5.449409962
TZA,2013,5.464129925
TZA,2014,5.478849888
TZA,2015,5.493569851
TZA,2016,5.525429885
TZA,2017,5.557289918
TZA,2018,5.589149952
TZA,2019,5.614501462
TZA,2020,5.639967963
TZA,2021,5.639967963
TZA,2022,5.639967963
TZA,2025,1.0
UGA,1990,3.175858623
UGA,1991,3.2509799
UGA,1992,3.327878085
UGA,1993,3.40477627
UGA,1994,3.481674454
UGA,1995,3.558572639
UGA,1996,3.635470824
UGA,1997,3.712369008
UGA,1998,3.789267193
UGA,1999,3.866165378
UGA,2000,3.943063563
UGA,2001,4.019961747
UGA,2002,4.096859932
UGA,2003,4.272491614
UGA,2004,4.448123296
UGA,2005,4.623754978
UGA,2006,4.79938666
UGA,2007,4.975018342
UGA,2008,5.150650024
UGA,2009,5.521955013
UGA,2010,5.893260002
UGA,2011,5.50928998
UGA,2012,5.125319958
UGA,2013,5.316452503
UGA,2014,5.507585049
UGA,2015,5.698717594
UGA,2016,5.88985014
UGA,2017,5.974417837
UGA,2018,6.060199776
UGA,2019,6.147213389
UGA,2020,6.235476362
UGA,2021,6.235476362
UGA,2022,6.235476362
UGA,2025,1.0
UKR,1990,9.276183691
UKR,1991,9.458865645
UKR,1992,9.6415476
UKR,1993,9.824229554
UKR,1994,10.00691151
UKR,1995,10.18959346
UKR,1996,10.31950063
UKR,1997,10.4494078
UKR,1998,10.57931497
UKR,1999,10.70922213
UKR,2000,10.8391293
UKR,2001,10.93655968
UKR,2002,11.03399005
UKR,2003,11.13142043
UKR,2004,11.2288508
UKR,2005,11.32628118
UKR,2006,11.36281757
UKR,2007,11.39935396
UKR,2008,11.43589035
UKR,2009,11.47242674
UKR,2010,11.50896313
UKR,2011,11.43994995
UKR,2012,11.37093677
UKR,2013,11.30192359
UKR,2014,11.2329104
UKR,2015,11.16389722
UKR,2016,11.15577802
UKR,2017,11.14765882
UKR,2018,11.13953963
UKR,2019,11.13142043
UKR,2020,11.12330123
UKR,2021,11.12330123
UKR,2022,11.12330123
UKR,2025,1.0
URY,1990,7.151282631
URY,1991,7.189396058
URY,1992,7.227509486
URY,1993,7.265622914
URY,1994,7.303736342
URY,1995,7.341849769
URY,1996,7.466219902
URY,1997,7.67811421
URY,1998,7.890008518
URY,1999,8.101902825
URY,2000,8.313797133
URY,2001,8.525691441
URY,2002,8.737585749
URY,2003,8.949480057
URY,2004,8.631463369
URY,2005,8.313446681
URY,2006,7.995429993
URY,2007,8.183539867
URY,2008,8.371649742
URY,2009,8.372019768
URY,2010,8.327150345
URY,2011,8.404020309
URY,2012,8.478859901
URY,2013,8.523880005
URY,2014,8.613840103
URY,2015,8.669449806
URY,2016,8.70388031
URY,2017,8.831359863
URY,2018,8.906729698
URY,2019,8.982549667
URY,2020,9.058219782
URY,2021,9.058219782
URY,2022,9.058219782
URY,2025,1.0
USA,1990,12.98377037
USA,1991,13.03085279
USA,1992,13.07793522
USA,1993,13.12501764
USA,1994,13.17210007
USA,1995,13.13735104
USA,1996,13.10260201
USA,1997,13.06785297
USA,1998,13.03310394
USA,1999,12.99835491
USA,2000,12.96360588
USA,2001,12.92885685
USA,2002,12.89410782
USA,2003,12.85935879
USA,2004,12.82460976
USA,2005,12.82981014
USA,2006,12.91230011
USA,2007,12.95113516
USA,2008,12.98997021
USA,2009,13.00603962
USA,2010,13.05183983
USA,2011,13.10287952
USA,2012,13.14148045
USA,2013,13.20003033
USA,2014,13.22457981
USA,2015,13.25187969
USA,2016,13.34290981
USA,2017,13.41329002
USA,2018,13.50162029
USA,2019,13.59252501
USA,2020,13.68342972
USA,2021,13.57549953
USA,2022,13.57549953
USA,2025,1.0
UZB,2000,10.0474884
UZB,2001,10.13654846
UZB,2002,10.22639795
UZB,2003,10.31704386
UZB,2004,10.40849324
UZB,2005,10.50075322
UZB,2006,10.59383099
UZB,2007,10.68773379
UZB,2008,10.78246893
UZB,2009,10.8780438
UZB,2010,10.97446584
UZB,2011,11.07174255
UZB,2012,11.16988152
UZB,2013,11.26889038
UZB,2014,11.3428297
UZB,2015,11.35682964
UZB,2016,11.67308998
UZB,2017,11.72383976
UZB,2018,11.77458954
UZB,2019,11.89558983
UZB,2020,11.8894949
UZB,2021,11.88339996
UZB,2022,11.91114998
UZB,2025,1.0
VCT,2000,8.738285548
VCT,2001,8.850274002
VCT,2002,8.963697683
VCT,2003,9.078574983
VCT,2004,9.194924533
VCT,2005,9.312765199
VCT,2006,9.432116092
VCT,2007,9.552996567
VCT,2008,9.675426226
VCT,2009,9.799424925
VCT,2010,9.92501277
VCT,2011,10.05221013
VCT,2012,10.18103763
VCT,2013,10.31151616
VCT,2014,10.44199469
VCT,2015,10.57247323
VCT,2016,10.70295176
VCT,2017,10.83343029
VCT,2018,10.88770482
VCT,2019,10.94197934
VCT,2020,10.99625387
VCT,2021,10.99625387
VCT,2022,10.99625387
VCT,2025,1.0
VEN,1990,5.338530064
VEN,1991,5.586430029
VEN,1992,5.834329995
VEN,1993,6.082229961
VEN,1994,6.330129927
VEN,1995,6.578029893
VEN,1996,6.825929858
VEN,1997,7.073829824
VEN,1998,7.32172979
VEN,1999,7.569629756
VEN,2000,7.817529722
VEN,2001,8.065429688
VEN,2002,7.954711723
VEN,2003,7.843993759
VEN,2004,7.733275795
VEN,2005,7.622557831
VEN,2006,7.511839867
VEN,2007,7.989500046
VEN,2008,8.13836956
VEN,2009,8.253210068
VEN,2010,8.687755108
VEN,2011,9.122300148
VEN,2012,9.251977682
VEN,2013,9.381655216
VEN,2014,9.51133275
VEN,2015,9.641010284
VEN,2016,10.31229973
VEN,2017,10.31063663
VEN,2018,10.08314256
VEN,2019,9.855648491
VEN,2020,9.628154421
VEN,2021,9.628154421
VEN,2022,9.628154421
VEN,2025,1.0
VNM,1990,4.101410613
VNM,1991,4.238818279
VNM,1992,4.376225944
VNM,1993,4.513633609
VNM,1994,4.651041274
VNM,1995,4.78844894
VNM,1996,4.959167554
VNM,1997,5.129886168
VNM,1998,5.300604783
VNM,1999,5.471323397
VNM,2000,5.642042011
VNM,2001,5.854399312
VNM,2002,6.066756613
VNM,2003,6.279113914
VNM,2004,6.491471215
VNM,2005,6.703828515
VNM,2006,6.914103882
VNM,2007,7.124379248
VNM,2008,7.334654615
VNM,2009,7.544929981
VNM,2010,7.62746501
VNM,2011,7.710000038
VNM,2012,7.792535067
VNM,2013,7.875070095
VNM,2014,7.957605124
VNM,2015,8.040140152
VNM,2016,8.12267518
VNM,2017,8.205210209
VNM,2018,8.287745237
VNM,2019,8.370280266
VNM,2020,8.455348794
VNM,2021,8.455348794
VNM,2022,8.455348794
VNM,2025,1.0
VUT,2005,5.575515217
VUT,2006,5.667716087
VUT,2007,5.76144166
VUT,2008,5.856717149
VUT,2009,5.953568184
VUT,2010,6.052020819
VUT,2011,6.152101541
VUT,2012,6.253837273
VUT,2013,6.357255382
VUT,2014,6.460673491
VUT,2015,6.5640916
VUT,2016,6.667509709
VUT,2017,6.770927818
VUT,2018,6.908355121
VUT,2019,7.045782424
VUT,2020,7.183209727
VUT,2021,7.183209727
VUT,2022,7.183209727
VUT,2025,1.0
WSM,1990,10.12533396
WSM,1991,10.19498511
WSM,1992,10.26511539
WSM,1993,10.33572809
WSM,1994,10.40682652
WSM,1995,10.47841404
WSM,1996,10.55049399
WSM,1997,10.62306978
WSM,1998,10.69614481
WSM,1999,10.76972252
WSM,2000,10.84380636
WSM,2001,10.91839981
WSM,2002,10.99454679
WSM,2003,11.07069378
WSM,2004,11.14684076
WSM,2005,11.22298775
WSM,2006,11.29913473
WSM,2007,11.37528172
WSM,2008,11.4514287
WSM,2009,11.52757568
WSM,2010,11.60372267
WSM,2011,11.67986965
WSM,2012,11.64511096
WSM,2013,11.61035228
WSM,2014,11.57559359
WSM,2015,11.5408349
WSM,2016,11.50607622
WSM,2017,11.47131753
WSM,2018,11.43655884
WSM,2019,11.40180016
WSM,2020,11.36735585
WSM,2021,11.36735585
WSM,2022,11.36735585
WSM,2025,1.0
YEM,1990,0.29
YEM,1991,0.362
YEM,1992,0.434
YEM,1993,0.506
YEM,1994,0.578
YEM,1995,0.65
YEM,1996,0.76
YEM,1997,0.87
YEM,1998,0.98
YEM,1999,1.09
YEM,2000,1.2
YEM,2001,1.332
YEM,2002,1.464
YEM,2003,1.596
YEM,2004,1.728
YEM,2005,1.86
YEM,2006,2.008
YEM,2007,2.156
YEM,2008,2.304
YEM,2009,2.452
YEM,2010,2.6
YEM,2011,2.8
YEM,2012,3.0
YEM,2013,2.901699955
YEM,2014,2.803399909
YEM,2015,2.705099864
YEM,2016,2.606799818
YEM,2017,2.508499773
YEM,2018,2.597941834
YEM,2019,2.687383896
YEM,2020,2.776825958
YEM,2021,2.776825958
YEM,2022,2.776825958
YEM,2025,1.0
ZAF,1990,6.514614789
ZAF,1991,6.861927072
ZAF,1992,7.209239355
ZAF,1993,7.556551638
ZAF,1994,7.903863921
ZAF,1995,8.251176204
ZAF,1996,8.052425244
ZAF,1997,7.853674285
ZAF,1998,7.654923325
ZAF,1999,7.456172365
ZAF,2000,7.257421406
ZAF,2001,7.458179951
ZAF,2002,8.52159977
ZAF,2003,8.75883007
ZAF,2004,8.823040009
ZAF,2005,8.899390221
ZAF,2006,8.950360298
ZAF,2007,9.075610161
ZAF,2008,9.215040207
ZAF,2009,9.600049973
ZAF,2010,9.669320107
ZAF,2011,9.693719864
ZAF,2012,9.93432045
ZAF,2013,10.04018545
ZAF,2014,10.14605045
ZAF,2015,10.23357964
ZAF,2016,9.271260262
ZAF,2017,10.14218044
ZAF,2018,10.7576704
ZAF,2019,11.37316036
ZAF,2020,10.55465984
ZAF,2021,11.60696983
ZAF,2022,11.60696983
ZAF,2025,1.0
ZMB,1990,4.481160164
ZMB,1991,4.572166937
ZMB,1992,4.66317371
ZMB,1993,4.754180482
ZMB,1994,4.845187255
ZMB,1995,4.936194028
ZMB,1996,5.027200801
ZMB,1997,5.118207574
ZMB,1998,5.209214347
ZMB,1999,5.30022112
ZMB,2000,5.391227892
ZMB,2001,5.482234665
ZMB,2002,5.573241438
ZMB,2003,5.664248211
ZMB,2004,5.755254984
ZMB,2005,5.846261757
ZMB,2006,5.93726853
ZMB,2007,6.028275302
ZMB,2008,6.119282075
ZMB,2009,6.210288848
ZMB,2010,6.301295621
ZMB,2011,6.392302394
ZMB,2012,6.483309167
ZMB,2013,6.57431594
ZMB,2014,6.665322712
ZMB,2015,6.756329485
ZMB,2016,6.847336258
ZMB,2017,6.938343031
ZMB,2018,7.029349804
ZMB,2019,7.157121491
ZMB,2020,7.284893177
ZMB,2021,7.284893177
ZMB,2022,7.284893177
ZMB,2025,1.0
ZWE,1990,5.021989402
ZWE,1991,5.167224575
ZWE,1992,5.316659927
ZWE,1993,5.470416927
ZWE,1994,5.624173927
ZWE,1995,5.777930927
ZWE,1996,5.931687927
ZWE,1997,6.085444927
ZWE,1998,6.239201927
ZWE,1999,6.392958927
ZWE,2000,6.546715927
ZWE,2001,6.700472927
ZWE,2002,6.854229927
ZWE,2003,6.955746937
ZWE,2004,7.057263947
ZWE,2005,7.158780956
ZWE,2006,7.260297966
ZWE,2007,7.361814976
ZWE,2008,7.463331985
ZWE,2009,7.564848995
ZWE,2010,7.666366005
ZWE,2011,7.767883015
ZWE,2012,7.869400024
ZWE,2013,7.990934849
ZWE,2014,8.112469673
ZWE,2015,8.38904953
ZWE,2016,8.42536974
ZWE,2017,8.461689949
ZWE,2018,8.574574947
ZWE,2019,8.687459946
ZWE,2020,8.807762621
ZWE,2021,8.807762621
ZWE,2022,8.807762621
ZWE,2025,1.0
ZZA.VHHD,1990,9.675991193
ZZA.VHHD,1991,9.788246958
ZZA.VHHD,1992,9.900975002
ZZA.VHHD,1993,10.01267401
ZZA.VHHD,1994,10.12385145
ZZA.VHHD,1995,10.21900804
ZZA.VHHD,1996,10.32660307
ZZA.VHHD,1997,10.43549626
ZZA.VHHD,1998,10.54368881
ZZA.VHHD,1999,10.6498394
ZZA.VHHD,2000,10.75312066
ZZA.VHHD,2001,10.85351565
ZZA.VHHD,2002,10.96175992
ZZA.VHHD,2003,11.0691605
ZZA.VHHD,2004,11.16529865
ZZA.VHHD,2005,11.21946031
ZZA.VHHD,2006,11.29134408
ZZA.VHHD,2007,11.37184932
ZZA.VHHD,2008,11.45169084
ZZA.VHHD,2009,11.51228009
ZZA.VHHD,2010,11.60924744
ZZA.VHHD,2011,11.67235153
ZZA.VHHD,2012,11.73872397
ZZA.VHHD,2013,11.77366868
ZZA.VHHD,2014,11.8273116
ZZA.VHHD,2015,11.89286228
ZZA.VHHD,2016,11.95806156
ZZA.VHHD,2017,12.023384
ZZA.VHHD,2018,12.09539506
ZZA.VHHD,2019,12.18983997
ZZA.VHHD,2020,12.27738546
ZZA.VHHD,2021,12.25470046
ZZA.VHHD,2022,12.25291239
ZZA.VHHD,2025,1.0
ZZB.HHD,1990,4.661816101
ZZB.HHD,1991,4.833365399
ZZB.HHD,1992,5.005101798
ZZB.HHD,1993,5.175309982
ZZB.HHD,1994,5.344508878
ZZB.HHD,1995,5.537737079
ZZB.HHD,1996,5.699897364
ZZB.HHD,1997,5.858504539
ZZB.HHD,1998,6.017854408
ZZB.HHD,1999,6.177873353
ZZB.HHD,2000,6.369147269
ZZB.HHD,2001,6.48537213
ZZB.HHD,2002,6.615104736
ZZB.HHD,2003,6.732680375
ZZB.HHD,2004,6.849699675
ZZB.HHD,2005,6.958212023
ZZB.HHD,2006,7.069853219
ZZB.HHD,2007,7.10653769
ZZB.HHD,2008,7.188487989
ZZB.HHD,2009,7.298283084
ZZB.HHD,2010,7.387482829
ZZB.HHD,2011,7.51156187
ZZB.HHD,2012,7.64618559
ZZB.HHD,2013,7.756094754
ZZB.HHD,2014,7.862178454
ZZB.HHD,2015,7.977273409
ZZB.HHD,2016,8.079337937
ZZB.HHD,2017,8.22103836
ZZB.HHD,2018,8.345140699
ZZB.HHD,2019,8.49661289
ZZB.HHD,2020,8.617027668
ZZB.HHD,2021,8.641098023
ZZB.HHD,2022,8.639074691
ZZB.HHD,2025,1.0
ZZC.MHD,1990,2.971559145
ZZC.MHD,1991,3.077895511
ZZC.MHD,1992,3.184100891
ZZC.MHD,1993,3.290223717
ZZC.MHD,1994,3.396656677
ZZC.MHD,1995,3.503341469
ZZC.MHD,1996,3.654418844
ZZC.MHD,1997,3.805418229
ZZC.MHD,1998,3.956322626
ZZC.MHD,1999,4.101554238
ZZC.MHD,2000,4.25281633
ZZC.MHD,2001,4.339020784
ZZC.MHD,2002,4.415139934
ZZC.MHD,2003,4.493855438
ZZC.MHD,2004,4.573724874
ZZC.MHD,2005,4.652637551
ZZC.MHD,2006,4.752606529
ZZC.MHD,2007,4.864591999
ZZC.MHD,2008,4.968707493
ZZC.MHD,2009,5.080154562
ZZC.MHD,2010,5.18226924
ZZC.MHD,2011,5.378653695
ZZC.MHD,2012,5.47280637
ZZC.MHD,2013,5.547081114
ZZC.MHD,2014,5.655936119
ZZC.MHD,2015,5.818876854
ZZC.MHD,2016,5.929000441
ZZC.MHD,2017,6.130058675
ZZC.MHD,2018,6.327583041
ZZC.MHD,2019,6.403380834
ZZC.MHD,2020,6.626016298
ZZC.MHD,2021,6.652630655
ZZC.MHD,2022,6.678403158
ZZC.MHD,2025,1.0
ZZD.LHD,1990,2.262641924
ZZD.LHD,1991,2.360951981
ZZD.LHD,1992,2.454418969
ZZD.LHD,1993,2.546994735
ZZD.LHD,1994,2.647594502
ZZD.LHD,1995,2.745857644
ZZD.LHD,1996,2.835391333
ZZD.LHD,1997,2.924778541
ZZD.LHD,1998,3.017690131
ZZD.LHD,1999,3.081249612
ZZD.LHD,2000,2.932190016
ZZD.LHD,2001,3.051954421
ZZD.LHD,2002,3.167194201
ZZD.LHD,2003,3.559836341
ZZD.LHD,2004,3.695680618
ZZD.LHD,2005,3.828959477
ZZD.LHD,2006,3.895648684
ZZD.LHD,2007,3.936531356
ZZD.LHD,2008,3.998770712
ZZD.LHD,2009,4.073832709
ZZD.LHD,2010,4.14380425
ZZD.LHD,2011,4.219564414
ZZD.LHD,2012,4.286020036
ZZD.LHD,2013,4.349059664
ZZD.LHD,2014,4.489496577
ZZD.LHD,2015,4.585321975
ZZD.LHD,2016,4.679184996
ZZD.LHD,2017,4.675338255
ZZD.LHD,2018,4.623136296
ZZD.LHD,2019,4.65030638
ZZD.LHD,2020,4.68837459
ZZD.LHD,2021,4.719336766
ZZD.LHD,2022,4.665130408
ZZD.LHD,2025,1.0
ZZE.AS,1990,3.919923028
ZZE.AS,1991,4.074663595
ZZE.AS,1992,4.234654014
ZZE.AS,1993,4.390569727
ZZE.AS,1994,4.544021013
ZZE.AS,1995,4.689825957
ZZE.AS,1996,4.850927207
ZZE.AS,1997,4.953799098
ZZE.AS,1998,5.057538471
ZZE.AS,1999,5.162165294
ZZE.AS,2000,5.268994702
ZZE.AS,2001,5.370128582
ZZE.AS,2002,5.471878099
ZZE.AS,2003,5.585457318
ZZE.AS,2004,5.718682804
ZZE.AS,2005,5.875913431
ZZE.AS,2006,6.011263192
ZZE.AS,2007,6.194692899
ZZE.AS,2008,6.328963585
ZZE.AS,2009,6.484751561
ZZE.AS,2010,6.609254525
ZZE.AS,2011,6.765761279
ZZE.AS,2012,6.91112978
ZZE.AS,2013,7.040425193
ZZE.AS,2014,7.167933433
ZZE.AS,2015,7.291898955
ZZE.AS,2016,7.396045683
ZZE.AS,2017,7.53279193
ZZE.AS,2018,7.672917746
ZZE.AS,2019,7.823479094
ZZE.AS,2020,7.944512294
ZZE.AS,2021,7.929753303
ZZE.AS,2022,7.764183628
ZZE.AS,2025,1.0
ZZF.EAP,1990,4.133242839
ZZF.EAP,1991,4.310751217
ZZF.EAP,1992,4.488124009
ZZF.EAP,1993,4.665424745
ZZF.EAP,1994,4.842843731
ZZF.EAP,1995,5.020322224
ZZF.EAP,1996,5.198145185
ZZF.EAP,1997,5.377946251
ZZF.EAP,1998,5.557544656
ZZF.EAP,1999,5.737080967
ZZF.EAP,2000,5.916262077
ZZF.EAP,2001,6.03724462
ZZF.EAP,2002,6.15874702
ZZF.EAP,2003,6.280897013
ZZF.EAP,2004,6.403496896
ZZF.EAP,2005,6.49906935
ZZF.EAP,2006,6.602109045
ZZF.EAP,2007,6.623934692
ZZF.EAP,2008,6.713896664
ZZF.EAP,2009,6.826811054
ZZF.EAP,2010,6.915829705
ZZF.EAP,2011,7.043118242
ZZF.EAP,2012,7.16875765
ZZF.EAP,2013,7.294741634
ZZF.EAP,2014,7.412503846
ZZF.EAP,2015,7.533697149
ZZF.EAP,2016,7.647441999
ZZF.EAP,2017,7.787762353
ZZF.EAP,2018,7.907656822
ZZF.EAP,2019,8.073080647
ZZF.EAP,2020,8.214982495
ZZF.EAP,2021,8.216847291
ZZF.EAP,2022,8.217525389
ZZF.EAP,2025,1.0
ZZG.ECA,1990,7.409740363
ZZG.ECA,1991,7.525399182
ZZG.ECA,1992,7.639605445
ZZG.ECA,1993,7.74520382
ZZG.ECA,1994,7.845674047
ZZG.ECA,1995,8.214373283
ZZG.ECA,1996,8.320768929
ZZG.ECA,1997,8.427489278
ZZG.ECA,1998,8.534663405
ZZG.ECA,1999,8.642564277
ZZG.ECA,2000,8.877982906
ZZG.ECA,2001,8.957262174
ZZG.ECA,2002,9.038677857
ZZG.ECA,2003,9.139418952
ZZG.ECA,2004,9.236110689
ZZG.ECA,2005,9.337554512
ZZG.ECA,2006,9.419479104
ZZG.ECA,2007,9.515332901
ZZG.ECA,2008,9.612304607
ZZG.ECA,2009,9.66309244
ZZG.ECA,2010,9.858087169
ZZG.ECA,2011,9.961136043
ZZG.ECA,2012,10.02729847
ZZG.ECA,2013,10.09153636
ZZG.ECA,2014,10.16416593
ZZG.ECA,2015,10.22711599
ZZG.ECA,2016,10.32994544
ZZG.ECA,2017,10.39427037
ZZG.ECA,2018,10.48110731
ZZG.ECA,2019,10.55679371
ZZG.ECA,2020,10.62655306
ZZG.ECA,2021,10.61877468
ZZG.ECA,2022,10.60917907
ZZG.ECA,2025,1.0
ZZH.LAC,1990,5.493441822
ZZH.LAC,1991,5.597983327
ZZH.LAC,1992,5.705551305
ZZH.LAC,1993,5.813002046
ZZH.LAC,1994,5.919097707
ZZH.LAC,1995,6.027008355
ZZH.LAC,1996,6.140361372
ZZH.LAC,1997,6.255877574
ZZH.LAC,1998,6.371467298
ZZH.LAC,1999,6.485050846
ZZH.LAC,2000,6.598353516
ZZH.LAC,2001,6.730286625
ZZH.LAC,2002,6.879542994
ZZH.LAC,2003,7.028474159
ZZH.LAC,2004,7.139124706
ZZH.LAC,2005,7.22837676
ZZH.LAC,2006,7.327711624
ZZH.LAC,2007,7.482407711
ZZH.LAC,2008,7.610495414
ZZH.LAC,2009,7.698113139
ZZH.LAC,2010,7.793156956
ZZH.LAC,2011,7.929149555
ZZH.LAC,2012,8.106954959
ZZH.LAC,2013,8.168535014
ZZH.LAC,2014,8.264190904
ZZH.LAC,2015,8.357199153
ZZH.LAC,2016,8.526162702
ZZH.LAC,2017,8.636765541
ZZH.LAC,2018,8.748119107
ZZH.LAC,2019,8.860464831
ZZH.LAC,2020,8.96917555
ZZH.LAC,2021,8.973932553
ZZH.LAC,2022,8.967833002
ZZH.LAC,2025,1.0
ZZI.SA,1990,2.977440599
ZZI.SA,1991,3.091359049
ZZI.SA,1992,3.201737726
ZZI.SA,1993,3.308133653
ZZI.SA,1994,3.41450731
ZZI.SA,1995,3.523772186
ZZI.SA,1996,3.680911221
ZZI.SA,1997,3.838449732
ZZI.SA,1998,3.996327306
ZZI.SA,1999,4.154249051
ZZI.SA,2000,4.312758306
ZZI.SA,2001,4.415767533
ZZI.SA,2002,4.512655986
ZZI.SA,2003,4.60977349
ZZI.SA,2004,4.710181439
ZZI.SA,2005,4.811030356
ZZI.SA,2006,4.914937821
ZZI.SA,2007,4.985195637
ZZI.SA,2008,5.054381416
ZZI.SA,2009,5.168116014
ZZI.SA,2010,5.276762014
ZZI.SA,2011,5.476539616
ZZI.SA,2012,5.571755712
ZZI.SA,2013,5.646952111
ZZI.SA,2014,5.75368524
ZZI.SA,2015,5.898464383
ZZI.SA,2016,5.98913527
ZZI.SA,2017,6.174402737
ZZI.SA,2018,6.328478691
ZZI.SA,2019,6.3583825
ZZI.SA,2020,6.58280513
ZZI.SA,2021,6.612891906
ZZI.SA,2022,6.629606612
ZZI.SA,2025,1.0
ZZJ.SSA,1990,3.634380042
ZZJ.SSA,1991,3.790071058
ZZJ.SSA,1992,3.94233665
ZZJ.SSA,1993,4.094743906
ZZJ.SSA,1994,4.25359501
ZZJ.SSA,1995,4.408480761
ZZJ.SSA,1996,4.454816155
ZZJ.SSA,1997,4.50267981
ZZJ.SSA,1998,4.553107934
ZZJ.SSA,1999,4.429892195
ZZJ.SSA,2000,4.037279793
ZZJ.SSA,2001,4.111561406
ZZJ.SSA,2002,4.284774446
ZZJ.SSA,2003,4.439489973
ZZJ.SSA,2004,4.532317669
ZZJ.SSA,2005,4.620294007
ZZJ.SSA,2006,4.710011038
ZZJ.SSA,2007,4.80175754
ZZJ.SSA,2008,4.918687151
ZZJ.SSA,2009,5.016963989
ZZJ.SSA,2010,5.063580453
ZZJ.SSA,2011,5.106047236
ZZJ.SSA,2012,5.166255783
ZZJ.SSA,2013,5.227469073
ZZJ.SSA,2014,5.356088927
ZZJ.SSA,2015,5.527202132
ZZJ.SSA,2016,5.56329208
ZZJ.SSA,2017,5.653824019
ZZJ.SSA,2018,5.750265436
ZZJ.SSA,2019,5.898415486
ZZJ.SSA,2020,5.886778705
ZZJ.SSA,2021,5.98941483
ZZJ.SSA,2022,5.975956597
ZZJ.SSA,2025,1.0
ZZK.WORLD,1990,5.88049316
ZZK.WORLD,1991,5.996884274
ZZK.WORLD,1992,6.114316207
ZZK.WORLD,1993,6.230358862
ZZK.WORLD,1994,6.345395599
ZZK.WORLD,1995,6.472184252
ZZK.WORLD,1996,6.59297534
ZZK.WORLD,1997,6.713384804
ZZK.WORLD,1998,6.833890233
ZZK.WORLD,1999,6.934144894
ZZK.WORLD,2000,7.021333553
ZZK.WORLD,2001,7.109447851
ZZK.WORLD,2002,7.203502063
ZZK.WORLD,2003,7.256307361
ZZK.WORLD,2004,7.344459729
ZZK.WORLD,2005,7.415288886
ZZK.WORLD,2006,7.494353267
ZZK.WORLD,2007,7.546367749
ZZK.WORLD,2008,7.61380581
ZZK.WORLD,2009,7.692684187
ZZK.WORLD,2010,7.769561223
ZZK.WORLD,2011,7.873497564
ZZK.WORLD,2012,7.958679943
ZZK.WORLD,2013,8.021074825
ZZK.WORLD,2014,8.102155631
ZZK.WORLD,2015,8.199370703
ZZK.WORLD,2016,8.278469561
ZZK.WORLD,2017,8.386354821
ZZK.WORLD,2018,8.483187084
ZZK.WORLD,2019,8.57438262
ZZK.WORLD,2020,8.686373862
ZZK.WORLD,2021,8.682264879
ZZK.WORLD,2022,8.661597531
ZZK.WORLD,2025,1.0
