iso3,year,gdp_per_capita,population,unemployment
ABW,1985,,61728.0,
ABW,1986,6767.55922942669,59931.0,
ABW,1987,8244.04566011433,59159.0,
ABW,1988,10056.2613927414,59331.0,
ABW,1989,11507.2171509849,60443.0,
ABW,1990,12187.5363611898,62753.0,
ABW,1991,13233.9905169683,65896.0,
ABW,1992,13892.6051427736,69005.0,
ABW,1993,14700.9598081521,73685.0,
ABW,1994,16055.2877874337,77595.0,
ABW,1995,16548.7173868987,79805.0,
ABW,1996,16620.9545555513,83021.0,
ABW,1997,17750.0095644198,86301.0,
ABW,1998,18828.0870594071,88451.0,
ABW,1999,19216.1972354472,89659.0,
ABW,2000,20681.0230269625,90588.0,
ABW,2001,20740.1325828172,91439.0,
ABW,2002,21307.2482505267,92074.0,
ABW,2003,21949.4859960868,93128.0,
ABW,2004,23700.6319899197,95138.0,
ABW,2005,24171.8371325422,97635.0,
ABW,2006,24845.65848362,99405.0,
ABW,2007,26736.3089444046,100150.0,
ABW,2008,28171.9094008501,100917.0,
ABW,2009,25134.7712303589,101604.0,
ABW,2010,24093.1401510626,101838.0,
ABW,2011,25712.3843015186,102591.0,
ABW,2012,25119.6655449838,104110.0,
ABW,2013,25813.5714408438,105675.0,
ABW,2014,26129.8390617693,106807.0,
ABW,2015,27458.2201537506,107906.0,
ABW,2016,27441.5502144601,108727.0,
ABW,2017,28440.0416881491,108735.0,
ABW,2018,30082.1584226798,108908.0,
ABW,2019,30654.4851235397,109203.0,
ABW,2020,22664.3709949437,108587.0,
ABW,2021,26827.3447869986,107700.0,
ABW,2022,31000.5713798732,107310.0,
ABW,2023,34897.6183932009,107359.0,
ABW,2024,38590.5650288641,107995.0,
ABW,2025,20591.088939932582,108785.0,
AFE,1985,554.222221130921,269450407.0,
AFE,1986,578.318417094435,277621771.0,
AFE,1987,664.792922745199,286067346.0,
AFE,1988,704.143241259139,294498625.0,
AFE,1989,728.244534303378,302939121.0,
AFE,1990,822.404371825312,311748681.0,8.05080898877577
AFE,1991,864.175528692201,320442961.0,8.05080898877577
AFE,1992,732.912138733145,329082707.0,8.15827337351447
AFE,1993,709.324717855605,338324002.0,8.15590989808314
AFE,1994,700.7732953765,347441809.0,8.02210049864685
AFE,1995,766.524210648196,356580375.0,7.77389399169686
AFE,1996,746.78858138152,366138524.0,7.6816226939442
AFE,1997,767.400692604526,375646235.0,7.64190636706094
AFE,1998,697.08057901383,385505757.0,7.68263780767572
AFE,1999,670.425331746839,395750933.0,7.72993010885893
AFE,2000,706.728440776917,406156661.0,7.66876829683373
AFE,2001,625.82886019759,416807868.0,7.55388452430262
AFE,2002,630.513380226995,427820358.0,7.51149338877195
AFE,2003,815.433657549659,439173286.0,7.4720424200925
AFE,2004,989.017114690163,450928044.0,7.27852246959678
AFE,2005,1126.29920363201,463076637.0,7.10041371887931
AFE,2006,1235.17087902029,475606210.0,7.03560059961336
AFE,2007,1381.4452514345,488580707.0,6.98058891496815
AFE,2008,1447.42777531825,502070763.0,6.95926232871186
AFE,2009,1408.61565890435,516003448.0,7.02933493362019
AFE,2010,1628.76857300184,530308387.0,7.33948885318777
AFE,2011,1761.83829586572,544737983.0,7.303350943492
AFE,2012,1731.86909640114,559609961.0,7.10873740350119
AFE,2013,1705.83900348854,575202699.0,6.88972223038428
AFE,2014,1689.98238051624,590968990.0,6.86242857576034
AFE,2015,1498.71597073834,607123269.0,6.9309412585873
AFE,2016,1335.7431649955,623369401.0,7.07442880999326
AFE,2017,1529.92307995549,640058741.0,7.21491501896869
AFE,2018,1553.61794421394,657801085.0,7.24484282680541
AFE,2019,1508.0315245887,675950189.0,7.45910636823544
AFE,2020,1351.50316694933,694446100.0,7.97430164130982
AFE,2021,1560.89462580275,713090928.0,8.40741154700022
AFE,2022,1675.90252377611,731821393.0,7.86947018999245
AFE,2023,1571.13270407815,750491370.0,7.67654773372157
AFE,2024,1628.22728900442,769280888.0,7.57169749274654
AFE,2025,1722.38561960923,788844284.0,7.53923324035891
AFG,1985,,11426852.0,
AFG,1986,,11420074.0,
AFG,1987,,11387818.0,
AFG,1988,,11523298.0,
AFG,1989,,11874088.0,
AFG,1990,,12045660.0,7.972
AFG,1991,,12238879.0,7.972
AFG,1992,,13278974.0,7.958
AFG,1993,,14943172.0,7.908
AFG,1994,,16250794.0,7.883
AFG,1995,,17065836.0,7.868
AFG,1996,,17763266.0,7.878
AFG,1997,,18452091.0,7.863
AFG,1998,,19159996.0,7.869
AFG,1999,,19887785.0,7.877
AFG,2000,174.930991430166,20130327.0,7.897
AFG,2001,138.706821676113,20284307.0,7.973
AFG,2002,178.954088379235,21378117.0,7.867
AFG,2003,198.871115728727,22733049.0,7.844
AFG,2004,221.763653873013,23560654.0,7.794
AFG,2005,254.184249149336,24404567.0,7.878
AFG,2006,274.218553561575,25424094.0,7.897
AFG,2007,376.223152003876,25909852.0,7.841
AFG,2008,381.73323802844,26482622.0,7.879
AFG,2009,452.053705477043,27466101.0,7.808
AFG,2010,560.621505463146,28284089.0,7.809
AFG,2011,606.694676337726,29347708.0,7.83
AFG,2012,651.417134470046,30560034.0,7.875
AFG,2013,637.087099117099,31622704.0,7.921
AFG,2014,625.054941813938,32792523.0,7.915
AFG,2015,565.569730408751,33831764.0,9.032
AFG,2016,522.082215583898,34700612.0,10.116
AFG,2017,525.469770891619,35688935.0,11.184
AFG,2018,491.337221382603,36743039.0,11.192
AFG,2019,496.6025042585,37856121.0,11.187
AFG,2020,510.787063366811,39068979.0,11.71
AFG,2021,356.496214115892,40000412.0,12.006
AFG,2022,357.261152798144,40578842.0,14.1
AFG,2023,413.757894705303,41454761.0,14.008
AFG,2024,416.871146273728,42647492.0,13.687
AFG,2025,485.41898212807615,43844111.0,13.351
AFW,1985,755.925041737799,182564486.0,
AFW,1986,583.666693671393,187637529.0,
AFW,1987,584.103649735645,192844453.0,
AFW,1988,563.879072074372,198216830.0,
AFW,1989,513.173056234633,203785781.0,
AFW,1990,593.83151352357,209281291.0,4.15800759981861
AFW,1991,608.66899836783,214885785.0,4.15800759981861
AFW,1992,567.92629883876,220890339.0,4.24675578183281
AFW,1993,575.281709114721,226927299.0,4.36682360679359
AFW,1994,580.801466185621,233041347.0,4.39040299907666
AFW,1995,867.818658269009,239501493.0,4.39327114704215
AFW,1996,1070.83624374512,246128722.0,4.32685070034471
AFW,1997,1093.0671762104,252921348.0,4.29679829052344
AFW,1998,1142.84454396881,259988556.0,4.30483459729659
AFW,1999,524.453105656825,267171783.0,4.49044730082985
AFW,2000,519.642599510731,274612131.0,4.53131047835059
AFW,2001,533.677179675639,282407479.0,4.46563029423928
AFW,2002,620.160708220684,290455651.0,4.27392083907488
AFW,2003,698.41059773746,298744790.0,4.1682062921006
AFW,2004,839.345851531298,307309912.0,4.08698904128015
AFW,2005,1001.134464675,316156999.0,4.09641162927698
AFW,2006,1236.31604057497,325222154.0,3.96900207619704
AFW,2007,1407.72881703262,334544275.0,3.94820495192994
AFW,2008,1668.61565308526,344153435.0,3.96808904592347
AFW,2009,1455.22391926317,353922925.0,4.00441257217998
AFW,2010,1664.49204549878,363951468.0,3.99179170645225
AFW,2011,1846.10292552744,374374251.0,3.97007365881551
AFW,2012,1943.37255535786,384913331.0,3.98291438560293
AFW,2013,2134.24752369303,395543613.0,3.71010995935874
AFW,2014,2224.32958643376,406457241.0,3.89018286622866
AFW,2015,1863.40151301991,417536152.0,4.1727731083969
AFW,2016,1632.42497788744,428797338.0,4.16910166908106
AFW,2017,1577.20349674013,440150152.0,4.28464574730964
AFW,2018,1723.11446346681,451395343.0,4.33609979249296
AFW,2019,2219.41255534667,462522286.0,4.39390284484525
AFW,2020,2034.43793971923,473687685.0,4.7993062016358
AFW,2021,2116.9382941844,484978794.0,4.67076109003218
AFW,2022,2143.07209365676,496366058.0,3.59653801462938
AFW,2023,1846.24681069313,508318102.0,3.20335496340002
AFW,2024,1416.22841156776,520655398.0,3.17491538811068
AFW,2025,1600.05837434388,532809933.0,3.19297271435272
AGO,1985,772.468832586262,9779120.0,
AGO,1986,697.52660239925,10139450.0,
AGO,1987,770.10114008645,10497858.0,
AGO,1988,807.439628386237,10861291.0,
AGO,1989,907.747893072933,11238562.0,
AGO,1990,965.866840464665,11626360.0,16.816
AGO,1991,881.919488130062,12023529.0,16.816
AGO,1992,668.706017459877,12423712.0,16.959
AGO,1993,449.727894936295,12827135.0,17.44
AGO,1994,334.973590276074,13249764.0,17.444
AGO,1995,404.29481849612,13699778.0,16.978
AGO,1996,531.115366543271,14170973.0,16.177
AGO,1997,521.70291489053,14660413.0,16.064
AGO,1998,429.188126933192,15159370.0,16.29
AGO,1999,392.725539027496,15667235.0,16.543
AGO,2000,563.733795571487,16194869.0,16.646
AGO,2001,533.586202412447,16747208.0,16.668
AGO,2002,999.065855956628,17327699.0,16.432
AGO,2003,1133.66331960414,17943712.0,16.445
AGO,2004,1451.47117870872,18600423.0,16.313
AGO,2005,2145.88621098663,19291161.0,16.295
AGO,2006,2930.44428606516,20015279.0,16.123
AGO,2007,3515.05678985496,20778561.0,16.066
AGO,2008,4578.15526451058,21578655.0,16.152
AGO,2009,3645.14846565169,22414773.0,16.383
AGO,2010,4101.63715564669,23294825.0,16.595
AGO,2011,5184.15269151846,24218352.0,16.77
AGO,2012,5702.45306277434,25177394.0,16.539
AGO,2013,5688.57916213471,26165620.0,16.464
AGO,2014,5649.68762467535,27160769.0,16.372
AGO,2015,3641.72893920253,28157798.0,16.472
AGO,2016,2082.37343594705,29183070.0,16.572
AGO,2017,2832.14997950512,30234839.0,16.617
AGO,2018,2891.83032378747,31297155.0,16.602
AGO,2019,2507.86807213642,32375632.0,16.497
AGO,2020,1749.1794838482,33451132.0,16.696
AGO,2021,2266.96834861584,34532429.0,15.799
AGO,2022,3598.53669077341,35635029.0,14.124
AGO,2023,2885.51349130806,36749906.0,14.051
AGO,2024,2720.81900669715,37885849.0,14.02
AGO,2025,3129.47662331063,39040039.0,14.108
ALB,1985,639.865903755552,2964762.0,
ALB,1986,693.873474633887,3022635.0,
ALB,1987,674.793383069492,3083605.0,
ALB,1988,652.774321396566,3142336.0,
ALB,1989,697.995596576519,3227943.0,
ALB,1990,617.230435515505,3286542.0,10.304
ALB,1991,336.586994504629,3266790.0,10.304
ALB,1992,200.852219772323,3247039.0,30.007
ALB,1993,367.279225077581,3227287.0,25.251
ALB,1994,586.416135130865,3207536.0,20.835
ALB,1995,911.320465445326,3187784.0,14.607
ALB,1996,1020.97618050188,3168033.0,13.928
ALB,1997,728.545523729675,3148281.0,16.872
ALB,1998,831.175344077295,3128530.0,20.042
ALB,1999,1056.34481153033,3108778.0,20.835
ALB,2000,1160.42047054038,3089027.0,19.023
ALB,2001,1326.41652388077,3060173.0,18.57
ALB,2002,1479.83884572006,3051010.0,17.891
ALB,2003,1908.69900687608,3039616.0,16.985
ALB,2004,2446.90949947798,3026939.0,16.306
ALB,2005,2741.72136549578,3011487.0,15.966
ALB,2006,3057.77257038113,2992547.0,15.626
ALB,2007,3743.05529896187,2970017.0,15.966
ALB,2008,4498.50486763601,2947314.0,13.06
ALB,2009,4213.65007574693,2927519.0,13.674
ALB,2010,4149.14469936847,2913021.0,14.086
ALB,2011,4465.70914328865,2905195.0,13.481
ALB,2012,4280.93316338873,2860708.0,13.376
ALB,2013,4542.92903556739,2816902.0,15.866
ALB,2014,4793.59751131525,2773767.0,18.055
ALB,2015,4199.53912925398,2731293.0,17.193
ALB,2016,4457.63412207495,2689469.0,15.418
ALB,2017,5006.36012951959,2648285.0,13.616
ALB,2018,5897.65452588774,2607733.0,12.304
ALB,2019,6069.43903131027,2567801.0,11.466
ALB,2020,6027.91350716348,2528480.0,11.639
ALB,2021,7242.45513146613,2489762.0,11.474
ALB,2022,7756.96188744253,2451636.0,10.785
ALB,2023,9740.7023414631,2411658.0,10.669
ALB,2024,11374.0085781236,2377128.0,10.689
ALB,2025,12998.147869552,2349580.0,10.926
AND,1985,7911.98436223964,43825.0,
AND,1986,10539.1177869653,45734.0,
AND,1987,12828.1519430152,47653.0,
AND,1988,14599.0355178798,49416.0,
AND,1989,15714.9265516576,50620.0,
AND,1990,19563.6574722488,52597.0,
AND,1991,19533.2620668023,56667.0,
AND,1992,20099.5352208543,60200.0,
AND,1993,15916.8395162087,63272.0,
AND,1994,15748.5307503373,64612.0,
AND,1995,18443.2545197741,63912.0,
AND,1996,19130.1597151312,63984.0,
AND,1997,18247.9995651361,64700.0,
AND,1998,18536.5084282698,65382.0,
AND,1999,18875.2869134938,65710.0,
AND,2000,21810.2487426174,65685.0,
AND,2001,23511.2951466328,65852.0,
AND,2002,26528.1301571494,66506.0,
AND,2003,34063.5784040571,69486.0,
AND,2004,39021.1278078772,74325.0,
AND,2005,40829.801878928,77421.0,
AND,2006,43467.210990395,79585.0,
AND,2007,48336.2283340364,81877.0,
AND,2008,49132.5157047203,83495.0,
AND,2009,43975.0183658196,83888.0,
AND,2010,42746.830952263,80706.0,
AND,2011,46657.1561204071,77783.0,
AND,2012,41500.5435782722,76834.0,
AND,2013,42470.3161158563,75194.0,
AND,2014,44369.6596894579,73737.0,
AND,2015,38654.9347217207,72174.0,
AND,2016,40129.8192026671,72181.0,
AND,2017,40672.9943362327,73763.0,
AND,2018,42819.774579353,75162.0,
AND,2019,41257.8045861543,76474.0,
AND,2020,37361.090067211,77380.0,
AND,2021,42425.6996761083,78364.0,
AND,2022,42414.0590111349,79705.0,
AND,2023,46812.448450114,80856.0,
AND,2024,49357.437070178,81938.0,
AND,2025,54291.5026031052,82904.0,
ARB,1985,2247.904750665,192563243.0,
ARB,1986,2042.47838250205,198509771.0,
ARB,1987,2108.46557162979,204524595.0,
ARB,1988,2041.96127119429,210269696.0,
ARB,1989,2117.69361013073,215969068.0,
ARB,1990,2875.13052297717,223184294.0,11.9097573121416
ARB,1991,2048.70583682981,228402316.0,11.9097573121416
ARB,1992,1996.28830839149,234321565.0,12.1536912884058
ARB,1993,1987.7533220326,240926205.0,12.9097459716624
ARB,1994,2018.66808626545,247626514.0,13.012183394794
ARB,1995,2080.99805208098,253952538.0,13.5049205239265
ARB,1996,2193.85954411939,260229121.0,12.4585943877988
ARB,1997,2305.60949452905,266565183.0,11.9963600041588
ARB,1998,2192.58945184653,273094199.0,11.9519989476751
ARB,1999,2378.91256945477,279709634.0,12.1410531058538
ARB,2000,2664.12544702947,286548096.0,12.6227231888262
ARB,2001,2536.15266480025,293580252.0,12.49820212983
ARB,2002,2483.50270297478,300691509.0,12.5062276655765
ARB,2003,2696.67250919404,307815105.0,12.4496966444039
ARB,2004,3133.70136960221,315060277.0,11.4271164700074
ARB,2005,3750.69817199291,322628451.0,11.2344112966755
ARB,2006,4355.05761532494,330526310.0,10.5176425576734
ARB,2007,4940.70153714799,338947976.0,10.1456780757217
ARB,2008,6100.53937632387,347684619.0,9.87515901443002
ARB,2009,5142.65633137166,356386673.0,9.46079216862091
ARB,2010,5957.50539498481,363568534.0,9.57178825247491
ARB,2011,6924.20289420703,372054934.0,10.6873951414609
ARB,2012,7392.55638357541,381030177.0,11.0650966632009
ARB,2013,7384.79221541888,390954281.0,11.0350018909533
ARB,2014,7347.6211570264,400231008.0,11.0319261608507
ARB,2015,6299.87807685552,410190679.0,11.1524464292006
ARB,2016,6051.26103619544,419808341.0,10.8617161429412
ARB,2017,6105.92161804571,428315886.0,11.1152019032057
ARB,2018,6708.53121256784,435998060.0,10.6546406452031
ARB,2019,6683.67016877686,444281315.0,10.2137182910936
ARB,2020,5749.75163256627,453723239.0,11.2951503646669
ARB,2021,6708.20761928893,460646603.0,10.8627489086684
ARB,2022,7960.81158770821,471352066.0,9.74413095599936
ARB,2023,7504.35637695627,482105978.0,9.31338863204988
ARB,2024,7602.41115691284,492612632.0,9.26592419265215
ARB,2025,7544.41435641482,503356133.0,9.19017299614363
ARE,1985,29467.5280764905,1377911.0,
ARE,1986,23132.0442453994,1467383.0,
ARE,1987,23112.5558111632,1574244.0,
ARE,1988,21569.6710149303,1681788.0,
ARE,1989,23166.7140459133,1789851.0,
ARE,1990,26709.9567949611,1898220.0,1.629
ARE,1991,25690.9151233865,2006626.0,1.629
ARE,1992,25648.2807476605,2114730.0,1.715
ARE,1993,25032.8269272198,2222093.0,1.901
ARE,1994,25472.6470660889,2328188.0,1.834
ARE,1995,27003.1753753727,2434662.0,1.8
ARE,1996,28323.1586889615,2597564.0,1.836
ARE,1997,27982.752550093,2817410.0,1.906
ARE,1998,24889.4426807231,3040421.0,2.068
ARE,1999,25855.8379155488,3266009.0,2.195
ARE,2000,29865.5285002232,3493575.0,2.25
ARE,2001,27745.1684523079,3723590.0,2.443
ARE,2002,27753.5810466782,3956826.0,2.659
ARE,2003,29659.5710296993,4192457.0,2.903
ARE,2004,33376.6880534412,4428967.0,2.965
ARE,2005,38719.3138285388,4664790.0,3.12
ARE,2006,44342.603055045,5009100.0,2.964
ARE,2007,45854.7352436978,5624635.0,2.934
ARE,2008,50054.1700685968,6302664.0,2.818
ARE,2009,37803.0663737818,6707058.0,2.932
ARE,2010,44795.2846234991,6869838.0,2.798
ARE,2011,51921.8890746408,7104538.0,2.587
ARE,2012,53141.6251661086,7391448.0,2.323
ARE,2013,53247.2278745159,7693031.0,2.125
ARE,2014,52725.2307981936,8059440.0,1.999
ARE,2015,44910.3458860776,8505237.0,1.793
ARE,2016,42721.1136110991,8935095.0,1.64
ARE,2017,43733.6242018215,9223225.0,2.462
ARE,2018,47135.3478795605,9346701.0,2.236
ARE,2019,45938.6084572227,9445785.0,2.331
ARE,2020,37991.738387966,9401038.0,4.294
ARE,2021,44118.4936214315,9575152.0,3.105
ARE,2022,50759.7590190204,10074977.0,2.872
ARE,2023,49850.6945082084,10483751.0,2.151
ARE,2024,50273.5126243239,10986400.0,2.16
ARE,2025,34943.029036145876,11513149.0,2.174
ARG,1985,2905.77565536137,30336441.0,
ARG,1986,3436.07819471053,30811980.0,
ARG,1987,3477.30131979313,31291762.0,
ARG,1988,3992.70330179156,31780532.0,
ARG,1989,2374.57321551641,32270948.0,
ARG,1990,4315.33403111588,32755901.0,5.44
ARG,1991,5709.24784079504,33230294.0,5.44
ARG,1992,6789.99611136495,33693527.0,6.36
ARG,1993,6931.85596375876,34152717.0,10.1
ARG,1994,7437.56242327594,34613491.0,11.76
ARG,1995,7357.6162773788,35070020.0,18.8
ARG,1996,7663.21271287469,35513793.0,17.11
ARG,1997,8146.78710021431,35947791.0,14.82
ARG,1998,8218.99212764682,36372860.0,12.65
ARG,1999,7705.54288252851,36794682.0,14.05
ARG,2000,7637.01489203628,37213984.0,15.0
ARG,2001,7141.47507662826,37624825.0,17.32
ARG,2002,2569.69963519124,38029349.0,19.59
ARG,2003,3320.47775133903,38424282.0,15.36
ARG,2004,4242.02099089422,38815916.0,13.522
ARG,2005,5067.65342293276,39216789.0,11.506
ARG,2006,5869.38028970204,39622115.0,10.078
ARG,2007,7185.25155147027,40016763.0,8.47
ARG,2008,8944.1102657357,40424148.0,7.837
ARG,2009,8150.23527028221,40854831.0,8.645
ARG,2010,10260.1313108254,41288694.0,7.714
ARG,2011,12704.2831819684,41730660.0,7.18
ARG,2012,12949.717486654,42161721.0,7.217
ARG,2013,12963.675773326,42582455.0,7.1
ARG,2014,12233.1444119186,43024071.0,7.268
ARG,2015,13679.6264980954,43477012.0,7.577
ARG,2016,12699.9623137756,43900313.0,8.088
ARG,2017,14532.5009308511,44288894.0,8.347
ARG,2018,11752.7998922979,44654882.0,9.22
ARG,2019,9955.97478680428,44973465.0,9.843
ARG,2020,8535.59938004389,45191965.0,11.461
ARG,2021,10738.0179223384,45312281.0,8.736
ARG,2022,13962.1894087223,45407904.0,6.805
ARG,2023,14261.8465667948,45538401.0,6.139
ARG,2024,13969.7836603737,45696159.0,7.15
ARG,2025,14898.0885943842,45851378.0,7.145
ARM,1985,,3260432.0,
ARM,1986,,3294847.0,
ARM,1987,,3328520.0,
ARM,1988,,3355125.0,
ARM,1989,,3443100.0,
ARM,1990,635.355327502517,3552128.0,1.774
ARM,1991,572.740260900977,3613977.0,1.774
ARM,1992,356.350780006933,3571861.0,1.8
ARM,1993,347.870644720878,3453332.0,5.3
ARM,1994,390.879964297655,3364610.0,6.6
ARM,1995,443.924860857976,3307581.0,6.7
ARM,1996,487.068624404558,3278735.0,9.3
ARM,1997,505.035887057966,3246289.0,10.8
ARM,1998,590.239947333459,3208401.0,9.4
ARM,1999,582.669886150895,3167286.0,11.2
ARM,2000,593.450581742282,3221100.0,11.107
ARM,2001,659.588988535629,3211800.0,11.012
ARM,2002,742.651118319819,3199800.0,10.888
ARM,2003,882.030167695474,3182500.0,10.769
ARM,2004,1130.08791444158,3164900.0,10.676
ARM,2005,1557.48458908655,3146400.0,10.584
ARM,2006,2041.65267068997,3127100.0,10.497
ARM,2007,2962.70234594569,3107400.0,10.394
ARM,2008,3777.66859313767,3087100.0,17.1
ARM,2009,2820.5926553347,3066000.0,19.295
ARM,2010,3041.34450723339,3044800.0,19.523
ARM,2011,3349.55309771906,3027900.0,18.884
ARM,2012,3511.56399687426,3024100.0,17.511
ARM,2013,3680.16692158886,3022000.0,16.576
ARM,2014,3852.11800610384,3013800.0,17.498
ARM,2015,3512.39350276709,3004600.0,18.261
ARM,2016,3524.42476874707,2992300.0,17.617
ARM,2017,3869.05373867752,2979400.0,17.704
ARM,2018,4196.00562301769,2969000.0,18.966
ARM,2019,4597.22887399548,2962500.0,18.304
ARM,2020,4268.68093304583,2961500.0,18.175
ARM,2021,4685.17997128509,2962300.0,15.469
ARM,2022,6571.97445545099,2969200.0,13.451
ARM,2023,8159.08720967996,2964300.0,12.405
ARM,2024,8556.21406956719,3033500.0,12.405
ARM,2025,9474.01849300368,3086700.0,12.871
ASM,1985,,39103.0,
ASM,1986,,40571.0,
ASM,1987,,42072.0,
ASM,1988,,43615.0,
ASM,1989,,45191.0,
ASM,1990,,46640.0,
ASM,1991,,47882.0,
ASM,1992,,49038.0,
ASM,1993,,50159.0,
ASM,1994,,51251.0,
ASM,1995,,52316.0,
ASM,1996,,53353.0,
ASM,1997,,54362.0,
ASM,1998,,55334.0,
ASM,1999,,56248.0,
ASM,2000,,56855.0,
ASM,2001,,57053.0,
ASM,2002,8972.69636535698,57062.0,
ASM,2003,9197.66196836987,56971.0,
ASM,2004,8958.42866697173,56818.0,
ASM,2005,8831.26975996609,56617.0,
ASM,2006,8745.16621137404,56374.0,
ASM,2007,9231.37240924563,56113.0,
ASM,2008,10030.8089130902,55828.0,
ASM,2009,12156.0293905777,55528.0,
ASM,2010,10375.1720141957,55228.0,
ASM,2011,10383.459331451,54895.0,
ASM,2012,11745.4899153958,54489.0,
ASM,2013,11813.5022034589,54006.0,
ASM,2014,12026.3344929488,53466.0,
ASM,2015,12727.4102651386,52878.0,
ASM,2016,12843.3342903627,52245.0,
ASM,2017,11863.6839452565,51586.0,
ASM,2018,12552.0546868861,50908.0,
ASM,2019,12886.1359517218,50209.0,
ASM,2020,14489.2586563775,49761.0,
ASM,2021,15236.1604875571,49225.0,
ASM,2022,18017.4589383973,48342.0,
ASM,2023,,47521.0,
ASM,2024,,46765.0,
ASM,2025,15459.634647112449,46029.0,
ATG,1985,3814.3142290779,64591.0,
ATG,1986,4629.45676400154,64276.0,
ATG,1987,5424.36847756962,63946.0,
ATG,1988,6466.15683473424,63623.0,
ATG,1989,7187.90484128028,63325.0,
ATG,1990,7590.75442423046,63066.0,
ATG,1991,7956.47430919648,63387.0,
ATG,1992,8153.73786307269,64404.0,
ATG,1993,8624.62016806628,65587.0,
ATG,1994,9351.48753768505,66843.0,
ATG,1995,9034.47552907143,68189.0,
ATG,1996,9756.08717951992,69612.0,
ATG,1997,10336.2591617838,71053.0,
ATG,1998,10906.8785406961,72412.0,
ATG,1999,11342.3349230913,73666.0,
ATG,2000,12027.4949768222,74912.0,
ATG,2001,11539.1825063308,76069.0,
ATG,2002,11658.6949915956,77032.0,
ATG,2003,12173.2319860305,77884.0,
ATG,2004,13037.8895772257,78719.0,
ATG,2005,14368.5708796058,79611.0,
ATG,2006,16173.8136329968,80604.0,
ATG,2007,18204.5124043068,81704.0,
ATG,2008,18786.6743142216,82912.0,
ATG,2009,16472.2478528568,84173.0,
ATG,2010,15217.3950790922,85320.0,
ATG,2011,14911.7275084471,86332.0,
ATG,2012,15639.8078114787,87260.0,
ATG,2013,15051.5113587425,88064.0,
ATG,2014,15532.1062063584,88765.0,
ATG,2015,16077.6340769406,89409.0,
ATG,2016,16556.8551801588,89969.0,
ATG,2017,16965.7288273816,90468.0,
ATG,2018,18273.4270684912,90926.0,
ATG,2019,18896.3721832248,91364.0,
ATG,2020,15369.6082250401,91846.0,
ATG,2021,17348.6006987182,92349.0,
ATG,2022,20003.3909394099,92840.0,
ATG,2023,22012.2625947994,93316.0,
ATG,2024,23059.8330702839,93772.0,
ATG,2025,24819.2454680158,94209.0,
AUS,1985,11455.379711213,15788312.0,
AUS,1986,11406.1093011037,16018350.0,
AUS,1987,11665.5298271811,16263874.0,
AUS,1988,14303.093047615,16532164.0,
AUS,1989,17857.5520554588,16814416.0,
AUS,1990,18273.561526468,17065128.0,9.586
AUS,1991,18885.4274465057,17284036.0,9.586
AUS,1992,18650.3675476612,17478635.0,10.733
AUS,1993,17724.5399501656,17634808.0,10.879
AUS,1994,18155.6282000179,17805468.0,9.724
AUS,1995,20479.1748274233,18004882.0,8.473
AUS,1996,22055.838490507,18224767.0,8.509
AUS,1997,23683.4948964934,18423037.0,8.367
AUS,1998,21516.0403147759,18607584.0,7.684
AUS,1999,20749.6443779096,18812264.0,6.876
AUS,2000,21908.9968019784,19028802.0,6.288
AUS,2001,19733.6510102645,19274701.0,6.747
AUS,2002,20335.0960191023,19495210.0,6.375
AUS,2003,23757.5898471684,19720737.0,5.933
AUS,2004,30886.0500949401,19932722.0,5.399
AUS,2005,34535.20727091,20176844.0,5.036
AUS,2006,36658.8243476122,20450966.0,4.785
AUS,2007,41128.2476618402,20827622.0,4.381
AUS,2008,49811.2067218988,21249199.0,4.242
AUS,2009,42954.8494884573,21691653.0,5.565
AUS,2010,52313.8939041213,22031750.0,5.214
AUS,2011,62799.3895017032,22340024.0,5.083
AUS,2012,68301.4402512587,22733465.0,5.225
AUS,2013,68476.6788496118,23128129.0,5.663
AUS,2014,62817.2061751737,23475686.0,6.078
AUS,2015,56970.3613028094,23815995.0,6.055
AUS,2016,50084.4440606385,24190907.0,5.711
AUS,2017,54117.547718609,24592588.0,5.592
AUS,2018,57410.1737346009,24963258.0,5.345
AUS,2019,55194.7585097428,25334826.0,5.143
AUS,2020,51983.4523666382,25649248.0,6.394
AUS,2021,60758.9044397144,25685412.0,5.022
AUS,2022,65169.5191118657,26018721.0,3.728
AUS,2023,65058.3773146674,26659922.0,3.668
AUS,2024,64609.9865116088,27194286.0,3.942
AUS,2025,65129.7227990563,27614411.0,4.09
AUT,1985,9136.17092559695,7564985.0,
AUT,1986,13031.8281010744,7569794.0,
AUT,1987,16328.5613047296,7574586.0,
AUT,1988,17509.7658683817,7585317.0,
AUT,1989,17400.5226619741,7619567.0,
AUT,1990,21596.068219998,7677850.0,3.42
AUT,1991,22323.1312492943,7754891.0,3.42
AUT,1992,24782.7118767063,7840709.0,3.59
AUT,1993,23987.2037240657,7905633.0,4.25
AUT,1994,25546.2460525087,7936118.0,3.535
AUT,1995,30207.0674314652,7948278.0,4.345
AUT,1996,29645.9451251491,7959017.0,5.282
AUT,1997,26571.7523626508,7968041.0,5.15
AUT,1998,27212.4642905708,7976789.0,5.483
AUT,1999,27078.7081612201,7992324.0,4.699
AUT,2000,24487.2974685956,8011566.0,4.687
AUT,2001,24430.495982841,8042293.0,4.007
AUT,2002,26334.862215032,8081957.0,4.852
AUT,2003,32110.1159661425,8121423.0,4.779
AUT,2004,36614.2506533707,8171966.0,5.969
AUT,2005,38157.37022862,8227829.0,5.682
AUT,2006,40382.2078298575,8268641.0,5.32
AUT,2007,46622.9622913635,8295487.0,4.909
AUT,2008,51581.3982361071,8321496.0,4.198
AUT,2009,47857.4446635266,8343323.0,5.371
AUT,2010,46611.1393420232,8363404.0,4.883
AUT,2011,51116.8953522042,8391643.0,4.637
AUT,2012,48250.4059142637,8429991.0,4.909
AUT,2013,50305.3545774973,8479823.0,5.367
AUT,2014,51314.9722616322,8546356.0,5.674
AUT,2015,43915.228020857,8642699.0,5.802
AUT,2016,45061.4993920192,8736668.0,6.064
AUT,2017,47163.7425775142,8797566.0,5.561
AUT,2018,51194.0749841299,8840521.0,4.933
AUT,2019,49885.9947355204,8879920.0,4.56
AUT,2020,48716.4098900349,8916864.0,5.201
AUT,2021,53648.6437976214,8955797.0,6.459
AUT,2022,52336.7725223758,9041851.0,4.992
AUT,2023,56579.504175468,9131761.0,5.264
AUT,2024,58268.8787651601,9177982.0,5.2
AUT,2025,62930.0351324599,9208163.0,5.582
AZE,1985,,6670150.0,
AZE,1986,,6770300.0,
AZE,1987,,6875350.0,
AZE,1988,,6974600.0,
AZE,1989,,7076550.0,
AZE,1990,1238.27189274842,7175200.0,0.9
AZE,1991,734.944232805688,7271300.0,0.9
AZE,1992,60.2351205405972,7382050.0,1.8
AZE,1993,209.530954548425,7494800.0,4.5
AZE,1994,157.063549947072,7596550.0,6.3
AZE,1995,314.55801908334,7684850.0,7.2
AZE,1996,409.185543774103,7763000.0,8.1
AZE,1997,505.516204188336,7838250.0,9.1
AZE,1998,561.906807871869,7913000.0,10.0
AZE,1999,573.893528734031,7982750.0,10.9
AZE,2000,655.097249579917,8048600.0,11.78
AZE,2001,703.670998584686,8111200.0,10.91
AZE,2002,763.108895463487,8171950.0,10.04
AZE,2003,883.692580745256,8234100.0,9.17
AZE,2004,1045.0136328106,8306500.0,7.99
AZE,2005,1578.36733030667,8391850.0,7.26
AZE,2006,2472.95725732287,8484550.0,6.62
AZE,2007,3851.33015175141,8581300.0,6.33
AZE,2008,5574.46810432575,8763400.0,5.86
AZE,2009,4950.39949009423,8947243.0,5.74
AZE,2010,5843.5337683582,9054332.0,5.63
AZE,2011,7189.81869211976,9173082.0,5.42
AZE,2012,7495.86527658099,9295784.0,5.19
AZE,2013,7875.34536661549,9416801.0,4.97
AZE,2014,7890.84028062087,9535079.0,4.91
AZE,2015,5500.50364628486,9649341.0,4.96
AZE,2016,3880.6852276838,9757812.0,5.0
AZE,2017,4147.1981423222,9854033.0,5.0
AZE,2018,4739.7943123408,9939771.0,4.9
AZE,2019,4805.75371765917,10024283.0,5.0
AZE,2020,4229.91064904503,10093121.0,7.24
AZE,2021,5408.04535175023,10137750.0,6.04
AZE,2022,7770.594223351,10141756.0,5.65
AZE,2023,7133.02838048328,10153958.0,5.64
AZE,2024,7294.64276088105,10202830.0,5.648
AZE,2025,7410.72281660142,10246996.0,5.457
BDI,1985,228.440542564696,5034042.0,
BDI,1986,234.281244809988,5129414.0,
BDI,1987,215.608311467483,5247787.0,
BDI,1988,201.740400815807,5365327.0,
BDI,1989,203.578944192449,5471706.0,
BDI,1990,202.629446176297,5587052.0,3.147
BDI,1991,204.668258398817,5703857.0,3.147
BDI,1992,184.868970456447,5858407.0,3.131
BDI,1993,165.344120319403,5676843.0,3.094
BDI,1994,161.892584261635,5713854.0,3.106
BDI,1995,164.915311679326,6066316.0,3.095
BDI,1996,143.156741187159,6070506.0,3.095
BDI,1997,160.278342046962,6070042.0,3.124
BDI,1998,144.456948255536,6187108.0,3.156
BDI,1999,127.51419578119,6337155.0,3.133
BDI,2000,134.537861752389,6470194.0,3.137
BDI,2001,132.159554541932,6634365.0,3.154
BDI,2002,120.952308575468,6824132.0,3.168
BDI,2003,111.406682804391,7043154.0,3.145
BDI,2004,125.194965184533,7310656.0,3.177
BDI,2005,147.234619294225,7587299.0,3.162
BDI,2006,161.892755640319,7865547.0,3.185
BDI,2007,166.162744906755,8161874.0,2.404
BDI,2008,189.502074570768,8505637.0,1.634
BDI,2009,198.431524048225,8947646.0,1.622
BDI,2010,216.727705301976,9376444.0,1.615
BDI,2011,230.069761381132,9717978.0,1.602
BDI,2012,231.098787811507,10071028.0,1.593
BDI,2013,234.844770150871,10439341.0,1.584
BDI,2014,250.544492155185,10799785.0,1.572
BDI,2015,254.402585226788,11047580.0,1.449
BDI,2016,232.937812100153,11239451.0,1.352
BDI,2017,246.060725714184,11506762.0,1.25
BDI,2018,245.661678332009,11859446.0,1.147
BDI,2019,234.31061590725,12255336.0,1.043
BDI,2020,252.702452750006,12617036.0,1.03
BDI,2021,264.172844085398,12965481.0,1.118
BDI,2022,301.832255755105,13321097.0,0.909
BDI,2023,249.795164039029,13689450.0,0.911
BDI,2024,216.231928531758,14047786.0,0.915
BDI,2025,233.823013385395,14390003.0,0.922
BEL,1985,8750.81851250536,9858308.0,
BEL,1986,12170.0406962702,9861823.0,
BEL,1987,15135.8523116968,9870234.0,
BEL,1988,16391.093827791,9901664.0,
BEL,1989,16525.0617432848,9937697.0,
BEL,1990,20600.3752789827,9967379.0,6.984
BEL,1991,21041.6606519648,10004486.0,6.984
BEL,1992,23372.619171015,10045158.0,6.702
BEL,1993,22283.9360213551,10084475.0,8.078
BEL,1994,24208.5547931447,10115603.0,9.645
BEL,1995,28413.8264387368,10136811.0,9.337
BEL,1996,27489.5551770488,10156637.0,9.483
BEL,1997,24820.9380503896,10181245.0,8.95
BEL,1998,25338.4432934904,10203008.0,9.322
BEL,1999,25252.8019066564,10226419.0,8.649
BEL,2000,23098.8865077401,10251250.0,6.586
BEL,2001,23015.0712632462,10286570.0,6.178
BEL,2002,25006.191397109,10332785.0,6.91
BEL,2003,30655.2092679024,10376133.0,7.68
BEL,2004,35429.4077933344,10421137.0,7.363
BEL,2005,36809.7013403619,10478617.0,8.44
BEL,2006,38705.1067959147,10547958.0,8.246
BEL,2007,44319.165448813,10625700.0,7.459
BEL,2008,48303.397956286,10709973.0,6.976
BEL,2009,44923.3400135081,10796493.0,7.908
BEL,2010,44197.393671162,10895586.0,8.293
BEL,2011,47760.8298776546,11038264.0,7.14
BEL,2012,44874.1709182123,11106932.0,7.542
BEL,2013,46964.5946777056,11159407.0,8.425
BEL,2014,47995.7786961339,11209057.0,8.523
BEL,2015,40893.804537772,11274196.0,8.482
BEL,2016,41854.5498296444,11331422.0,7.83
BEL,2017,44035.3239358548,11375158.0,7.09
BEL,2018,47487.2100392561,11427054.0,5.941
BEL,2019,46716.6227467964,11488980.0,5.364
BEL,2020,45906.2875805246,11538604.0,5.545
BEL,2021,51658.238294958,11586195.0,6.248
BEL,2022,50639.0264882739,11680210.0,5.57
BEL,2023,55244.68145811,11779946.0,5.547
BEL,2024,56581.9375642531,11858610.0,5.7
BEL,2025,60750.2735864647,11941781.0,5.906
BEN,1985,230.434117218913,4538012.0,
BEN,1986,285.771551064424,4675420.0,
BEN,1987,324.253765166191,4818486.0,
BEN,1988,326.179757700303,4967341.0,
BEN,1989,293.321949550953,5121657.0,
BEN,1990,371.101604332357,5281479.0,1.637
BEN,1991,364.689296016645,5446932.0,1.637
BEN,1992,301.77329696287,5617844.0,1.51
BEN,1993,387.310054813122,5872706.0,1.494
BEN,1994,262.129807445074,6096506.0,1.453
BEN,1995,348.435238914394,6226773.0,1.305
BEN,1996,369.394384135736,6391858.0,1.246
BEN,1997,344.550491498963,6583365.0,1.1
BEN,1998,361.601983057505,6789489.0,1.048
BEN,1999,525.130597245974,7002818.0,0.949
BEN,2000,487.424141384242,7221619.0,0.864
BEN,2001,492.401499509072,7445596.0,0.766
BEN,2002,546.463829658159,7675426.0,0.69
BEN,2003,676.002878084282,7913070.0,0.747
BEN,2004,758.695803786371,8159094.0,0.79
BEN,2005,779.437777753268,8426144.0,0.859
BEN,2006,809.147072506221,8693242.0,0.888
BEN,2007,912.338247188342,8953969.0,0.902
BEN,2008,1060.60254502099,9228466.0,0.895
BEN,2009,1024.10277858112,9509423.0,0.95
BEN,2010,973.244254931526,9797484.0,1.04
BEN,2011,1059.41358852588,10093623.0,2.647
BEN,2012,1071.5258366283,10397657.0,2.458
BEN,2013,1168.92699279226,10708834.0,2.198
BEN,2014,1204.39918670094,11030004.0,1.952
BEN,2015,1002.41886879614,11360681.0,1.886
BEN,2016,1010.5338961993,11697842.0,1.834
BEN,2017,1054.97408066814,12039780.0,1.691
BEN,2018,1151.7409703472,12383347.0,1.426
BEN,2019,1130.82135339795,12726755.0,1.214
BEN,2020,1200.19426557789,13070169.0,1.518
BEN,2021,1318.65158075198,13413417.0,1.833
BEN,2022,1266.42711031904,13759501.0,1.685
BEN,2023,1394.17784721831,14111034.0,1.641
BEN,2024,1485.38018885134,14462724.0,1.637
BEN,2025,1658.27312662991,14814460.0,1.589
BFA,1985,194.063226299244,7999935.0,
BFA,1986,247.459134637104,8228847.0,
BFA,1987,280.218092226592,8457109.0,
BFA,1988,301.129214663833,8687435.0,
BFA,1989,293.188703727147,8921175.0,
BFA,1990,338.593759055128,9159356.0,2.467
BFA,1991,333.70605512636,9394632.0,2.467
BFA,1992,348.592443894547,9629275.0,2.505
BFA,1993,324.111576707435,9871713.0,2.426
BFA,1994,187.21142372606,10123798.0,2.58
BFA,1995,229.092294496817,10386722.0,2.532
BFA,1996,242.733171352672,10655942.0,2.446
BFA,1997,223.853958525611,10934223.0,2.412
BFA,1998,249.53173292493,11240664.0,2.44
BFA,1999,292.836958697313,11574928.0,2.552
BFA,2000,248.908526921752,11925546.0,2.687
BFA,2001,259.485223380436,12295001.0,2.748
BFA,2002,285.654087637533,12680897.0,2.862
BFA,2003,362.373899996953,13082532.0,2.78
BFA,2004,403.81283743461,13500533.0,3.48
BFA,2005,441.164148016012,13932123.0,4.0
BFA,2006,455.513655620024,14373707.0,3.67
BFA,2007,514.684451177238,14816307.0,3.3
BFA,2008,619.437533256264,15258093.0,3.501
BFA,2009,601.569520671859,15710066.0,3.723
BFA,2010,624.957252224766,16176498.0,3.725
BFA,2011,725.024767725475,16661908.0,3.827
BFA,2012,731.470138867833,17172287.0,3.849
BFA,2013,759.762065168498,17695409.0,4.054
BFA,2014,764.861675106225,18229461.0,4.255
BFA,2015,630.124750752312,18777487.0,4.472
BFA,2016,663.742364842886,19334856.0,4.598
BFA,2017,709.091535894695,19894407.0,4.662
BFA,2018,777.465618514048,20438288.0,4.695
BFA,2019,764.853077774946,20961952.0,4.493
BFA,2020,825.237038782475,21478690.0,4.59
BFA,2021,895.535288442991,21995243.0,4.511
BFA,2022,827.330843486661,22509038.0,3.828
BFA,2023,873.198061670247,23025776.0,3.601
BFA,2024,982.493100418428,23548781.0,3.441
BFA,2025,1147.57131635601,24074580.0,3.477
BGD,1985,222.22018039634,100253825.0,
BGD,1986,212.14899385306,102635572.0,
BGD,1987,231.499584520483,104959291.0,
BGD,1988,247.901465967332,107216008.0,
BGD,1989,263.005720827547,109433799.0,
BGD,1990,283.053737055234,111633717.0,2.2
BGD,1991,272.064948495878,113787109.0,2.2
BGD,1992,273.465072520272,115952192.0,2.233
BGD,1993,280.757274450366,118132360.0,2.31
BGD,1994,280.603031791216,120343179.0,2.37
BGD,1995,309.458680823367,122600370.0,2.441
BGD,1996,371.917937677345,124862179.0,2.51
BGD,1997,379.284917709635,127198069.0,2.698
BGD,1998,385.616881752796,129622332.0,2.893
BGD,1999,388.095684268235,132108065.0,3.088
BGD,2000,396.670730249751,134544304.0,3.27
BGD,2001,394.65641001891,136805810.0,3.609
BGD,2002,393.886422327628,138933658.0,3.966
BGD,2003,426.74880754362,140970351.0,4.32
BGD,2004,455.614016909798,142902856.0,4.316
BGD,2005,480.08585075452,144715786.0,4.25
BGD,2006,490.388026533289,146405973.0,3.591
BGD,2007,537.955492792911,147989278.0,4.015
BGD,2008,613.06204104124,149474264.0,4.49
BGD,2009,679.211477428056,150873714.0,5.0
BGD,2010,757.385280361508,152201981.0,3.379
BGD,2011,837.336944695647,153591076.0,3.737
BGD,2012,859.680536375497,155070101.0,4.07
BGD,2013,958.262989798283,156532141.0,4.426
BGD,2014,1094.46199702838,157964929.0,4.417
BGD,2015,1224.38647668165,159383179.0,4.397
BGD,2016,1649.28380858601,160811932.0,4.35
BGD,2017,1811.08221668646,162186147.0,4.372
BGD,2018,1965.24372731467,163523103.0,4.439
BGD,2019,2129.79896954606,164913055.0,4.504
BGD,2020,2248.85078828233,166298024.0,5.539
BGD,2021,2482.84917843357,167658854.0,5.457
BGD,2022,2716.48592780431,169384897.0,4.593
BGD,2023,2551.01773827307,171466990.0,3.352
BGD,2024,2593.41611680774,173562364.0,3.635
BGD,2025,2597.34352335275,175686899.0,3.778
BGR,1985,1959.95517315529,8960547.0,
BGR,1986,2261.7950288324,8958171.0,
BGR,1987,3168.83077926411,8971359.0,
BGR,1988,2561.16929364177,8981446.0,
BGR,1989,2449.74147116744,8876972.0,
BGR,1990,2377.3707947508,8718289.0,11.1
BGR,1991,883.739622070812,8632367.0,11.1
BGR,1992,1007.34296439412,8540164.0,15.3
BGR,1993,1278.5223581096,8472313.0,16.4
BGR,1994,1149.89347084177,8443591.0,12.8
BGR,1995,2259.36679369328,8406067.0,11.1
BGR,1996,1470.26721873691,8362826.0,12.5
BGR,1997,1361.47904618155,8312068.0,13.7
BGR,1998,1820.5415264678,8256786.0,12.2
BGR,1999,1660.9935924411,8210624.0,14.1
BGR,2000,1621.3452487867,8170172.0,16.218
BGR,2001,1770.99748249575,8009142.0,19.921
BGR,2002,2093.08967660564,7837161.0,18.11
BGR,2003,2719.63335037372,7775327.0,13.733
BGR,2004,3389.86047992391,7716860.0,12.037
BGR,2005,3900.02501966492,7658972.0,10.083
BGR,2006,4523.37797301782,7601022.0,8.951
BGR,2007,5888.87094585161,7545338.0,6.878
BGR,2008,7271.67443724077,7492561.0,5.609
BGR,2009,6988.63048446496,7444443.0,6.817
BGR,2010,6854.2987837778,7395599.0,10.279
BGR,2011,7849.98219737366,7348328.0,11.26
BGR,2012,7432.33753378983,7305888.0,12.27
BGR,2013,7796.37945241455,7160005.0,12.941
BGR,2014,8070.01289303544,7073572.0,11.424
BGR,2015,7269.02586513711,6984225.0,9.143
BGR,2016,7822.89886431732,6894139.0,7.575
BGR,2017,8697.13373333715,6803468.0,6.164
BGR,2018,9849.88769989118,6710798.0,5.211
BGR,2019,10354.2500414088,6616726.0,4.148
BGR,2020,10760.7616180234,6550696.0,5.037
BGR,2021,12966.8085197381,6507301.0,5.166
BGR,2022,13999.9113358453,6465097.0,4.148
BGR,2023,15854.0192893772,6446596.0,4.319
BGR,2024,17596.9167621233,6441421.0,4.2
BGR,2025,20328.1667065538,6433302.0,3.536
BHR,1985,9648.65643032674,430358.0,
BHR,1986,7776.95657736318,446286.0,
BHR,1987,8332.91425406054,462854.0,
BHR,1988,8771.7853534009,479929.0,
BHR,1989,8833.41134256929,497327.0,
BHR,1990,9342.53891401688,514797.0,1.047
BHR,1991,10434.1323962786,503052.0,1.047
BHR,1992,10460.1583222808,516458.0,0.968
BHR,1993,11151.871495742,530225.0,0.882
BHR,1994,11629.3595219612,544366.0,1.007
BHR,1995,11900.9317778335,558879.0,1.044
BHR,1996,12091.7802188235,573792.0,1.177
BHR,1997,12254.6662583128,589115.0,1.125
BHR,1998,11625.0343768343,604842.0,1.114
BHR,1999,12123.3534715368,620989.0,1.112
BHR,2000,14214.4836839343,637582.0,1.081
BHR,2001,13573.2339887597,661316.0,1.118
BHR,2002,13501.4708801425,710553.0,1.137
BHR,2003,14486.0269029822,764517.0,1.126
BHR,2004,15963.9493171617,823741.0,1.064
BHR,2005,17966.1657837625,888822.0,1.021
BHR,2006,19267.282615072,960424.0,1.021
BHR,2007,20908.4042548073,1039295.0,1.006
BHR,2008,23299.4992780392,1103496.0,1.015
BHR,2009,19465.3140745038,1178415.0,1.07
BHR,2010,21819.3291098099,1228543.0,1.13
BHR,2011,25032.7867743333,1195020.0,1.21
BHR,2012,26438.6733230428,1208964.0,1.2
BHR,2013,26989.7601148469,1253191.0,1.184
BHR,2014,26451.7965647453,1314562.0,1.144
BHR,2015,23734.0551143019,1370322.0,1.164
BHR,2016,23800.001440631,1423726.0,1.19
BHR,2017,24784.7693514607,1501116.0,1.18
BHR,2018,26324.4066549559,1503091.0,1.188
BHR,2019,27259.7438599327,1483756.0,1.217
BHR,2020,24342.8444554718,1472204.0,1.765
BHR,2021,27147.8083882286,1504365.0,1.548
BHR,2022,30470.5219276023,1524693.0,1.265
BHR,2023,29290.1284215098,1577059.0,1.049
BHR,2024,29717.1424605273,1588670.0,1.084
BHR,2025,30596.5794898885,1600366.0,1.102
BHS,1985,9167.14687502469,253154.0,
BHS,1986,9600.599527833,257536.0,
BHS,1987,10361.3488079104,261935.0,
BHS,1988,10575.797153666,266448.0,
BHS,1989,11291.4764472044,271178.0,
BHS,1990,11473.3008389353,275945.0,12.17
BHS,1991,11082.3528573617,280731.0,12.17
BHS,1992,10873.4047501635,285927.0,14.81
BHS,1993,10613.0658785813,291339.0,12.72
BHS,1994,10991.2346674131,296509.0,13.83
BHS,1995,11374.6056703852,301461.0,10.83
BHS,1996,11783.797197226,306268.0,11.46
BHS,1997,20367.5732702056,310904.0,9.76
BHS,1998,21667.448821694,315368.0,7.65
BHS,1999,24041.0933188158,319614.0,7.45
BHS,2000,24940.0775086078,323835.0,7.118
BHS,2001,25371.9237667614,327836.0,6.87
BHS,2002,26781.6195938652,331614.0,9.05
BHS,2003,26429.1247787663,335618.0,10.84
BHS,2004,26650.2934234303,339782.0,10.2
BHS,2005,28602.4181869995,343894.0,10.2
BHS,2006,29184.7865087908,348375.0,7.54
BHS,2007,30051.8489587756,353334.0,7.88
BHS,2008,29392.3824416397,358120.0,8.18
BHS,2009,27512.9130950084,362810.0,14.25
BHS,2010,27473.100430502,367478.0,14.435
BHS,2011,27090.8376801379,371729.0,14.52
BHS,2012,28552.0242683151,375469.0,14.02
BHS,2013,27642.7419759179,378953.0,16.18
BHS,2014,29137.2175632622,382298.0,13.8
BHS,2015,30719.405417469,385346.0,12.0
BHS,2016,30616.5363157284,388055.0,12.7
BHS,2017,31875.4881749619,390485.0,9.8
BHS,2018,32642.3353203452,392717.0,10.0
BHS,2019,33640.3369861278,394675.0,9.336
BHS,2020,26178.7537607708,395863.0,12.016
BHS,2021,30367.8605757708,396373.0,11.078
BHS,2022,34957.1613279737,397538.0,9.25
BHS,2023,38231.774484278,399440.0,8.645
BHS,2024,39455.4466548546,401283.0,9.049
BHS,2025,24166.68322454587,403033.0,9.207
BIH,1985,,4330364.0,
BIH,1986,,4362115.0,
BIH,1987,,4390246.0,
BIH,1988,,4414404.0,
BIH,1989,,4433983.0,
BIH,1990,1742.88262171767,4448652.0,17.55
BIH,1991,1373.37104472973,4458343.0,17.55
BIH,1992,1118.17569934079,4234616.0,18.477
BIH,1993,929.872118717018,3904482.0,19.408
BIH,1994,337.090896023259,3725412.0,20.17
BIH,1995,502.365980975339,3715564.0,20.944
BIH,1996,718.933797141505,3875246.0,21.682
BIH,1997,913.813399054859,4018227.0,22.586
BIH,1998,1006.70479669823,4089356.0,23.494
BIH,1999,1134.60298042083,4130305.0,24.441
BIH,2000,1338.48059636261,4159771.0,25.446
BIH,2001,1387.89362942121,4179438.0,26.485
BIH,2002,1606.5467454132,4188002.0,27.477
BIH,2003,2033.94700935864,4178523.0,28.424
BIH,2004,2452.6860917386,4140987.0,29.279
BIH,2005,2739.61076866057,4096493.0,30.218
BIH,2006,3166.12865344833,4063272.0,31.11
BIH,2007,3931.48948737505,4013424.0,28.984
BIH,2008,4841.69311934649,3947544.0,23.405
BIH,2009,4539.91863774968,3879794.0,24.068
BIH,2010,4506.47828548389,3811472.0,27.312
BIH,2011,4982.69375768263,3741798.0,27.582
BIH,2012,4693.78899115381,3670113.0,28.01
BIH,2013,5034.56634817068,3610859.0,27.49
BIH,2014,5206.06573475132,3564829.0,27.517
BIH,2015,4662.25869219448,3518541.0,27.695
BIH,2016,4928.5665903114,3473003.0,25.408
BIH,2017,5345.01978766473,3428682.0,20.527
BIH,2018,6047.84707207392,3387000.0,18.4
BIH,2019,6122.37541352353,3345533.0,15.692
BIH,2020,6130.31187968266,3299349.0,15.868
BIH,2021,7295.34378682258,3244907.0,14.897
BIH,2022,7655.59421024383,3204802.0,12.657
BIH,2023,8663.02326458629,3185073.0,10.668
BIH,2024,9397.90942855997,3164253.0,10.69
BIH,2025,10381.8460703874,3140095.0,11.037
BLR,1985,,9975000.0,
BLR,1986,,10043000.0,
BLR,1987,,10111000.0,
BLR,1988,,10140000.0,
BLR,1989,,10170000.0,
BLR,1990,1706.64091882343,10189348.0,0.6
BLR,1991,1805.45592531527,10194050.0,0.6
BLR,1992,1658.08641281239,10216470.0,3.1
BLR,1993,1589.51011343649,10239050.0,8.5
BLR,1994,1460.00791360458,10226955.0,12.8
BLR,1995,1370.69991385664,10193831.0,17.7
BLR,1996,1427.26896385327,10159569.0,24.4
BLR,1997,1396.44201900881,10117433.0,17.1
BLR,1998,1511.32531567314,10071963.0,14.0
BLR,1999,1210.6117195862,10026738.0,12.8
BLR,2000,1276.2880341,9979610.0,12.193
BLR,2001,1244.37318523431,9928549.0,11.561
BLR,2002,1479.38066337175,9865548.0,10.874
BLR,2003,1819.52653114699,9796749.0,10.191
BLR,2004,2378.33700470129,9730146.0,9.463
BLR,2005,3126.07176665248,9663915.0,8.759
BLR,2006,3848.22350300163,9604924.0,8.066
BLR,2007,4735.48107556066,9560953.0,7.41
BLR,2008,6376.17569162063,9527985.0,6.728
BLR,2009,5352.48809190697,9504583.0,6.1
BLR,2010,6034.67885177216,9483836.0,6.052
BLR,2011,6527.6593428786,9461643.0,6.024
BLR,2012,6953.21591683101,9446836.0,5.962
BLR,2013,7998.0802045456,9443211.0,5.942
BLR,2014,8341.31809294883,9448515.0,5.908
BLR,2015,5967.05595058777,9461076.0,5.881
BLR,2016,5039.77560949445,9469379.0,5.844
BLR,2017,5785.54491935194,9458989.0,5.648
BLR,2018,6360.037502312,9438785.0,4.763
BLR,2019,6837.77339645635,9419758.0,4.165
BLR,2020,6542.85579976768,9379952.0,4.049
BLR,2021,7489.71894713888,9302585.0,3.9
BLR,2022,7994.64806074889,9228071.0,3.574
BLR,2023,7896.75388295584,9178298.0,3.461
BLR,2024,8605.60954569694,9132629.0,3.458
BLR,2025,10279.2547190723,9085991.0,3.38
BLZ,1985,1754.01108696183,163796.0,
BLZ,1986,1859.10214020555,167554.0,
BLZ,1987,2165.89431416265,171338.0,
BLZ,1988,2405.81116565818,175180.0,
BLZ,1989,2741.93638439592,179107.0,
BLZ,1990,2986.46962075029,183076.0,9.647
BLZ,1991,3190.13098802395,187040.0,9.647
BLZ,1992,3642.9480634402,190983.0,9.654
BLZ,1993,3859.6584437307,194902.0,9.78
BLZ,1994,3876.69327011457,199097.0,11.1
BLZ,1995,4009.82752539849,204146.0,12.48
BLZ,1996,4043.26517997242,210310.0,13.82
BLZ,1997,4014.40380600241,217446.0,12.68
BLZ,1998,4125.92539958166,225173.0,14.31
BLZ,1999,4289.5277590653,233059.0,12.84
BLZ,2000,4726.50675459616,240799.0,10.841
BLZ,2001,4718.77715104739,248379.0,9.07
BLZ,2002,4858.86062599362,256009.0,10.04
BLZ,2003,4959.74012434605,263780.0,10.342
BLZ,2004,5153.71308265363,271688.0,10.586
BLZ,2005,5270.41479135312,279731.0,10.91
BLZ,2006,5524.78167834986,287878.0,9.39
BLZ,2007,5762.21023302938,296100.0,8.51
BLZ,2008,5711.81458859709,304361.0,8.18
BLZ,2009,5399.67100001919,312614.0,8.323
BLZ,2010,5461.40735999001,320245.0,8.412
BLZ,2011,5596.05222152289,327298.0,8.424
BLZ,2012,5732.66519942347,334414.0,8.378
BLZ,2013,5957.34953619006,341627.0,8.349
BLZ,2014,6128.12053089077,348923.0,8.244
BLZ,2015,6154.62264230369,356333.0,7.578
BLZ,2016,6140.86713919469,364705.0,7.0
BLZ,2017,6071.85451846453,373202.0,6.596
BLZ,2018,6011.99036888587,380226.0,9.346
BLZ,2019,6171.61449761423,385829.0,9.053
BLZ,2020,5238.54078175696,390812.0,10.763
BLZ,2021,6142.98930557031,395346.0,10.302
BLZ,2022,7068.21728043145,402733.0,8.682
BLZ,2023,7424.75821321022,411106.0,8.278
BLZ,2024,7681.24400583113,417072.0,8.698
BLZ,2025,7865.47937690933,422924.0,8.856
BMU,1985,18713.8825139071,55547.0,
BMU,1986,20996.9767217163,55889.0,
BMU,1987,23042.7435883764,56265.0,
BMU,1988,24958.1127004004,56699.0,
BMU,1989,26282.6240963434,57129.0,
BMU,1990,27665.525808301,57559.0,
BMU,1991,28195.7091611479,57984.0,
BMU,1992,28761.9634632835,58407.0,
BMU,1993,30950.0799102285,58816.0,
BMU,1994,31543.0634861641,59194.0,
BMU,1995,34115.3445553204,59526.0,
BMU,1996,45063.6149332085,59813.0,
BMU,1997,48736.6768034299,60177.0,
BMU,1998,51629.2814855126,60639.0,
BMU,1999,54388.3417315621,61124.0,
BMU,2000,56542.9569455727,61550.0,
BMU,2001,59490.2452034202,61867.0,
BMU,2002,63358.5658652763,62142.0,
BMU,2003,67106.8028083224,62386.0,
BMU,2004,71692.1589001679,62555.0,
BMU,2005,77628.103522508,62711.0,
BMU,2006,97781.4558996721,62834.0,
BMU,2007,107395.651483891,63010.0,
BMU,2008,110268.562401264,63300.0,
BMU,2009,104711.712420357,63565.0,
BMU,2010,104111.824244802,63725.0,
BMU,2011,99049.0169927667,63733.0,
BMU,2012,100213.493385287,63646.0,
BMU,2013,101704.40746217,63574.0,
BMU,2014,100961.576602811,63529.0,
BMU,2015,104855.366822135,63464.0,
BMU,2016,108747.356144305,63449.0,
BMU,2017,112339.425587467,63578.0,
BMU,2018,113204.82210838,63831.0,
BMU,2019,115798.040775578,64107.0,
BMU,2020,106976.546239632,64382.0,
BMU,2021,112765.08167306,64648.0,
BMU,2022,119969.173269085,64749.0,
BMU,2023,132961.760796315,64698.0,
BMU,2024,142250.433195123,64636.0,
BMU,2025,108053.17356056032,64555.0,
BOL,1985,838.080035867133,6416185.0,
BOL,1986,604.257233504238,6552479.0,
BOL,1987,649.708769442851,6692162.0,
BOL,1988,672.607268146683,6835508.0,
BOL,1989,675.469993900788,6981766.0,
BOL,1990,682.67681029538,7130142.0,2.935
BOL,1991,733.935487602519,7280289.0,2.935
BOL,1992,759.57113496365,7430336.0,3.03
BOL,1993,756.637016048451,7579195.0,3.05
BOL,1994,774.035669644318,7727322.0,3.08
BOL,1995,852.754034861444,7874676.0,2.664
BOL,1996,922.113259069714,8021736.0,2.375
BOL,1997,970.351843368594,8167900.0,2.08
BOL,1998,1022.14506519545,8313394.0,2.121
BOL,1999,979.344494964572,8459806.0,2.299
BOL,2000,975.777060358751,8606326.0,2.439
BOL,2001,930.168227214313,8752736.0,2.623
BOL,2002,888.221328974352,8900355.0,2.603
BOL,2003,893.013760211149,9050700.0,2.654
BOL,2004,953.191893246277,9204287.0,2.615
BOL,2005,1020.12326200737,9360754.0,2.598
BOL,2006,1202.71150446327,9521689.0,2.575
BOL,2007,1354.54905949929,9685960.0,2.614
BOL,2008,1692.67248455876,9850858.0,2.603
BOL,2009,1731.18172112209,10016275.0,2.973
BOL,2010,1929.78373077158,10182345.0,2.609
BOL,2011,2315.52121930607,10348929.0,2.255
BOL,2012,2575.59857098084,10515807.0,2.066
BOL,2013,2870.02377000756,10682608.0,2.437
BOL,2014,3041.43503162408,10848888.0,2.021
BOL,2015,2996.01289811344,11014705.0,3.111
BOL,2016,3035.87347732132,11180020.0,3.498
BOL,2017,4048.40119739839,11344587.0,3.655
BOL,2018,4206.8552936661,11508368.0,3.519
BOL,2019,4203.15492855788,11671386.0,3.682
BOL,2020,3580.96761778303,11816299.0,7.903
BOL,2021,4010.76053686204,11937360.0,5.089
BOL,2022,4219.46113742445,12077154.0,3.552
BOL,2023,4274.70820547613,12244159.0,3.024
BOL,2024,4421.16609889999,12413315.0,3.274
BOL,2025,5147.81081955367,12581843.0,2.967
BRA,1985,1556.1297180511,135515595.0,
BRA,1986,1854.03775211919,138336370.0,
BRA,1987,2006.00226235757,141104944.0,
BRA,1988,2140.65027561164,143826357.0,
BRA,1989,2818.99277980122,146502972.0,
BRA,1990,2581.14187449078,149143223.0,6.887
BRA,1991,2257.6092968885,151724256.0,6.887
BRA,1992,2127.31642731638,154275079.0,7.086
BRA,1993,2348.88247685352,156794577.0,6.03
BRA,1994,3298.71250747787,159265006.0,6.579
BRA,1995,4756.74840785403,161735073.0,7.092
BRA,1996,5179.13052002464,164202549.0,8.035
BRA,1997,5299.39630404412,166661659.0,9.003
BRA,1998,5105.89099544117,169159655.0,10.15
BRA,1999,3493.57162513699,171641543.0,11.125
BRA,2000,3766.54811466032,174018282.0,10.889
BRA,2001,3176.28935747524,176301203.0,10.649
BRA,2002,2855.94018885769,178503484.0,10.641
BRA,2003,3090.6070097455,180622688.0,11.168
BRA,2004,3663.823188064,182675143.0,10.072
BRA,2005,4827.78173074714,184688101.0,10.551
BRA,2006,5934.14470924968,186653106.0,9.692
BRA,2007,7409.69130673473,188552320.0,9.28
BRA,2008,8908.33176538648,190367302.0,8.268
BRA,2009,8678.6592244676,192079951.0,9.419
BRA,2010,11403.2821278747,193701929.0,8.42
BRA,2011,13396.6243562986,195284734.0,7.578
BRA,2012,12521.7213519966,196876111.0,7.251
BRA,2013,12458.8912138813,198478299.0,7.071
BRA,2014,12274.9939689363,200085127.0,6.755
BRA,2015,8936.19661712113,201675532.0,8.538
BRA,2016,8836.28652735657,203218114.0,11.58
BRA,2017,10080.5092819305,204703445.0,12.792
BRA,2018,9300.66164923219,206107261.0,12.329
BRA,2019,9029.83326681073,207455459.0,11.936
BRA,2020,7074.19378337644,208660842.0,13.697
BRA,2021,7972.5366498646,209550294.0,13.158
BRA,2022,9281.33334441234,210306415.0,9.231
BRA,2023,10377.5892792557,211140729.0,7.947
BRA,2024,10310.5486973693,211998573.0,6.801
BRA,2025,10713.2856869511,212812405.0,5.97
BRB,1985,5509.8746029115,255820.0,
BRB,1986,6031.35860779383,256618.0,
BRB,1987,6624.59939505809,257279.0,
BRB,1988,7032.65370811416,257763.0,
BRB,1989,7772.55022803365,258109.0,
BRB,1990,7781.40573306125,258582.0,22.41
BRB,1991,7790.26229439159,259373.0,22.41
BRB,1992,7519.20143544898,260267.0,22.94
BRB,1993,7904.70762426389,261027.0,24.54
BRB,1994,8223.16681181719,261620.0,22.98
BRB,1995,8460.47380869104,262039.0,19.66
BRB,1996,9011.77884838722,262284.0,14.71
BRB,1997,9521.57127377123,262392.0,14.61
BRB,1998,10734.3637242884,262436.0,12.4
BRB,1999,11244.3087668392,262517.0,10.61
BRB,2000,11674.6736471764,262063.0,9.35
BRB,2001,11639.5160522054,262425.0,9.85
BRB,2002,11760.4524736133,264148.0,10.32
BRB,2003,12075.9587020649,265776.0,11.0
BRB,2004,12886.3665272467,267298.0,9.57
BRB,2005,14214.4202213572,268706.0,9.08
BRB,2006,15619.6005955511,270002.0,8.73
BRB,2007,17235.4396434785,271288.0,7.41
BRB,2008,17565.6929970592,272714.0,8.12
BRB,2009,16294.9099491834,274123.0,10.02
BRB,2010,19723.2381931602,275243.0,10.69
BRB,2011,20146.2381264508,276139.0,11.19
BRB,2012,19811.2953079751,276938.0,11.59
BRB,2013,20384.4910233555,277665.0,11.55
BRB,2014,20423.7177921163,278348.0,12.17
BRB,2015,20429.4747123553,278990.0,9.803
BRB,2016,20311.4094163764,279598.0,8.247
BRB,2017,20870.7596432179,280171.0,8.62
BRB,2018,21378.2201267496,280711.0,8.321
BRB,2019,21929.435611489,281207.0,8.41
BRB,2020,19180.9915228365,281698.0,10.586
BRB,2021,21084.4013935998,282147.0,11.015
BRB,2022,24393.2193483944,282318.0,7.261
BRB,2023,25583.8722302505,282336.0,6.54
BRB,2024,26897.2002039176,282467.0,6.448
BRB,2025,28364.8181499736,282623.0,6.524
BRN,1985,31827.4059557344,218919.0,
BRN,1986,18500.5408625966,226495.0,
BRN,1987,21029.7189772961,233860.0,
BRN,1988,18824.7637309359,240913.0,
BRN,1989,20090.0690184766,248064.0,
BRN,1990,23658.7166330381,255292.0,4.7
BRN,1991,23932.1897281583,262596.0,4.7
BRN,1992,23450.8964055243,269839.0,4.791
BRN,1993,22397.0737447404,276971.0,4.903
BRN,1994,22766.587177075,284091.0,5.007
BRN,1995,26443.2564746713,291195.0,5.066
BRN,1996,25692.2357348562,298276.0,5.153
BRN,1997,25522.3975038009,305341.0,5.204
BRN,1998,17769.2463451942,312385.0,5.356
BRN,1999,19752.2013255542,319411.0,5.415
BRN,2000,20130.2572346624,326424.0,5.53
BRN,2001,18287.8272281914,333345.0,5.558
BRN,2002,18621.2922577525,340099.0,5.652
BRN,2003,20677.9001143188,346637.0,5.743
BRN,2004,24423.0946995548,352911.0,5.847
BRN,2005,29386.2703822862,358916.0,5.973
BRN,2006,34674.7995236452,364663.0,6.061
BRN,2007,36217.3290706015,370873.0,6.187
BRN,2008,42156.5685838672,377793.0,6.312
BRN,2009,30946.4673773828,384952.0,6.457
BRN,2010,34937.5555357155,392332.0,6.487
BRN,2011,46382.8274255349,399389.0,6.506
BRN,2012,46968.5971164922,405557.0,6.571
BRN,2013,44003.0644273461,411202.0,6.709
BRN,2014,41026.5084247957,416750.0,6.862
BRN,2015,30625.1287744656,422212.0,7.703
BRN,2016,26663.2972950602,427564.0,8.537
BRN,2017,28024.3824580252,432772.0,9.316
BRN,2018,30988.1190267227,437810.0,8.7
BRN,2019,30426.5730656528,442680.0,6.6
BRN,2020,26834.3592233943,447404.0,7.409
BRN,2021,31006.9636289785,451721.0,4.905
BRN,2022,36632.9280952155,455370.0,5.191
BRN,2023,32890.5491812019,458949.0,5.296
BRN,2024,33153.4738913513,462721.0,5.18
BRN,2025,32234.6428368582,466330.0,5.277
BTN,1985,321.186830951891,508392.0,
BTN,1986,364.694569557154,524324.0,
BTN,1987,449.060443850487,540557.0,
BTN,1988,488.877757351253,556986.0,
BTN,1989,461.654618792732,573586.0,
BTN,1990,488.327431477129,589287.0,1.381
BTN,1991,400.634705187075,599784.0,1.381
BTN,1992,415.791522568451,577774.0,1.391
BTN,1993,407.39984249657,554673.0,1.418
BTN,1994,467.008312125283,554497.0,1.405
BTN,1995,530.103676927417,547989.0,1.4
BTN,1996,552.873891403681,548784.0,1.392
BTN,1997,630.447410148304,558697.0,1.393
BTN,1998,638.278962310609,569435.0,1.4
BTN,1999,685.419830628567,582579.0,1.4
BTN,2000,771.924911410619,596863.0,1.655
BTN,2001,812.238210772056,610794.0,1.9
BTN,2002,895.799489930972,624409.0,1.854
BTN,2003,1022.38240311018,637663.0,1.8
BTN,2004,1130.35934606796,650544.0,2.49
BTN,2005,1299.94938578359,661865.0,3.1
BTN,2006,1405.6071618158,670799.0,3.13
BTN,2007,1850.41570433398,678641.0,3.7
BTN,2008,1919.59774896395,686351.0,3.848
BTN,2009,1918.39599211093,693988.0,3.96
BTN,2010,2435.5798056672,701632.0,3.32
BTN,2011,2787.97967608562,709377.0,3.23
BTN,2012,2751.2128864294,717279.0,2.05
BTN,2013,2679.95217201538,725273.0,2.87
BTN,2014,2849.49998647303,733139.0,2.63
BTN,2015,2954.04081911097,740618.0,2.45
BTN,2016,3152.30905106786,747866.0,2.707
BTN,2017,3435.28804735662,754335.0,3.027
BTN,2018,3400.20417245342,759759.0,3.35
BTN,2019,3576.87987100503,764824.0,2.72
BTN,2020,3191.66906999331,770006.0,5.03
BTN,2021,3570.61257980872,775442.0,4.803
BTN,2022,3711.32767981591,780914.0,5.947
BTN,2023,3831.32535564326,786385.0,3.126
BTN,2024,4228.05102403654,791524.0,3.282
BTN,2025,4492.78400306618,796682.0,3.227
BWA,1985,993.616748339174,1121945.0,
BWA,1986,1199.84677856226,1160650.0,
BWA,1987,1638.82669390133,1199167.0,
BWA,1988,2140.51439180359,1235476.0,
BWA,1989,2427.68261967121,1270274.0,
BWA,1990,2903.15381562611,1305696.0,13.82
BWA,1991,2938.59442659608,1341756.0,13.82
BWA,1992,3004.61263362306,1380033.0,16.33
BWA,1993,2929.43119022452,1420115.0,18.761
BWA,1994,2917.25514197806,1460023.0,21.2
BWA,1995,3156.18194514079,1498836.0,21.394
BWA,1996,3156.26865681161,1535914.0,21.593
BWA,1997,3194.18106145858,1571691.0,21.031
BWA,1998,2981.19639702109,1606899.0,20.86
BWA,1999,3339.99596033431,1641997.0,18.224
BWA,2000,3450.81180622992,1677382.0,15.88
BWA,2001,3206.07123689853,1712254.0,18.54
BWA,2002,3117.25087183011,1744763.0,21.277
BWA,2003,4230.12326909926,1775736.0,23.8
BWA,2004,4956.69287735214,1807146.0,21.755
BWA,2005,5391.07076619634,1839877.0,19.852
BWA,2006,5291.58379144849,1874516.0,17.782
BWA,2007,5529.12574632532,1911201.0,16.976
BWA,2008,5503.07395314313,1949970.0,16.293
BWA,2009,5082.93388332404,1990673.0,16.169
BWA,2010,6215.73216077919,2033111.0,17.86
BWA,2011,7287.38295334919,2073535.0,18.049
BWA,2012,6595.53845015424,2108617.0,17.916
BWA,2013,6666.91219583487,2140682.0,18.167
BWA,2014,7122.36423421503,2172044.0,18.484
BWA,2015,6141.20394726616,2203273.0,18.915
BWA,2016,6749.05994339013,2234776.0,19.328
BWA,2017,7104.96401088027,2266747.0,19.671
BWA,2018,7407.95940141786,2299141.0,19.665
BWA,2019,7172.08956480028,2332083.0,20.094
BWA,2020,6323.2974967659,2365894.0,21.017
BWA,2021,7807.88794570471,2401441.0,23.106
BWA,2022,8328.7090572666,2439892.0,23.615
BWA,2023,7827.30027960734,2480244.0,23.381
BWA,2024,7649.81663744354,2521139.0,23.81
BWA,2025,7778.1151090571,2562122.0,24.477
CAF,1985,332.515358450814,2600932.0,
CAF,1986,426.02699258009,2634258.0,
CAF,1987,449.952130096608,2669155.0,
CAF,1988,466.070596898859,2713965.0,
CAF,1989,443.226859814307,2783970.0,
CAF,1990,501.656200636394,2871910.0,5.697
CAF,1991,464.828283626364,2963191.0,5.697
CAF,1992,461.587303490896,3058831.0,5.825
CAF,1993,404.954546941526,3157839.0,5.897
CAF,1994,261.260397409459,3257954.0,5.924
CAF,1995,333.145863233895,3348052.0,5.871
CAF,1996,293.306575328658,3435965.0,5.84
CAF,1997,265.5212823896,3531700.0,5.797
CAF,1998,266.570544600384,3628827.0,5.773
CAF,1999,267.995954011083,3729450.0,5.767
CAF,2000,239.154133726071,3833416.0,5.722
CAF,2001,237.951702544735,3919487.0,5.77
CAF,2002,248.639290978403,4006077.0,5.809
CAF,2003,278.403992150941,4103086.0,5.809
CAF,2004,303.461321152782,4192826.0,5.729
CAF,2005,311.950023138687,4288810.0,5.691
CAF,2006,333.942519903031,4377579.0,5.61
CAF,2007,380.887048839475,4462770.0,5.562
CAF,2008,437.24827472489,4558984.0,5.51
CAF,2009,456.471673898404,4529047.0,5.575
CAF,2010,476.873786950728,4492995.0,5.658
CAF,2011,534.057281471636,4565021.0,5.638
CAF,2012,544.395849142785,4610848.0,5.58
CAF,2013,364.36696260838,4642419.0,5.566
CAF,2014,409.8504859647,4623182.0,5.633
CAF,2015,366.322853938121,4629320.0,5.775
CAF,2016,387.176203444318,4713663.0,5.793
CAF,2017,432.324025684263,4793511.0,5.836
CAF,2018,455.243962859534,4878657.0,5.825
CAF,2019,449.228467602439,4944703.0,5.916
CAF,2020,462.879071294011,5026628.0,6.519
CAF,2021,492.263142830507,5112100.0,6.701
CAF,2022,467.359825026238,5098039.0,6.287
CAF,2023,495.978897288721,5152421.0,6.181
CAF,2024,516.160999996036,5330690.0,6.253
CAF,2025,556.131398031455,5513282.0,6.251
CAN,1985,14170.1249406067,25842116.0,
CAN,1986,14521.1800806,26100278.0,
CAN,1987,16377.6902109541,26446601.0,
CAN,1988,19012.5723278349,26791747.0,
CAN,1989,20794.682233334,27276781.0,
CAN,1990,21525.8611387148,27691138.0,10.316
CAN,1991,21846.7930471354,28037420.0,10.316
CAN,1992,20950.3305287651,28371264.0,11.197
CAN,1993,20186.7988782965,28684764.0,11.377
CAN,1994,19997.6237373354,29000663.0,10.395
CAN,1995,20679.634792669,29302311.0,9.489
CAN,1996,21296.9723536904,29610218.0,9.62
CAN,1997,21901.5870048928,29905948.0,9.1
CAN,1998,21024.5627149423,30155173.0,8.278
CAN,1999,22315.3130930482,30401286.0,7.583
CAN,2000,24271.0020563821,30685730.0,6.829
CAN,2001,23822.096210932,31020855.0,7.219
CAN,2002,24256.0598742201,31359199.0,7.665
CAN,2003,28301.9097055898,31642461.0,7.574
CAN,2004,32145.5653280273,31938807.0,7.185
CAN,2005,36383.9671341396,32242732.0,6.758
CAN,2006,40504.8490329826,32571193.0,6.484
CAN,2007,44660.0838892281,32888886.0,6.156
CAN,2008,46710.3654423328,33247298.0,6.284
CAN,2009,40874.9612318547,33630069.0,8.46
CAN,2010,47560.8378831258,34005902.0,8.178
CAN,2011,52224.1237767406,34339221.0,7.637
CAN,2012,52670.1429540952,34713395.0,7.392
CAN,2013,52637.7313222622,35080992.0,7.143
CAN,2014,50960.8942086685,35434066.0,7.023
CAN,2015,43594.2379080706,35704498.0,6.945
CAN,2016,42314.1033623905,36110803.0,7.038
CAN,2017,45129.7335281051,36545075.0,6.426
CAN,2018,46539.2177903178,37072620.0,5.837
CAN,2019,46352.9695208927,37618495.0,5.69
CAN,2020,43537.8981198851,38028638.0,9.657
CAN,2021,52886.6407813788,38239864.0,7.527
CAN,2022,56496.9275340663,38950132.0,5.279
CAN,2023,54847.5370112652,40049088.0,5.415
CAN,2024,55015.7066917734,41262329.0,6.351
CAN,2025,55697.6639660837,41651653.0,6.907
CEB,1985,,109338285.0,
CEB,1986,,109824166.0,
CEB,1987,,110296425.0,
CEB,1988,,110686740.0,
CEB,1989,,110801640.0,
CEB,1990,2499.27257852336,110743128.0,9.5754583965422
CEB,1991,2210.9787139865,110469467.0,9.5754583965422
CEB,1992,2291.9023752698,110111454.0,10.1959798130274
CEB,1993,2432.47857989634,110041924.0,11.6885817374484
CEB,1994,2767.1681470785,110021594.0,11.5568158799985
CEB,1995,3539.72488134844,109864246.0,11.0167295576433
CEB,1996,3750.80309376233,109626194.0,10.3630367762026
CEB,1997,3704.23882396044,109422013.0,9.39172805883786
CEB,1998,4053.33261097035,109238340.0,9.18697418361695
CEB,1999,3909.23972626165,109060951.0,10.6183180697798
CEB,2000,3880.42695915578,108447824.0,12.1493697321005
CEB,2001,4274.13236367221,107660041.0,13.4981128132324
CEB,2002,4843.41064833504,106959751.0,13.9609765303477
CEB,2003,5828.29660100317,106624167.0,13.2764246828022
CEB,2004,7046.22188812688,106331716.0,12.8914606604503
CEB,2005,8223.09810996167,106041911.0,12.0311529429654
CEB,2006,9337.74049720614,105772481.0,10.124914494498
CEB,2007,11906.4959653819,105378748.0,7.80912922603523
CEB,2008,14534.2467521669,105001883.0,6.60116715977237
CEB,2009,12302.0593290327,104800475.0,8.51650875155537
CEB,2010,12635.7782121319,104421447.0,9.92718738959061
CEB,2011,13997.3297794653,104174038.0,9.80960842319458
CEB,2012,13104.0873095326,103929494.0,10.014837051229
CEB,2013,13712.7077940364,103570062.0,10.076189699493
CEB,2014,14208.4390487349,103280478.0,8.87370489824698
CEB,2015,12596.9151136003,102973167.0,7.81260796234007
CEB,2016,12874.7280619541,102647939.0,6.47626986745334
CEB,2017,14339.8488594791,102337501.0,5.27719000843769
CEB,2018,16227.2845341706,102074201.0,4.29483445753775
CEB,2019,16534.9661895205,101864274.0,3.76072643211224
CEB,2020,16581.3833261524,101215763.0,4.3496421220328
CEB,2021,19224.3287744219,100205732.0,4.44508031221282
CEB,2022,19526.2463443821,100071871.0,3.96540582731722
CEB,2023,22693.9504470566,100183707.0,4.01230416616797
CEB,2024,24616.0957872816,100061963.0,4.00056350955849
CEB,2025,27676.9389653713,99814596.0,4.14260588932297
CHE,1985,17410.5515558783,6470365.0,
CHE,1986,24828.4274790847,6504124.0,
CHE,1987,30899.2043209944,6545106.0,
CHE,1988,33183.0267583533,6593386.0,
CHE,1989,31780.4259301316,6646912.0,
CHE,1990,40170.8696758305,6715519.0,1.818
CHE,1991,40140.3718874038,6799978.0,1.818
CHE,1992,41327.1832947809,6875364.0,2.344
CHE,1993,39828.3640333356,6938265.0,3.551
CHE,1994,43741.1064805172,6993795.0,3.58
CHE,1995,50868.9734516769,7040687.0,3.094
CHE,1996,48837.8072568268,7071850.0,3.684
CHE,1997,42159.9962722039,7088906.0,4.127
CHE,1998,43165.639648677,7110001.0,3.568
CHE,1999,42260.8690492557,7143991.0,3.053
CHE,2000,39298.0968042444,7184250.0,2.658
CHE,2001,40133.6101965261,7229854.0,2.49
CHE,2002,43094.2492848494,7284753.0,2.924
CHE,2003,49947.3910175152,7339001.0,4.117
CHE,2004,55349.6164595028,7389625.0,4.316
CHE,2005,57080.0704338193,7437115.0,4.437
CHE,2006,59910.293405504,7483934.0,3.995
CHE,2007,66082.1233977532,7551117.0,3.641
CHE,2008,75147.5376709155,7647675.0,3.35
CHE,2009,72788.2049524379,7743831.0,4.109
CHE,2010,77956.1262043942,7824909.0,4.808
CHE,2011,91910.3964565203,7912398.0,4.409
CHE,2012,87269.5594780124,7996861.0,4.491
CHE,2013,88851.2374497983,8089346.0,4.747
CHE,2014,90511.6484558843,8188649.0,4.826
CHE,2015,85265.06205193,8282396.0,4.801
CHE,2016,83432.4111596314,8373338.0,4.918
CHE,2017,83610.248611484,8451840.0,4.797
CHE,2018,87002.3382293532,8514329.0,4.713
CHE,2019,85872.9702303454,8575280.0,4.394
CHE,2020,87529.7016394892,8638167.0,4.817
CHE,2021,96582.8687080693,8704546.0,5.013
CHE,2022,97809.095567203,8777088.0,4.122
CHE,2023,104449.75451772,8888822.0,4.043
CHE,2024,107702.065940312,9005582.0,4.343
CHE,2025,114769.012314293,9092436.0,4.873
CHI,1985,,136075.0,
CHI,1986,,137413.0,
CHI,1987,,138743.0,
CHI,1988,,140089.0,
CHI,1989,,141501.0,
CHI,1990,,143087.0,5.679
CHI,1991,,144269.0,5.679
CHI,1992,,144733.0,6.121
CHI,1993,,144984.0,7.082
CHI,1994,,145163.0,7.235
CHI,1995,,145247.0,6.974
CHI,1996,,145565.0,6.897
CHI,1997,,146214.0,6.685
CHI,1998,40472.6653548172,146906.0,6.278
CHI,1999,42443.7199726991,147554.0,5.91
CHI,2000,43479.1940767689,148110.0,5.351
CHI,2001,41873.7406146127,148850.0,5.041
CHI,2002,44459.7318188977,149881.0,5.313
CHI,2003,48570.7796632166,150960.0,5.644
CHI,2004,56259.5344226334,152039.0,5.848
CHI,2005,57647.1188908006,153126.0,5.833
CHI,2006,62745.1006593557,154214.0,5.571
CHI,2007,74139.97799443,155309.0,5.23
CHI,2008,,156408.0,5.295
CHI,2009,57778.5407063052,157511.0,6.674
CHI,2010,56123.4597963451,158621.0,7.024
CHI,2011,60415.2632075658,159706.0,7.244
CHI,2012,58809.5698945413,160767.0,8.028
CHI,2013,59308.4666588674,161777.0,8.572
CHI,2014,64697.5485024325,162726.0,8.319
CHI,2015,61847.8212238857,163454.0,7.928
CHI,2016,55947.579811974,163883.0,7.469
CHI,2017,55806.3554257428,164319.0,6.881
CHI,2018,60784.8125397162,164949.0,6.344
CHI,2019,60564.6293993681,165639.0,6.185
CHI,2020,56785.9402005039,166235.0,6.633
CHI,2021,66915.3963925722,166741.0,6.643
CHI,2022,67627.1417347907,167215.0,5.923
CHI,2023,74585.5224096294,167691.0,5.928
CHI,2024,,168126.0,6.031
CHI,2025,54412.54366648109,168466.0,6.169
CHL,1985,1446.80604557863,12395274.0,
CHL,1986,1524.97809458987,12588914.0,
CHL,1987,1767.41389670161,12790150.0,
CHL,1988,2013.53987790886,12999424.0,
CHL,1989,2277.84764297202,13215005.0,
CHL,1990,2487.76829657299,13437176.0,5.23
CHL,1991,2798.34262413795,13662491.0,5.23
CHL,1992,3351.84108855522,13884577.0,4.35
CHL,1993,3540.91377313015,14102276.0,4.49
CHL,1994,4012.10159912285,14316256.0,5.87
CHL,1995,5081.4682771561,14527381.0,4.7
CHL,1996,5333.50438729711,14734046.0,7.414
CHL,1997,5741.95842989596,14932434.0,7.136
CHL,1998,5419.82417297191,15127799.0,7.307
CHL,1999,4933.55581516755,15319313.0,11.158
CHL,2000,5052.99245766325,15503635.0,10.491
CHL,2001,4563.5952986689,15683849.0,10.39
CHL,2002,4430.84741157984,15857925.0,10.168
CHL,2003,4773.40177520754,16024752.0,9.765
CHL,2004,6120.59152055344,16187322.0,10.162
CHL,2005,7480.32330998636,16348778.0,9.34
CHL,2006,9318.65655296121,16509195.0,9.024
CHL,2007,10346.4138184533,16671581.0,8.427
CHL,2008,10683.2188772511,16838988.0,9.285
CHL,2009,10098.8017167286,17009731.0,11.313
CHL,2010,12632.8704724192,17181464.0,8.547
CHL,2011,14487.3927832032,17351816.0,7.492
CHL,2012,15241.9069981119,17519119.0,6.79
CHL,2013,15683.5486369155,17687006.0,6.361
CHL,2014,14529.6767206336,17864195.0,6.761
CHL,2015,13433.9202987032,18047625.0,6.605
CHL,2016,13649.8520452803,18267221.0,6.926
CHL,2017,14879.9086227187,18558868.0,7.257
CHL,2018,15659.4808675628,18893191.0,7.623
CHL,2019,14496.9345640362,19197744.0,7.493
CHL,2020,13117.9930230086,19370624.0,10.934
CHL,2021,16216.1840860289,19456334.0,9.281
CHL,2022,15399.1044717559,19553036.0,8.249
CHL,2023,17081.5180740049,19658835.0,9.013
CHL,2024,16658.9652720351,19764771.0,8.718
CHL,2025,17994.5911957485,19859921.0,8.974
CHN,1985,295.007445815897,1051040000.0,
CHN,1986,282.445603096707,1066790000.0,
CHN,1987,252.256760114454,1084035000.0,
CHN,1988,284.023573149686,1101630000.0,
CHN,1989,311.429461227032,1118650000.0,
CHN,1990,318.50335359039,1135185000.0,2.37
CHN,1991,334.130288119078,1150780000.0,2.37
CHN,1992,367.822651903542,1164970000.0,2.37
CHN,1993,378.939353053314,1178440000.0,2.69
CHN,1994,475.677874448369,1191835000.0,2.9
CHN,1995,612.680277898627,1204855000.0,3.0
CHN,1996,713.337387811657,1217550000.0,3.12
CHN,1997,786.743548510999,1230075000.0,3.23
CHN,1998,835.095348597432,1241935000.0,3.24
CHN,1999,881.146614068925,1252735000.0,3.25
CHN,2000,969.199513696287,1262645000.0,3.26
CHN,2001,1065.40597574519,1271850000.0,3.8
CHN,2002,1163.55957673426,1280400000.0,4.24
CHN,2003,1306.97245408557,1288400000.0,4.58
CHN,2004,1530.92726215723,1296075000.0,4.49
CHN,2005,1777.64496828464,1303720000.0,4.52
CHN,2006,2129.25696999613,1311020000.0,4.43
CHN,2007,2734.72709877693,1317885000.0,4.35
CHN,2008,3523.44302065213,1324655000.0,4.59
CHN,2009,3898.24459158811,1331260000.0,4.72
CHN,2010,4629.24551710077,1337705000.0,4.53
CHN,2011,5703.76027973346,1345035000.0,4.55
CHN,2012,6405.0574241349,1354190000.0,4.58
CHN,2013,7147.03518622344,1363240000.0,4.6
CHN,2014,7781.06597484974,1371860000.0,4.63
CHN,2015,8175.33285077393,1379860000.0,4.65
CHN,2016,8254.86859320357,1387790000.0,4.56
CHN,2017,8979.67652709856,1396215000.0,4.47
CHN,2018,10085.6638148819,1402760000.0,4.31
CHN,2019,10342.9009524335,1407745000.0,4.56
CHN,2020,10627.4637989619,1411100000.0,5.0
CHN,2021,12887.4357242941,1412360000.0,4.55
CHN,2022,12970.6056414327,1412175000.0,4.98
CHN,2023,12951.1782397043,1410710000.0,4.67
CHN,2024,13293.1162269366,1408975000.0,4.59
CHN,2025,13861.970224368,1406585000.0,4.615
CIV,1985,694.951691466923,10040483.0,
CIV,1986,877.154956751363,10440917.0,
CIV,1987,929.611362954514,10851475.0,
CIV,1988,909.534182158689,11275189.0,
CIV,1989,832.559837958259,11719771.0,
CIV,1990,885.647842214928,12189778.0,6.595
CIV,1991,827.241889166985,12683870.0,6.595
CIV,1992,844.902223806738,13200310.0,6.7
CIV,1993,804.149657211252,13735951.0,5.869
CIV,1994,581.888468577405,14287201.0,5.046
CIV,1995,740.4730999133,14855565.0,4.1
CIV,1996,1170.23622049666,15442312.0,4.039
CIV,1997,1124.65674867927,16047170.0,3.964
CIV,1998,1177.37133815342,16663948.0,4.1
CIV,1999,1096.13520587572,17215935.0,4.421
CIV,2000,936.636541348798,17699004.0,4.835
CIV,2001,924.727294962066,18178913.0,5.195
CIV,2002,967.815864415991,18654771.0,5.508
CIV,2003,1111.17135087887,19125542.0,5.847
CIV,2004,1199.82524528546,19595000.0,5.915
CIV,2005,1197.74616979415,20068458.0,6.023
CIV,2006,1230.43056838584,20546802.0,6.017
CIV,2007,1367.53817722326,21030558.0,6.284
CIV,2008,1583.97066701372,21514439.0,6.382
CIV,2009,1540.45393569596,21997940.0,6.573
CIV,2010,1553.54887048143,22488065.0,6.607
CIV,2011,1596.62826565998,22982000.0,7.144
CIV,2012,1546.9460184731,23467078.0,7.223
CIV,2013,1786.15862031324,23939775.0,4.255
CIV,2014,1991.36539423404,24527395.0,3.274
CIV,2015,1814.71855088017,25246342.0,2.573
CIV,2016,1862.59597081287,25989405.0,1.896
CIV,2017,1964.29930338343,26733372.0,3.272
CIV,2018,2130.86619381144,27464173.0,2.852
CIV,2019,2141.76836170115,28193009.0,2.401
CIV,2020,2179.72934832935,28915449.0,2.588
CIV,2021,2455.98127641148,29639736.0,2.623
CIV,2022,2333.37128301259,30395002.0,2.31
CIV,2023,2591.9659048119,31165654.0,2.263
CIV,2024,2727.8935220697,31934230.0,2.273
CIV,2025,3050.10202257321,32711547.0,2.323
CMR,1985,875.337721693686,9761730.0,
CMR,1986,1178.59374950439,10060342.0,
CMR,1987,1258.31412766207,10370749.0,
CMR,1988,1145.16555992416,10684968.0,
CMR,1989,1000.89261316386,11002745.0,
CMR,1990,1086.71700937081,11331821.0,8.986
CMR,1991,1014.82897292999,11667180.0,8.986
CMR,1992,1005.44897647465,12006353.0,9.055
CMR,1993,1309.93629975506,12353131.0,9.154
CMR,1994,700.70950185009,12704903.0,8.878
CMR,1995,832.006674487689,13058516.0,8.598
CMR,1996,826.965322327363,13414757.0,8.06
CMR,1997,783.251601945462,13775214.0,7.859
CMR,1998,798.745621406677,14144860.0,7.695
CMR,1999,796.262649784591,14525140.0,7.595
CMR,2000,708.565731625965,14912631.0,7.533
CMR,2001,715.470296470585,15309490.0,7.46
CMR,2002,789.623811072554,15725528.0,6.711
CMR,2003,988.241276791846,16160340.0,5.908
CMR,2004,1133.39326749673,16610487.0,5.087
CMR,2005,1142.62466252106,17074594.0,4.4
CMR,2006,1191.45458990968,17550407.0,3.729
CMR,2007,1325.67248215933,18049896.0,3.063
CMR,2008,1492.14269801453,18574056.0,3.386
CMR,2009,1461.38999232337,19113974.0,3.743
CMR,2010,1398.58702025047,19668066.0,4.11
CMR,2011,1513.96056994878,20232304.0,3.988
CMR,2012,1449.09874362279,20809529.0,3.836
CMR,2013,1575.92882118897,21402376.0,3.686
CMR,2014,1649.4433905949,22059893.0,3.534
CMR,2015,1415.00009710569,22763414.0,3.518
CMR,2016,1441.7201725688,23454161.0,3.529
CMR,2017,1496.08951771242,24128601.0,3.573
CMR,2018,1610.69641591017,24806383.0,3.608
CMR,2019,1555.22660476477,25506095.0,3.632
CMR,2020,1555.60370660749,26210558.0,3.881
CMR,2021,1672.32657340872,26915758.0,3.976
CMR,2022,1604.87726954895,27632771.0,3.646
CMR,2023,1720.47510154506,28372687.0,3.607
CMR,2024,1830.00833684727,29123744.0,3.603
CMR,2025,1972.3815800786,29879337.0,3.602
COD,1985,230.132255248427,31264816.0,
COD,1986,250.900914044275,32265196.0,
COD,1987,230.086415834499,33298904.0,
COD,1988,257.725151748806,34382752.0,
COD,1989,254.231037905154,35486866.0,
COD,1990,254.872656292509,36684063.0,3.272
COD,1991,253.79642770809,37925817.0,3.272
COD,1992,209.726548794417,39228910.0,3.372
COD,1993,263.335582841074,40656336.0,3.45
COD,1994,136.542547670676,42626876.0,3.403
COD,1995,127.008078734668,44433704.0,3.285
COD,1996,127.416132828292,45296124.0,3.156
COD,1997,132.323520768553,46029902.0,3.171
COD,1998,131.461338858019,47297600.0,3.195
COD,1999,96.3192243479286,48912971.0,3.23
COD,2000,377.925421481395,50507442.0,3.245
COD,2001,142.678142604412,52132646.0,3.251
COD,2002,162.38052907429,53750524.0,3.179
COD,2003,161.491553524396,55343867.0,3.057
COD,2004,180.664764963633,56997741.0,2.976
COD,2005,214.539740473519,58775724.0,2.948
COD,2006,255.445229568751,60615908.0,3.174
COD,2007,294.101615124419,62477752.0,3.404
COD,2008,352.900363371995,64390664.0,3.627
COD,2009,280.178991035792,66412044.0,3.882
COD,2010,352.400398754692,68563038.0,4.098
COD,2011,372.514273875789,70849311.0,4.317
COD,2012,409.931424783784,73254618.0,4.485
COD,2013,460.370334930107,75789395.0,4.469
COD,2014,489.175952097319,78403242.0,4.436
COD,2015,495.826633014883,81035531.0,4.441
COD,2016,459.765036590388,83956415.0,4.528
COD,2017,431.052559128788,87083398.0,4.613
COD,2018,518.169626875371,90047644.0,4.632
COD,2019,504.00419142286,92947442.0,4.605
COD,2020,486.425572682256,95989998.0,5.355
COD,2021,595.743074403567,99148932.0,5.289
COD,2022,687.738587554685,102396968.0,4.54
COD,2023,660.21205238997,105789731.0,4.469
COD,2024,692.887665085098,109276265.0,4.421
COD,2025,806.776000708534,112832473.0,4.434
COG,1985,1049.31821372865,2059311.0,
COG,1986,872.048697635314,2120602.0,
COG,1987,1052.33893542503,2183473.0,
COG,1988,984.376285838246,2247653.0,
COG,1989,1032.8649749016,2313558.0,
COG,1990,1175.66709098428,2380560.0,19.911
COG,1991,1112.53521242945,2449229.0,19.911
COG,1992,1164.22442980292,2519465.0,19.916
COG,1993,1034.37200809816,2595124.0,19.99
COG,1994,661.904273689712,2673144.0,20.269
COG,1995,769.606794842829,2749461.0,20.226
COG,1996,898.794050151577,2826785.0,20.049
COG,1997,804.304050086499,2887862.0,19.886
COG,1998,660.379775085784,2952061.0,19.898
COG,1999,776.416349733937,3032874.0,20.141
COG,2000,1024.30159109181,3151345.0,19.872
COG,2001,854.598314408095,3272537.0,19.88
COG,2002,905.538135544704,3350771.0,19.644
COG,2003,1016.82363412143,3445753.0,19.877
COG,2004,1306.10136324599,3565554.0,19.896
COG,2005,1799.05158366154,3696393.0,19.796
COG,2006,2103.5821381211,3837409.0,19.563
COG,2007,2206.47101863414,3980430.0,19.909
COG,2008,2832.09177777643,4113517.0,19.962
COG,2009,2271.15219175966,4281219.0,19.844
COG,2010,2946.55798067708,4462290.0,19.3
COG,2011,3396.16505817952,4609724.0,19.435
COG,2012,3732.32737320389,4740450.0,19.491
COG,2013,3697.41705884249,4857099.0,19.845
COG,2014,3601.2365808718,4975880.0,19.696
COG,2015,2439.35189403696,5097581.0,20.02
COG,2016,2093.10728558843,5222536.0,20.298
COG,2017,2211.63309874797,5351011.0,20.737
COG,2018,2694.43413191427,5483118.0,20.84
COG,2019,2488.42466724916,5616661.0,20.494
COG,2020,1993.586671931,5752791.0,22.286
COG,2021,2516.16255145432,5892183.0,21.998
COG,2022,2620.83804267402,6035104.0,20.131
COG,2023,2477.97845544866,6182885.0,19.919
COG,2024,2482.2489948456,6332961.0,19.895
COG,2025,2514.73393584747,6484437.0,19.876
COL,1985,1192.21849833568,29268470.0,
COL,1986,1169.46212069392,29879112.0,
COL,1987,1192.58828638182,30499467.0,
COL,1988,1259.6174112078,31130524.0,
COL,1989,1244.3269459081,31776279.0,
COL,1990,1474.8455285342,32440069.0,10.12
COL,1991,1485.73971889208,33098372.0,10.12
COL,1992,1730.39091795329,33760571.0,9.44
COL,1993,1929.26721811738,34441473.0,7.8
COL,1994,2325.91872973374,35127410.0,8.25
COL,1995,2583.66576349858,35804662.0,8.72
COL,1996,2664.64056059983,36462745.0,11.81
COL,1997,2873.2814350993,37121149.0,12.14
COL,1998,2604.87166959518,37792165.0,15.0
COL,1999,2241.22911801216,38454863.0,20.06
COL,2000,2555.00751039968,39089934.0,20.52
COL,2001,2472.99084035833,39709262.0,15.04
COL,2002,2428.92969771584,40324680.0,14.481
COL,2003,2311.94218760291,40937429.0,13.221
COL,2004,2818.57195413044,41543171.0,13.717
COL,2005,3456.06610874512,42128977.0,11.062
COL,2006,3789.85361217027,42691084.0,11.088
COL,2007,4769.926147194,43235374.0,11.204
COL,2008,5541.83629665898,43758808.0,11.273
COL,2009,5250.97292433518,44271541.0,12.066
COL,2010,6398.2958447102,44777319.0,11.153
COL,2011,7400.9940695669,45259614.0,10.288
COL,2012,8108.59838244229,45715810.0,9.959
COL,2013,8279.10255642981,46151584.0,9.246
COL,2014,8187.20824890084,46565429.0,8.799
COL,2015,6248.51490534512,46969940.0,8.572
COL,2016,5959.84250367574,47437512.0,8.922
COL,2017,6479.53231292429,48131078.0,9.086
COL,2018,6816.96818309544,49024465.0,9.36
COL,2019,6472.54544924705,49907985.0,10.28
COL,2020,5339.68711357943,50629997.0,15.983
COL,2021,6222.62164397614,51188173.0,13.898
COL,2022,6680.44506854481,51737944.0,10.541
COL,2023,7012.49169137756,52321152.0,9.591
COL,2024,7951.08624019412,52886363.0,9.619
COL,2025,8561.62091854449,53425635.0,8.29
COM,1985,494.254932645725,388352.0,
COM,1986,646.461974891796,399318.0,
COM,1987,763.310316408075,410439.0,
COM,1988,797.801503027398,421687.0,
COM,1989,758.861242815325,433103.0,
COM,1990,903.20430581841,444596.0,4.795
COM,1991,879.348889291867,455556.0,4.795
COM,1992,938.595399659213,465113.0,4.528
COM,1993,903.033729112507,473682.0,4.571
COM,1994,652.898017688557,482142.0,4.566
COM,1995,800.623567802959,490586.0,4.675
COM,1996,786.380773511866,499107.0,4.774
COM,1997,714.519968676115,507777.0,4.561
COM,1998,704.479817408486,516597.0,4.614
COM,1999,707.228776682623,525886.0,4.544
COM,2000,633.309032776244,536080.0,4.4
COM,2001,681.163857619963,547220.0,4.379
COM,2002,764.61349832543,558923.0,4.372
COM,2003,959.691049354812,569798.0,4.559
COM,2004,1072.28409029621,580704.0,4.571
COM,2005,1105.78796866788,592677.0,4.527
COM,2006,1138.47908404345,604753.0,4.482
COM,2007,1289.73631056361,616927.0,4.474
COM,2008,1455.02768595586,629307.0,4.416
COM,2009,1410.30516959473,641947.0,4.303
COM,2010,1386.57533553376,654836.0,4.19
COM,2011,1531.43969320468,668056.0,4.12
COM,2012,1490.31425650871,681630.0,4.091
COM,2013,1603.32653496691,696192.0,3.98
COM,2014,1615.71709756316,711503.0,3.984
COM,2015,1329.37048235986,726682.0,4.031
COM,2016,1365.48403444497,741741.0,4.117
COM,2017,1423.9248027797,756669.0,4.049
COM,2018,1540.71132257526,771590.0,3.975
COM,2019,1519.26386436068,786578.0,3.926
COM,2020,1527.16991011916,802163.0,4.468
COM,2021,1587.72988658008,818174.0,4.394
COM,2022,1533.87755393614,834188.0,3.879
COM,2023,1723.89474946474,850387.0,3.833
COM,2024,1857.87060684189,866628.0,3.815
COM,2025,2055.75921566281,882847.0,3.819
CPV,1985,396.494191452033,347365.0,
CPV,1986,541.142985647338,352312.0,
CPV,1987,658.415191378217,357302.0,
CPV,1988,729.470012847852,362329.0,
CPV,1989,727.151685588784,367803.0,
CPV,1990,817.442925539738,375428.0,13.527
CPV,1991,831.61388764249,384586.0,13.527
CPV,1992,907.847909529157,393415.0,13.428
CPV,1993,1220.04997868613,401965.0,13.276
CPV,1994,991.108974352157,410228.0,12.936
CPV,1995,1165.13832331934,418104.0,12.883
CPV,1996,1179.51522705182,425581.0,12.844
CPV,1997,1133.57422614008,432798.0,13.01
CPV,1998,1186.74294773086,439784.0,13.055
CPV,1999,1326.74466945164,446519.0,13.071
CPV,2000,1189.51479345891,453317.0,13.024
CPV,2001,1223.33055331575,460293.0,13.242
CPV,2002,1328.57874270666,467046.0,13.379
CPV,2003,1717.97565369655,473383.0,13.604
CPV,2004,1929.49081468781,479370.0,13.456
CPV,2005,2004.14680417563,485115.0,13.439
CPV,2006,2256.99666191075,490728.0,13.378
CPV,2007,3324.57675212498,496190.0,13.294
CPV,2008,3908.64885822576,501355.0,13.307
CPV,2009,3659.72046361628,506141.0,13.517
CPV,2010,3579.46006137809,509784.0,10.67
CPV,2011,4002.01386888785,511447.0,10.956
CPV,2012,3736.81517011087,511955.0,11.145
CPV,2013,3960.97596791345,512225.0,11.398
CPV,2014,3985.60706548134,512326.0,11.689
CPV,2015,3415.06266730931,512394.0,11.923
CPV,2016,3608.96605234906,512554.0,12.085
CPV,2017,3893.09571382506,512893.0,12.24
CPV,2018,4294.96510035729,513415.0,12.17
CPV,2019,4380.78117331128,514104.0,12.123
CPV,2020,3539.22661248299,514679.0,14.65
CPV,2021,3971.44409203423,516649.0,13.932
CPV,2022,4323.31362032709,519741.0,12.239
CPV,2023,4794.90119772843,522331.0,11.882
CPV,2024,5170.20531932535,524877.0,11.883
CPV,2025,5796.47207860911,527326.0,11.939
CRI,1985,1429.37836415122,2741894.0,
CRI,1986,1568.5640969552,2817216.0,
CRI,1987,1567.0320510901,2892699.0,
CRI,1988,1554.74048522018,2968103.0,
CRI,1989,1725.13936155907,3043827.0,
CRI,1990,1829.6687089559,3121706.0,5.37
CRI,1991,2253.3819611182,3202176.0,5.37
CRI,1992,2612.38762395528,3284258.0,3.93
CRI,1993,2840.38709085425,3367434.0,3.95
CRI,1994,3039.56331706225,3451122.0,4.05
CRI,1995,3275.25258510331,3535176.0,5.18
CRI,1996,3226.96401664833,3619013.0,6.16
CRI,1997,3407.77611260904,3701711.0,5.68
CRI,1998,3617.45758013205,3782838.0,5.33
CRI,1999,3690.9615476017,3862101.0,5.9
CRI,2000,3812.75386183689,3937739.0,5.08
CRI,2001,3985.12987980056,4008947.0,6.051
CRI,2002,4067.71854177094,4075705.0,6.396
CRI,2003,4173.14853766977,4138784.0,6.654
CRI,2004,4431.01172024063,4200078.0,6.445
CRI,2005,4703.00720463794,4261240.0,6.749
CRI,2006,5256.59641275583,4321340.0,5.926
CRI,2007,6137.71199435022,4380248.0,4.557
CRI,2008,6937.24261660254,4440056.0,4.934
CRI,2009,6832.69828187486,4499791.0,7.824
CRI,2010,8265.78820580299,4555962.0,7.171
CRI,2011,9276.39109377477,4609833.0,9.518
CRI,2012,10126.9991155066,4663934.0,9.11
CRI,2013,10803.2401795009,4716147.0,8.218
CRI,2014,10911.4978703456,4767119.0,8.499
CRI,2015,11714.7106121672,4818038.0,8.415
CRI,2016,12091.0301560892,4866998.0,8.085
CRI,2017,12317.0902779911,4913177.0,7.729
CRI,2018,12620.0207321581,4957818.0,9.01
CRI,2019,12951.8588421841,4999553.0,10.807
CRI,2020,12475.6852076814,5034320.0,16.432
CRI,2021,12962.2716075659,5059988.0,15.139
CRI,2022,13971.7649991294,5081765.0,11.325
CRI,2023,17140.771430122,5105525.0,8.325
CRI,2024,18853.2828705886,5129910.0,6.936
CRI,2025,19970.0989059622,5152950.0,6.843
CSS,1985,3907.19546019831,3530570.0,
CSS,1986,3307.33904696522,3559870.0,
CSS,1987,3439.60046333553,3586018.0,
CSS,1988,3530.0768972102,3610609.0,
CSS,1989,3468.58939836147,3634409.0,
CSS,1990,3713.69534828331,3654949.0,16.3249606471741
CSS,1991,3792.22074880024,3677765.0,16.3249606471741
CSS,1992,3842.68138532177,3706523.0,17.043855044918
CSS,1993,3698.86380689568,3735156.0,16.8394643774493
CSS,1994,3930.33084990997,3763806.0,16.1154342863252
CSS,1995,4144.50619583341,3795917.0,14.6507674227641
CSS,1996,4424.43957767727,3829184.0,14.1980943997497
CSS,1997,5198.5063262239,3861673.0,13.6119469585577
CSS,1998,5558.82422899327,3893594.0,13.0418053985954
CSS,1999,5959.88473285313,3925229.0,12.5019625854356
CSS,2000,6477.26482123395,3956229.0,11.7427630641232
CSS,2001,6647.62547849072,3987087.0,11.1794403357232
CSS,2002,6903.07418576198,4018796.0,11.3083250951395
CSS,2003,7551.08983381761,4050990.0,11.5380632882928
CSS,2004,8233.61082543875,4080569.0,10.2916036767948
CSS,2005,9439.33720644986,4049468.0,9.98480572264988
CSS,2006,10883.0475520742,4072929.0,8.69394120180955
CSS,2007,12134.9066978741,4098855.0,8.1976990614565
CSS,2008,13890.1303094208,4124966.0,7.8711908829552
CSS,2009,11554.0589194758,4146899.0,9.18808540593253
CSS,2010,12652.5691256578,4173335.0,8.80934904598808
CSS,2011,13503.1582761636,4201107.0,8.82531756416261
CSS,2012,14225.6111466707,4228445.0,8.99563754734034
CSS,2013,14575.4918879542,4257682.0,8.87950796126762
CSS,2014,14962.943351851,4286546.0,8.61294822432626
CSS,2015,14497.8798625347,4314191.0,8.22453564269079
CSS,2016,13377.8260731233,4341333.0,8.52897625860849
CSS,2017,13708.7525902396,4366140.0,8.24674002522057
CSS,2018,13896.5484095788,4407658.0,8.59708625490841
CSS,2019,13995.7626558947,4443134.0,8.21142514691839
CSS,2020,11961.4085449634,4459302.0,9.95181592662355
CSS,2021,13996.4475071755,4479167.0,9.71327125079923
CSS,2022,17449.5193422186,4497310.0,8.29867755889038
CSS,2023,17609.6827071212,4519904.0,7.51281290895946
CSS,2024,19923.5745910977,4539060.0,7.49180699898505
CSS,2025,20880.0606776787,4556558.0,7.55485245853424
CUB,1985,2256.56948668495,10157228.0,
CUB,1986,2364.89559789307,10244247.0,
CUB,1987,2439.58400332393,10335342.0,
CUB,1988,2632.04176839158,10432585.0,
CUB,1989,2565.54117909344,10533243.0,
CUB,1990,2694.31697957692,10631799.0,8.306
CUB,1991,2268.83493247194,10717640.0,8.306
CUB,1992,2047.67900346421,10785801.0,8.779
CUB,1993,2063.20366253587,10841031.0,9.27
CUB,1994,2613.28971869122,10886021.0,8.806
CUB,1995,2785.24442954103,10925362.0,8.27
CUB,1996,2282.18809324202,10962010.0,7.61
CUB,1997,2306.42483397336,10997934.0,7.1
CUB,1998,2332.30656133119,11034712.0,6.23
CUB,1999,2561.77980406838,11072230.0,6.26
CUB,2000,2751.3817714814,11109109.0,5.45
CUB,2001,2842.96704310394,11144132.0,4.08
CUB,2002,3005.21104247868,11177418.0,3.31
CUB,2003,3202.78109865637,11209383.0,2.33
CUB,2004,3399.21962893402,11238756.0,1.854
CUB,2005,3786.33799225291,11262554.0,1.95
CUB,2006,4329.98265964383,11278550.0,1.913
CUB,2007,4807.43888960684,11287272.0,1.788
CUB,2008,4986.12436479175,11291762.0,1.583
CUB,2009,5089.23519757167,11294719.0,1.67
CUB,2010,5272.26755824835,11297409.0,2.5
CUB,2011,6104.46105236166,11301571.0,3.18
CUB,2012,6470.83673392653,11303175.0,3.46
CUB,2013,6828.36428245396,11298167.0,3.29
CUB,2014,7146.70459051328,11285775.0,2.7
CUB,2015,7727.91997207998,11275065.0,2.4
CUB,2016,8110.55874283616,11265612.0,2.0
CUB,2017,8610.60829605429,11247829.0,1.7
CUB,2018,8911.46205998726,11227118.0,1.7
CUB,2019,9232.26115935183,11202846.0,1.705
CUB,2020,9605.27914559614,11176354.0,2.233
CUB,2021,,11122168.0,2.11
CUB,2022,,11059820.0,1.829
CUB,2023,,11019931.0,1.73
CUB,2024,,10979783.0,1.755
CUB,2025,10708.624200309288,10937203.0,1.746
CUW,1985,,152711.0,
CUW,1986,,152662.0,
CUW,1987,,151456.0,
CUW,1988,,149254.0,
CUW,1989,,146937.0,
CUW,1990,,145400.0,
CUW,1991,,144403.0,
CUW,1992,,143912.0,
CUW,1993,,144299.0,
CUW,1994,,144630.0,
CUW,1995,,145139.0,
CUW,1996,,146306.0,
CUW,1997,,146956.0,
CUW,1998,,144472.0,
CUW,1999,,139428.0,
CUW,2000,15841.2612359949,133860.0,
CUW,2001,16609.8454536485,129047.0,
CUW,2002,16723.6925253468,129205.0,
CUW,2003,16695.7351137757,131897.0,
CUW,2004,16671.3403391655,134192.0,
CUW,2005,17032.3356620744,137658.0,
CUW,2006,17400.1637780186,141239.0,
CUW,2007,18005.7165850772,144056.0,
CUW,2008,19423.3352430175,145880.0,
CUW,2009,19540.2476579348,146833.0,
CUW,2010,19847.2310127979,148703.0,
CUW,2011,19426.326382752,150831.0,
CUW,2012,19809.8223198624,152088.0,
CUW,2013,19721.2921646576,153822.0,
CUW,2014,19623.029993395,155909.0,
CUW,2015,19361.8130008678,157980.0,
CUW,2016,18944.0961493998,159664.0,
CUW,2017,18938.2440469703,160175.0,
CUW,2018,19119.1243941688,159336.0,
CUW,2019,19220.6866958303,157441.0,
CUW,2020,16299.8134688605,155482.0,
CUW,2021,17795.5826483092,153948.0,
CUW,2022,20057.1404960105,153321.0,
CUW,2023,21217.8109173312,154654.0,
CUW,2024,22832.895498987,155967.0,
CUW,2025,14955.50013340114,156263.0,
CYM,1985,,21324.0,
CYM,1986,,22197.0,
CYM,1987,,23073.0,
CYM,1988,,23951.0,
CYM,1989,,24874.0,
CYM,1990,,25999.0,
CYM,1991,,27294.0,
CYM,1992,,28621.0,
CYM,1993,,29976.0,
CYM,1994,,31352.0,
CYM,1995,,32743.0,
CYM,1996,,34143.0,
CYM,1997,,35543.0,
CYM,1998,,36922.0,
CYM,1999,,38284.0,
CYM,2000,,39674.0,
CYM,2001,,41089.0,
CYM,2002,,42514.0,
CYM,2003,,43934.0,
CYM,2004,,45352.0,
CYM,2005,,46788.0,
CYM,2006,87085.0937376216,48232.0,
CYM,2007,89888.2618212462,49687.0,
CYM,2008,89655.1196222184,51151.0,
CYM,2009,81373.5711516642,52618.0,
CYM,2010,76837.6699636672,54099.0,
CYM,2011,75280.960764889,55606.0,
CYM,2012,75101.59136128,57136.0,
CYM,2013,75113.7332398618,58655.0,
CYM,2014,75845.3060407986,60160.0,
CYM,2015,76379.2095108681,61642.0,
CYM,2016,77802.2541567187,63100.0,
CYM,2017,80053.9444506891,64535.0,
CYM,2018,83865.5531568184,65941.0,
CYM,2019,88254.2903677044,67327.0,
CYM,2020,82338.7977439023,68684.0,
CYM,2021,86449.6749037302,70108.0,
CYM,2022,92937.8838323153,71591.0,
CYM,2023,100065.233841107,73038.0,
CYM,2024,104292.900672109,74457.0,
CYM,2025,85490.7648378054,75844.0,
CYP,1985,4488.287109375,731277.0,
CYP,1986,5642.63134765625,743105.0,
CYP,1987,6690.578125,754785.0,
CYP,1988,7645.6298828125,766235.0,
CYP,1989,8038.9140625,777420.0,
CYP,1990,9641.5751953125,788351.0,3.0
CYP,1991,9696.099609375,798944.0,3.0
CYP,1992,11310.072265625,810341.0,2.09
CYP,1993,10526.1416015625,826034.0,2.7
CYP,1994,11617.6923828125,844667.0,2.7
CYP,1995,15261.4169921875,862695.0,2.6
CYP,1996,15139.220703125,880290.0,3.1
CYP,1997,14234.2412109375,897568.0,3.4
CYP,1998,15092.828125,914548.0,3.3
CYP,1999,15287.91796875,931234.0,5.532
CYP,2000,14388.3525390625,947667.0,4.766
CYP,2001,14821.44921875,964127.0,4.043
CYP,2002,16093.2158203125,981440.0,3.336
CYP,2003,20252.24609375,999590.0,4.153
CYP,2004,23792.619140625,1017875.0,4.77
CYP,2005,24959.26171875,1036151.0,5.481
CYP,2006,26729.28125,1054418.0,4.593
CYP,2007,31244.87890625,1072714.0,3.946
CYP,2008,35541.88671875,1091026.0,3.756
CYP,2009,32236.462890625,1109371.0,5.594
CYP,2010,31105.02734375,1127816.0,6.359
CYP,2011,32485.8046875,1146493.0,7.942
CYP,2012,28991.9296875,1165397.0,12.097
CYP,2013,27764.7265625,1183895.0,16.131
CYP,2014,26993.095703125,1201801.0,16.277
CYP,2015,23088.4296875,1219502.0,15.026
CYP,2016,24280.044921875,1237112.0,13.006
CYP,2017,26247.46484375,1254275.0,11.155
CYP,2018,29120.38671875,1270737.0,8.504
CYP,2019,29227.16796875,1286671.0,7.155
CYP,2020,28130.330078125,1302247.0,7.755
CYP,2021,32937.8359375,1317309.0,7.513
CYP,2022,33231.05078125,1331370.0,6.806
CYP,2023,36623.70703125,1344976.0,5.835
CYP,2024,38674.3125,1358282.0,4.9
CYP,2025,41783.08984375,1370754.0,4.924
CZE,1985,,10337118.0,
CZE,1986,,10342227.0,
CZE,1987,,10347318.0,
CZE,1988,,10355276.0,
CZE,1989,,10361068.0,
CZE,1990,3969.36733543794,10333355.0,2.27
CZE,1991,2917.08655474323,10308578.0,2.27
CZE,1992,3396.70972430469,10319123.0,2.6
CZE,1993,3984.1463439879,10329855.0,4.349
CZE,1994,4663.28665345469,10333587.0,4.284
CZE,1995,5865.29460556726,10327253.0,4.082
CZE,1996,6573.19643136362,10315241.0,3.852
CZE,1997,6069.38762357837,10304131.0,4.674
CZE,1998,6526.59635780951,10294373.0,6.455
CZE,1999,6377.6211077224,10283860.0,8.702
CZE,2000,6062.92152842793,10255063.0,8.764
CZE,2001,6669.07494847497,10216605.0,8.128
CZE,2002,8101.26018588111,10196916.0,7.28
CZE,2003,9852.45677945801,10193998.0,7.777
CZE,2004,11782.5546676117,10197101.0,8.298
CZE,2005,13442.4916284309,10211216.0,7.927
CZE,2006,15259.0788162004,10238905.0,7.141
CZE,2007,18452.6532812196,10298828.0,5.316
CZE,2008,22774.7045076205,10384603.0,4.392
CZE,2009,19817.4215836554,10443936.0,6.662
CZE,2010,20160.4355077059,10474410.0,7.281
CZE,2011,22049.1080788682,10496088.0,6.712
CZE,2012,20014.0354015165,10510785.0,6.979
CZE,2013,20260.4954999375,10514272.0,6.953
CZE,2014,20038.4163180257,10525347.0,6.108
CZE,2015,17931.5987670768,10546059.0,5.048
CZE,2016,18753.9686718096,10566332.0,3.952
CZE,2017,20913.197632212,10594438.0,2.893
CZE,2018,23705.9329811299,10629928.0,2.246
CZE,2019,24062.7190013343,10671870.0,2.015
CZE,2020,23472.8915454417,10697858.0,2.55
CZE,2021,27696.4619527544,10505772.0,2.803
CZE,2022,28282.2236715857,10672118.0,2.224
CZE,2023,31761.5944102491,10864042.0,2.579
CZE,2024,31827.7552539413,10905028.0,2.6
CZE,2025,35917.2724081665,10886878.0,2.825
DEU,1985,9464.11694710857,77684873.0,
DEU,1986,13511.1520027486,77720436.0,
DEU,1987,16738.6132825523,77839920.0,
DEU,1988,17996.9783507619,78144619.0,
DEU,1989,17829.4609524705,78751283.0,
DEU,1990,22385.6778250275,79433029.0,5.316
DEU,1991,23443.3350818536,80013896.0,5.316
DEU,1992,26559.8543879632,80624598.0,6.323
DEU,1993,25616.6508772405,81156363.0,7.675
DEU,1994,27201.9593555204,81438348.0,8.727
DEU,1995,31747.2449398447,81678051.0,8.158
DEU,1996,30599.7891048363,81914831.0,8.822
DEU,1997,27046.9565464237,82034771.0,9.861
DEU,1998,27395.9440608051,82047195.0,9.787
DEU,1999,26965.4922773722,82100243.0,8.854
DEU,2000,23925.8559901991,82211508.0,7.917
DEU,2001,23878.3641471651,82349925.0,7.773
DEU,2002,25486.5942008748,82488495.0,8.482
DEU,2003,30711.1022511331,82534176.0,9.779
DEU,2004,34566.7359143735,82516260.0,10.727
DEU,2005,35084.4363546269,82469422.0,11.193
DEU,2006,36980.3349948954,82376451.0,10.277
DEU,2007,42350.9217211489,82266372.0,8.732
DEU,2008,46379.1647953479,82110097.0,7.508
DEU,2009,42471.8868625226,81902307.0,7.88
DEU,2010,42396.9665976293,81776930.0,7.043
DEU,2011,47630.9761883572,80274983.0,5.967
DEU,2012,44718.0159214069,80425823.0,5.372
DEU,2013,47206.8353514242,80645605.0,5.316
DEU,2014,48959.5991203133,80982500.0,4.979
DEU,2015,41929.7549110722,81686611.0,4.612
DEU,2016,42948.9381932694,82348669.0,4.104
DEU,2017,45553.9341495339,82657002.0,3.781
DEU,2018,48916.1686612154,82905782.0,3.384
DEU,2019,47656.199739747,83092962.0,3.163
DEU,2020,47394.8734504469,83160871.0,3.881
DEU,2021,52349.2459994422,83196078.0,3.594
DEU,2022,50506.5179638543,83177813.0,3.137
DEU,2023,54776.7668235491,83287273.0,3.071
DEU,2024,56103.7323182554,83516593.0,3.4
DEU,2025,60496.4350820414,83491249.0,3.711
DJI,1985,846.785538068015,402687.0,
DJI,1986,,426341.0,
DJI,1987,821.682570354282,454399.0,
DJI,1988,816.874614065329,484523.0,
DJI,1989,781.9168386713,523355.0,
DJI,1990,780.497719360725,579538.0,26.118
DJI,1991,732.733101553782,631092.0,26.118
DJI,1992,763.659214503152,626010.0,26.457
DJI,1993,758.733842733535,614245.0,27.253
DJI,1994,784.556207408331,626710.0,27.118
DJI,1995,786.201866748458,633074.0,27.303
DJI,1996,761.943659476655,648348.0,27.172
DJI,1997,748.232840194914,671817.0,27.176
DJI,1998,735.349107889529,699352.0,27.027
DJI,1999,740.21930978973,724218.0,26.742
DJI,2000,737.612183644052,747318.0,26.664
DJI,2001,742.133791107063,771313.0,26.597
DJI,2002,743.013270420348,795574.0,26.589
DJI,2003,764.634465224597,813519.0,26.484
DJI,2004,806.261652944964,826124.0,26.441
DJI,2005,844.4483573908,839167.0,26.448
DJI,2006,898.464628136774,855764.0,26.382
DJI,2007,969.573220191902,874528.0,26.292
DJI,2008,1119.15233346969,892734.0,26.183
DJI,2009,1150.9375857489,911527.0,26.325
DJI,2010,1213.23352553429,930251.0,26.368
DJI,2011,1306.34552844977,948558.0,26.31
DJI,2012,1400.19357858954,966747.0,26.179
DJI,2013,2075.94498424748,984824.0,26.149
DJI,2014,2214.62084142432,1002717.0,26.16
DJI,2015,2376.12554719873,1020313.0,26.063
DJI,2016,2510.4300076241,1037653.0,25.982
DJI,2017,2618.95521147369,1054841.0,26.064
DJI,2018,2718.08338799203,1071882.0,26.18
DJI,2019,2837.16902340932,1088709.0,26.257
DJI,2020,2844.88810647853,1105188.0,27.701
DJI,2021,3025.91126413549,1121248.0,27.628
DJI,2022,3133.25779772463,1137096.0,26.272
DJI,2023,3381.29779710722,1152944.0,26.074
DJI,2024,3552.72335079222,1168722.0,26.007
DJI,2025,3905.604954681,1184076.0,26.015
DMA,1985,1665.53207185218,71744.0,
DMA,1986,1892.86556477773,71406.0,
DMA,1987,2138.30385149099,71023.0,
DMA,1988,2423.32574317463,70608.0,
DMA,1989,2639.0495483153,70153.0,
DMA,1990,2892.9815966454,69627.0,
DMA,1991,3171.36577815405,69296.0,
DMA,1992,3376.26050139573,69325.0,
DMA,1993,3536.15609185727,69433.0,
DMA,1994,3805.20278759984,69477.0,
DMA,1995,3951.72267086358,69469.0,
DMA,1996,4210.99532034556,69410.0,
DMA,1997,4372.19712966838,69299.0,
DMA,1998,4664.24268142919,69124.0,
DMA,1999,4817.18105502046,68870.0,
DMA,2000,4867.39896323759,68511.0,
DMA,2001,5527.51527300496,68288.0,
DMA,2002,5488.02784969357,68367.0,
DMA,2003,5447.44011496284,68531.0,
DMA,2004,5778.83306546506,68649.0,
DMA,2005,5695.22442394675,68734.0,
DMA,2006,6055.78109574854,68806.0,
DMA,2007,6459.03503689609,68847.0,
DMA,2008,6971.32633839289,68854.0,
DMA,2009,7487.49010395154,68864.0,
DMA,2010,7549.61964680375,68859.0,
DMA,2011,7705.40717248319,69053.0,
DMA,2012,7528.51001990155,69118.0,
DMA,2013,7822.21797211398,69715.0,
DMA,2014,8131.74876096735,70373.0,
DMA,2015,8282.59874702141,70410.0,
DMA,2016,8802.56172041363,69606.0,
DMA,2017,8224.64896571414,68496.0,
DMA,2018,9215.3085405645,68174.0,
DMA,2019,9491.14995962374,67880.0,
DMA,2020,7827.74842680426,67573.0,
DMA,2021,8376.40414141113,67202.0,
DMA,2022,9323.66089490562,66826.0,
DMA,2023,9912.96212766668,66510.0,
DMA,2024,10405.2787777582,66205.0,
DMA,2025,10989.0431185083,65871.0,
DNK,1985,12212.7873997293,5113691.0,
DNK,1986,17136.6297376226,5120534.0,
DNK,1987,21295.6768566078,5127024.0,
DNK,1988,22524.5792595476,5129516.0,
DNK,1989,21882.1517463842,5132594.0,
DNK,1990,26885.6994188191,5140939.0,9.099
DNK,1991,27002.8057705804,5154298.0,9.099
DNK,1992,29579.4913648682,5171370.0,9.027
DNK,1993,27581.7241097459,5188628.0,10.719
DNK,1994,29967.8303903163,5206180.0,8.036
DNK,1995,35321.0980773087,5233373.0,6.992
DNK,1996,35621.9878051732,5263074.0,6.844
DNK,1997,32779.879045297,5284991.0,5.4
DNK,1998,33346.4884298957,5304219.0,5.039
DNK,1999,33426.2381077405,5321799.0,5.141
DNK,2000,30722.0251837567,5339616.0,4.476
DNK,2001,30768.4775471112,5358783.0,4.164
DNK,2002,33257.1622586509,5375931.0,4.274
DNK,2003,40519.0974905924,5390574.0,5.398
DNK,2004,46625.050098011,5404523.0,5.204
DNK,2005,48925.8076698784,5419432.0,4.83
DNK,2006,52119.1787984282,5437272.0,3.897
DNK,2007,58631.6566433635,5461438.0,3.801
DNK,2008,64616.6657583663,5493621.0,3.683
DNK,2009,58412.7472358513,5523095.0,6.409
DNK,2010,58104.5445594981,5547683.0,7.746
DNK,2011,61809.737898222,5570572.0,7.769
DNK,2012,58443.7747103968,5591572.0,7.798
DNK,2013,61377.5940590412,5614932.0,7.384
DNK,2014,62520.4509747011,5643475.0,6.925
DNK,2015,53094.0133607574,5683483.0,6.278
DNK,2016,54500.9260410217,5728010.0,5.989
DNK,2017,57521.5514992225,5764980.0,5.833
DNK,2018,61324.7665045565,5793636.0,5.131
DNK,2019,59404.2663247723,5814422.0,5.018
DNK,2020,60985.4885601514,5831404.0,5.644
DNK,2021,69340.7334922138,5856733.0,5.065
DNK,2022,67781.0940939514,5903037.0,4.434
DNK,2023,68043.5466971243,5946952.0,5.094
DNK,2024,71026.4832271897,5976992.0,5.358
DNK,2025,76970.1535217919,6009169.0,5.529
DOM,1985,784.488809604008,6430404.0,
DOM,1986,931.659530115685,6571208.0,
DOM,1987,868.087557831807,6712515.0,
DOM,1988,783.913142122635,6855734.0,
DOM,1989,954.914504449885,7002295.0,
DOM,1990,989.163941207659,7151166.0,6.863
DOM,1991,1345.84673690623,7299853.0,6.863
DOM,1992,1558.29782071075,7447474.0,6.669
DOM,1993,1722.41995993981,7594572.0,6.322
DOM,1994,1891.67055679,7741694.0,6.285
DOM,1995,2109.16940728689,7888115.0,6.439
DOM,1996,2270.86558687203,8032894.0,6.485
DOM,1997,2448.89393535363,8174078.0,6.323
DOM,1998,2607.85457321405,8310362.0,6.304
DOM,1999,2620.8896817272,8446208.0,6.312
DOM,2000,2831.45883638033,8584190.0,6.432
DOM,2001,2935.89367312668,8720283.0,7.262
DOM,2002,3065.60329524196,8852235.0,6.779
DOM,2003,2383.26171780393,8980620.0,6.938
DOM,2004,2451.69161616569,9104892.0,6.303
DOM,2005,3878.31206735244,9225034.0,6.587
DOM,2006,4055.14270347371,9341183.0,5.654
DOM,2007,4649.64558875814,9455658.0,5.158
DOM,2008,5023.58513403515,9573130.0,4.764
DOM,2009,4973.95186999952,9695265.0,5.467
DOM,2010,5478.62470398954,9820175.0,5.212
DOM,2011,5826.51014109195,9945621.0,6.087
DOM,2012,6013.81965002603,10070411.0,6.722
DOM,2013,6136.59429329301,10193833.0,7.351
DOM,2014,6496.45166971142,10315528.0,6.719
DOM,2015,6800.95309395474,10434829.0,7.605
DOM,2016,7160.44200982307,10551430.0,7.284
DOM,2017,7412.71571571512,10666843.0,5.832
DOM,2018,7882.98221584944,10782053.0,5.861
DOM,2019,8183.01623600375,10894043.0,6.356
DOM,2020,7135.22273255899,11008300.0,6.126
DOM,2021,8527.0754858205,11123476.0,7.702
DOM,2022,10104.2464008585,11230734.0,5.504
DOM,2023,10630.431743829,11331265.0,5.555
DOM,2024,10875.6618443092,11427557.0,5.312
DOM,2025,11059.2081531834,11520487.0,5.092
DZA,1985,2632.51711109075,22008544.0,
DZA,1986,2800.20270812187,22745499.0,
DZA,1987,2847.0776691988,23443624.0,
DZA,1988,2450.87242078961,24109536.0,
DZA,1989,2247.4602712492,24754485.0,
DZA,1990,2445.18332740258,25375810.0,20.6
DZA,1991,1759.11201648229,25987928.0,20.6
DZA,1992,1802.69300801289,26628568.0,24.38
DZA,1993,1831.04800976449,27277048.0,26.23
DZA,1994,1525.54061760288,27887279.0,27.74
DZA,1995,1466.94806760415,28470191.0,31.84
DZA,1996,1616.83198721285,29033044.0,28.268
DZA,1997,1628.76100561506,29579301.0,25.43
DZA,1998,1603.36623200836,30054133.0,26.85
DZA,1999,1596.11822239025,30474354.0,28.575
DZA,2000,1772.92869122761,30903893.0,29.77
DZA,2001,1896.30020878013,31331221.0,27.3
DZA,2002,1937.46411413019,31750835.0,25.9
DZA,2003,2283.77299346126,32175818.0,23.72
DZA,2004,2816.99384960555,32628286.0,17.65
DZA,2005,3233.13339634212,33109249.0,15.27
DZA,2006,3660.66104745322,33623506.0,12.27
DZA,2007,4167.45169937531,34189416.0,13.79
DZA,2008,5180.91881514686,34816961.0,11.33
DZA,2009,4235.42990456612,35490445.0,10.16
DZA,2010,4912.78585503672,36188236.0,9.96
DZA,2011,5916.31364364343,36903376.0,9.96
DZA,2012,6033.64884689543,37646166.0,10.97
DZA,2013,5979.60138960585,38414171.0,9.82
DZA,2014,6094.69392314956,39205031.0,10.207
DZA,2015,4685.05902729002,40019529.0,11.206
DZA,2016,4424.98529027556,40850721.0,10.202
DZA,2017,4554.66753957828,41689299.0,12.0
DZA,2018,4577.21029180491,42505035.0,12.112
DZA,2019,4468.45341883656,43294546.0,12.302
DZA,2020,3743.5419522929,44042091.0,14.08
DZA,2021,4160.55926736925,44761099.0,13.656
DZA,2022,4960.30334332888,45477389.0,12.382
DZA,2023,5370.477235078,46164219.0,11.645
DZA,2024,5752.99076651465,46814308.0,11.655
DZA,2025,6051.00322704182,47435312.0,11.633
EAP,1985,357.905467448196,1471340337.0,
EAP,1986,351.028816056445,1496124294.0,
EAP,1987,340.936766529025,1522374575.0,
EAP,1988,371.9254393204,1549038591.0,
EAP,1989,395.426029999221,1575101307.0,
EAP,1990,416.938782261111,1600739173.0,2.41390623885303
EAP,1991,445.804753221262,1625498444.0,2.41390623885303
EAP,1992,493.060883694191,1648872786.0,2.38330583983105
EAP,1993,533.886061731311,1671604370.0,2.63468153816686
EAP,1994,634.195222952685,1694244506.0,2.93314445248656
EAP,1995,772.30460205545,1716602413.0,3.01646156806726
EAP,1996,876.038021480281,1738632397.0,3.12119458500169
EAP,1997,895.628860799956,1760512371.0,3.2129923203788
EAP,1998,809.007580492877,1781546477.0,3.38360539136196
EAP,1999,881.635750173618,1800932833.0,3.47870712039455
EAP,2000,961.301422356711,1819011507.0,3.43334970499077
EAP,2001,1014.52467005611,1836260943.0,3.85578728070638
EAP,2002,1113.99915248458,1852659155.0,4.16950098114092
EAP,2003,1251.27771537034,1868409996.0,4.41684389931735
EAP,2004,1439.93214544909,1883675167.0,4.41127089940087
EAP,2005,1653.67971343756,1898853723.0,4.49019174546575
EAP,2006,1976.632047491,1914002124.0,4.3836448453094
EAP,2007,2481.38755806042,1929185103.0,4.36462589942474
EAP,2008,3117.832791739,1944305887.0,4.44442036989862
EAP,2009,3359.51841456412,1959017463.0,4.42509624520043
EAP,2010,4057.8659052455,1973602166.0,4.16370037437203
EAP,2011,4913.89455378862,1989106668.0,4.11479448813573
EAP,2012,5434.82585097081,2006566431.0,4.05276045051969
EAP,2013,5952.82148677207,2023850158.0,4.05506180796151
EAP,2014,6373.70120967496,2040383789.0,4.05030843985024
EAP,2015,6589.81824245918,2056050896.0,4.12458341898818
EAP,2016,6683.23529656879,2071486140.0,4.04312471702124
EAP,2017,7241.98321346974,2087238522.0,3.9216662036523
EAP,2018,8046.00446277369,2100698838.0,3.81235265554938
EAP,2019,8286.45749748666,2112289891.0,3.90432643103478
EAP,2020,8391.23898302179,2121866294.0,4.36943697408605
EAP,2021,9974.57917918464,2128553744.0,4.13328662810016
EAP,2022,10107.0569545516,2133560408.0,4.23491194246921
EAP,2023,10126.4304121407,2137527754.0,3.97712381690091
EAP,2024,10391.1526101394,2141122258.0,3.91370991631764
EAP,2025,10843.4363994141,2143908411.0,3.91810951483912
EAR,1985,823.45312491765,1810019176.0,
EAR,1986,807.383863443982,1855391159.0,
EAR,1987,800.4001919984,1901405537.0,
EAR,1988,824.743794609817,1947928955.0,
EAR,1989,819.296075996831,1994666990.0,
EAR,1990,936.971161054012,2044241467.0,6.27795263088707
EAR,1991,971.300795968623,2092102478.0,6.27795263088707
EAR,1992,1032.29006470987,2138854231.0,6.34783715467962
EAR,1993,1090.28777962646,2184656122.0,6.52253587521998
EAR,1994,1122.64103842201,2228719169.0,6.75830009709217
EAR,1995,1150.88588898384,2273692181.0,7.03393456293223
EAR,1996,1221.85674920977,2321284245.0,6.88342868446174
EAR,1997,1278.95401047812,2369042441.0,6.76187367957394
EAR,1998,1209.04711676805,2416119734.0,6.86942892859097
EAR,1999,1255.03001584819,2462704115.0,7.06616766110044
EAR,2000,1346.19872596642,2509431470.0,7.07281148454185
EAR,2001,1311.07657774218,2556335424.0,7.1563905809364
EAR,2002,1251.30345037129,2601917557.0,7.39006412287729
EAR,2003,1368.4299919013,2647109296.0,7.29621887458035
EAR,2004,1563.0603884093,2693184997.0,7.18946151700737
EAR,2005,1788.22041048826,2738846905.0,7.11332854467778
EAR,2006,2011.02350805054,2784726644.0,6.88954096317128
EAR,2007,2342.58782127684,2830531957.0,6.8238682430718
EAR,2008,2595.48033593556,2875943965.0,6.76572719306619
EAR,2009,2458.1646507679,2921563644.0,6.88223725605258
EAR,2010,2941.65330428569,2967104472.0,6.69836499671353
EAR,2011,3266.19695006658,3013476947.0,6.60736243902951
EAR,2012,3362.32207931577,3058869436.0,6.70184146782176
EAR,2013,3332.30407501939,3103677284.0,6.67711092742994
EAR,2014,3351.66429566368,3146800078.0,6.61419058154874
EAR,2015,3178.86716124226,3190318707.0,6.79324404164611
EAR,2016,3227.64814256759,3233033717.0,6.7341480328496
EAR,2017,3457.91719451195,3274060446.0,6.71806478492721
EAR,2018,3460.86264008666,3314245247.0,6.77526130131479
EAR,2019,3481.75530893525,3355014793.0,6.30970549335686
EAR,2020,3185.49787368673,3396051187.0,7.36417086549936
EAR,2021,3697.4103832017,3432026092.0,6.74359581980053
EAR,2022,4017.48956260692,3470644834.0,5.64296814018676
EAR,2023,4212.16924807645,3511607650.0,5.11313521249178
EAR,2024,4405.28492630999,3552306404.0,5.14374777945389
EAR,2025,4566.42669968306,3592750579.0,5.15217207899997
EAS,1985,1442.97353593716,1680467718.0,
EAS,1986,1859.67075636118,1706848439.0,
EAS,1987,2149.68032601228,1734703629.0,
EAS,1988,2543.24285142553,1762936165.0,
EAS,1989,2606.15885956626,1790597018.0,
EAS,1990,2679.40356846417,1817735909.0,2.45960141823164
EAS,1991,2984.56406592681,1844189975.0,2.45960141823164
EAS,1992,3219.10194220305,1869074614.0,2.45298512544046
EAS,1993,3556.03095251249,1893258583.0,2.70801641148741
EAS,1994,3927.62156525348,1917389243.0,2.97684115736109
EAS,1995,4393.56161823586,1941185229.0,3.05225354598453
EAS,1996,4187.95909567642,1964830092.0,3.16713936232141
EAS,1997,3953.64180360822,1988067577.0,3.25632597864275
EAS,1998,3485.79169743958,2010443502.0,3.54773877147608
EAS,1999,3853.87131218353,2030912462.0,3.65945976901506
EAS,2000,4139.47126719887,2050149617.0,3.56333033432491
EAS,2001,3814.30946425229,2068682053.0,3.96606605575514
EAS,2002,3844.08681401566,2086144389.0,4.26557821608325
EAS,2003,4188.46280036812,2102761941.0,4.47961803252938
EAS,2004,4657.50834759879,2118747885.0,4.42980737625595
EAS,2005,4931.62605587014,2134573057.0,4.47463469156014
EAS,2006,5191.90669962482,2150688938.0,4.351012904116
EAS,2007,5760.12938767038,2167046538.0,4.30429852915007
EAS,2008,6593.64477271098,2183472438.0,4.38194930101755
EAS,2009,6735.16059526359,2199148703.0,4.47420796985744
EAS,2010,7808.0701040139,2214613815.0,4.22455076502669
EAS,2011,8976.49484706491,2230826576.0,4.13091004622057
EAS,2012,9534.44491469921,2249081393.0,4.0605301268473
EAS,2013,9580.35094813005,2267072102.0,4.05303743028521
EAS,2014,9832.43196516945,2284385542.0,4.02541580416077
EAS,2015,9730.64405529046,2300844269.0,4.08987694775025
EAS,2016,10011.552668647,2317076058.0,4.00393781457677
EAS,2017,10612.7930790259,2333475520.0,3.87456480348735
EAS,2018,11487.5096772887,2347576325.0,3.75442452697159
EAS,2019,11677.4429355606,2359762190.0,3.82442011949597
EAS,2020,11697.5156784805,2369420882.0,4.29658340250273
EAS,2021,13416.9773441612,2375117716.0,4.06219092494546
EAS,2022,13219.5863562213,2379617118.0,4.10032254258298
EAS,2023,13251.5119797804,2384441485.0,3.86187012642211
EAS,2024,13482.4788785045,2388319468.0,3.80594106189668
EAS,2025,14077.2712026283,2390873921.0,3.80602951002153
ECA,1985,,194525195.0,
ECA,1986,,197344981.0,
ECA,1987,1174.54445885687,200194022.0,
ECA,1988,1284.38913135029,202990335.0,
ECA,1989,1438.83894568217,205733205.0,
ECA,1990,1700.96139909728,208212866.0,4.47175276094931
ECA,1991,1622.93793152318,210169114.0,4.47175276094931
ECA,1992,1549.08489003128,212032319.0,5.26992299704434
ECA,1993,1589.72540599857,213395945.0,5.93307208181572
ECA,1994,1239.77436517096,214329901.0,7.15598913122265
ECA,1995,1737.91189047557,215114964.0,8.5598066611286
ECA,1996,1830.62568184199,216002100.0,9.94996550467078
ECA,1997,1941.27899199953,216672059.0,10.123820205318
ECA,1998,1940.96560638764,217104725.0,11.0176037980024
ECA,1999,1767.13891863606,217579952.0,11.3939211887159
ECA,2000,1790.79766009483,218486598.0,10.7462183942089
ECA,2001,1529.6291666061,219435056.0,10.6408534193536
ECA,2002,1771.95605994237,220400259.0,10.702874375174
ECA,2003,2249.77906607995,221399692.0,10.290974644155
ECA,2004,2883.61748103773,222413290.0,10.1363077374344
ECA,2005,3576.78042249065,223360135.0,9.62072328847468
ECA,2006,4142.51945509226,224417513.0,9.15632666629247
ECA,2007,5206.58156726071,225016072.0,8.61312246579108
ECA,2008,6191.2490187656,226524480.0,8.58123430648126
ECA,2009,5125.28238536429,228250911.0,10.1856136243961
ECA,2010,6044.40742137607,230106440.0,9.54059516043394
ECA,2011,6817.02366099691,231988438.0,8.88391871872232
ECA,2012,7126.81359535263,233875199.0,8.60097981057876
ECA,2013,7707.27955254226,235905150.0,8.56358395138192
ECA,2014,7334.84338588205,237999321.0,8.96073635337147
ECA,2015,6338.80741019255,240083379.0,8.9610543144391
ECA,2016,6023.54753164072,242224182.0,9.03756351375215
ECA,2017,6129.93083517607,244308649.0,8.94336027365094
ECA,2018,5947.15360517457,246400484.0,8.61159005290134
ECA,2019,6036.15175345642,248576676.0,9.11807057814077
ECA,2020,5734.46191312695,250351240.0,9.26814225066227
ECA,2021,6632.57221034255,251867727.0,8.95407922243149
ECA,2022,7264.37321853889,250514347.0,7.71538545377934
ECA,2023,8609.12296290637,248718948.0,7.17961712726961
ECA,2024,9801.70054676084,250394482.0,6.90688667537961
ECA,2025,11117.61379372,253280471.0,6.84424613953164
ECS,1985,4660.79892730412,819874111.0,
ECS,1986,6317.46979190386,825034696.0,
ECS,1987,7753.65823640768,830294806.0,
ECS,1988,8578.86232197136,835601588.0,
ECS,1989,8638.08579673084,840881507.0,
ECS,1990,10503.7600887222,845290252.0,6.89908680494163
ECS,1991,10761.2097886693,849169385.0,6.89908680494163
ECS,1992,11479.8595799327,852664501.0,7.50363987800311
ECS,1993,10514.3970320345,855554222.0,8.65755617021955
ECS,1994,10968.7352169064,857724587.0,9.65148359317699
ECS,1995,12729.1087220097,859504754.0,9.9311190228704
ECS,1996,12970.5621854783,861073426.0,10.2686228030506
ECS,1997,12296.6082530758,862335057.0,10.5181612217563
ECS,1998,12507.2303020457,863317613.0,10.6928774380072
ECS,1999,12364.1142687842,864306932.0,10.5851773676979
ECS,2000,11645.6378071747,865392479.0,9.68483091902418
ECS,2001,11750.2018063072,866590696.0,9.0564200675213
ECS,2002,12842.35970826,868234843.0,9.07870920871455
ECS,2003,15575.04178024,870529446.0,9.11346744115473
ECS,2004,18104.0502985006,873069464.0,9.05651425282142
ECS,2005,19220.7137732995,875563919.0,8.7318165816003
ECS,2006,20762.3175860338,878166933.0,8.17297527475334
ECS,2007,24200.3324793455,880656346.0,7.24696438985174
ECS,2008,26536.4846361214,884224673.0,7.16897078667497
ECS,2009,23278.878278705,887741127.0,9.05895187341576
ECS,2010,23731.6668640025,890990370.0,9.11732766770857
ECS,2011,26273.0443343471,893009594.0,8.8511592613399
ECS,2012,25199.9785660563,896514509.0,9.07096034933149
ECS,2013,26236.2854279738,899906171.0,9.26791651199215
ECS,2014,26517.017870416,903560070.0,8.94532051297809
ECS,2015,22742.4739859372,907526485.0,8.55823248897774
ECS,2016,22554.6821198127,911578015.0,8.07810956714781
ECS,2017,23839.7319723826,915063823.0,7.48554226672131
ECS,2018,25435.6875035469,918415818.0,6.87656497801786
ECS,2019,25045.1218961925,921929161.0,6.62369460842729
ECS,2020,24187.2451763556,923660463.0,7.09507940679226
ECS,2021,27700.9996673888,924375980.0,6.90011121093882
ECS,2022,27968.286148204,924267385.0,5.8460641099346
ECS,2023,30015.7640895399,924805070.0,5.55238526456095
ECS,2024,31630.8552937604,928566925.0,5.37221817940181
ECS,2025,34603.480892464,932525035.0,5.35931988514529
ECU,1985,1841.77905481426,9311154.0,
ECU,1986,1604.24698102055,9545998.0,
ECU,1987,1426.01629151663,9779290.0,
ECU,1988,1303.77906073184,10010808.0,
ECU,1989,1356.28045636224,10241852.0,
ECU,1990,1455.00748510871,10473673.0,4.371
ECU,1991,1587.36049996672,10702380.0,4.371
ECU,1992,1655.44613192632,10930128.0,4.333
ECU,1993,1697.88884141445,11154274.0,4.403
ECU,1994,1996.85894789444,11372197.0,4.409
ECU,1995,2108.00698245316,11590514.0,4.408
ECU,1996,2135.8479374308,11810950.0,4.422
ECU,1997,2340.76600026857,12031127.0,4.424
ECU,1998,2284.01572847769,12251184.0,4.389
ECU,1999,1575.30234730971,12470795.0,4.656
ECU,2000,1382.23421759909,12689206.0,4.8
ECU,2001,1791.30359685037,12910740.0,4.252
ECU,2002,2059.1585535974,13138472.0,4.825
ECU,2003,2315.62215223014,13372306.0,5.662
ECU,2004,2586.20914663347,13608701.0,5.002
ECU,2005,2909.02606014388,13846163.0,3.779
ECU,2006,3243.67010359339,14086131.0,3.55
ECU,2007,3478.92488770671,14328773.0,3.142
ECU,2008,4194.75750661981,14575202.0,3.917
ECU,2009,4053.36331139298,14825954.0,4.608
ECU,2010,4520.30959039763,15076695.0,4.088
ECU,2011,5153.6916424375,15326227.0,3.458
ECU,2012,5634.08393191094,15572194.0,3.235
ECU,2013,6109.29031510341,15807128.0,3.083
ECU,2014,6405.79979300441,16035124.0,3.48
ECU,2015,5976.1596805651,16266225.0,3.616
ECU,2016,5917.63771271481,16505139.0,4.597
ECU,2017,6233.32244797718,16759519.0,3.836
ECU,2018,6303.91886658338,17049547.0,3.53
ECU,2019,6205.05765246766,17340021.0,3.812
ECU,2020,5463.64515348598,17546065.0,6.116
ECU,2021,6061.32350181711,17682454.0,4.504
ECU,2022,6515.58528418336,17823897.0,3.713
ECU,2023,6718.1447938811,17980083.0,3.51
ECU,2024,6826.5294137822,18135478.0,3.453
ECU,2025,7125.27618527738,18289896.0,3.308
EGY,1985,769.755137148666,50734968.0,
EGY,1986,790.201793698565,52206295.0,
EGY,1987,753.722263747615,53674435.0,
EGY,1988,633.839369496566,55187681.0,
EGY,1989,701.037717929191,56710642.0,
EGY,1990,735.982935028025,58396618.0,9.38
EGY,1991,622.829605007867,60028997.0,9.38
EGY,1992,680.79923864551,61480660.0,8.92
EGY,1993,740.334217356418,62915681.0,10.92
EGY,1994,807.303537230487,64285589.0,10.93
EGY,1995,916.326617700876,65652622.0,11.04
EGY,1996,1008.97637629447,67028048.0,9.0
EGY,1997,1146.20172117634,68431740.0,8.37
EGY,1998,1212.82259820477,69943294.0,8.03
EGY,1999,1268.30949160496,71520954.0,7.95
EGY,2000,1366.09274372613,73083284.0,8.98
EGY,2001,1295.1374184163,74652029.0,9.26
EGY,2002,1116.82884626213,76239137.0,10.01
EGY,2003,1031.27556291284,77853548.0,10.91
EGY,2004,991.255689145253,79477443.0,10.32
EGY,2005,1105.53920713903,81101004.0,11.049
EGY,2006,1298.97900203124,82700403.0,10.49
EGY,2007,1547.74170735909,84276225.0,8.8
EGY,2008,1896.21594269779,85864789.0,8.517
EGY,2009,2161.63964573927,87501636.0,9.087
EGY,2010,2455.08194645282,89196072.0,8.757
EGY,2011,2590.64384891965,91093059.0,11.849
EGY,2012,2996.0677072015,93161001.0,12.597
EGY,2013,3025.52563552448,95333553.0,13.154
EGY,2014,3133.39102265541,97528654.0,13.105
EGY,2015,3306.98159414141,99597342.0,13.052
EGY,2016,3270.6287768197,101644589.0,12.45
EGY,2017,2395.10333299491,103696057.0,11.767
EGY,2018,2484.70315630508,105682094.0,9.855
EGY,2019,2962.98892023003,107553158.0,7.851
EGY,2020,3511.11381026379,109315124.0,7.974
EGY,2021,3827.35415374308,110957008.0,7.441
EGY,2022,4233.30783744856,112618250.0,6.546
EGY,2023,3456.78965212363,114535772.0,6.753
EGY,2024,3338.47371043679,116538258.0,6.817
EGY,2025,3085.80712036204,118365995.0,6.781
EMU,1985,7586.17401320399,319578206.0,
EMU,1986,10614.2271617107,320330899.0,
EMU,1987,13104.538458078,321194407.0,
EMU,1988,14340.4227546311,322253968.0,
EMU,1989,14584.521566451,323511047.0,
EMU,1990,18258.7328576163,324805296.0,8.38151659365943
EMU,1991,18809.9990518142,326040277.0,8.38151659365943
EMU,1992,20643.6856300826,327283137.0,9.07940377823132
EMU,1993,18837.4067947552,328525489.0,10.824111215694
EMU,1994,19839.9370690858,329467622.0,11.7623069320318
EMU,1995,22873.5191280329,330214252.0,11.4116470422155
EMU,1996,23072.6626954157,330931209.0,11.6458051517727
EMU,1997,21057.8481909895,331618343.0,11.6700563091428
EMU,1998,21618.3263202496,332233144.0,11.2281731488537
EMU,1999,21480.4042154564,332992575.0,10.5366850850791
EMU,2000,19563.0908791645,333959803.0,9.62410987839098
EMU,2001,19818.819395825,334870337.0,8.68043359773922
EMU,2002,21551.1260975546,336306839.0,8.88672719145059
EMU,2003,26413.8767866986,338061667.0,9.12146121246139
EMU,2004,30138.8874750838,339856977.0,9.348951357228
EMU,2005,31116.2703580738,341556724.0,9.16921983218386
EMU,2006,32961.2886272812,343100724.0,8.4404790481661
EMU,2007,37801.9316069832,344828323.0,7.52316793797376
EMU,2008,41406.6598917961,346471036.0,7.50283392231425
EMU,2009,37790.1201693815,347581287.0,9.57439638727687
EMU,2010,36841.2601014872,348398403.0,10.1761738210052
EMU,2011,39878.1184039802,347715695.0,10.2805136631252
EMU,2012,36851.3355744745,348406547.0,11.4328240980269
EMU,2013,38455.0565897822,348799535.0,12.0184063277941
EMU,2014,39333.1197168101,349302135.0,11.6207304139349
EMU,2015,33928.614137702,350164707.0,10.8477448563899
EMU,2016,34690.2425639991,351027116.0,9.98608545604403
EMU,2017,36691.2109171985,351613647.0,9.01311660134066
EMU,2018,39562.0814189751,352303991.0,8.089323082041
EMU,2019,38679.6118917933,353113327.0,7.44468187207381
EMU,2020,37727.4543067337,353536838.0,7.78262585986041
EMU,2021,42432.2915720012,353715415.0,7.69446992680361
EMU,2022,41105.3462099324,354666175.0,6.72976967374639
EMU,2023,44797.6445281418,356209318.0,6.52267389015226
EMU,2024,46424.2413084574,357603357.0,6.34778064605911
EMU,2025,50214.0783015991,358664361.0,6.28355946264135
ERI,1985,,1807816.0,
ERI,1986,,1845164.0,
ERI,1987,,1888669.0,
ERI,1988,,1938255.0,
ERI,1989,,1987017.0,
ERI,1990,,2032737.0,5.129
ERI,1991,,1919571.0,5.129
ERI,1992,265.240962963337,1798748.0,5.297
ERI,1993,252.085777069472,1856006.0,5.387
ERI,1994,277.801423620334,1913915.0,5.446
ERI,1995,285.402184008331,2025267.0,5.349
ERI,1996,325.838705371605,2128464.0,5.31
ERI,1997,318.980960831984,2152135.0,5.4
ERI,1998,341.91736400208,2180419.0,5.501
ERI,1999,311.336209255125,2212780.0,5.604
ERI,2000,314.357396753501,2247031.0,5.656
ERI,2001,325.409161513593,2312079.0,5.74
ERI,2002,304.775756465092,2392978.0,5.794
ERI,2003,348.950327077742,2493903.0,5.79
ERI,2004,426.840947887032,2598284.0,5.704
ERI,2005,412.753079199423,2661215.0,5.721
ERI,2006,447.997404727201,2703502.0,5.707
ERI,2007,480.44762365456,2743222.0,5.719
ERI,2008,490.066956003333,2816327.0,5.683
ERI,2009,642.92572288007,2887885.0,5.757
ERI,2010,539.699512069686,2945186.0,5.854
ERI,2011,688.68165957684,2998485.0,5.801
ERI,2012,,3036988.0,5.692
ERI,2013,,3074360.0,5.624
ERI,2014,,3095173.0,5.637
ERI,2015,,3105546.0,5.751
ERI,2016,,3124698.0,5.772
ERI,2017,,3150347.0,5.804
ERI,2018,,3192760.0,5.756
ERI,2019,,3240194.0,5.812
ERI,2020,,3291271.0,6.375
ERI,2021,,3350183.0,6.489
ERI,2022,,3409447.0,6.033
ERI,2023,,3470390.0,5.909
ERI,2024,,3535603.0,5.947
ERI,2025,,3607003.0,5.978
ESP,1985,4696.29879620729,38469512.0,
ESP,1986,6508.8506547565,38584624.0,
ESP,1987,8233.72822993027,38684815.0,
ESP,1988,9696.1928538538,38766939.0,
ESP,1989,10674.3410230107,38827764.0,
ESP,1990,13795.0159385128,38867322.0,15.929
ESP,1991,14801.3226152172,38966376.0,15.929
ESP,1992,16100.6799428032,39157685.0,17.697
ESP,1993,13330.3798192211,39361262.0,22.156
ESP,1994,13405.704414883,39549108.0,24.209
ESP,1995,15460.9110266653,39724050.0,22.675
ESP,1996,16100.6215831114,39889852.0,22.142
ESP,1997,14722.3717633536,40057389.0,20.698
ESP,1998,15382.3348573373,40223509.0,18.673
ESP,1999,15707.9473068138,40386875.0,15.475
ESP,2000,14743.2671031455,40567864.0,13.785
ESP,2001,15368.2337984435,40850412.0,10.348
ESP,2002,17111.0685058941,41431558.0,11.146
ESP,2003,21522.0170990262,42187645.0,11.283
ESP,2004,24925.0267844576,42921895.0,11.09
ESP,2005,26450.9530130382,43653155.0,9.146
ESP,2006,28421.686527407,44397319.0,8.452
ESP,2007,32652.015594702,45226803.0,8.232
ESP,2008,35603.248328071,45954106.0,11.254
ESP,2009,32279.8208476151,46362946.0,17.857
ESP,2010,30658.7422282912,46576897.0,19.86
ESP,2011,31824.6219134777,46742697.0,21.39
ESP,2012,28456.4438151477,46773055.0,24.789
ESP,2013,29228.846559842,46604197.0,26.094
ESP,2014,29707.765509467,46460733.0,24.441
ESP,2015,25982.4416197775,46422303.0,22.057
ESP,2016,26755.6061149398,46458139.0,19.635
ESP,2017,28381.3425596906,46571232.0,17.224
ESP,2018,30602.4212881113,46782011.0,15.255
ESP,2019,29786.5245689007,47118501.0,14.104
ESP,2020,27233.9426461608,47359424.0,15.532
ESP,2021,30799.4775937775,47443821.0,14.914
ESP,2022,30319.4987196616,47786102.0,13.033
ESP,2023,33493.2225409111,48352528.0,12.179
ESP,2024,35326.7683069278,48848840.0,11.4
ESP,2025,38627.2472148623,49355143.0,10.376
EST,1985,,1528781.0,
EST,1986,,1540190.0,
EST,1987,,1552221.0,
EST,1988,,1561900.0,
EST,1989,,1568131.0,
EST,1990,,1569174.0,1.468
EST,1991,,1561314.0,1.468
EST,1992,,1533091.0,3.681
EST,1993,2685.90889287357,1494128.0,6.544
EST,1994,2819.12612100926,1462514.0,7.561
EST,1995,3134.38975345407,1436634.0,9.659
EST,1996,3380.92630243199,1415594.0,9.915
EST,1997,3682.95230146695,1399535.0,10.369
EST,1998,4093.39247738765,1386156.0,9.51
EST,1999,4140.93660232167,1390244.0,11.573
EST,2000,4070.60902410208,1396985.0,13.36
EST,2001,4502.66614992392,1388115.0,13.134
EST,2002,5343.18310760735,1379350.0,10.026
EST,2003,7205.40703313243,1370720.0,11.288
EST,2004,8916.0728274602,1362550.0,10.248
EST,2005,10414.6381183565,1354775.0,8.033
EST,2006,12641.4800976473,1346810.0,5.915
EST,2007,16745.4308011148,1340680.0,4.592
EST,2008,18205.9064113446,1337090.0,5.455
EST,2009,14712.4494217916,1334515.0,13.548
EST,2010,14663.7041018705,1331475.0,16.707
EST,2011,17555.5455239426,1327439.0,12.328
EST,2012,17568.2137969714,1322696.0,10.021
EST,2013,19310.3874900757,1317997.0,8.631
EST,2014,20581.7898991695,1314545.0,7.352
EST,2015,17722.1557669523,1315407.0,6.412
EST,2016,18666.3736521706,1315790.0,6.882
EST,2017,20851.5223496861,1317384.0,5.807
EST,2018,23618.1361254581,1321977.0,5.412
EST,2019,24021.2501413306,1326898.0,4.514
EST,2020,23933.9939421065,1329522.0,6.956
EST,2021,27951.1659277744,1330932.0,6.178
EST,2022,28340.3826549406,1348840.0,5.571
EST,2023,30264.0064885057,1370286.0,6.378
EST,2024,31428.3547816104,1372341.0,7.6
EST,2025,34417.6320815138,1366475.0,8.313
ETH,1985,243.897382584019,39842136.0,
ETH,1986,245.977228769295,41037656.0,
ETH,1987,254.121329421554,42460039.0,
ETH,1988,253.248262470167,44150825.0,
ETH,1989,256.386475306315,45879690.0,
ETH,1990,262.108971053707,47609755.0,3.284
ETH,1991,277.565910365091,49717198.0,3.284
ETH,1992,207.406400863847,51853747.0,3.416
ETH,1993,168.520401400989,53708891.0,3.252
ETH,1994,127.685923459033,55611508.0,3.1
ETH,1995,136.523619088963,57537335.0,3.005
ETH,1996,147.327458851964,59467635.0,3.121
ETH,1997,143.369531498844,61404539.0,3.227
ETH,1998,126.465095781244,63363524.0,3.481
ETH,1999,120.734631499865,65374561.0,3.714
ETH,2000,122.269202606069,67411494.0,3.499
ETH,2001,118.457204255261,69487762.0,3.16
ETH,2002,109.593813612988,71635517.0,3.054
ETH,2003,116.800491132777,73832663.0,3.008
ETH,2004,133.169812538096,76077206.0,2.776
ETH,2005,158.243458082465,78367470.0,2.497
ETH,2006,189.345737521418,80703490.0,2.337
ETH,2007,237.146255996319,83103217.0,2.337
ETH,2008,316.410475118075,85543668.0,2.326
ETH,2009,368.574712267445,88007636.0,2.326
ETH,2010,330.619412798644,90538514.0,2.295
ETH,2011,343.024942351887,93149970.0,2.27
ETH,2012,452.101031885754,95798767.0,2.252
ETH,2013,484.039833104062,98438751.0,2.251
ETH,2014,549.986577082588,101115610.0,2.361
ETH,2015,597.912113218663,103867135.0,2.442
ETH,2016,641.651523286233,106718162.0,2.556
ETH,2017,696.348429076216,109666481.0,2.665
ETH,2018,739.702022272086,112664152.0,2.811
ETH,2019,793.473247218996,115737383.0,2.928
ETH,2020,829.790982552951,118917671.0,3.998
ETH,2021,893.009835441784,122138588.0,3.935
ETH,2022,982.103161502198,125384287.0,3.386
ETH,2023,1055.81091593061,128691692.0,3.375
ETH,2024,1133.88279681256,132059767.0,3.357
ETH,2025,932.729352775179,135472051.0,3.323
EUU,1985,6495.44299726858,413962998.0,
EUU,1986,9047.93960391575,415087013.0,
EUU,1987,11152.9209457286,416296769.0,
EUU,1988,12205.8232641158,417653885.0,
EUU,1989,12421.7141092541,419102379.0,
EUU,1990,15480.5584700599,420525030.0,8.58619358196168
EUU,1991,15946.1002306568,421741276.0,8.58619358196168
EUU,1992,17463.5343647004,422968989.0,9.23104957739059
EUU,1993,15902.3176943965,424344744.0,10.8519435596734
EUU,1994,16816.1645936426,425404352.0,11.5479115718761
EUU,1995,19456.321194454,426210050.0,11.109236245509
EUU,1996,19740.4112006281,426905134.0,11.1438232362614
EUU,1997,18080.0132985066,427547651.0,10.9465383712559
EUU,1998,18600.0115487639,428120105.0,10.5276376311465
EUU,1999,18484.0156830483,428825949.0,10.2140715975986
EUU,2000,16956.0404946054,429339162.0,9.6992067646065
EUU,2001,17208.9035778997,429909307.0,9.20662418982846
EUU,2002,18773.5039434434,430924112.0,9.5656358156472
EUU,2003,22991.2367735241,432512916.0,9.70782702151941
EUU,2004,26335.8502555339,434193248.0,9.86057517861666
EUU,2005,27400.009679177,435789139.0,9.63100586720302
EUU,2006,29169.3897071187,437263803.0,8.68896256105534
EUU,2007,33682.862816778,438796003.0,7.5031053820411
EUU,2008,37160.0102168184,440270719.0,7.24163431745465
EUU,2009,33632.1592985196,441388573.0,9.21120412957521
EUU,2010,33119.5730126034,442088310.0,9.87327234610775
EUU,2011,35963.3218067157,441414078.0,9.92888294564936
EUU,2012,33324.7758491129,442069839.0,10.8758482088061
EUU,2013,34804.7359239781,442425741.0,11.3511730368596
EUU,2014,35590.1074295737,442920819.0,10.8255885011473
EUU,2015,30771.6635221374,443793218.0,10.0165353301996
EUU,2016,31456.903580129,444676652.0,9.1056944627421
EUU,2017,33394.5944932308,445321060.0,8.13208945121752
EUU,2018,36076.9018014875,446058453.0,7.24247265095853
EUU,2019,35374.1493923083,446910453.0,6.67705052747452
EUU,2020,34694.7105012203,446870959.0,7.05471356704802
EUU,2021,39206.9663368683,446228281.0,7.02659354012655
EUU,2022,38066.8240398192,447203596.0,6.16137258045926
EUU,2023,41566.8992410802,448897545.0,6.02643653344515
EUU,2024,43313.7668203916,450228188.0,5.92300803762815
EUU,2025,47089.1638419269,451127411.0,5.92604538207809
FIN,1985,11394.1921044246,4902206.0,
FIN,1986,14946.9926198261,4918154.0,
FIN,1987,18565.0264426011,4932123.0,
FIN,1988,22043.7701596288,4946481.0,
FIN,1989,23969.052798644,4964371.0,
FIN,1990,28366.204276071,4986431.0,6.503
FIN,1991,25488.8450525604,5013740.0,6.503
FIN,1992,22320.1124695857,5041992.0,11.595
FIN,1993,17588.6781715509,5066447.0,16.201
FIN,1994,20278.29109854,5088333.0,16.426
FIN,1995,26246.2743214462,5107790.0,17.005
FIN,1996,25756.6777073618,5124573.0,15.572
FIN,1997,24682.29083271,5139835.0,14.967
FIN,1998,25999.9861694953,5153498.0,13.214
FIN,1999,26180.4128562349,5165474.0,11.693
FIN,2000,24335.9225082659,5176209.0,11.134
FIN,2001,24965.202996776,5188008.0,10.29
FIN,2002,26989.389260959,5200598.0,10.423
FIN,2003,32920.0857192568,5213014.0,10.469
FIN,2004,37768.1334202029,5228172.0,10.358
FIN,2005,39049.8703780223,5246096.0,9.602
FIN,2006,41214.0187765069,5266268.0,8.935
FIN,2007,48473.0240091455,5288720.0,6.854
FIN,2008,53769.4726240385,5313399.0,6.369
FIN,2009,47478.3495310999,5338871.0,8.249
FIN,2010,46506.2919016566,5363352.0,8.394
FIN,2011,51060.3242589767,5388272.0,7.781
FIN,2012,47551.6740841369,5413971.0,7.689
FIN,2013,49691.0145200739,5438972.0,8.193
FIN,2014,50073.7760815871,5461512.0,8.663
FIN,2015,42560.3456767103,5479531.0,9.376
FIN,2016,43451.2562442158,5495303.0,8.818
FIN,2017,46085.0174739036,5508214.0,8.64
FIN,2018,49654.2497035329,5515525.0,7.361
FIN,2019,48358.1807773701,5521606.0,6.695
FIN,2020,48828.6846862799,5529543.0,7.759
FIN,2021,53099.1351400148,5541017.0,7.617
FIN,2022,50440.560224974,5556106.0,6.719
FIN,2023,52864.6931581216,5583911.0,7.149
FIN,2024,53155.5451165897,5619911.0,8.4
FIN,2025,56148.580949046,5646436.0,9.461
FJI,1985,1576.72069091401,723761.0,
FJI,1986,1745.24126633634,739306.0,
FJI,1987,1569.46727039388,750540.0,
FJI,1988,1463.04720165947,758697.0,
FJI,1989,1543.2961719258,766321.0,
FJI,1990,1728.94076871199,773316.0,4.618
FJI,1991,1774.99211138118,779656.0,4.618
FJI,1992,1951.25592930351,785346.0,4.64
FJI,1993,2070.04734110195,790369.0,4.694
FJI,1994,2297.18005884304,794771.0,4.598
FJI,1995,2466.74347815903,798746.0,4.651
FJI,1996,2648.32766264,803789.0,4.623
FJI,1997,2573.72338605678,812139.0,4.725
FJI,1998,2010.49636073149,822258.0,4.746
FJI,1999,2327.95720514091,831828.0,4.698
FJI,2000,1995.72071163264,840909.0,4.697
FJI,2001,1944.997414609,849596.0,4.692
FJI,2002,2136.56794118683,858049.0,4.772
FJI,2003,2655.58079586044,866286.0,4.74
FJI,2004,3097.19096651759,874366.0,4.7
FJI,2005,3377.69126953493,882379.0,3.886
FJI,2006,3455.10599907349,890365.0,3.957
FJI,2007,3762.74692789299,897832.0,4.109
FJI,2008,3899.92231512129,903399.0,4.187
FJI,2009,3164.13275408169,907239.0,4.309
FJI,2010,3449.14452883369,910419.0,4.345
FJI,2011,4139.60288609702,912989.0,4.406
FJI,2012,4341.40338748749,914918.0,4.375
FJI,2013,4572.44377544245,916352.0,4.356
FJI,2014,5293.35676680464,917585.0,4.323
FJI,2015,5097.53106864695,918578.0,4.288
FJI,2016,5363.79026679243,919166.0,4.319
FJI,2017,5826.84814459328,918759.0,4.418
FJI,2018,6085.41979485376,917180.0,4.523
FJI,2019,5842.07344577597,914899.0,4.661
FJI,2020,4620.6457238014,914963.0,5.054
FJI,2021,4536.73312110335,916711.0,5.225
FJI,2022,5414.12092119088,919422.0,5.403
FJI,2023,5926.20586394763,924145.0,5.316
FJI,2024,6425.74151715712,928784.0,5.361
FJI,2025,6642.00449450523,933154.0,5.347
FRA,1985,9657.01938533723,56665619.0,
FRA,1986,13430.4824599685,56956002.0,
FRA,1987,16175.7090467566,57266167.0,
FRA,1988,17549.6440487161,57598186.0,
FRA,1989,17547.2645422514,57943062.0,
FRA,1990,21586.4674617483,58261012.0,9.134
FRA,1991,21500.7778366233,58554242.0,9.134
FRA,1992,23615.0168565483,58846584.0,10.203
FRA,1993,22238.8250618434,59103094.0,11.32
FRA,1994,23359.8985104774,59324863.0,12.593
FRA,1995,26791.8151982369,59541294.0,11.834
FRA,1996,26757.6351494145,59754504.0,12.367
FRA,1997,24169.4008102822,59968066.0,12.566
FRA,1998,24869.4030795939,60190684.0,12.074
FRA,1999,24576.3152254528,60501986.0,11.981
FRA,2000,22340.5939516217,60918661.0,10.218
FRA,2001,22331.7948343036,61364377.0,8.61
FRA,2002,24144.5727019529,61812142.0,8.702
FRA,2003,29479.5222101175,62249855.0,8.306
FRA,2004,33644.9282220364,62707588.0,8.914
FRA,2005,34696.3718316971,63180854.0,8.882
FRA,2006,36431.5658906555,63622342.0,8.832
FRA,2007,41486.1907828787,64016890.0,8.008
FRA,2008,45464.8181385158,64375116.0,7.386
FRA,2009,41728.0884164132,64706436.0,9.122
FRA,2010,40694.8211697025,65026211.0,9.279
FRA,2011,43929.7840873812,65340830.0,9.228
FRA,2012,40863.5814412333,65657659.0,9.841
FRA,2013,42669.1795111893,65997932.0,9.913
FRA,2014,43148.0459288416,66312067.0,10.273
FRA,2015,36702.4323733379,66548272.0,10.354
FRA,2016,37024.2157133669,66724104.0,10.057
FRA,2017,38687.1626407164,66918020.0,9.409
FRA,2018,41418.1766484844,67158348.0,9.018
FRA,2019,40408.2848574751,67382061.0,8.415
FRA,2020,39169.8606000707,67601110.0,8.009
FRA,2021,43725.0999521245,67842811.0,7.871
FRA,2022,40988.6396406579,68184457.0,7.303
FRA,2023,44700.1384177544,68372286.0,7.335
FRA,2024,46103.0840855884,68551653.0,7.4
FRA,2025,48985.7307807924,68720337.0,7.542
FRO,1985,10048.5086349589,45709.0,
FRO,1986,14933.5448035702,46132.0,
FRO,1987,18982.2410674985,46702.0,
FRO,1988,20453.0990144916,47356.0,
FRO,1989,18180.8492751081,47959.0,
FRO,1990,20125.3725089519,47741.0,
FRO,1991,19163.5554371421,47447.0,
FRO,1992,19300.6621973456,47287.0,
FRO,1993,16373.8260050275,46474.0,
FRO,1994,16975.9297150055,44695.0,
FRO,1995,20669.2052425004,43611.0,
FRO,1996,22705.6954787426,43581.0,
FRO,1997,21158.4130199317,44132.0,
FRO,1998,24729.019906458,44674.0,
FRO,1999,24978.6210817538,45146.0,
FRO,2000,23322.7593357515,45754.0,
FRO,2001,24879.7729617864,46635.0,
FRO,2002,26937.6505602847,47335.0,
FRO,2003,31269.6031997217,48032.0,
FRO,2004,35647.5440400531,48384.0,
FRO,2005,36389.081644098,48359.0,
FRO,2006,41743.6812847661,48335.0,
FRO,2007,48348.7393711011,48378.0,
FRO,2008,51287.8911081663,48547.0,
FRO,2009,47060.1592550833,48790.0,
FRO,2010,47924.1364756678,48656.0,
FRO,2011,51620.0541648551,48542.0,
FRO,2012,50263.0024625867,48290.0,
FRO,2013,55759.364098362,48245.0,
FRO,2014,60173.3057854661,48427.0,
FRO,2015,52638.2668218454,48898.0,
FRO,2016,56876.4302363804,49463.0,
FRO,2017,59388.5365965776,50179.0,
FRO,2018,62525.2647698273,50997.0,
FRO,2019,63070.7228080361,51790.0,
FRO,2020,62247.9273907098,52561.0,
FRO,2021,69421.6981686515,53291.0,
FRO,2022,67069.3987440509,53903.0,
FRO,2023,72486.6910957957,54398.0,
FRO,2024,74175.2776311377,54640.0,
FRO,2025,67691.8764329948,54900.0,
FSM,1985,1136.27633295061,89707.0,
FSM,1986,1216.15763119676,92266.0,
FSM,1987,1230.44156720509,94844.0,
FSM,1988,1284.2827275817,97097.0,
FSM,1989,1365.61518337828,99003.0,
FSM,1990,1459.04369201491,100888.0,
FSM,1991,1617.45528154622,102754.0,
FSM,1992,1699.3301910196,104806.0,
FSM,1993,1853.06259690284,107066.0,
FSM,1994,1856.5207426083,109075.0,
FSM,1995,1995.19187154132,110230.0,
FSM,1996,1955.97507000271,110710.0,
FSM,1997,1840.2391263246,111071.0,
FSM,1998,1944.03332824551,111377.0,
FSM,1999,1944.83255730659,111680.0,
FSM,2000,2049.34490021777,112044.0,
FSM,2001,2103.74849819784,112365.0,
FSM,2002,2113.45955463859,112448.0,
FSM,2003,2145.87789998664,112285.0,
FSM,2004,2104.42796515524,111925.0,
FSM,2005,2216.9963738197,111412.0,
FSM,2006,2257.76445195026,110729.0,
FSM,2007,2302.51183108846,109880.0,
FSM,2008,2395.90218109716,108936.0,
FSM,2009,2565.83639782506,107957.0,
FSM,2010,2715.26873721406,107540.0,
FSM,2011,2859.8488365615,107698.0,
FSM,2012,3003.05867086848,107890.0,
FSM,2013,2904.1536796737,108121.0,
FSM,2014,2915.23672460238,108396.0,
FSM,2015,2869.86276169101,108716.0,
FSM,2016,2997.93719917488,109075.0,
FSM,2017,3297.37580036719,109481.0,
FSM,2018,3584.78377566896,109909.0,
FSM,2019,3581.72684572278,110282.0,
FSM,2020,3362.02802120524,110916.0,
FSM,2021,3508.22314197664,111624.0,
FSM,2022,3703.66680343222,112114.0,
FSM,2023,3933.01607031874,112630.0,
FSM,2024,4251.69052668788,113160.0,
FSM,2025,4414.00737137479,113683.0,
GAB,1985,3898.46316935487,856726.0,
GAB,1986,3864.67453823981,880705.0,
GAB,1987,3624.37675865476,905479.0,
GAB,1988,4118.60473032795,931020.0,
GAB,1989,4373.88491926948,957138.0,
GAB,1990,6050.71468999523,983734.0,17.224
GAB,1991,5345.0965303052,1010818.0,17.224
GAB,1992,5385.68811745078,1038380.0,17.716
GAB,1993,4105.98701339331,1066405.0,17.78
GAB,1994,3828.21118114454,1094720.0,17.804
GAB,1995,4414.8755828572,1123213.0,17.388
GAB,1996,4942.67870027615,1152015.0,17.325
GAB,1997,4508.75340541142,1181439.0,17.166
GAB,1998,3699.99513906504,1211736.0,17.152
GAB,1999,3751.35318950625,1243016.0,17.599
GAB,2000,3982.906200928,1275572.0,17.848
GAB,2001,3835.75718279727,1309589.0,17.827
GAB,2002,3966.48001864663,1345135.0,17.376
GAB,2003,4710.74862768151,1382350.0,17.126
GAB,2004,5465.79193590708,1421609.0,17.108
GAB,2005,6547.87613955186,1463495.0,16.91
GAB,2006,6847.00985685394,1508337.0,17.805
GAB,2007,8003.54289696049,1556237.0,18.257
GAB,2008,9688.64519690633,1607175.0,19.212
GAB,2009,7290.57526093114,1661556.0,19.76
GAB,2010,8356.74662013345,1719879.0,20.39
GAB,2011,10219.1139339454,1781985.0,19.895
GAB,2012,9296.96587941088,1846889.0,19.661
GAB,2013,9197.70106323947,1913059.0,19.736
GAB,2014,9201.36276648105,1978399.0,19.873
GAB,2015,7047.12654634355,2040989.0,19.943
GAB,2016,6677.07003901644,2100306.0,20.117
GAB,2017,6921.73373135624,2156900.0,20.307
GAB,2018,7624.2775233771,2212318.0,20.459
GAB,2019,7441.1786472281,2267706.0,20.371
GAB,2020,6605.80346077904,2322539.0,21.279
GAB,2021,8181.40914134398,2376722.0,21.223
GAB,2022,8409.20741452279,2430747.0,20.319
GAB,2023,7802.82433276138,2484789.0,20.161
GAB,2024,8230.04311451151,2538952.0,20.091
GAB,2025,8263.03321595,2593130.0,20.154
GBR,1985,8652.21654247593,56550268.0,
GBR,1986,10611.112210096,56681396.0,
GBR,1987,13118.586534629,56802050.0,
GBR,1988,15987.1680775688,56928327.0,
GBR,1989,16239.2821960944,57076711.0,
GBR,1990,19095.4669984608,57247586.0,8.55
GBR,1991,19900.7266505069,57424897.0,8.55
GBR,1992,20487.1707852878,57580402.0,9.772
GBR,1993,18389.0195675099,57718614.0,10.346
GBR,1994,19709.2380983653,57865745.0,9.648
GBR,1995,23252.6157127423,58019030.0,8.694
GBR,1996,24503.3829602903,58166950.0,8.189
GBR,1997,26910.1381529902,58316954.0,7.072
GBR,1998,28396.3523548013,58487141.0,6.198
GBR,1999,28858.0065333126,58682466.0,6.042
GBR,2000,28383.8761094996,58892514.0,5.558
GBR,2001,28013.8729635508,59119673.0,4.696
GBR,2002,30158.7017807858,59370479.0,5.037
GBR,2003,34556.7726095905,59647577.0,4.807
GBR,2004,40504.4118103928,59987905.0,4.594
GBR,2005,42240.2462987547,60401206.0,4.884
GBR,2006,44695.161023424,60846820.0,5.472
GBR,2007,50629.0799172887,61322463.0,5.399
GBR,2008,47652.4030691881,61806995.0,5.748
GBR,2009,39009.3715547821,62276270.0,7.683
GBR,2010,39778.3220528565,62766365.0,7.973
GBR,2011,42295.9273835322,63258810.0,8.195
GBR,2012,42688.3263728372,63711000.0,8.279
GBR,2013,43607.6636827371,64138000.0,7.752
GBR,2014,47746.9810645521,64619000.0,6.398
GBR,2015,45256.040227057,65087000.0,5.552
GBR,2016,41258.5374285695,65606000.0,4.909
GBR,2017,40918.0520870944,65964000.0,4.501
GBR,2018,43704.3162296687,66287000.0,4.145
GBR,2019,43160.6843971799,66628000.0,3.657
GBR,2020,40815.1255364787,66740000.0,4.472
GBR,2021,47695.6491523474,66978000.0,4.864
GBR,2022,47034.7795621476,67636000.0,3.768
GBR,2023,49919.6896621586,68526000.0,4.025
GBR,2024,53341.3131094262,69281000.0,4.361
GBR,2025,57601.9621201954,69487000.0,4.746
GEO,1985,,4662900.0,
GEO,1986,,4704500.0,
GEO,1987,1543.58202459728,4743500.0,
GEO,1988,1843.90343235858,4790700.0,
GEO,1989,1853.44090838675,4803300.0,
GEO,1990,1610.98027146868,4802000.0,2.7
GEO,1991,1307.82342713006,4835900.0,2.7
GEO,1992,757.223548505358,4873500.0,5.4
GEO,1993,550.015542609224,4911100.0,5.4
GEO,1994,519.815578814965,4836076.0,8.4
GEO,1995,578.336923460866,4657722.0,7.6
GEO,1996,689.034634153312,4491699.0,11.5
GEO,1997,807.032285752352,4349913.0,11.5
GEO,1998,851.515542450841,4243607.0,14.53
GEO,1999,673.537782887275,4157192.0,13.8
GEO,2000,749.908534993961,4077131.0,10.82
GEO,2001,801.98383707929,4014373.0,11.16
GEO,2002,853.526171868939,3978515.0,12.59
GEO,2003,1010.03151630868,3951736.0,11.51
GEO,2004,1305.04748557208,3927340.0,12.62
GEO,2005,1642.78359414797,3902469.0,13.81
GEO,2006,1996.02013272284,3880347.0,13.57
GEO,2007,2635.36650276116,3860158.0,13.28
GEO,2008,3324.7537205015,3848449.0,17.87
GEO,2009,2822.68939668797,3814419.0,20.71
GEO,2010,3281.72930937343,3786695.0,20.203
GEO,2011,4119.66818307193,3756441.0,19.632
GEO,2012,4530.69533409431,3728874.0,19.653
GEO,2013,4712.00229382665,3717668.0,19.416
GEO,2014,4830.33486170249,3719414.0,17.439
GEO,2015,4086.6223465965,3725276.0,16.506
GEO,2016,4143.40125686315,3727505.0,16.604
GEO,2017,4418.75206546679,3728004.0,13.939
GEO,2018,4804.0546040444,3726549.0,12.667
GEO,2019,4741.2832715876,3720161.0,11.565
GEO,2020,4300.85701291207,3722716.0,11.734
GEO,2021,5083.60695484577,3708610.0,11.785
GEO,2022,6729.84659930283,3712502.0,11.621
GEO,2023,8283.66960652261,3715483.0,11.549
GEO,2024,8967.67525638987,3812518.0,11.557
GEO,2025,9691.53472415196,3935766.0,12.097
GHA,1985,329.714604937014,13661229.0,
GHA,1986,410.711658388611,13965217.0,
GHA,1987,355.153724919203,14289108.0,
GHA,1988,355.121844932881,14636568.0,
GHA,1989,349.964941914982,15006813.0,
GHA,1990,382.54246368354,15394648.0,3.489
GHA,1991,418.254121349986,15787496.0,3.489
GHA,1992,396.426407640517,16184855.0,4.7
GHA,1993,359.800844097528,16589519.0,5.231
GHA,1994,320.50390343252,16993190.0,5.9
GHA,1995,371.537243033836,17399017.0,6.484
GHA,1996,389.271267898831,17810181.0,7.091
GHA,1997,377.841935501461,18238958.0,7.639
GHA,1998,400.366799508524,18688036.0,8.2
GHA,1999,403.037326127273,19149864.0,10.1
GHA,2000,253.746936203344,19637087.0,10.456
GHA,2001,263.542156494853,20167069.0,9.615
GHA,2002,297.46164468774,20729388.0,8.711
GHA,2003,358.39927142073,21296705.0,7.728
GHA,2004,406.132105329565,21868298.0,6.758
GHA,2005,478.611909191028,22449438.0,5.816
GHA,2006,906.441027564887,23040702.0,4.897
GHA,2007,1050.12461524926,23642279.0,5.104
GHA,2008,1182.65761256016,24249946.0,5.144
GHA,2009,1047.70430093586,24862664.0,5.362
GHA,2010,1263.89251760539,25474995.0,5.384
GHA,2011,1507.43573198753,26095088.0,4.213
GHA,2012,1543.77524235764,26734268.0,3.126
GHA,2013,2294.79584693743,27386193.0,2.173
GHA,2014,1949.90832923846,28041592.0,4.403
GHA,2015,1722.77282833606,28696068.0,6.806
GHA,2016,1912.47991339951,29356742.0,5.256
GHA,2017,2012.28662641265,30008354.0,3.369
GHA,2018,2195.32166016377,30637585.0,3.204
GHA,2019,2186.65822682613,31258945.0,3.067
GHA,2020,2195.45481659987,31887809.0,3.178
GHA,2021,2445.18662529344,32518665.0,3.2
GHA,2022,2229.89122654479,33149152.0,2.87
GHA,2023,2383.90410476221,33787914.0,2.829
GHA,2024,2419.2518672482,34427414.0,2.82
GHA,2025,3257.1588903576,35064272.0,2.979
GIB,1985,,28512.0,
GIB,1986,,28328.0,
GIB,1987,,28096.0,
GIB,1988,,27839.0,
GIB,1989,,27544.0,
GIB,1990,,27200.0,
GIB,1991,,26898.0,
GIB,1992,,26878.0,
GIB,1993,,27070.0,
GIB,1994,,27239.0,
GIB,1995,,27377.0,
GIB,1996,,27487.0,
GIB,1997,,27582.0,
GIB,1998,,27650.0,
GIB,1999,,27692.0,
GIB,2000,,27709.0,
GIB,2001,,27657.0,
GIB,2002,,27831.0,
GIB,2003,,28274.0,
GIB,2004,,28715.0,
GIB,2005,,29163.0,
GIB,2006,,29594.0,
GIB,2007,,30006.0,
GIB,2008,,30413.0,
GIB,2009,,30823.0,
GIB,2010,,31248.0,
GIB,2011,,31660.0,
GIB,2012,,32029.0,
GIB,2013,,32407.0,
GIB,2014,,32813.0,
GIB,2015,,33193.0,
GIB,2016,,33658.0,
GIB,2017,,34245.0,
GIB,2018,,34854.0,
GIB,2019,,35494.0,
GIB,2020,,36173.0,
GIB,2021,,36858.0,
GIB,2022,,37609.0,
GIB,2023,,38471.0,
GIB,2024,,39329.0,
GIB,2025,,40126.0,
GIN,1985,4061.69867242443,5610373.0,
GIN,1986,505.876944250303,5750668.0,
GIN,1987,504.510868799406,5900198.0,
GIN,1988,574.001127225182,6056574.0,
GIN,1989,570.493417986787,6215811.0,
GIN,1990,604.304422702532,6434374.0,4.56
GIN,1991,656.42373119518,6697166.0,4.56
GIN,1992,692.647802662806,6914366.0,4.58
GIN,1993,670.741778229959,7128177.0,4.561
GIN,1994,671.576385058752,7345107.0,4.527
GIN,1995,713.031460558683,7553249.0,4.494
GIN,1996,726.025442583799,7770035.0,4.509
GIN,1997,695.58174225826,7931370.0,4.477
GIN,1998,647.379920832778,8081990.0,4.501
GIN,1999,610.614842942762,8265123.0,4.517
GIN,2000,518.157066924026,8428832.0,4.586
GIN,2001,483.085120214741,8539960.0,4.584
GIN,2002,495.916073559269,8674066.0,4.549
GIN,2003,566.48540588068,8870781.0,4.628
GIN,2004,584.897740538081,9062726.0,4.709
GIN,2005,463.17768685098,9245844.0,4.814
GIN,2006,446.980554135013,9441171.0,4.863
GIN,2007,650.148575304743,9662281.0,4.787
GIN,2008,703.532825784369,9898870.0,4.803
GIN,2009,662.185914665575,10143534.0,4.914
GIN,2010,659.235326211315,10396086.0,5.018
GIN,2011,636.694958747648,10656810.0,5.024
GIN,2012,699.353377212197,10921581.0,4.874
GIN,2013,748.455020824734,11191873.0,4.944
GIN,2014,765.146999389279,11472924.0,5.044
GIN,2015,747.356966759448,11767070.0,5.15
GIN,2016,711.996509782316,12073030.0,4.997
GIN,2017,833.598621691121,12385659.0,4.86
GIN,2018,933.273615633705,12704774.0,4.835
GIN,2019,1031.34146480732,13034346.0,5.018
GIN,2020,1053.66097696415,13371183.0,6.007
GIN,2021,1244.96550477914,13710513.0,5.815
GIN,2022,1416.59612011764,14055137.0,5.174
GIN,2023,1555.49375806861,14405468.0,5.141
GIN,2024,1694.95375862185,14754785.0,5.132
GIN,2025,1877.2541220972,15099727.0,5.163
GMB,1985,262.816616745779,858874.0,
GMB,1986,207.654408714945,894019.0,
GMB,1987,236.954802725846,931091.0,
GMB,1988,274.874465999589,970160.0,
GMB,1989,280.929809553919,1011357.0,
GMB,1990,300.639895740381,1054696.0,9.778
GMB,1991,627.578919318827,1099959.0,9.778
GMB,1992,623.485927783598,1145582.0,9.888
GMB,1993,635.3611677282,1188365.0,9.917
GMB,1994,608.2774907808,1227226.0,10.044
GMB,1995,621.681391269646,1264313.0,10.153
GMB,1996,651.784945724837,1301410.0,10.192
GMB,1997,600.224023405754,1338889.0,9.999
GMB,1998,610.234711461724,1376987.0,9.898
GMB,1999,575.459893151216,1415779.0,9.737
GMB,2000,538.054072348854,1455084.0,9.722
GMB,2001,459.803068381399,1495011.0,9.64
GMB,2002,376.531026962584,1535691.0,10.039
GMB,2003,308.719123437587,1577611.0,9.991
GMB,2004,593.285346326581,1621312.0,9.948
GMB,2005,616.483657865348,1667037.0,9.92
GMB,2006,614.544307904464,1715275.0,10.241
GMB,2007,724.726407242432,1765774.0,10.425
GMB,2008,859.127671411226,1817852.0,10.065
GMB,2009,774.888030908091,1871422.0,9.778
GMB,2010,801.033372714536,1926630.0,9.673
GMB,2011,710.608411468152,1983784.0,10.276
GMB,2012,692.579361628102,2043094.0,10.346
GMB,2013,653.862713272743,2103820.0,9.454
GMB,2014,568.00453558864,2164528.0,8.191
GMB,2015,619.536364296461,2224529.0,7.226
GMB,2016,650.056501323611,2283769.0,6.244
GMB,2017,642.522641296331,2342189.0,5.097
GMB,2018,696.219806960615,2399632.0,4.055
GMB,2019,738.186751987483,2456844.0,4.481
GMB,2020,720.335143352133,2515733.0,5.84
GMB,2021,781.890925169531,2576010.0,6.213
GMB,2022,836.244875868476,2636470.0,6.067
GMB,2023,883.024111978927,2697845.0,6.479
GMB,2024,871.340287547821,2759988.0,6.48
GMB,2025,919.060423427951,2822093.0,6.521
GNB,1985,416.576139998898,897697.0,
GNB,1986,371.137575913103,912126.0,
GNB,1987,487.551949436993,926862.0,
GNB,1988,453.807472688208,942061.0,
GNB,1989,578.490985831256,957789.0,
GNB,1990,651.337640650994,973669.0,3.009
GNB,1991,672.07387884966,994639.0,3.009
GNB,1992,574.32110641811,1024356.0,3.083
GNB,1993,581.612681813953,1058745.0,3.143
GNB,1994,560.883422537973,1092031.0,3.173
GNB,1995,589.487023081945,1119949.0,3.126
GNB,1996,614.729892454585,1143535.0,2.994
GNB,1997,598.953470198484,1165545.0,2.951
GNB,1998,497.724279563733,1187473.0,3.349
GNB,1999,478.733190989909,1210206.0,3.269
GNB,2000,316.945495037639,1234741.0,3.358
GNB,2001,327.138431972397,1261273.0,2.958
GNB,2002,362.034574570354,1289307.0,3.146
GNB,2003,419.78486611807,1318806.0,3.169
GNB,2004,431.376557669634,1349563.0,3.226
GNB,2005,463.073962650452,1381585.0,3.184
GNB,2006,448.513075469701,1415303.0,3.143
GNB,2007,519.069789794741,1450986.0,3.125
GNB,2008,640.210331101753,1488054.0,3.157
GNB,2009,583.190020139094,1526377.0,3.163
GNB,2010,600.194298540768,1566347.0,3.121
GNB,2011,719.539573498937,1608076.0,3.072
GNB,2012,635.461653303881,1651417.0,3.135
GNB,2013,654.304534409417,1695973.0,3.173
GNB,2014,652.022501029449,1741122.0,3.285
GNB,2015,645.066837207039,1786457.0,3.168
GNB,2016,679.665386626818,1831893.0,3.139
GNB,2017,783.123186602022,1877072.0,3.089
GNB,2018,808.531613218504,1922168.0,3.127
GNB,2019,811.210004050041,1967696.0,2.413
GNB,2020,846.918134967613,2013255.0,2.887
GNB,2021,926.54619187706,2058841.0,3.016
GNB,2022,881.602654162231,2105529.0,2.666
GNB,2023,964.431832665395,2153339.0,2.632
GNB,2024,998.376093392688,2201352.0,2.647
GNB,2025,1123.76679992349,2249515.0,2.673
GNQ,1985,161.11802183767,385547.0,
GNQ,1986,188.78702702248,404728.0,
GNQ,1987,220.925441822509,422522.0,
GNQ,1988,228.669232827247,439651.0,
GNQ,1989,193.2233561169,456808.0,
GNQ,1990,236.402188376265,474274.0,6.677
GNQ,1991,225.319378519763,492217.0,6.677
GNQ,1992,263.733547088944,510770.0,6.878
GNQ,1993,256.683023652574,530023.0,7.024
GNQ,1994,183.239482711964,550138.0,7.123
GNQ,1995,248.314896208855,571264.0,7.16
GNQ,1996,391.686868235732,593492.0,7.215
GNQ,1997,717.041481576821,616893.0,7.263
GNQ,1998,577.868525342745,641474.0,7.332
GNQ,1999,930.912549299779,667214.0,7.417
GNQ,2000,1487.3165506701,703279.0,7.444
GNQ,2001,1948.61145907844,749836.0,7.551
GNQ,2002,2264.21065580365,797957.0,7.646
GNQ,2003,2930.60183743733,847862.0,7.701
GNQ,2004,4901.30127408119,899917.0,7.658
GNQ,2005,8673.9026086535,947367.0,7.667
GNQ,2006,10184.8841248541,990343.0,7.612
GNQ,2007,12616.9532942011,1036044.0,7.592
GNQ,2008,18210.5552970599,1084530.0,7.571
GNQ,2009,13232.5019378102,1135673.0,7.702
GNQ,2010,13720.1658723222,1189085.0,7.847
GNQ,2011,17198.2136668275,1241835.0,7.837
GNQ,2012,17308.5723924575,1293483.0,7.761
GNQ,2013,16304.0713196418,1346218.0,7.675
GNQ,2014,15548.6624656619,1399828.0,7.669
GNQ,2015,9068.91003238645,1453923.0,7.778
GNQ,2016,7453.19797948517,1508186.0,7.798
GNQ,2017,7809.10465655488,1562396.0,7.843
GNQ,2018,8102.47084834031,1616422.0,7.818
GNQ,2019,6804.14923073888,1670177.0,7.917
GNQ,2020,5764.05502912947,1716468.0,8.625
GNQ,2021,6945.63069794539,1758786.0,8.821
GNQ,2022,7589.29964909381,1803545.0,8.334
GNQ,2023,6788.35271638376,1847549.0,8.218
GNQ,2024,7003.58055684906,1892516.0,8.293
GNQ,2025,6615.25245207167,1938431.0,8.337
GRC,1985,4746.76035816355,9934300.0,
GRC,1986,5577.83258692769,9967213.0,
GRC,1987,6473.57783168117,10000595.0,
GRC,1988,7492.35204811251,10036983.0,
GRC,1989,7737.54385772032,10089498.0,
GRC,1990,9466.66238502174,10196792.0,7.572
GRC,1991,10046.6663875475,10319927.0,7.572
GRC,1992,11021.012224607,10399061.0,8.927
GRC,1993,10257.3085789073,10460415.0,10.177
GRC,1994,10937.0223808611,10512922.0,9.808
GRC,1995,12779.081491606,10562153.0,10.116
GRC,1996,13432.5262183244,10608800.0,10.402
GRC,1997,13015.9175046854,10661259.0,10.472
GRC,1998,13022.9648774809,10720509.0,12.227
GRC,1999,12742.5404388143,10761698.0,12.138
GRC,2000,11638.2010697215,10805808.0,11.345
GRC,2001,12156.9572824221,10862132.0,10.764
GRC,2002,13782.195640943,10902022.0,10.346
GRC,2003,18020.612039764,10928070.0,9.839
GRC,2004,21449.2552764245,10955141.0,10.628
GRC,2005,22054.1315756886,10987314.0,10.074
GRC,2006,24416.0232970275,11020362.0,8.906
GRC,2007,28440.7625328955,11048473.0,8.351
GRC,2008,31695.8331092209,11077841.0,7.664
GRC,2009,29425.4573200263,11107017.0,9.546
GRC,2010,26653.0488008626,11121341.0,12.719
GRC,2011,25504.7866510124,11104899.0,17.973
GRC,2012,21624.346052551,11045011.0,24.731
GRC,2013,21573.3449762805,10965211.0,27.686
GRC,2014,21474.7257123892,10892413.0,26.708
GRC,2015,17980.7298238137,10820883.0,24.981
GRC,2016,17919.2426377048,10775971.0,23.514
GRC,2017,18631.9930129293,10754679.0,21.413
GRC,2018,19873.4015238771,10732882.0,19.179
GRC,2019,19335.3602002969,10721582.0,17.045
GRC,2020,17886.733165236,10698599.0,15.899
GRC,2021,20652.89659591,10570130.0,14.656
GRC,2022,20884.6773436263,10437805.0,12.426
GRC,2023,23343.7103964562,10407351.0,11.023
GRC,2024,24626.1481858973,10405134.0,10.02
GRC,2025,26948.0070432791,10413962.0,8.54
GRD,1985,1745.15357435866,96111.0,
GRD,1986,1938.10850906698,96790.0,
GRD,1987,2204.6384515886,97526.0,
GRD,1988,2404.25523562379,98308.0,
GRD,1989,2696.98290193019,99121.0,
GRD,1990,2782.18396873619,99957.0,
GRD,1991,2983.91643158641,100793.0,
GRD,1992,3052.70018744163,101602.0,
GRD,1993,3026.04154231393,102382.0,
GRD,1994,3152.2020478855,103138.0,
GRD,1995,3294.26988339657,103869.0,
GRD,1996,3508.294236637,104584.0,
GRD,1997,3724.75466168304,105293.0,
GRD,1998,4206.28052894181,106009.0,
GRD,1999,4516.28332446682,106727.0,
GRD,2000,4839.82811114248,107451.0,
GRD,2001,4819.50776653843,107987.0,
GRD,2002,4984.47405931447,108404.0,
GRD,2003,5427.96377252312,108884.0,
GRD,2004,5480.26117644588,109323.0,
GRD,2005,6338.56011405358,109734.0,
GRD,2006,6344.0383771432,110135.0,
GRD,2007,6864.54816771858,110522.0,
GRD,2008,7448.2040563865,110896.0,
GRD,2009,6932.56472176781,111254.0,
GRD,2010,6909.60169568597,111586.0,
GRD,2011,6947.38136096464,112079.0,
GRD,2012,7092.71985352677,112775.0,
GRD,2013,7424.80212287327,113487.0,
GRD,2014,7986.33421210788,114132.0,
GRD,2015,8694.12438005692,114676.0,
GRD,2016,9221.23461079424,115130.0,
GRD,2017,9751.42661155932,115438.0,
GRD,2018,10083.021279225,115691.0,
GRD,2019,10462.7929159533,115981.0,
GRD,2020,8968.55890108484,116341.0,
GRD,2021,9617.28902905373,116688.0,
GRD,2022,10469.3867012856,116913.0,
GRD,2023,11414.4781691181,117081.0,
GRD,2024,11528.9220811928,117207.0,
GRD,2025,12106.8790105068,117303.0,
GRL,1985,7760.83426370628,53200.0,
GRL,1986,11271.3325735884,53500.0,
GRL,1987,14554.3513669736,54100.0,
GRL,1988,16397.9501938761,54800.0,
GRL,1989,16813.7414501107,55300.0,
GRL,1990,18326.9295023252,55600.0,
GRL,1991,18315.3165631906,55500.0,
GRL,1992,18768.8275325455,55300.0,
GRL,1993,16797.3578218828,55200.0,
GRL,1994,18124.0998075763,55500.0,
GRL,1995,21665.8295173116,55800.0,
GRL,1996,21422.4609853672,55900.0,
GRL,1997,19145.614890096,56000.0,
GRL,1998,20496.578783559,56100.0,
GRL,1999,20170.322763798,56100.0,
GRL,2000,19009.0774407515,56185.0,
GRL,2001,19265.5191468738,56379.0,
GRL,2002,20657.9506323097,56595.0,
GRL,2003,27466.6494525504,56751.0,
GRL,2004,32030.9987915109,56898.0,
GRL,2005,32489.7277309899,56935.0,
GRL,2006,35457.6297578214,56775.0,
GRL,2007,39780.9441368721,56555.0,
GRL,2008,44366.7858688175,56328.0,
GRL,2009,44918.8413832155,56323.0,
GRL,2010,44277.1993400972,56534.0,
GRL,2011,47186.8759969388,56890.0,
GRL,2012,45936.9562817724,56810.0,
GRL,2013,47535.4883792376,56483.0,
GRL,2014,50485.2244135291,56295.0,
GRL,2015,44536.3549705377,56114.0,
GRL,2016,48181.7453541266,56186.0,
GRL,2017,50765.7494665372,56172.0,
GRL,2018,54545.135857765,56023.0,
GRL,2019,53309.2035905065,56225.0,
GRL,2020,54812.6661771023,56367.0,
GRL,2021,58135.9939910203,56653.0,
GRL,2022,55635.0006491223,56661.0,
GRL,2023,58498.9707973609,56865.0,
GRL,2024,,56836.0,
GRL,2025,60808.467183591354,56831.0,
GTM,1985,1238.47545209176,7849693.0,
GTM,1986,896.063263473632,8070818.0,
GTM,1987,853.903772501246,8296485.0,
GTM,1988,919.070773138882,8532099.0,
GTM,1989,958.427471156263,8775546.0,
GTM,1990,847.688561830359,9024773.0,2.197
GTM,1991,1014.40279682682,9272584.0,2.197
GTM,1992,1096.45976992698,9522266.0,2.163
GTM,1993,1165.67442716224,9779761.0,2.133
GTM,1994,1292.67202750483,10043718.0,2.12
GTM,1995,1421.06177809796,10312996.0,2.117
GTM,1996,1481.05986750672,10583526.0,2.156
GTM,1997,1638.46281851789,10857754.0,2.145
GTM,1998,1741.20114182856,11139145.0,2.145
GTM,1999,1603.64776144934,11422965.0,2.113
GTM,2000,1648.96578971559,11697592.0,2.143
GTM,2001,1537.68663578252,11969422.0,2.251
GTM,2002,1669.33517469705,12246915.0,2.254
GTM,2003,1722.54701910774,12525842.0,2.807
GTM,2004,1840.91184884,12807402.0,2.971
GTM,2005,2046.46611650758,13087629.0,3.059
GTM,2006,2225.1234753878,13367459.0,2.96
GTM,2007,2458.81573919384,13652040.0,2.847
GTM,2008,2763.05988172926,13935174.0,2.898
GTM,2009,2611.64632773352,14215611.0,3.22
GTM,2010,2805.25960237322,14500112.0,3.497
GTM,2011,3168.98370607705,14792126.0,3.169
GTM,2012,3286.61959336267,15089647.0,2.765
GTM,2013,3444.15802275864,15387337.0,3.017
GTM,2014,3689.14510410202,15681725.0,2.717
GTM,2015,3893.50533299068,15971743.0,2.506
GTM,2016,4060.13784737643,16268760.0,2.583
GTM,2017,4324.99768915601,16567357.0,2.462
GTM,2018,4352.94593289707,16845685.0,2.283
GTM,2019,4511.99839552697,17103803.0,2.193
GTM,2020,4477.61785000665,17357325.0,2.965
GTM,2021,4912.62240414681,17598650.0,2.174
GTM,2022,5356.92435887895,17847877.0,3.051
GTM,2023,5754.42833909847,18124838.0,2.344
GTM,2024,6150.89465281457,18406359.0,2.613
GTM,2025,6598.18032988711,18687881.0,2.604
GUM,1985,,124117.0,
GUM,1986,,126965.0,
GUM,1987,,129858.0,
GUM,1988,,132799.0,
GUM,1989,,135799.0,
GUM,1990,,138610.0,3.509
GUM,1991,,141073.0,3.509
GUM,1992,,143393.0,3.837
GUM,1993,,145654.0,5.527
GUM,1994,,147868.0,7.6
GUM,1995,,150054.0,7.9
GUM,1996,,152169.0,8.283
GUM,1997,,154215.0,9.67
GUM,1998,,156237.0,7.74
GUM,1999,,158289.0,13.95
GUM,2000,,160065.0,15.32
GUM,2001,,161329.0,13.213
GUM,2002,20909.9590302806,162315.0,11.39
GUM,2003,21877.3178371553,163137.0,9.693
GUM,2004,23618.8266894573,163810.0,7.7
GUM,2005,25631.9776108052,164365.0,7.0
GUM,2006,25709.9351488422,164839.0,7.4
GUM,2007,26605.4324214756,165267.0,8.3
GUM,2008,28112.2316573422,165693.0,8.892
GUM,2009,29054.0581201519,166173.0,9.3
GUM,2010,29719.7967836082,166522.0,8.2
GUM,2011,29926.2052442913,166543.0,13.3
GUM,2012,31653.7506538168,166331.0,12.2
GUM,2013,32530.7593121483,165966.0,11.5
GUM,2014,33900.1486530583,165486.0,7.6
GUM,2015,35165.7014644795,164905.0,6.9
GUM,2016,35930.6594898711,164233.0,5.4
GUM,2017,36779.0078903909,163490.0,5.418
GUM,2018,37195.9503070464,162679.0,5.45
GUM,2019,39274.9431424899,161808.0,5.405
GUM,2020,36482.9363953675,162158.0,6.241
GUM,2021,38074.8793745801,163730.0,6.0
GUM,2022,41833.1517132825,165180.0,5.383
GUM,2023,,166506.0,5.262
GUM,2024,,167777.0,5.252
GUM,2025,37159.942783443534,168999.0,5.569
GUY,1985,587.818395225034,771477.0,
GUY,1986,657.014000212061,768098.0,
GUY,1987,464.052566270711,764120.0,
GUY,1988,544.715209244099,759663.0,
GUY,1989,503.109019103922,754865.0,
GUY,1990,528.851095342994,749894.0,12.092
GUY,1991,466.039938988882,747861.0,12.092
GUY,1992,498.156636569954,749911.0,11.9
GUY,1993,603.084316652805,752965.0,11.617
GUY,1994,721.437561135572,755822.0,11.534
GUY,1995,819.668541584905,758388.0,11.566
GUY,1996,927.523847211669,760526.0,11.542
GUY,1997,982.804753805587,762245.0,11.565
GUY,1998,939.685488169724,763586.0,11.687
GUY,1999,908.790631391797,764483.0,11.771
GUY,2000,931.796651718955,764832.0,11.917
GUY,2001,931.574723847673,764477.0,11.796
GUY,2002,950.866932470993,763652.0,11.81
GUY,2003,973.742598054188,763101.0,11.529
GUY,2004,1033.31030902188,762418.0,11.281
GUY,2005,1084.06541388904,760914.0,11.085
GUY,2006,3135.60553528326,758966.0,10.7
GUY,2007,3608.28685240188,756861.0,10.84
GUY,2008,4008.9628671603,754606.0,11.018
GUY,2009,4209.13230624565,752094.0,11.307
GUY,2010,4581.76179693492,749256.0,11.632
GUY,2011,4947.22170589917,746153.0,11.811
GUY,2012,5444.39751913913,746288.0,12.029
GUY,2013,5556.91231156932,750021.0,12.296
GUY,2014,5472.68820452237,754229.0,12.637
GUY,2015,5640.41560569466,758781.0,13.009
GUY,2016,5870.87823759835,763548.0,13.263
GUY,2017,6178.6650437298,768479.0,13.466
GUY,2018,6048.38697180418,791556.0,13.627
GUY,2019,6405.82443444562,807665.0,13.172
GUY,2020,6775.70939096303,807481.0,15.308
GUY,2021,9860.87014834386,815482.0,14.576
GUY,2022,17913.4928066879,821637.0,11.907
GUY,2023,20473.7002190617,826353.0,11.917
GUY,2024,29675.2501582835,831087.0,11.874
GUY,2025,32413.7930757518,835986.0,11.962
HKG,1985,6542.97352840976,5456200.0,
HKG,1986,7434.99925513073,5524600.0,
HKG,1987,9071.39076473445,5580500.0,
HKG,1988,10609.7456394545,5627600.0,
HKG,1989,12097.7487914553,5686200.0,
HKG,1990,13485.6314525052,5704500.0,1.8
HKG,1991,15465.9245305858,5752000.0,1.8
HKG,1992,17976.4688629053,5800500.0,1.96
HKG,1993,20395.5621886121,5901000.0,1.96
HKG,1994,22502.5302426236,6035400.0,1.9
HKG,1995,23497.3920767477,6156100.0,3.22
HKG,1996,24818.3021600084,6435500.0,2.83
HKG,1997,27330.0933613355,6489300.0,2.22
HKG,1998,25808.8609899709,6543700.0,4.58
HKG,1999,25091.6665997966,6606500.0,6.25
HKG,2000,25756.7728723704,6665000.0,4.92
HKG,2001,25230.3780910304,6714300.0,5.09
HKG,2002,24665.8362318216,6744100.0,7.28
HKG,2003,23977.1734120477,6730800.0,7.86
HKG,2004,24928.1003722551,6783500.0,6.74
HKG,2005,26649.637724155,6813200.0,5.58
HKG,2006,28224.0951563146,6857100.0,4.77
HKG,2007,30593.9511738646,6916300.0,4.01
HKG,2008,31515.5292103443,6957800.0,3.56
HKG,2009,30697.5383861641,6972800.0,5.26
HKG,2010,32550.136489179,7024200.0,4.329
HKG,2011,35142.4879344543,7071600.0,3.422
HKG,2012,36730.796195815,7150100.0,3.285
HKG,2013,38403.7777145477,7178900.0,3.4
HKG,2014,40315.3739510191,7229500.0,3.296
HKG,2015,42432.1619740441,7291300.0,3.314
HKG,2016,43734.1980702999,7336600.0,3.392
HKG,2017,46160.429791493,7393200.0,3.124
HKG,2018,48537.5668888343,7452600.0,2.805
HKG,2019,48359.0011950597,7507900.0,2.917
HKG,2020,46109.2299946609,7481000.0,5.808
HKG,2021,49770.5642374739,7413100.0,5.174
HKG,2022,48825.0272275805,7346100.0,4.318
HKG,2023,50525.1119312663,7536100.0,2.949
HKG,2024,54274.7547767073,7524100.0,2.988
HKG,2025,56983.0663059906,7498900.0,2.799
HND,1985,1001.1467980095,4323342.0,
HND,1986,1057.81228119586,4448899.0,
HND,1987,1097.85859892373,4576910.0,
HND,1988,1039.29410284648,4707677.0,
HND,1989,903.767650161806,4841838.0,
HND,1990,749.818113552631,4980488.0,4.58
HND,1991,722.000657931123,5123792.0,4.58
HND,1992,782.111518709432,5271431.0,3.06
HND,1993,772.74224772986,5423249.0,3.098
HND,1994,735.886147157389,5579242.0,3.138
HND,1995,814.049075569071,5739637.0,3.24
HND,1996,812.817047602244,5903954.0,4.37
HND,1997,917.272651200904,6071454.0,3.32
HND,1998,988.655986927253,6234431.0,4.02
HND,1999,999.004383328908,6400463.0,3.85
HND,2000,1092.56400746252,6577773.0,3.883
HND,2001,1132.1648753329,6757993.0,4.0
HND,2002,1132.49965345317,6938859.0,4.02
HND,2003,1156.08162681357,7119213.0,5.3
HND,2004,1215.13995412761,7298994.0,5.99
HND,2005,1304.70039153826,7478355.0,4.909
HND,2006,1425.84780051892,7656832.0,3.574
HND,2007,1577.73789197407,7834798.0,3.211
HND,2008,1732.49062702803,8012587.0,3.156
HND,2009,1781.15703614674,8189899.0,3.292
HND,2010,1893.32722662035,8365878.0,4.119
HND,2011,2073.66121088074,8540583.0,4.474
HND,2012,2126.03474686503,8715076.0,3.755
HND,2013,2081.12843527945,8889278.0,5.646
HND,2014,2179.88171977271,9063122.0,7.078
HND,2015,2271.20265980349,9237305.0,6.147
HND,2016,2307.34468351082,9412380.0,6.727
HND,2017,2413.0076562942,9588137.0,5.528
HND,2018,2464.64241531918,9765210.0,5.648
HND,2019,2502.32744328073,9943633.0,5.698
HND,2020,2307.61494319511,10119640.0,10.982
HND,2021,2735.14751503977,10289877.0,8.506
HND,2022,3003.28996826399,10463872.0,8.774
HND,2023,3227.45762509776,10644851.0,6.07
HND,2024,3415.96027916712,10825703.0,4.91
HND,2025,3598.21450440452,11005850.0,4.92
HPC,1985,435.291720245938,315183207.0,
HPC,1986,389.838399668656,323773389.0,
HPC,1987,404.225947860705,332757056.0,
HPC,1988,413.776472009513,342112889.0,
HPC,1989,409.711860406765,351789420.0,
HPC,1990,457.829149694357,361373197.0,5.1214478571728
HPC,1991,485.05623017393,371118724.0,5.1214478571728
HPC,1992,358.038553004339,382206581.0,5.23141741602695
HPC,1993,360.050431569187,394532014.0,5.22675203435376
HPC,1994,298.852695048567,406616961.0,5.16826884648105
HPC,1995,337.839583299933,418529718.0,4.98419036566327
HPC,1996,359.139742470642,430720216.0,4.95292940806701
HPC,1997,365.61257140559,442909917.0,4.88719727776726
HPC,1998,367.888388003025,455629985.0,4.95315415735027
HPC,1999,359.326174564028,468742376.0,5.09795696108793
HPC,2000,377.738635531548,481628012.0,5.14154508627694
HPC,2001,355.439130988616,494824112.0,5.07110613621308
HPC,2002,374.815740144912,509293837.0,5.03903619896395
HPC,2003,413.081573267984,524375932.0,4.99178021799851
HPC,2004,462.69284908131,539388313.0,4.85136488879186
HPC,2005,520.051978903637,554927452.0,4.68922289072775
HPC,2006,593.589508638215,571013586.0,4.59642816898817
HPC,2007,688.798854303596,586992483.0,4.54506136589078
HPC,2008,797.853979826874,603575028.0,4.5262370792047
HPC,2009,765.227759350497,620916734.0,4.57407582008614
HPC,2010,812.484497775064,638389596.0,4.78571428120254
HPC,2011,873.650099679893,656367599.0,4.74535045997051
HPC,2012,881.63617561985,674950539.0,4.56094900790948
HPC,2013,961.217621514844,694136340.0,4.27857896799128
HPC,2014,987.602359884364,714234635.0,4.29007836108981
HPC,2015,917.924140878178,734837721.0,4.42098675547524
HPC,2016,895.291971418288,756237630.0,4.36188759881032
HPC,2017,944.105800649501,778657210.0,4.36920088303381
HPC,2018,986.447970381036,801220102.0,4.33410256985773
HPC,2019,984.553372875279,823805910.0,4.32898652284681
HPC,2020,963.808519118256,846861642.0,5.02089641432522
HPC,2021,1062.58689269634,869987833.0,4.93715177073133
HPC,2022,1123.26894975331,892885172.0,4.43373072825994
HPC,2023,1157.85200500349,916223767.0,4.19910039388827
HPC,2024,1220.84577070029,940304348.0,4.1513349312603
HPC,2025,1331.89997509038,965148593.0,4.14304356025997
HRV,1985,,4701417.0,
HRV,1986,,4721446.0,
HRV,1987,,4739745.0,
HRV,1988,,4755207.0,
HRV,1989,,4767260.0,
HRV,1990,5369.10978590681,4777368.0,11.14
HRV,1991,4000.91677428625,4689022.0,11.14
HRV,1992,2321.15204123035,4575818.0,10.974
HRV,1993,2447.50319141761,4600463.0,10.779
HRV,1994,3237.92646315285,4652024.0,10.364
HRV,1995,4929.02083885825,4620030.0,10.007
HRV,1996,5299.74887884048,4557097.0,9.68
HRV,1997,5330.9148941072,4534920.0,9.71
HRV,1998,5712.49829262763,4532135.0,11.392
HRV,1999,5269.01488637462,4512597.0,13.559
HRV,2000,4953.57515008131,4468302.0,16.064
HRV,2001,5364.88188501029,4299642.0,15.822
HRV,2002,6219.56093667781,4302174.0,15.053
HRV,2003,8189.99059314699,4303399.0,13.924
HRV,2004,9718.92771524605,4304600.0,13.664
HRV,2005,10443.4484003498,4310145.0,12.598
HRV,2006,11501.2327422844,4311159.0,11.13
HRV,2007,13755.8149054063,4310217.0,9.909
HRV,2008,15888.1184388903,4309705.0,8.53
HRV,2009,14474.52513863,4305181.0,9.202
HRV,2010,13729.7472872883,4295427.0,11.62
HRV,2011,14691.591757962,4280622.0,13.678
HRV,2012,13507.6349882758,4260368.0,16.046
HRV,2013,14135.0903485872,4233922.0,17.231
HRV,2014,14186.7712230471,4201598.0,17.209
HRV,2015,12283.8750299177,4151725.0,16.15
HRV,2016,12820.1872746645,4106867.0,13.015
HRV,2017,13901.6498657787,4041407.0,11.078
HRV,2018,15460.4560798984,3988775.0,8.322
HRV,2019,15563.7354996625,3949390.0,6.551
HRV,2020,14807.5559227544,3914206.0,7.389
HRV,2021,17788.7601163765,3878981.0,7.483
HRV,2022,18465.531473659,3855641.0,6.811
HRV,2023,22183.4982258492,3859686.0,6.121
HRV,2024,24049.9441746337,3866200.0,5.0
HRV,2025,27103.9116109268,3876200.0,5.002
HTI,1985,324.575156092964,6190862.0,
HTI,1986,366.997344256492,6316122.0,
HTI,1987,317.635520687503,6445123.0,
HTI,1988,397.365336276412,6578145.0,
HTI,1989,407.498708064211,6714730.0,
HTI,1990,451.720249689216,6854441.0,7.329
HTI,1991,496.545987433864,6995450.0,7.329
HTI,1992,316.276513134354,7136571.0,7.387
HTI,1993,258.066372258817,7278181.0,7.534
HTI,1994,292.134224374091,7419771.0,7.858
HTI,1995,372.006104665125,7562546.0,7.51
HTI,1996,377.229465025972,7707557.0,7.304
HTI,1997,425.111085879256,7854298.0,7.003
HTI,1998,465.363306259051,8002143.0,7.165
HTI,1999,509.578585275375,8151296.0,7.2
HTI,2000,820.600046761464,8303151.0,8.443
HTI,2001,748.821159844528,8455918.0,9.728
HTI,2002,720.969568042522,8607641.0,11.008
HTI,2003,578.995291079709,8759912.0,12.151
HTI,2004,683.185298155273,8910263.0,13.415
HTI,2005,775.845704056916,9061273.0,14.559
HTI,2006,828.805700289589,9216562.0,15.866
HTI,2007,984.566983448521,9373296.0,16.8
HTI,2008,1094.66058421644,9530774.0,16.204
HTI,2009,1196.8528706018,9689581.0,15.398
HTI,2010,1209.72733503094,9803294.0,15.244
HTI,2011,1312.03953552013,9914904.0,14.506
HTI,2012,1361.39396587374,10069771.0,14.1
HTI,2013,1457.83221179626,10222362.0,13.704
HTI,2014,1460.18898613914,10373235.0,13.808
HTI,2015,1411.12684746796,10523242.0,13.785
HTI,2016,1318.40268167953,10671457.0,13.902
HTI,2017,1395.23945184461,10817754.0,13.932
HTI,2018,1496.38048970156,10962362.0,13.934
HTI,2019,1352.17204191532,11105163.0,14.095
HTI,2020,1290.32538667383,11243848.0,15.573
HTI,2021,1824.6798742577,11374586.0,15.296
HTI,2022,1748.40890116803,11503606.0,14.54
HTI,2023,1681.84407667059,11637398.0,14.459
HTI,2024,2060.35591768638,11772557.0,14.609
HTI,2025,2694.18969101404,11906095.0,14.944
HUN,1985,2020.02286569062,10648713.0,
HUN,1986,2330.84188308476,10630564.0,
HUN,1987,2565.9739107384,10612741.0,
HUN,1988,2812.23754602897,10596487.0,
HUN,1989,2902.43508126549,10481719.0,
HUN,1990,3323.53967237633,10373988.0,8.5
HUN,1991,3361.22268037924,10373400.0,8.5
HUN,1992,3747.32966394956,10369341.0,9.942
HUN,1993,3886.66608419616,10357523.0,12.098
HUN,1994,4187.0311799663,10343355.0,10.847
HUN,1995,4509.41740910077,10328965.0,10.168
HUN,1996,4542.0120380978,10311238.0,10.022
HUN,1997,4606.0569733295,10290486.0,8.991
HUN,1998,4751.7732430202,10266570.0,8.925
HUN,1999,4801.95949584162,10237530.0,6.929
HUN,2000,4629.91760812548,10210971.0,6.563
HUN,2001,5280.94887987063,10187576.0,5.671
HUN,2002,6658.04494326809,10158608.0,5.608
HUN,2003,8410.09248198479,10129552.0,5.79
HUN,2004,10291.2694721409,10107146.0,5.832
HUN,2005,11212.2046968994,10087065.0,7.189
HUN,2006,11478.4891640501,10071370.0,7.494
HUN,2007,13934.605460375,10055780.0,7.406
HUN,2008,15762.6322515113,10038188.0,7.817
HUN,2009,13051.1831777184,10022650.0,10.03
HUN,2010,13189.8433874768,10000023.0,11.172
HUN,2011,14211.460557822,9971727.0,11.029
HUN,2012,12950.1594488143,9920362.0,11.003
HUN,2013,13739.4620151401,9872734.0,10.177
HUN,2014,14352.501883174,9833038.0,7.725
HUN,2015,12782.9412577973,9797755.0,6.813
HUN,2016,13215.8605277789,9759755.0,5.115
HUN,2017,14736.1668157258,9726756.0,4.156
HUN,2018,16605.0570511887,9706964.0,3.667
HUN,2019,17012.8598553199,9694824.0,3.411
HUN,2020,16386.9308821258,9670419.0,4.248
HUN,2021,19030.628130329,9630932.0,4.021
HUN,2022,18428.028825614,9605074.0,3.583
HUN,2023,22208.6509820466,9592186.0,4.096
HUN,2024,23305.4482514359,9562065.0,4.5
HUN,2025,25907.4743259406,9514251.0,4.521
IBD,1985,862.944689311166,3152581662.0,
IBD,1986,879.140839428233,3212177926.0,
IBD,1987,889.10854643521,3273388723.0,
IBD,1988,932.994545666515,3334875641.0,
IBD,1989,954.464067296265,3395765359.0,
IBD,1990,1053.45072478615,3455533853.0,4.94818008732479
IBD,1991,1005.73004680055,3513390696.0,4.94818008732479
IBD,1992,1034.41259415271,3568890021.0,5.00864134602565
IBD,1993,1084.94374892749,3622924380.0,5.23619365659646
IBD,1994,1179.81975453589,3675872938.0,5.61775478445955
IBD,1995,1337.83553415736,3728290191.0,5.93858823293218
IBD,1996,1440.00849018033,3780446473.0,6.03438037229408
IBD,1997,1506.90776939703,3832391543.0,6.14475484858296
IBD,1998,1428.92524053517,3884078902.0,6.37504928029892
IBD,1999,1374.62300047243,3934521819.0,6.62456222247388
IBD,2000,1477.69267353361,3983328255.0,6.5378671665525
IBD,2001,1481.39214433174,4031080605.0,6.68806846107529
IBD,2002,1487.72265916078,4077229003.0,6.90119517399481
IBD,2003,1652.80727671574,4122775918.0,6.97665523180592
IBD,2004,1947.23507651148,4168676771.0,6.81767500872433
IBD,2005,2300.5584330495,4214082145.0,6.7433312220245
IBD,2006,2700.5584752855,4258827055.0,6.51847415278713
IBD,2007,3321.08172264245,4302067550.0,6.33250535472639
IBD,2008,3945.34608241117,4346234014.0,6.30181703865489
IBD,2009,3790.75249729841,4391389527.0,6.61644359608536
IBD,2010,4561.8882339923,4436714947.0,6.38041154792517
IBD,2011,5343.53397444837,4483152627.0,6.26592646975982
IBD,2012,5618.13811823482,4532100585.0,6.18009390756913
IBD,2013,5846.25966334365,4581958556.0,6.18706162531591
IBD,2014,5950.16216217417,4630607878.0,6.16790791106399
IBD,2015,5546.81934137697,4676773551.0,6.30417535482962
IBD,2016,5535.21577803788,4721566970.0,6.41617806380602
IBD,2017,6053.47287028012,4765773411.0,6.39131744182123
IBD,2018,6392.20731313147,4806981820.0,6.28190637378299
IBD,2019,6474.8042775296,4845075024.0,6.06655916125813
IBD,2020,6189.46595997499,4878296727.0,6.95128407575739
IBD,2021,7312.40590533832,4905212516.0,6.31312953704222
IBD,2022,7679.78639337735,4928196300.0,5.56994264084484
IBD,2023,7892.13359236419,4952209753.0,5.11483631019168
IBD,2024,8186.57476056638,4979670326.0,5.02160062447022
IBD,2025,8599.35834895508,5006926951.0,4.97728646218035
IBT,1985,782.660340827467,3917755734.0,
IBT,1986,782.786069382439,3998473498.0,
IBT,1987,790.653323081828,4081329289.0,
IBT,1988,827.030176671926,4164744262.0,
IBT,1989,841.799632361908,4247963641.0,
IBT,1990,927.838550786246,4330405013.0,4.80295800663217
IBT,1991,893.277467173485,4411294822.0,4.80295800663217
IBT,1992,902.964360597351,4491023184.0,4.86120657901686
IBT,1993,943.632238221337,4570457550.0,5.06310746460889
IBT,1994,1018.02309960695,4648924378.0,5.37943678872026
IBT,1995,1156.83287913201,4727266098.0,5.63094435698265
IBT,1996,1248.05283536482,4805912319.0,5.71148576928971
IBT,1997,1301.14093691898,4884445385.0,5.7948041343638
IBT,1998,1239.94882005864,4962944802.0,5.99453525255224
IBT,1999,1162.82107447661,5040311234.0,6.21177940907711
IBT,2000,1251.89644845646,5116367192.0,6.13816528121627
IBT,2001,1248.9779659314,5191975532.0,6.25511128517531
IBT,2002,1256.74155740893,5266759631.0,6.42004833349401
IBT,2003,1392.51743382731,5341441991.0,6.47146966831216
IBT,2004,1633.26981850024,5416713041.0,6.31917928815113
IBT,2005,1919.85540188438,5492049553.0,6.23544419009254
IBT,2006,2247.88945009061,5567795358.0,6.01942694309996
IBT,2007,2742.89733889853,5643066022.0,5.86213546063134
IBT,2008,3246.16083645656,5719633233.0,5.84641495837857
IBT,2009,3109.97518704155,5797573486.0,6.10349138905202
IBT,2010,3717.27572230721,5876238780.0,5.89357507981921
IBT,2011,4326.07595088347,5956303101.0,5.80496166155309
IBT,2012,4533.14634719975,6038511525.0,5.80125250741964
IBT,2013,4717.03916410479,6119970296.0,5.76329271095437
IBT,2014,4804.51316862211,6201072972.0,5.72458407935885
IBT,2015,4477.24409653758,6280370137.0,5.89281637093057
IBT,2016,4450.00988856601,6359496256.0,5.9532852798488
IBT,2017,4833.02970118676,6439279067.0,5.97437329582885
IBT,2018,5085.0801851085,6517257782.0,5.91052378397874
IBT,2019,5168.03480575859,6593373309.0,5.76754375212112
IBT,2020,4923.39708871472,6665588686.0,6.61408029513375
IBT,2021,5754.17990139813,6731708832.0,6.14426628538333
IBT,2022,6024.32591287554,6793703268.0,5.38688118322023
IBT,2023,6126.38809068241,6857438587.0,4.95229978677743
IBT,2024,6304.3969997243,6925362193.0,4.87492589830662
IBT,2025,6613.2094697403,6993790788.0,4.84350017425836
IDA,1985,441.756024157099,765174072.0,
IDA,1986,389.741864955306,786295572.0,
IDA,1987,392.115702784662,807940566.0,
IDA,1988,402.529844183473,829868621.0,
IDA,1989,393.778570156872,852198282.0,
IDA,1990,432.75805991946,874871160.0,4.10695219284381
IDA,1991,455.440848252384,897904126.0,4.10695219284381
IDA,1992,395.285753593956,922133163.0,4.1634419391715
IDA,1993,404.338000670561,947533170.0,4.25598155506278
IDA,1994,407.473154884272,973051440.0,4.28332395491799
IDA,1995,482.466076552497,998975907.0,4.23083213718091
IDA,1996,542.179389989098,1025465846.0,4.26268902692163
IDA,1997,553.28408384609,1052053842.0,4.24281908464435
IDA,1998,562.035768974593,1078865900.0,4.32588898871647
IDA,1999,409.120311050721,1105789415.0,4.41683561103049
IDA,2000,458.450137815774,1133038937.0,4.41879573758311
IDA,2001,442.155782696439,1160894927.0,4.41300801781456
IDA,2002,465.592286036378,1189530628.0,4.39538296144678
IDA,2003,512.591796853946,1218666073.0,4.36679845445489
IDA,2004,585.169295585171,1248036270.0,4.26095308105496
IDA,2005,664.968624835506,1277967408.0,4.15643920973113
IDA,2006,775.720250575223,1308968303.0,4.0014311767834
IDA,2007,888.098620952193,1340998472.0,3.98489680875933
IDA,2008,1033.53201301258,1373399219.0,4.05687082523928
IDA,2009,983.967184072154,1406183959.0,4.1230776222485
IDA,2010,1114.11982511932,1439523833.0,4.04830534732675
IDA,2011,1229.70549062646,1473150474.0,4.08445007343374
IDA,2012,1268.90303240531,1506410940.0,4.40051440115524
IDA,2013,1352.92860920219,1538011740.0,4.22340373585698
IDA,2014,1426.50032692763,1570465094.0,4.1251730610122
IDA,2015,1357.9051932623,1603596586.0,4.42667989026364
IDA,2016,1321.74768141485,1637929286.0,4.32363603508757
IDA,2017,1357.47789528252,1673505656.0,4.52920643847786
IDA,2018,1411.20738303305,1710275962.0,4.64268643897519
IDA,2019,1546.57261928545,1748298285.0,4.76341458315545
IDA,2020,1467.74475406134,1787291959.0,5.52030439819486
IDA,2021,1569.43031809587,1826496316.0,5.59743166548829
IDA,2022,1651.01916315494,1865506968.0,4.80930057278539
IDA,2023,1536.73358897841,1905228834.0,4.4365457830767
IDA,2024,1487.2803211344,1945691867.0,4.41260437296088
IDA,2025,1608.08422318374,1986863837.0,4.42940600465558
IDB,1985,579.675398817695,257661913.0,
IDB,1986,519.243541042603,265801351.0,
IDB,1987,518.767841753053,274161638.0,
IDB,1988,524.159879819327,282708012.0,
IDB,1989,493.693837000496,291381564.0,
IDB,1990,529.418516423727,300366368.0,3.23945543564595
IDB,1991,549.405337140446,309491517.0,3.23945543564595
IDB,1992,519.434174296556,318337815.0,3.31106342065644
IDB,1993,535.686222828689,327140314.0,3.53024916447056
IDB,1994,568.239663876701,336096421.0,3.65543950397293
IDB,1995,774.076600795021,345327214.0,3.69403538353833
IDB,1996,925.698418754674,354861820.0,3.79689239249563
IDB,1997,943.89510994302,364489851.0,3.77455453239581
IDB,1998,964.268672872189,374262946.0,3.89184762940828
IDB,1999,530.021605991589,384018319.0,3.91434730814139
IDB,2000,619.821306061985,394129957.0,3.82333592364451
IDB,2001,602.892871771324,404662385.0,3.72882194919706
IDB,2002,644.972024028045,414935066.0,3.53946096491474
IDB,2003,712.277506392089,425311302.0,3.42217572676054
IDB,2004,837.139763788514,436147454.0,3.27695586964826
IDB,2005,957.944483664019,447132945.0,3.2286448044491
IDB,2006,1148.89181901573,458394453.0,3.13594252329219
IDB,2007,1296.2173611862,470476526.0,3.01249783655869
IDB,2008,1479.93269655131,482975881.0,3.04378002820466
IDB,2009,1350.16810895914,495610570.0,3.09853098089253
IDB,2010,1546.66486887393,508422508.0,3.14320402026914
IDB,2011,1719.51377446132,520984443.0,3.19533203358853
IDB,2012,1858.79619423645,532980174.0,4.08486021677751
IDB,2013,1985.51999918718,544442648.0,3.70433029886193
IDB,2014,2113.88702279641,555868551.0,3.3801313878636
IDB,2015,1967.8941145813,567234056.0,4.00215322009935
IDB,2016,1810.82104602308,578463670.0,3.73137542358032
IDB,2017,1808.86674135882,590024074.0,4.34851254345894
IDB,2018,1873.7385939606,601951913.0,4.76275439835545
IDB,2019,2210.55539131628,614017319.0,5.0804070213856
IDB,2020,2014.81189013082,626440308.0,5.79415278844651
IDB,2021,2148.31628647273,639196319.0,5.813781237265
IDB,2022,2241.22931753571,651895919.0,4.7445653467311
IDB,2023,1922.68195677238,664395892.0,4.36958257524396
IDB,2024,1658.96290902751,676957651.0,4.43949809013088
IDB,2025,1841.20446420685,689783382.0,4.42715825954522
IDN,1985,511.400883618027,166776185.0,
IDN,1986,469.834241253429,170175065.0,
IDN,1987,437.60655039936,173511154.0,
IDN,1988,476.662483405818,176855065.0,
IDN,1989,524.143027322576,180201630.0,
IDN,1990,578.420121135382,183501098.0,2.617
IDN,1991,624.387495384411,186778238.0,2.617
IDN,1992,673.67103954742,190043744.0,2.734
IDN,1993,817.395116417856,193305168.0,2.782
IDN,1994,899.793982949817,196591828.0,4.366
IDN,1995,1011.22614205568,199888057.0,4.611
IDN,1996,1118.92133024129,203204348.0,4.861
IDN,1997,1044.60674832472,206536095.0,4.684
IDN,1998,454.877800792123,209826788.0,5.459
IDN,1999,657.268934667018,213004668.0,6.358
IDN,2000,763.711124950924,216077790.0,6.077
IDN,2001,732.307093405708,219097902.0,6.082
IDN,2002,881.002913569131,222088495.0,6.604
IDN,2003,1043.2105838671,225048008.0,6.657
IDN,2004,1126.84004447173,227926649.0,7.303
IDN,2005,1238.21447629488,230871650.0,7.945
IDN,2006,1558.31562847163,233951652.0,7.551
IDN,2007,1823.21976255073,237062337.0,8.06
IDN,2008,2124.55483920618,240157903.0,7.208
IDN,2009,2218.48541852977,243220028.0,6.106
IDN,2010,3065.68348377765,246305322.0,5.614
IDN,2011,3579.46442466152,249470032.0,5.153
IDN,2012,3632.27254030331,252698525.0,4.468
IDN,2013,3566.60284506078,255852467.0,4.336
IDN,2014,3441.06808464008,258877399.0,4.049
IDN,2015,3288.22269725538,261799249.0,4.514
IDN,2016,3521.46943457574,264627418.0,4.301
IDN,2017,3798.88326174526,267346658.0,3.783
IDN,2018,3860.95353090726,269951846.0,4.387
IDN,2019,4106.94856160358,272489381.0,3.59
IDN,2020,3853.70288774146,274814866.0,4.255
IDN,2021,4287.17313995098,276758053.0,3.827
IDN,2022,4730.83484836107,278830529.0,3.462
IDN,2023,4876.2992959843,281190067.0,3.308
IDN,2024,4925.43644992666,283487931.0,3.301
IDN,2025,5059.62596411213,285721236.0,3.237
IDX,1985,371.128029491811,507512159.0,
IDX,1986,322.594473666495,520494221.0,
IDX,1987,326.122328598705,533778928.0,
IDX,1988,339.246461355546,547160609.0,
IDX,1989,342.887489750185,560816718.0,
IDX,1990,384.274460421494,574504792.0,4.5538366153913
IDX,1991,408.36749317152,588412609.0,4.5538366153913
IDX,1992,330.839597372872,603795348.0,4.6045389592349
IDX,1993,336.008982483225,620392856.0,4.63100459582108
IDX,1994,322.939159286334,636955019.0,4.60835780229788
IDX,1995,326.466238897902,653648693.0,4.50786196999695
IDX,1996,335.77328583852,670604026.0,4.50463277928782
IDX,1997,342.673098732758,687563991.0,4.48812474892138
IDX,1998,344.631431908226,704602954.0,4.55306281554256
IDX,1999,345.941493745268,721771096.0,4.68079961939734
IDX,2000,373.051251961926,738908980.0,4.73287488547404
IDX,2001,356.699060688205,756232542.0,4.77529106040507
IDX,2002,369.922434331718,774595562.0,4.84933668416053
IDX,2003,405.965046031424,793354771.0,4.86883782766902
IDX,2004,449.904326574615,811888816.0,4.7859524360758
IDX,2005,507.282797445149,830834463.0,4.6516678563648
IDX,2006,574.088143326774,850573850.0,4.46410290906953
IDX,2007,667.193009421069,870521946.0,4.50752544150733
IDX,2008,791.399137322918,890423338.0,4.60439548603495
IDX,2009,784.649862360077,910573389.0,4.6806678937123
IDX,2010,877.931098861538,931101325.0,4.54322123586762
IDX,2011,961.703390548921,952166031.0,4.57016379793951
IDX,2012,945.920267718204,973430766.0,4.57527350048646
IDX,2013,1006.28967463937,993569092.0,4.51023719758888
IDX,2014,1049.90073249233,1014596543.0,4.53885193995517
IDX,2015,1024.03892548547,1036362530.0,4.66516707695412
IDX,2016,1054.71572764683,1059465616.0,4.65649793185176
IDX,2017,1111.6681922431,1083481582.0,4.63010594547981
IDX,2018,1159.99786764696,1108324049.0,4.57603095021492
IDX,2019,1187.14057928369,1134280966.0,4.58715903592676
IDX,2020,1172.52623503626,1160851651.0,5.36883540058505
IDX,2021,1257.78054041357,1187299997.0,5.4758211874645
IDX,2022,1333.98547158611,1213611049.0,4.84575036237372
IDX,2023,1330.08005697828,1240832942.0,4.47548995238531
IDX,2024,1395.67575971244,1268734216.0,4.3967369419449
IDX,2025,1484.11159862857,1297080455.0,4.43073240687791
IMN,1985,3980.23093051439,64401.0,
IMN,1986,5507.18003873984,64695.0,
IMN,1987,7012.1421130624,65597.0,
IMN,1988,8768.79053218172,66680.0,
IMN,1989,9110.77499886082,67790.0,
IMN,1990,11049.8949396235,68916.0,
IMN,1991,11768.1058977186,69808.0,
IMN,1992,12150.8545456352,70353.0,
IMN,1993,10818.5139663414,70772.0,
IMN,1994,11708.2857474351,71168.0,
IMN,1995,12896.5252829716,71513.0,
IMN,1996,13979.8454930411,72047.0,
IMN,1997,16160.7112518361,72909.0,
IMN,1998,18753.1202301034,73861.0,
IMN,1999,21042.1461816648,74790.0,
IMN,2000,21161.3963073772,75659.0,
IMN,2001,21819.7123825606,76476.0,
IMN,2002,24471.0798814847,77275.0,
IMN,2003,28861.6178062918,78049.0,
IMN,2004,35564.6023910146,78792.0,
IMN,2005,38135.8597885858,79516.0,
IMN,2006,42627.5089352891,80294.0,
IMN,2007,55040.2437046236,81147.0,
IMN,2008,72276.7741329461,82029.0,
IMN,2009,66156.105656847,82939.0,
IMN,2010,70587.3140283741,83873.0,
IMN,2011,77808.8579649376,84382.0,
IMN,2012,79329.2034347434,84335.0,
IMN,2013,83207.6588430451,84141.0,
IMN,2014,91885.4528718026,83892.0,
IMN,2015,84753.5187422732,83593.0,
IMN,2016,82025.9454509241,83466.0,
IMN,2017,83481.3038489014,83609.0,
IMN,2018,89393.8244248812,83805.0,
IMN,2019,87127.5517977404,83957.0,
IMN,2020,79513.5330346598,84064.0,
IMN,2021,94299.969348965,84106.0,
IMN,2022,88328.548125887,84132.0,
IMN,2023,90015.2074234398,84165.0,
IMN,2024,,84160.0,
IMN,2025,77016.31009169896,84118.0,
IND,1985,300.928258576378,772647793.0,
IND,1986,314.897116402542,790689978.0,
IND,1987,344.941028293075,808931270.0,
IND,1988,358.484539641693,827342990.0,
IND,1989,349.915155021864,846039529.0,
IND,1990,371.085936203765,864972221.0,7.641
IND,1991,305.574055928592,883927600.0,7.641
IND,1992,319.182472626315,902957070.0,7.649
IND,1993,302.884806246174,922118387.0,7.662
IND,1994,347.73421473994,941163767.0,7.593
IND,1995,375.17600537305,960301044.0,7.57
IND,1996,401.046754673579,979678458.0,7.537
IND,1997,416.228116203753,999133762.0,7.574
IND,1998,413.630864056851,1018665080.0,7.596
IND,1999,441.927991436397,1038225823.0,7.583
IND,2000,442.750218937263,1057922733.0,7.589
IND,2001,450.357900514128,1077898575.0,7.611
IND,2002,469.149928973927,1097600380.0,7.681
IND,2003,544.143133545002,1116803006.0,7.633
IND,2004,624.258826510066,1135991513.0,7.598
IND,2005,710.488080408949,1154676322.0,7.551
IND,2006,801.668353659022,1172878890.0,7.553
IND,2007,1021.88707706826,1190676021.0,7.562
IND,2008,992.519584923828,1207930964.0,7.629
IND,2009,1094.94974598436,1225524753.0,7.636
IND,2010,1347.51939071367,1243481564.0,7.631
IND,2011,1445.46127486037,1261224954.0,7.609
IND,2012,1429.32199520032,1278674502.0,7.645
IND,2013,1432.84397512195,1295829511.0,7.678
IND,2014,1553.88396075118,1312277191.0,7.656
IND,2015,1583.99815907985,1328024498.0,7.629
IND,2016,1707.50892912243,1343944296.0,7.611
IND,2017,1950.10468280866,1359657400.0,7.626
IND,2018,1966.25455171679,1374659064.0,7.652
IND,2019,2041.42863698585,1389030312.0,6.51
IND,2020,1907.04251637669,1402617695.0,7.859
IND,2021,2239.61384367482,1414203896.0,6.38
IND,2022,2279.98145719369,1425423212.0,4.822
IND,2023,2434.44826340989,1438069596.0,4.172
IND,2024,2591.9916607122,1450935791.0,4.173
IND,2025,2702.47987141553,1463865525.0,4.219
IRL,1985,6011.7355464232,3538082.0,
IRL,1986,8112.17136316453,3539690.0,
IRL,1987,9581.91308572415,3540057.0,
IRL,1988,10715.8702780539,3524949.0,
IRL,1989,11175.816603647,3511009.0,
IRL,1990,14031.3025675469,3513974.0,15.771
IRL,1991,14087.2074393708,3534235.0,15.771
IRL,1992,15714.3847487231,3558430.0,15.021
IRL,1993,14657.0615549805,3576261.0,15.571
IRL,1994,15902.9296755168,3590386.0,14.544
IRL,1995,19158.4564773907,3608841.0,11.97
IRL,1996,20835.8977130847,3637510.0,11.692
IRL,1997,22551.1139134126,3674171.0,10.191
IRL,1998,24294.8547674007,3712696.0,7.699
IRL,1999,26338.1077543817,3754786.0,5.804
IRL,2000,26334.5672050501,3805174.0,4.318
IRL,2001,28282.409882073,3866243.0,3.684
IRL,2002,32705.4345565698,3931947.0,4.216
IRL,2003,41203.5295847568,3996521.0,4.478
IRL,2004,47754.2023194244,4070262.0,4.491
IRL,2005,50933.0216095589,4159914.0,4.237
IRL,2006,54329.1618599624,4273591.0,4.355
IRL,2007,61396.417461176,4398942.0,4.98
IRL,2008,61353.1065629523,4489544.0,6.774
IRL,2009,52133.0906162544,4535375.0,12.609
IRL,2010,48623.9666422487,4560155.0,14.534
IRL,2011,52613.8540355689,4580084.0,15.354
IRL,2012,49335.8408099555,4599533.0,15.451
IRL,2013,52537.6108648692,4623816.0,13.735
IRL,2014,57214.5379785709,4657740.0,11.858
IRL,2015,64250.1385181257,4701957.0,9.908
IRL,2016,64129.5571542383,4762722.0,8.374
IRL,2017,72161.4047531385,4827445.0,6.713
IRL,2018,80804.1123164826,4898022.0,5.741
IRL,2019,81827.6688873996,4976456.0,4.95
IRL,2020,86514.0706108754,5039747.0,5.623
IRL,2021,103783.446284479,5110585.0,6.357
IRL,2022,105190.685952731,5212836.0,4.465
IRL,2023,106818.917130804,5311538.0,4.243
IRL,2024,112894.953240805,5395790.0,4.3
IRL,2025,131592.462547877,5484367.0,4.632
IRN,1985,3634.03209560745,49582289.0,
IRN,1986,4064.34667297515,51446045.0,
IRN,1987,2513.15111564745,53323493.0,
IRN,1988,2234.46235141335,55072694.0,
IRN,1989,2124.97214820344,56704914.0,
IRN,1990,2137.94222739877,58380092.0,11.1
IRN,1991,2194.43906803657,59986931.0,11.1
IRN,1992,1957.48507794252,61184983.0,10.653
IRN,1993,1038.10985682067,61403543.0,10.573
IRN,1994,1167.76272513795,61520598.0,10.458
IRN,1995,1550.0095955025,62205567.0,9.904
IRN,1996,1914.78121294313,62881300.0,9.1
IRN,1997,1790.06617575598,63639638.0,9.68
IRN,1998,1709.19334096046,64519859.0,10.358
IRN,1999,1739.59462001458,65445391.0,11.176
IRN,2000,1650.01385833785,66418659.0,11.698
IRN,2001,1881.02266635283,67452005.0,12.362
IRN,2002,1891.25756091033,68011317.0,12.8
IRN,2003,2208.99636552406,68769340.0,11.529
IRN,2004,2672.4226651404,70256316.0,10.3
IRN,2005,3132.0508192007,71828455.0,11.813
IRN,2006,3618.91601364428,73392747.0,11.519
IRN,2007,4687.99166260718,74602648.0,10.772
IRN,2008,5377.4115072957,75514204.0,10.63
IRN,2009,5415.52280553446,76457825.0,12.113
IRN,2010,6291.19443655454,77420842.0,13.679
IRN,2011,8025.68743364356,78383598.0,12.491
IRN,2012,8114.08099831877,79370580.0,12.275
IRN,2013,6222.74194840326,80414686.0,10.595
IRN,2014,5672.06372896319,81502045.0,10.68
IRN,2015,4952.73355532178,82619362.0,11.166
IRN,2016,5710.59947089104,83812228.0,12.618
IRN,2017,6000.93346404409,85026754.0,12.232
IRN,2018,4783.01067340237,86117998.0,12.195
IRN,2019,3997.4935449585,87051648.0,10.74
IRN,2020,3202.50003502169,87723443.0,9.687
IRN,2021,4605.14881318992,88455488.0,9.282
IRN,2022,4721.20437099984,89524246.0,9.085
IRN,2023,5049.29931642754,90608707.0,8.129
IRN,2024,5190.16959024821,91567738.0,8.146
IRN,2025,3924.38017821898,92417681.0,8.301
IRQ,1985,3087.66394151806,15683430.0,
IRQ,1986,2940.40623181091,16074145.0,
IRQ,1987,3436.4763126353,16521049.0,
IRQ,1988,3707.20841763297,16908819.0,
IRQ,1989,3791.17027583399,17364542.0,
IRQ,1990,10261.4157706888,17581206.0,8.639
IRQ,1991,22.9521327615352,17767253.0,8.639
IRQ,1992,30.2539012636825,18300845.0,8.346
IRQ,1993,53.7437842348819,19201195.0,8.36
IRQ,1994,198.182101881974,20139807.0,8.221
IRQ,1995,619.135530927038,20825860.0,8.431
IRQ,1996,485.258492784825,21501321.0,8.516
IRQ,1997,936.341170908421,22176593.0,8.269
IRQ,1998,900.937142559106,22884399.0,8.064
IRQ,1999,1560.36466710272,23636527.0,7.979
IRQ,2000,1980.18916038782,24424056.0,8.038
IRQ,2001,1435.695683789,25197840.0,8.249
IRQ,2002,1266.15961275094,26006559.0,8.619
IRQ,2003,817.887862499622,26802659.0,8.959
IRQ,2004,1328.37157628292,27577878.0,8.715
IRQ,2005,1762.39360423421,28407448.0,8.57
IRQ,2006,2276.55435744086,28616515.0,8.411
IRQ,2007,3128.99010329066,28391607.0,8.646
IRQ,2008,4542.96609046032,28971036.0,8.466
IRQ,2009,3714.71205987194,30058206.0,8.415
IRQ,2010,4461.75196161555,31045366.0,8.267
IRQ,2011,5775.54229080293,32161424.0,8.193
IRQ,2012,6477.59618450955,33654842.0,7.965
IRQ,2013,6650.35282247395,35281989.0,9.222
IRQ,2014,6249.39226978969,36550059.0,10.59
IRQ,2015,4440.14189252367,37560535.0,10.865
IRQ,2016,4334.42096404188,38469627.0,10.82
IRQ,2017,4759.2846435467,39337353.0,13.02
IRQ,2018,5646.68932074742,40265624.0,13.458
IRQ,2019,5671.8568632942,41192171.0,14.096
IRQ,2020,4295.18945121228,42116605.0,15.766
IRQ,2021,4868.49431080783,43071211.0,16.173
IRQ,2022,6520.73154560584,44070551.0,15.41
IRQ,2023,5965.31835077761,45074049.0,15.239
IRQ,2024,6073.61032342708,46042015.0,15.293
IRQ,2025,5409.67899716967,47020774.0,15.485
ISL,1985,12793.2725790514,241405.0,
ISL,1986,16979.5217287811,243180.0,
ISL,1987,23238.0398336304,245859.0,
ISL,1988,25306.6926061001,249740.0,
ISL,1989,23218.5398304599,252852.0,
ISL,1990,26272.2452156659,254826.0,2.548
ISL,1991,27739.8886025504,257797.0,2.548
ISL,1992,28072.4041083276,261057.0,4.305
ISL,1993,24404.0275812365,263725.0,5.257
ISL,1994,24858.2031335605,266021.0,5.326
ISL,1995,27564.569102386,267468.0,5.196
ISL,1996,28583.5208959793,268916.0,3.6
ISL,1997,28461.7664095122,271128.0,3.72
ISL,1998,31519.1647473126,274047.0,3.069
ISL,1999,32834.4215745364,277381.0,2.178
ISL,2000,32503.578963236,281205.0,1.936
ISL,2001,29208.1981853568,284968.0,1.874
ISL,2002,32749.379004627,287523.0,2.988
ISL,2003,39944.2104095591,289521.0,3.997
ISL,2004,47809.6073050042,292074.0,4.031
ISL,2005,57783.7745608117,296734.0,2.547
ISL,2006,58172.1426656622,303782.0,2.83
ISL,2007,70483.0117228535,311566.0,2.251
ISL,2008,57489.3399795216,317414.0,2.946
ISL,2009,41483.7843682814,318499.0,7.22
ISL,2010,43776.4677400475,318041.0,7.564
ISL,2011,48254.953927254,319014.0,7.028
ISL,2012,46594.9869146614,320716.0,6.0
ISL,2013,50173.3360061057,323764.0,5.376
ISL,2014,55140.364935793,327386.0,4.897
ISL,2015,53505.6964079339,330815.0,3.979
ISL,2016,62854.0906407932,335439.0,2.978
ISL,2017,72976.3729990975,343400.0,2.742
ISL,2018,75633.8651351915,352721.0,2.704
ISL,2019,69296.3144361601,360563.0,3.507
ISL,2020,60127.9393575616,366463.0,5.478
ISL,2021,70425.4064277273,372520.0,6.029
ISL,2022,76376.9599334915,382003.0,3.789
ISL,2023,82201.2908518078,385663.0,3.518
ISL,2024,85863.1479330343,386506.0,3.6
ISL,2025,98323.4849517418,392404.0,3.625
ISR,1985,6824.45042270889,4233000.0,
ISR,1986,8330.3190555308,4299000.0,
ISR,1987,9847.32839673896,4369000.0,
ISR,1988,11845.6681707365,4442000.0,
ISR,1989,11600.5127462448,4518000.0,
ISR,1990,13300.0985026479,4660000.0,13.387
ISR,1991,14337.2280625182,4949000.0,13.387
ISR,1992,15500.4201495689,5123000.0,14.08
ISR,1993,15169.4731267116,5261000.0,12.741
ISR,1994,16796.463811535,5399000.0,9.934
ISR,1995,19013.94330229,5545000.0,8.782
ISR,1996,20212.9229756617,5692000.0,8.455
ISR,1997,20457.3857209047,5836000.0,9.751
ISR,1998,20175.625397054,5971000.0,10.749
ISR,1999,19808.8555169876,6125000.0,11.183
ISR,2000,21690.237340061,6289000.0,11.102
ISR,2001,20948.7745727671,6439000.0,11.812
ISR,2002,19058.7462869465,6570000.0,12.888
ISR,2003,19624.0321412582,6689700.0,13.505
ISR,2004,20550.0694706176,6809000.0,13.029
ISR,2005,21261.7474251846,6930100.0,11.342
ISR,2006,22499.7541717986,7053700.0,10.707
ISR,2007,25688.901610248,7180100.0,9.379
ISR,2008,30231.0191013609,7308800.0,7.704
ISR,2009,28469.6817348489,7485600.0,9.534
ISR,2010,31398.9266927022,7623600.0,8.48
ISR,2011,34476.7252065949,7765800.0,7.139
ISR,2012,33268.7066672115,7910500.0,6.762
ISR,2013,36980.622214228,8059500.0,6.137
ISR,2014,38265.3651949373,8215700.0,5.789
ISR,2015,36138.13561386,8380100.0,5.176
ISR,2016,37571.2561196275,8546000.0,4.723
ISR,2017,41013.2575323519,8713300.0,4.14
ISR,2018,42269.3770257585,8882800.0,3.917
ISR,2019,44091.8678022544,9054000.0,3.731
ISR,2020,44590.8237253282,9215100.0,4.169
ISR,2021,52258.4693499398,9371400.0,4.812
ISR,2022,54947.2091250715,9557500.0,3.695
ISR,2023,52126.4489280033,9849000.0,3.371
ISR,2024,54216.5218142787,10002200.0,3.595
ISR,2025,60336.8477964194,10122800.0,3.489
ITA,1985,8009.10347642127,56593071.0,
ITA,1986,11341.0939892903,56596155.0,
ITA,1987,14267.5368168757,56601931.0,
ITA,1988,15780.9495122174,56629288.0,
ITA,1989,16424.4301587005,56671781.0,
ITA,1990,20873.7834092719,56719240.0,10.097
ITA,1991,22007.1350964074,56758521.0,10.097
ITA,1992,23297.0460325456,56797087.0,9.321
ITA,1993,18781.9529427137,56831821.0,10.212
ITA,1994,19382.2002150155,56843400.0,11.086
ITA,1995,20712.1798690324,56844303.0,11.661
ITA,1996,23122.9337219116,56860281.0,11.864
ITA,1997,21883.9872666651,56890372.0,11.985
ITA,1998,22365.1837644545,56906744.0,12.117
ITA,1999,22049.9990620261,56916317.0,11.681
ITA,2000,20190.0035636084,56942108.0,10.834
ITA,2001,20570.4385917862,56976981.0,9.599
ITA,2002,22451.3964379368,57089824.0,9.211
ITA,2003,27577.5700319855,57399184.0,8.869
ITA,2004,31348.1901841445,57828179.0,7.866
ITA,2005,32062.723833669,58166682.0,7.73
ITA,2006,33537.1286994269,58399861.0,6.777
ITA,2007,37826.1754554823,58756247.0,6.076
ITA,2008,40828.5795580937,59211181.0,6.723
ITA,2009,37099.6133958219,59555454.0,7.749
ITA,2010,35856.8625485539,59819407.0,8.363
ITA,2011,38432.3742820019,60026841.0,8.359
ITA,2012,34854.3949441965,60191247.0,10.655
ITA,2013,35701.6746002376,60311613.0,12.149
ITA,2014,36028.3494022349,60320707.0,12.683
ITA,2015,30639.8829751432,60229605.0,11.896
ITA,2016,31391.5692898108,60115223.0,11.688
ITA,2017,32844.115660604,60002252.0,11.211
ITA,2018,35062.3364176949,59877221.0,10.538
ITA,2019,33812.788724868,59729081.0,9.884
ITA,2020,32091.4866621366,59438851.0,9.192
ITA,2021,36852.5425414951,59133173.0,9.497
ITA,2022,35653.9042103495,59013667.0,8.069
ITA,2023,39279.699782164,58984216.0,7.627
ITA,2024,40429.6224047352,58952704.0,6.5
ITA,2025,43308.6403060733,58915656.0,6.391
JAM,1985,916.872292838674,2290656.0,
JAM,1986,1191.34976782142,2312125.0,
JAM,1987,1410.84598702428,2329813.0,
JAM,1988,1632.01481656159,2345777.0,
JAM,1989,1864.98497550062,2361916.0,
JAM,1990,1929.59891905857,2379877.0,6.233
JAM,1991,1710.30058243722,2400869.0,6.233
JAM,1992,1458.10146892635,2424701.0,6.383
JAM,1993,2220.51518327186,2449916.0,6.235
JAM,1994,2202.85831038471,2475220.0,6.335
JAM,1995,2630.84935382822,2500151.0,6.325
JAM,1996,2928.89692611996,2524463.0,6.611
JAM,1997,3296.91634805083,2547848.0,6.693
JAM,1998,3419.49352868739,2569736.0,6.846
JAM,1999,3431.56813468335,2589795.0,6.813
JAM,2000,3453.09252800226,2607826.0,6.752
JAM,2001,3503.55026688858,2624403.0,6.641
JAM,2002,3680.64551727724,2640572.0,6.616
JAM,2003,3549.70758394618,2656623.0,6.534
JAM,2004,3807.56293124552,2672225.0,6.539
JAM,2005,4184.43974867497,2687066.0,6.577
JAM,2006,4417.00127135363,2700968.0,6.605
JAM,2007,4716.48612542727,2713800.0,6.607
JAM,2008,5029.80095281745,2725635.0,6.666
JAM,2009,4428.38153333557,2736995.0,7.314
JAM,2010,4809.977380312,2748568.0,7.63
JAM,2011,5232.63644918132,2760494.0,8.034
JAM,2012,5340.83333232158,2772430.0,8.695
JAM,2013,5124.21301411137,2783687.0,9.698
JAM,2014,4975.11325459872,2793749.0,9.046
JAM,2015,5339.30718256806,2802534.0,8.825
JAM,2016,5302.29553353854,2809915.0,8.634
JAM,2017,5605.43541173019,2815764.0,7.399
JAM,2018,5976.90362644337,2820097.0,5.47
JAM,2019,6030.68896415921,2823271.0,4.987
JAM,2020,5299.04530804283,2830739.0,6.501
JAM,2021,5625.67806271236,2837682.0,5.188
JAM,2022,6626.47502388538,2839144.0,4.083
JAM,2023,7542.39855849054,2839786.0,3.022
JAM,2024,7753.8119527678,2839175.0,3.151
JAM,2025,8002.92104076242,2837077.0,3.286
JOR,1985,1797.02877146361,2778810.0,
JOR,1986,2200.10278230881,2909887.0,
JOR,1987,2216.87045179385,3047634.0,
JOR,1988,1965.98031813995,3193039.0,
JOR,1989,1260.2518650001,3349627.0,
JOR,1990,1148.59005469899,3621908.0,21.439
JOR,1991,1109.65564611997,3915149.0,21.439
JOR,1992,1286.6347360596,4127693.0,19.947
JOR,1993,1289.4145431007,4348020.0,19.7
JOR,1994,1367.18721776691,4561406.0,16.894
JOR,1995,1415.71151592128,4752096.0,14.6
JOR,1996,1410.17424189419,4912516.0,13.7
JOR,1997,1435.87593846863,5046285.0,13.74
JOR,1998,1532.11380395602,5164284.0,13.841
JOR,1999,1544.58750592979,5276444.0,13.763
JOR,2000,1570.61002940477,5386945.0,13.7
JOR,2001,1632.29454010563,5498894.0,14.7
JOR,2002,1706.26744384401,5616066.0,15.3
JOR,2003,1775.67625581432,5741828.0,14.5
JOR,2004,1940.08641342805,5882061.0,14.626
JOR,2005,2087.87079273635,6029587.0,14.8
JOR,2006,2342.63459574933,6427371.0,14.0
JOR,2007,2506.20599484139,6827227.0,13.1
JOR,2008,3669.83012701745,6989866.0,12.7
JOR,2009,3845.34388086274,7141753.0,12.9
JOR,2010,4139.04283161368,7297043.0,12.5
JOR,2011,4363.42800211536,7480424.0,12.9
JOR,2012,4593.83609729005,7587127.0,12.2
JOR,2013,4739.02253641778,7991809.0,12.6
JOR,2014,4610.60460269382,8791710.0,11.9
JOR,2015,4441.61896013754,9544729.0,13.075
JOR,2016,4366.06999647268,10006367.0,15.275
JOR,2017,4449.34618076611,10234226.0,18.12
JOR,2018,4533.97658437205,10462306.0,18.257
JOR,2019,4557.79334729121,10671891.0,16.801
JOR,2020,4411.48321838396,10865228.0,19.213
JOR,2021,4581.71967230365,11066356.0,19.837
JOR,2022,4754.41362207378,11256263.0,18.2
JOR,2023,4906.23543006639,11439213.0,16.62
JOR,2024,5073.92103605892,11552876.0,16.693
JOR,2025,5347.77731384797,11520684.0,16.535
JPN,1985,12058.1469373485,120837000.0,
JPN,1986,17819.3400779496,121482000.0,
JPN,1987,21586.9260294922,122069000.0,
JPN,1988,26036.864097278,122578000.0,
JPN,1989,25798.0054757546,123069000.0,
JPN,1990,26344.7273187725,123478000.0,2.059
JPN,1991,30048.1401766828,123964000.0,2.059
JPN,1992,32666.5024513195,124425000.0,2.158
JPN,1993,37110.6114371751,124829000.0,2.539
JPN,1994,40774.4450809919,125178000.0,2.89
JPN,1995,44947.4763611465,125472000.0,3.15
JPN,1996,39929.7185750327,125757000.0,3.383
JPN,1997,36331.0311480645,126057000.0,3.374
JPN,1998,32835.1192750829,126400000.0,4.078
JPN,1999,37028.7168989208,126631000.0,4.677
JPN,2000,39752.937397755,126843000.0,4.748
JPN,2001,34910.166403687,127149000.0,5.02
JPN,2002,33315.9165174962,127445000.0,5.386
JPN,2003,35808.6816792388,127718000.0,5.251
JPN,2004,38677.5708064787,127761000.0,4.734
JPN,2005,38158.6758263963,127773000.0,4.446
JPN,2006,36354.4271646349,127854000.0,4.192
JPN,2007,36129.9535132925,128001000.0,3.888
JPN,2008,40294.2081309702,128063000.0,4.002
JPN,2009,41678.1783063195,128047000.0,5.068
JPN,2010,45378.1378109399,128070000.0,5.102
JPN,2011,49122.077634247,127833000.0,4.55
JPN,2012,49626.6830327571,127629000.0,4.358
JPN,2013,41369.1948479498,127445000.0,4.038
JPN,2014,39172.8471161948,127276000.0,3.589
JPN,2015,35664.6446110613,127141000.0,3.385
JPN,2016,40214.9688631562,127076000.0,3.132
JPN,2017,39679.8635262948,126972000.0,2.822
JPN,2018,40645.478086519,126811000.0,2.467
JPN,2019,41424.8655601543,126633000.0,2.351
JPN,2020,41098.9739004553,126261000.0,2.809
JPN,2021,41580.739040705,125681593.0,2.808
JPN,2022,35548.2645222433,125124989.0,2.614
JPN,2023,35215.003535366,124516650.0,2.6
JPN,2024,33797.1014287876,123975371.0,2.5
JPN,2025,35951.0449549304,123366734.0,2.451
KAZ,1985,,16031090.0,
KAZ,1986,,16262702.0,
KAZ,1987,,16527715.0,
KAZ,1988,,16781168.0,
KAZ,1989,,16997013.0,
KAZ,1990,1570.00883112591,17154054.0,0.9
KAZ,1991,1442.42455540825,17278600.0,0.9
KAZ,1992,1437.59848100913,17332625.0,1.0
KAZ,1993,1355.13493859139,17274487.0,1.11
KAZ,1994,1246.83633018218,17043771.0,7.54
KAZ,1995,1217.79138769863,16730536.0,10.98
KAZ,1996,1281.39152895397,16416027.0,12.96
KAZ,1997,1381.63593295187,16043251.0,13.01
KAZ,1998,1414.59289652597,15647785.0,13.13
KAZ,1999,1091.54727722159,15455874.0,13.46
KAZ,2000,1180.0444563226,15501103.0,12.75
KAZ,2001,1422.27331810957,15575550.0,10.43
KAZ,2002,1573.55219932325,15656677.0,9.33
KAZ,2003,1958.02050246511,15747380.0,8.78
KAZ,2004,2722.47407755402,15850159.0,8.4
KAZ,2005,3577.35804001782,15968117.0,8.13
KAZ,2006,5030.13494711519,16103716.0,7.79
KAZ,2007,6449.43931096532,16257214.0,7.26
KAZ,2008,8123.54705891736,16426525.0,6.63
KAZ,2009,6938.01175663001,16619846.0,6.55
KAZ,2010,8793.07589980782,16836810.0,5.77
KAZ,2011,11287.1464926039,17066002.0,5.39
KAZ,2012,12018.7966527993,17306106.0,5.29
KAZ,2013,13478.459627612,17556502.0,5.2
KAZ,2014,12427.7094576939,17816285.0,5.06
KAZ,2015,10196.1226255982,18084169.0,4.93
KAZ,2016,7475.56688689424,18363600.0,4.96
KAZ,2017,8943.08416791984,18651931.0,4.9
KAZ,2018,9472.48527327758,18932727.0,4.85
KAZ,2019,9457.12614657136,19209555.0,4.8
KAZ,2020,8781.50797787648,19482117.0,4.89
KAZ,2021,9983.60103576902,19743603.0,5.568
KAZ,2022,11255.3396437881,20034609.0,4.86
KAZ,2023,12879.4275257974,20330104.0,4.835
KAZ,2024,14154.6324958076,20592571.0,4.833
KAZ,2025,14692.1331757237,20843754.0,4.771
KEN,1985,319.503611010714,19201768.0,
KEN,1986,363.745117772717,19901646.0,
KEN,1987,386.630929992512,20616096.0,
KEN,1988,391.238771204282,21356219.0,
KEN,1989,374.489193682103,22118434.0,
KEN,1990,374.458992895562,22892651.0,2.78
KEN,1991,344.722642127742,23646514.0,2.78
KEN,1992,336.68139978696,24382460.0,2.894
KEN,1993,228.998032843434,25117188.0,2.979
KEN,1994,276.447871981244,25857130.0,2.955
KEN,1995,340.064842175429,26601751.0,2.848
KEN,1996,440.527078880876,27344211.0,2.773
KEN,1997,466.723814611399,28101768.0,2.818
KEN,1998,487.883239905452,28888057.0,2.843
KEN,1999,433.721235701305,29733408.0,2.884
KEN,2000,414.626365130846,30642890.0,2.884
KEN,2001,410.700452474814,31619170.0,2.876
KEN,2002,402.936385605382,32629808.0,2.916
KEN,2003,442.898457253405,33652223.0,2.869
KEN,2004,463.662781300121,34713455.0,2.844
KEN,2005,523.456312433863,35796484.0,2.739
KEN,2006,699.80237063381,36904008.0,2.673
KEN,2007,840.201439476765,38036349.0,2.642
KEN,2008,915.54435473604,39206351.0,2.751
KEN,2009,1047.9678324485,40408891.0,2.816
KEN,2010,1091.51873101194,41598567.0,2.793
KEN,2011,1096.14499807675,42758461.0,2.699
KEN,2012,1285.00536171512,43888303.0,2.678
KEN,2013,1370.87885214659,44986791.0,2.762
KEN,2014,1482.81566253497,46051440.0,2.767
KEN,2015,1489.11959777284,47088526.0,2.762
KEN,2016,1554.12610314423,48139687.0,2.757
KEN,2017,1667.48447230835,49197766.0,3.542
KEN,2018,1836.45275528993,50207107.0,4.284
KEN,2019,1960.40808854893,51202827.0,5.014
KEN,2020,1927.66459027849,52217334.0,5.613
KEN,2021,2061.35622089594,53219166.0,5.693
KEN,2022,2109.56288513137,54252461.0,5.565
KEN,2023,1942.58802756191,55339003.0,5.409
KEN,2024,2133.46193404026,56432944.0,5.487
KEN,2025,2362.86091198611,57532493.0,5.449
KGZ,1985,,3990300.0,
KGZ,1986,,4066500.0,
KGZ,1987,,4144600.0,
KGZ,1988,,4218400.0,
KGZ,1989,,4307500.0,
KGZ,1990,605.798144966488,4391236.0,1.0
KGZ,1991,569.548584035047,4463634.0,1.0
KGZ,1992,512.766741120388,4515400.0,1.1
KGZ,1993,448.554190878232,4516777.0,1.258
KGZ,1994,372.481759948941,4515069.0,1.41
KGZ,1995,364.250365258345,4560454.0,1.539
KGZ,1996,394.856879614212,4628438.0,1.647
KGZ,1997,376.427930059811,4696421.0,1.739
KGZ,1998,345.137046084246,4769015.0,1.861
KGZ,1999,258.048055936976,4840422.0,2.001
KGZ,2000,279.621738464365,4898362.0,2.143
KGZ,2001,308.41129550148,4945073.0,2.273
KGZ,2002,321.726775366804,4990704.0,2.416
KGZ,2003,380.505828812441,5043308.0,2.548
KGZ,2004,433.233873286,5104713.0,2.68
KGZ,2005,476.548193640077,5162640.0,2.816
KGZ,2006,543.113512472219,5218373.0,2.962
KGZ,2007,721.771577544361,5268385.0,3.094
KGZ,2008,966.388569370494,5318729.0,3.207
KGZ,2009,870.198894546917,5389643.0,3.343
KGZ,2010,876.954476440354,5467059.0,3.503
KGZ,2011,1117.40174350185,5546587.0,3.644
KGZ,2012,1168.62244675446,5652076.0,3.786
KGZ,2013,1269.66303464348,5777150.0,3.881
KGZ,2014,1264.52668823891,5905848.0,4.02
KGZ,2015,1105.65193844261,6040036.0,4.138
KGZ,2016,1103.27489428412,6175338.0,4.294
KGZ,2017,1221.39046807082,6306696.0,4.425
KGZ,2018,1283.5203037417,6444079.0,4.559
KGZ,2019,1421.99927504102,6590211.0,5.45
KGZ,2020,1229.51766602907,6726596.0,5.945
KGZ,2021,1349.99730650542,6851224.0,5.149
KGZ,2022,1739.72018344174,6975220.0,4.767
KGZ,2023,2138.22210211478,7099750.0,3.498
KGZ,2024,2514.81066933171,7221868.0,3.491
KGZ,2025,3080.96893823359,7343064.0,3.526
KHM,1985,182.446852317187,6043783.0,
KHM,1986,185.759997798349,6285693.0,
KHM,1987,158.124375446975,6557970.0,
KHM,1988,244.109577464605,6812014.0,
KHM,1989,191.297492431658,7073473.0,
KHM,1990,190.181470036159,7374752.0,0.768
KHM,1991,267.336306726982,7686850.0,0.768
KHM,1992,307.094922385136,8113083.0,0.748
KHM,1993,294.059372727558,8616381.0,0.733
KHM,1994,302.1307854832,9239162.0,0.996
KHM,1995,343.485224671585,10018497.0,0.973
KHM,1996,324.655870983004,10801270.0,0.963
KHM,1997,297.59041960803,11570982.0,0.638
KHM,1998,258.780953189377,12058173.0,0.712
KHM,1999,286.753596443196,12265731.0,0.727
KHM,2000,296.426687526334,12462336.0,0.745
KHM,2001,327.500984314444,12658484.0,0.778
KHM,2002,350.147276634294,12855241.0,0.862
KHM,2003,386.691123931778,13050968.0,0.909
KHM,2004,444.199067529081,13244731.0,1.004
KHM,2005,525.797325120926,13439202.0,1.061
KHM,2006,612.252648550727,13639028.0,1.16
KHM,2007,731.692295125426,13841770.0,1.257
KHM,2008,866.283999789749,14053479.0,0.825
KHM,2009,875.748936193569,14276810.0,0.579
KHM,2010,952.274616324008,14500726.0,0.771
KHM,2011,1088.98152823081,14722584.0,0.577
KHM,2012,1192.80263041673,14945085.0,0.505
KHM,2013,1305.6600972686,15170208.0,0.438
KHM,2014,1431.56396469993,15396772.0,0.692
KHM,2015,1547.32010444393,15623251.0,0.393
KHM,2016,1675.19555711109,15852803.0,0.716
KHM,2017,1826.35391688754,16073372.0,0.141
KHM,2018,2036.67377566578,16274522.0,0.129
KHM,2019,2225.87705485686,16481304.0,0.119
KHM,2020,2081.73914242939,16725474.0,0.172
KHM,2021,2167.40324198499,16974305.0,0.396
KHM,2022,2325.03050040841,17201724.0,0.245
KHM,2023,2429.74853452838,17423880.0,0.256
KHM,2024,2627.87969756224,17638801.0,0.254
KHM,2025,2872.42926639909,17847982.0,0.263
KIR,1985,392.905065394709,66496.0,
KIR,1986,381.918758641144,68059.0,
KIR,1987,423.822473332128,69733.0,
KIR,1988,535.915134580045,71427.0,
KIR,1989,514.652948165033,73147.0,
KIR,1990,488.067527876014,74855.0,
KIR,1991,540.125861123481,76367.0,
KIR,1992,791.99610105394,77641.0,
KIR,1993,747.75302075115,78841.0,
KIR,1994,837.971706204,80021.0,
KIR,1995,844.429605862723,81234.0,
KIR,1996,985.885941426854,82623.0,
KIR,1997,953.162998384941,84147.0,
KIR,1998,874.484349123221,85657.0,
KIR,1999,887.496019475758,87126.0,
KIR,2000,845.367240231973,88613.0,
KIR,2001,718.833787096781,90335.0,
KIR,2002,810.10870037444,92264.0,
KIR,2003,1020.50033851394,94175.0,
KIR,2004,1083.2688987175,96085.0,
KIR,2005,1161.78341739977,98035.0,
KIR,2006,1123.19258990684,100017.0,
KIR,2007,1352.57814048911,102068.0,
KIR,2008,1410.62246914058,104222.0,
KIR,2009,1316.62753853678,106467.0,
KIR,2010,1522.10068744154,108704.0,
KIR,2011,1771.12926848792,110647.0,
KIR,2012,1843.55336349889,112284.0,
KIR,2013,1772.08718317132,113838.0,
KIR,2014,1736.70535682101,115326.0,
KIR,2015,1639.85274740652,116815.0,
KIR,2016,1742.66799324117,118478.0,
KIR,2017,1854.3326920967,120275.0,
KIR,2018,1915.56002581991,122084.0,
KIR,2019,1750.24040333237,123921.0,
KIR,2020,1751.87199542272,126099.0,
KIR,2021,2223.54147866465,128377.0,
KIR,2022,2078.7648751855,130469.0,
KIR,2023,2200.68918614289,132530.0,
KIR,2024,2550.98377226188,134518.0,
KIR,2025,2558.66636011102,136488.0,
KNA,1985,2650.9864691075,41874.0,
KNA,1986,3140.11209537184,41618.0,
KNA,1987,3573.284031831,41348.0,
KNA,1988,4205.65468298165,41062.0,
KNA,1989,4723.45351878204,40758.0,
KNA,1990,5373.44824048425,40432.0,
KNA,1991,5464.61025672087,40358.0,
KNA,1992,5947.1211356266,40715.0,
KNA,1993,6395.31437746849,41242.0,
KNA,1994,7065.28291984056,41776.0,
KNA,1995,7406.44486096454,42326.0,
KNA,1996,7788.42839854571,42877.0,
KNA,1997,8626.72257471312,43428.0,
KNA,1998,8710.78984057184,43998.0,
KNA,1999,9116.28627997718,44601.0,
KNA,2000,9319.65545093525,45248.0,
KNA,2001,10022.5919235637,45761.0,
KNA,2002,10453.6587064313,46020.0,
KNA,2003,10175.6295449989,46176.0,
KNA,2004,10944.6183741768,46315.0,
KNA,2005,11783.7867154145,46437.0,
KNA,2006,13837.8495311219,46569.0,
KNA,2007,14757.9579751035,46706.0,
KNA,2008,16604.9448615905,46835.0,
KNA,2009,16503.4119292794,46916.0,
KNA,2010,16622.9457908577,46846.0,
KNA,2011,17832.4572919975,46886.0,
KNA,2012,17532.0559008608,47033.0,
KNA,2013,18580.1301949935,47069.0,
KNA,2014,20219.3954237956,47089.0,
KNA,2015,20328.8003530109,47087.0,
KNA,2016,21387.5415511103,47075.0,
KNA,2017,22464.9899633959,47050.0,
KNA,2018,22901.3816403197,47008.0,
KNA,2019,23595.4923231291,46952.0,
KNA,2020,18859.0190361046,46870.0,
KNA,2021,18361.1449697886,46763.0,
KNA,2022,21011.5744209816,46709.0,
KNA,2023,22576.9248439166,46758.0,
KNA,2024,23960.6534357084,46843.0,
KNA,2025,25223.0257622185,46922.0,
KOR,1985,2542.88419005153,40805744.0,
KOR,1986,2910.82908054352,41213674.0,
KOR,1987,3657.71773432329,41621690.0,
KOR,1988,4888.68509195605,42031247.0,
KOR,1989,5989.2109474999,42449038.0,
KOR,1990,6812.9019416767,42869283.0,2.407
KOR,1991,7872.65052449111,43295704.0,2.407
KOR,1992,8387.16308258471,43747962.0,2.513
KOR,1993,9179.96872485152,44194628.0,2.878
KOR,1994,10733.9888860657,44641540.0,2.476
KOR,1995,13001.7205867019,45092991.0,2.063
KOR,1996,13864.9376534518,45524681.0,2.048
KOR,1997,12821.6893313675,45953580.0,2.608
KOR,1998,8583.43557499234,46286503.0,6.963
KOR,1999,11062.5019301357,46616677.0,6.342
KOR,2000,12710.2995795579,47008111.0,4.063
KOR,2001,11981.4828218758,47370164.0,3.699
KOR,2002,13642.9424537101,47644736.0,3.046
KOR,2003,15211.5483770422,47892330.0,3.348
KOR,2004,17121.6301633201,48082519.0,3.42
KOR,2005,20167.0474902506,48184561.0,3.482
KOR,2006,22609.7059431449,48438292.0,3.254
KOR,2007,25078.4853957105,48683638.0,3.013
KOR,2008,22252.3125108061,49054708.0,2.959
KOR,2009,19937.3029137734,49307835.0,3.363
KOR,2010,24071.2620526362,49554112.0,3.324
KOR,2011,26175.2398553363,49936638.0,2.992
KOR,2012,26600.5477433903,50199853.0,2.812
KOR,2013,28449.3591104972,50428893.0,3.067
KOR,2014,30667.0912467447,50746659.0,3.082
KOR,2015,30171.7906545222,51014947.0,3.546
KOR,2016,30832.0628072516,51217803.0,3.65
KOR,2017,33296.9845439195,51361911.0,3.653
KOR,2018,35363.9508228687,51585058.0,3.824
KOR,2019,33826.9443301597,51764822.0,3.746
KOR,2020,33645.7719545073,51836239.0,3.931
KOR,2021,37518.4635305697,51769539.0,3.639
KOR,2022,34822.4048404971,51672569.0,2.857
KOR,2023,35674.095995632,51712619.0,2.675
KOR,2024,36238.639908315,51751065.0,2.784
KOR,2025,36226.9663637512,51684564.0,2.683
KWT,1985,11321.663553949,1894242.0,
KWT,1986,9076.70885221848,1972520.0,
KWT,1987,10895.6500280404,2052994.0,
KWT,1988,9692.34754600725,2134707.0,
KWT,1989,10964.6929080372,2217468.0,
KWT,1990,10937.5415268808,1684819.0,0.884
KWT,1991,8147.10807329839,1351399.0,0.884
KWT,1992,12146.19505586,1634961.0,0.878
KWT,1993,14317.7209419057,1672151.0,0.8
KWT,1994,14929.7441110335,1664361.0,0.7
KWT,1995,16168.165602374,1681513.0,0.694
KWT,1996,18201.0958607918,1730246.0,0.7
KWT,1997,16977.3895620399,1787683.0,0.7
KWT,1998,14066.9509572183,1844302.0,0.7
KWT,1999,15853.6264423466,1900030.0,0.7
KWT,2000,19296.3471698729,1954709.0,0.8
KWT,2001,17374.2318664227,2008121.0,0.8
KWT,2002,18512.7523035862,2059974.0,1.1
KWT,2003,22690.655175144,2109881.0,1.3
KWT,2004,27552.2827399787,2157320.0,1.7
KWT,2005,36122.6142741227,2236788.0,1.455
KWT,2006,42946.6374104066,2364733.0,1.3
KWT,2007,45709.4132876371,2507887.0,1.5
KWT,2008,55585.1889344442,2651421.0,1.75
KWT,2009,37907.1001320042,2795484.0,1.64
KWT,2010,39212.252220155,2943372.0,1.82
KWT,2011,49169.6063813095,3132814.0,2.051
KWT,2012,52155.2225833921,3337109.0,2.227
KWT,2013,49651.0439275077,3507844.0,2.465
KWT,2014,44368.7813457751,3665876.0,2.9
KWT,2015,29882.2126495698,3834574.0,2.2
KWT,2016,27323.6890735517,4004096.0,2.16
KWT,2017,29047.6536135703,4154812.0,2.23
KWT,2018,32067.9623756889,4323515.0,2.202
KWT,2019,31707.8737443551,4442316.0,2.213
KWT,2020,25236.0755848941,4400267.0,3.489
KWT,2021,34018.6342592913,4360865.0,2.97
KWT,2022,39981.7691035833,4589643.0,2.133
KWT,2023,34091.9714813002,4853420.0,2.08
KWT,2024,32855.7209688827,4897263.0,2.151
KWT,2025,32312.3119953634,4865298.0,2.181
LAC,1985,1838.96310656191,373311226.0,
LAC,1986,1819.20564778169,381082653.0,
LAC,1987,1906.99426944263,388847267.0,
LAC,1988,2053.80828007333,396637679.0,
LAC,1989,2228.26093610375,404429908.0,
LAC,1990,2423.82986300179,412240357.0,6.1915169401315
LAC,1991,2561.22013789974,419987984.0,6.1915169401315
LAC,1992,2735.86952757135,427679842.0,6.21454819166058
LAC,1993,3211.20878581133,435329971.0,5.96815199708885
LAC,1994,3703.52210509094,442904735.0,6.58753832638945
LAC,1995,3913.74945087913,450462160.0,7.93017657774393
LAC,1996,4173.97747745976,457961655.0,8.24140904744954
LAC,1997,4501.26562956772,465414409.0,8.10277013017074
LAC,1998,4475.19866588809,472884494.0,8.49516318168235
LAC,1999,3943.31466505042,480290143.0,9.38389731336932
LAC,2000,4315.31686378392,487480396.0,9.43023989036824
LAC,2001,4163.09141082413,494443065.0,8.98514907364224
LAC,2002,3657.85196421423,501234679.0,9.33585929151463
LAC,2003,3662.99926133031,507870430.0,9.20720625106016
LAC,2004,4155.65949507287,514373324.0,8.70252011336982
LAC,2005,4984.72783651475,520792375.0,8.18339925036928
LAC,2006,5770.60290833363,527135313.0,7.55497236157597
LAC,2007,6758.18967480352,533442703.0,7.18560904807712
LAC,2008,7812.5897626227,539713061.0,6.7530751478709
LAC,2009,7221.64357521268,545898245.0,7.67986013495104
LAC,2010,8899.0906686542,551960581.0,7.13684615492128
LAC,2011,10025.1749134261,558007918.0,6.63768103519111
LAC,2012,9967.79376326951,564057086.0,6.35784018295865
LAC,2013,9901.44144000481,570030910.0,6.33724541486795
LAC,2014,9758.39172353217,575915671.0,6.11295170625168
LAC,2015,8087.33242325425,581649117.0,6.6503628849075
LAC,2016,7751.59336930245,587206002.0,7.76472151764398
LAC,2017,8568.05689042807,592522502.0,8.06804526490034
LAC,2018,8231.91428708974,597518751.0,7.9491088470884
LAC,2019,8006.02224102566,602249777.0,8.0031866353429
LAC,2020,6651.15822114273,606535582.0,10.1125058323335
LAC,2021,7694.61136917625,610122057.0,9.08714668261223
LAC,2022,8838.67169511547,613861839.0,6.83824311969363
LAC,2023,9891.4632795533,618190397.0,6.06496995571875
LAC,2024,10065.5029056612,622564181.0,5.7278348014991
LAC,2025,10407.4817975955,626808315.0,5.28646121885159
LAO,1985,632.801098281291,3739985.0,
LAO,1986,461.911552367003,3846715.0,
LAO,1987,274.729585339944,3957612.0,
LAO,1988,147.070942942331,4072601.0,
LAO,1989,170.377296803511,4190974.0,
LAO,1990,200.7349054896,4311955.0,2.497
LAO,1991,231.806227548139,4435118.0,2.497
LAO,1992,247.345286150532,4559646.0,2.71
LAO,1993,283.400573286349,4685060.0,2.732
LAO,1994,320.968128951646,4809220.0,2.634
LAO,1995,357.758162193406,4929409.0,2.6
LAO,1996,371.341879197673,5045678.0,2.45
LAO,1997,339.09319241187,5152011.0,2.354
LAO,1998,243.923962451418,5248266.0,2.293
LAO,1999,272.325307005412,5340784.0,2.154
LAO,2000,318.749852236965,5431212.0,2.045
LAO,2001,320.316005439568,5521482.0,1.881
LAO,2002,313.350817148131,5610889.0,1.775
LAO,2003,355.097216151461,5697945.0,1.639
LAO,2004,409.296298284117,5781626.0,1.498
LAO,2005,466.061506997741,5869523.0,1.35
LAO,2006,579.391947440719,5963200.0,1.199
LAO,2007,697.323013673925,6056236.0,1.068
LAO,2008,885.747376088762,6148969.0,0.944
LAO,2009,935.03237283283,6241642.0,0.835
LAO,2010,1125.91610151261,6334194.0,0.708
LAO,2011,1361.54704394913,6426590.0,0.96
LAO,2012,1563.5650771337,6518978.0,1.208
LAO,2013,1812.51774424651,6611385.0,1.469
LAO,2014,1981.03910900473,6703172.0,1.733
LAO,2015,2121.01339097363,6801645.0,2.006
LAO,2016,2303.22156035363,6908802.0,2.634
LAO,2017,2432.43059478511,7018147.0,3.268
LAO,2018,2545.1075420815,7128045.0,2.897
LAO,2019,2589.32081035237,7237636.0,2.531
LAO,2020,2583.77730696131,7346533.0,2.349
LAO,2021,2526.05105018529,7453194.0,2.08
LAO,2022,2046.40440255621,7559007.0,1.209
LAO,2023,2066.94979776957,7664993.0,1.186
LAO,2024,2123.97909415109,7769819.0,1.174
LAO,2025,2324.76353098791,7873046.0,1.187
LBN,1985,,3217376.0,
LBN,1986,,3300365.0,
LBN,1987,,3385555.0,
LBN,1988,959.153901867443,3454649.0,
LBN,1989,771.001121245521,3525285.0,
LBN,1990,789.526338484738,3595175.0,8.594
LBN,1991,1278.42125745633,3668912.0,8.594
LBN,1992,1559.38100628446,3747371.0,8.225
LBN,1993,2078.63864215562,3820647.0,8.226
LBN,1994,2467.76942720577,3889799.0,8.321
LBN,1995,2958.74263957462,3960735.0,8.421
LBN,1996,3393.05090749359,4034781.0,8.413
LBN,1997,3834.0590787531,4108405.0,8.62
LBN,1998,4124.85527892575,4181281.0,8.571
LBN,1999,4086.93872789633,4255277.0,8.787
LBN,2000,3986.83513941026,4329340.0,8.641
LBN,2001,4009.55929751102,4401918.0,8.499
LBN,2002,4290.85283803266,4463504.0,8.248
LBN,2003,4437.71588507526,4525508.0,8.061
LBN,2004,4600.68371412993,4599279.0,7.85
LBN,2005,4602.19804637945,4671102.0,8.249
LBN,2006,4635.2514117486,4751136.0,8.679
LBN,2007,5125.25809960149,4844118.0,8.98
LBN,2008,5912.04532820842,4925354.0,7.666
LBN,2009,7090.85493856621,4992287.0,6.355
LBN,2010,7625.81051551165,5041288.0,6.768
LBN,2011,7834.96257108993,5096020.0,7.352
LBN,2012,8406.98405608118,5235742.0,7.952
LBN,2013,8162.37929361396,5743436.0,8.477
LBN,2014,7577.6413302369,6346990.0,8.84
LBN,2015,7714.1099998804,6472469.0,9.312
LBN,2016,8089.012088155,6323060.0,9.794
LBN,2017,8608.21084982387,6160128.0,10.258
LBN,2018,9174.53666204759,5984119.0,10.755
LBN,2019,8905.88005497437,5794594.0,11.301
LBN,2020,5561.19166950397,5702398.0,13.252
LBN,2021,4045.37391066234,5718122.0,12.715
LBN,2022,3654.35845534878,5744489.0,11.105
LBN,2023,3477.72489842684,5773493.0,10.985
LBN,2024,4473.27134441128,5805962.0,
LBN,2025,4721.814066060403,5849421.0,13.252
LBR,1985,379.951475961811,2240539.0,
LBR,1986,364.288669189794,2308511.0,
LBR,1987,409.215940071402,2377229.0,
LBR,1988,424.325719336919,2446941.0,
LBR,1989,312.289255390892,2517858.0,
LBR,1990,172.867610123278,2223667.0,2.735
LBR,1991,177.867006590279,1956518.0,2.735
LBR,1992,107.842801384441,2072461.0,2.724
LBR,1993,74.4272028642409,2155126.0,2.706
LBR,1994,61.490431307467,2149928.0,2.652
LBR,1995,62.1438140627579,2169162.0,2.588
LBR,1996,71.4065248720036,2232289.0,2.397
LBR,1997,122.627993745516,2412989.0,2.195
LBR,1998,134.675393352518,2670124.0,2.061
LBR,1999,156.573166945696,2821684.0,2.006
LBR,2000,298.485340578945,2928117.0,2.018
LBR,2001,300.463828598983,3015338.0,2.104
LBR,2002,299.536445539621,3094782.0,2.222
LBR,2003,239.779556677091,3119532.0,2.42
LBR,2004,284.140223992458,3156892.0,2.424
LBR,2005,287.487333441381,3301015.0,2.413
LBR,2006,320.55808618515,3490787.0,2.28
LBR,2007,374.211308104278,3669050.0,2.232
LBR,2008,451.713856283285,3821003.0,2.221
LBR,2009,448.386367025545,3943028.0,2.241
LBR,2010,492.252808033724,4058890.0,2.266
LBR,2011,568.087865520004,4221178.0,2.211
LBR,2012,638.368751462083,4373043.0,2.146
LBR,2013,710.744570927863,4470239.0,2.08
LBR,2014,706.714490064507,4564293.0,2.079
LBR,2015,692.590082351257,4659431.0,2.557
LBR,2016,714.613063145659,4755608.0,3.081
LBR,2017,699.269095727404,4848925.0,3.067
LBR,2018,692.203127129794,4944726.0,3.058
LBR,2019,658.164180770507,5043721.0,3.071
LBR,2020,616.787867006715,5149463.0,4.102
LBR,2021,667.96610514319,5259323.0,3.844
LBR,2022,744.617175237387,5373294.0,2.956
LBR,2023,799.194470229642,5493031.0,2.905
LBR,2024,851.497723870206,5612817.0,2.914
LBR,2025,915.328972645548,5731206.0,2.884
LBY,1985,8087.36306792904,3898745.0,
LBY,1986,6018.91345215523,4017403.0,
LBY,1987,6464.7328401846,4129739.0,
LBY,1988,5736.28243992278,4237755.0,
LBY,1989,5792.5791631313,4342920.0,
LBY,1990,6502.27886565421,4445239.0,18.601
LBY,1991,7039.83391970596,4544400.0,18.601
LBY,1992,7302.68908679226,4640352.0,18.828
LBY,1993,6477.87035840641,4733045.0,19.006
LBY,1994,5933.29121354077,4822037.0,19.328
LBY,1995,5205.25706378741,4906843.0,19.331
LBY,1996,5591.02027544558,4987393.0,19.212
LBY,1997,6061.81366033598,5064639.0,19.151
LBY,1998,5301.08354775559,5140704.0,19.192
LBY,1999,6894.51875534758,5218038.0,19.233
LBY,2000,7214.10040377084,5305021.0,19.275
LBY,2001,6312.80030498965,5403639.0,19.239
LBY,2002,3718.29434696755,5508410.0,19.281
LBY,2003,4674.09943200321,5619398.0,19.074
LBY,2004,5773.76333234281,5736693.0,18.938
LBY,2005,8079.24957329001,5858798.0,18.66
LBY,2006,10048.8480434289,5980211.0,18.805
LBY,2007,11144.9448413435,6104380.0,18.771
LBY,2008,13906.1407818125,6235430.0,19.041
LBY,2009,9551.05403869755,6366686.0,19.29
LBY,2010,11600.9068649472,6497839.0,19.321
LBY,2011,7593.8391525702,6343203.0,19.504
LBY,2012,14975.8902795144,6179328.0,19.03
LBY,2013,11951.7134126011,6304628.0,19.311
LBY,2014,8926.42074591474,6427252.0,19.295
LBY,2015,7458.48917756374,6531819.0,19.69
LBY,2016,7525.80299308216,6632126.0,19.559
LBY,2017,9965.83236729757,6738770.0,19.053
LBY,2018,11196.5854810844,6849055.0,18.865
LBY,2019,9963.19489084483,6951033.0,19.087
LBY,2020,6650.33810585348,7045399.0,19.651
LBY,2021,4935.82787349801,7135175.0,19.779
LBY,2022,5986.63694851258,7223805.0,19.238
LBY,2023,6026.51518708812,7305659.0,18.713
LBY,2024,6569.16408678648,7381023.0,19.085
LBY,2025,6448.82415074121,7458555.0,18.758
LCA,1985,2202.28125368301,129159.0,
LCA,1986,2590.69331524928,131239.0,
LCA,1987,2818.91475118073,133227.0,
LCA,1988,3182.44170096022,135000.0,
LCA,1989,3565.01015783716,136512.0,
LCA,1990,4204.57161863111,137857.0,16.521
LCA,1991,4398.67906897723,139520.0,16.521
LCA,1992,4759.83867808296,141617.0,16.549
LCA,1993,4764.72464839218,143726.0,16.8
LCA,1994,4892.06733637469,145890.0,17.0
LCA,1995,5147.92024022295,148208.0,15.83
LCA,1996,5244.01665086076,150436.0,16.33
LCA,1997,5282.37011402006,152569.0,20.47
LCA,1998,5672.51373770766,154677.0,21.6
LCA,1999,5882.83398968649,156702.0,18.09
LCA,2000,5879.56191426207,158616.0,16.49
LCA,2001,5570.45247098106,160237.0,18.538
LCA,2002,5567.89428424719,161641.0,20.39
LCA,2003,6058.60622059326,162976.0,22.18
LCA,2004,6494.60034867886,164239.0,20.97
LCA,2005,6863.43641919345,165450.0,18.7
LCA,2006,7611.17856675319,166639.0,16.0
LCA,2007,7964.38211480117,167758.0,14.0
LCA,2008,8516.96075488787,168808.0,12.72
LCA,2009,8250.52180732734,169869.0,15.37
LCA,2010,8673.68720340529,170906.0,17.118
LCA,2011,9128.99442011613,171801.0,18.86
LCA,2012,9260.30006551714,172587.0,19.06
LCA,2013,9577.21733754358,173369.0,22.21
LCA,2014,10044.8218377677,174138.0,21.583
LCA,2015,10334.9860823918,174905.0,20.84
LCA,2016,10638.1269396653,175646.0,19.932
LCA,2017,11333.1123822102,176342.0,19.136
LCA,2018,11642.6984727769,177017.0,19.329
LCA,2019,11764.3944032403,177661.0,15.613
LCA,2020,8537.11495506727,178250.0,25.224
LCA,2021,10481.1233971786,178522.0,20.514
LCA,2022,12976.1489693474,178781.0,15.934
LCA,2023,13616.6397593734,179285.0,12.094
LCA,2024,14493.658470648,179744.0,10.199
LCA,2025,14745.8184305461,180149.0,9.452
LCN,1985,1888.88682742982,400012327.0,
LCN,1986,1874.46810480242,408172564.0,
LCN,1987,1972.15072096827,416332693.0,
LCN,1988,2121.45481028863,424525590.0,
LCN,1989,2298.34871040257,432726590.0,
LCN,1990,2498.3093493781,440958144.0,6.30995748550306
LCN,1991,2648.10158385713,449128999.0,6.30995748550306
LCN,1992,2841.12826756989,457245250.0,6.30385369925644
LCN,1993,3303.33661640606,465325731.0,6.07134108681392
LCN,1994,3793.9216892115,473328616.0,6.67780065279213
LCN,1995,4035.54735251588,481309028.0,7.90486804676992
LCN,1996,4294.36511838964,489235073.0,8.29119463249977
LCN,1997,4634.23732680623,497097004.0,8.14011323257484
LCN,1998,4618.20513526671,504952583.0,8.48626182410088
LCN,1999,4110.68199542748,512730984.0,9.42701702915778
LCN,2000,4472.58411072464,520272118.0,9.4445224692252
LCN,2001,4326.63992053347,527572583.0,9.04975653454107
LCN,2002,3839.19614822294,534691591.0,9.38790662648606
LCN,2003,3862.13749613595,541643365.0,9.25661869657505
LCN,2004,4385.89830635252,548455563.0,8.75018243421292
LCN,2005,5229.89898576251,555120780.0,8.23739951394743
LCN,2006,6047.73392908046,561751999.0,7.61413600233204
LCN,2007,7035.79956287181,568345245.0,7.22630490484512
LCN,2008,8077.96531899755,574908733.0,6.83921032197309
LCN,2009,7495.05965615866,581388129.0,7.81478715032184
LCN,2010,9183.55248272126,587752505.0,7.21826756521545
LCN,2011,10334.0365238871,594086829.0,6.71534566285068
LCN,2012,10328.6495660788,600420316.0,6.42118292240463
LCN,2013,10305.4184021496,606683307.0,6.37856594564285
LCN,2014,10146.146495038,612849401.0,6.18310613899892
LCN,2015,8546.9179023802,618868462.0,6.67695891386519
LCN,2016,8241.51169070648,624737786.0,7.73682468877475
LCN,2017,9065.82390216762,630414986.0,8.02820612705932
LCN,2018,8778.55673829884,635778081.0,7.93331984460849
LCN,2019,8539.95940708219,640962372.0,8.00061467672947
LCN,2020,7169.39235876452,645498187.0,10.214072797585
LCN,2021,8292.15210222359,649236092.0,9.14468412313157
LCN,2022,9412.05924553392,653108131.0,6.93153207639263
LCN,2023,10507.6138782353,657616519.0,6.19254754786298
LCN,2024,10705.1067802788,662185614.0,5.86943289832019
LCN,2025,11095.2176548294,666592570.0,5.45907691012021
LDC,1985,335.835759424172,457620394.0,
LDC,1986,284.998178528197,469592022.0,
LDC,1987,295.36954701283,481815896.0,
LDC,1988,316.12797408634,494131962.0,
LDC,1989,330.835393222728,506714983.0,
LDC,1990,370.954181294574,519409097.0,4.54804656662586
LDC,1991,392.291938916016,532302593.0,4.54804656662586
LDC,1992,302.272140277671,546604195.0,4.60773579214704
LDC,1993,304.198341423041,562170402.0,4.62748511493303
LDC,1994,290.352446525595,577710180.0,4.60128459329896
LDC,1995,290.053130894973,593309261.0,4.49969126881535
LDC,1996,298.077112381066,609120975.0,4.46841497543362
LDC,1997,302.953511426786,624981579.0,4.46179286285131
LDC,1998,299.817612566461,641091745.0,4.54336018416755
LDC,1999,300.944574802293,657282408.0,4.64071146154898
LDC,2000,333.541041289596,673273787.0,4.69058823718314
LDC,2001,314.11849513558,689505567.0,4.72380835168631
LDC,2002,338.101121320549,706880665.0,4.81408543577446
LDC,2003,373.857895132539,724713713.0,4.88937432863617
LDC,2004,420.034056451314,742302769.0,4.84650569132879
LDC,2005,487.477531865706,760310134.0,4.78646677820371
LDC,2006,552.997930938455,778789026.0,4.66764776059219
LDC,2007,648.873362581636,797076099.0,4.72894569655668
LDC,2008,778.954486616236,815835455.0,4.78702697123613
LDC,2009,751.965080386192,835266189.0,4.8829128853627
LDC,2010,831.843840698341,854941316.0,4.75811575185378
LDC,2011,925.476117160599,875269186.0,4.85771679502528
LDC,2012,947.852167260893,896237933.0,4.84635217073716
LDC,2013,1007.4142967268,917783039.0,4.78988464462384
LDC,2014,1056.97673052647,939749332.0,4.74956834449145
LDC,2015,983.414934367096,961916563.0,4.8279816293117
LDC,2016,968.123330592586,984757534.0,4.89297336347609
LDC,2017,1037.25514816682,1008260714.0,4.95341590091408
LDC,2018,1082.35070462921,1032309742.0,4.87754288880162
LDC,2019,1106.28664072321,1057170371.0,4.87497607678154
LDC,2020,1089.46260850363,1082754466.0,5.60086950090988
LDC,2021,1175.42321388464,1108233065.0,5.73711716533604
LDC,2022,1298.29338219278,1133564482.0,5.05335918611166
LDC,2023,1258.15690309732,1159744187.0,4.70150733081641
LDC,2024,1299.44368873396,1186668913.0,4.63280465033072
LDC,2025,1361.99182021439,1214167506.0,4.66754018615311
LIE,1985,19684.2626852288,26878.0,
LIE,1986,28612.8865004795,27238.0,
LIE,1987,38206.2269467289,27557.0,
LIE,1988,41568.5441182755,27948.0,
LIE,1989,39551.6404002324,28317.0,
LIE,1990,49457.5609343203,28742.0,
LIE,1991,50811.7464531317,29209.0,
LIE,1992,55057.1110625654,29627.0,
LIE,1993,55604.5479972049,30089.0,
LIE,1994,63935.9902445462,30470.0,
LIE,1995,78909.7043377718,30776.0,
LIE,1996,80688.7182490376,31033.0,
LIE,1997,73590.8620289713,31232.0,
LIE,1998,78302.9905905848,31668.0,
LIE,1999,82682.284882177,32221.0,
LIE,2000,76087.911114202,32645.0,
LIE,2001,75067.8001680043,33194.0,
LIE,2002,79795.1785891101,33694.0,
LIE,2003,90108.3673647008,34079.0,
LIE,2004,100280.831356705,34447.0,
LIE,2005,105295.057027611,34753.0,
LIE,2006,114167.939211301,35037.0,
LIE,2007,130492.595349517,35262.0,
LIE,2008,143249.227302093,35473.0,
LIE,2009,126024.714567466,35742.0,
LIE,2010,141089.812849014,36022.0,
LIE,2011,158066.369379163,36312.0,
LIE,2012,148842.035144342,36657.0,
LIE,2013,172823.607794648,36984.0,
LIE,2014,178735.153020908,37248.0,
LIE,2015,167187.15730982,37494.0,
LIE,2016,165375.491396259,37716.0,
LIE,2017,170547.092298954,37962.0,
LIE,2018,174988.775083446,38246.0,
LIE,2019,166907.839305016,38563.0,
LIE,2020,164671.093553454,38901.0,
LIE,2021,201944.830335076,39182.0,
LIE,2022,188055.003235348,39493.0,
LIE,2023,206780.590353385,39846.0,
LIE,2024,220167.225473557,40450.0,
LIE,2025,163427.29694706117,41024.0,
LKA,1985,384.611537689196,15544154.0,
LKA,1986,407.164600454213,15731256.0,
LKA,1987,419.824409443665,15916576.0,
LKA,1988,434.015552780537,16078621.0,
LKA,1989,430.02388973818,16248557.0,
LKA,1990,491.213686238493,16352458.0,14.661
LKA,1991,546.292515570886,16475354.0,14.661
LKA,1992,579.655117618283,16739284.0,14.22
LKA,1993,607.231847102846,17025918.0,13.82
LKA,1994,678.268012020205,17275773.0,13.03
LKA,1995,741.838255293455,17564068.0,12.27
LKA,1996,776.192371057587,17905018.0,11.35
LKA,1997,827.035756058631,18248200.0,10.6
LKA,1998,847.533577843861,18596003.0,9.17
LKA,1999,829.356379527539,18944731.0,8.88
LKA,2000,860.199884304769,19293054.0,7.74
LKA,2001,803.544026627385,19600362.0,7.9
LKA,2002,834.936014905338,19805752.0,8.76
LKA,2003,946.382255128072,19951521.0,8.22
LKA,2004,1028.62068132555,20087605.0,8.38
LKA,2005,1207.21994764165,20216524.0,7.67
LKA,2006,1388.89739119932,20352411.0,6.5
LKA,2007,1578.63451125392,20492545.0,5.97
LKA,2008,1973.58476901287,20629378.0,5.22
LKA,2009,2026.65939950702,20756435.0,5.85
LKA,2010,2808.36245207687,20879089.0,4.784
LKA,2011,3224.95745082305,21009048.0,4.118
LKA,2012,3327.77612404326,21169458.0,3.88
LKA,2013,3739.43182292825,20585000.0,4.186
LKA,2014,3972.04377042271,20778000.0,4.157
LKA,2015,4057.71582716521,20970000.0,4.519
LKA,2016,4149.19189391879,21209000.0,4.242
LKA,2017,4398.88828786059,21453000.0,4.046
LKA,2018,4358.56095905888,21670000.0,4.318
LKA,2019,4081.94772178134,21803000.0,4.67
LKA,2020,3847.60136741182,21919000.0,5.364
LKA,2021,3996.96240531688,22156000.0,4.981
LKA,2022,3342.63650438046,22181000.0,4.528
LKA,2023,3815.41531767474,22037000.0,4.528
LKA,2024,4545.36006870612,21916000.0,4.239
LKA,2025,5002.07904353724,21756000.0,4.005
LMY,1985,654.902415424914,3707314771.0,
LMY,1986,654.069666681158,3786649571.0,
LMY,1987,657.037222237304,3868162984.0,
LMY,1988,688.773785699482,3950371125.0,
LMY,1989,717.898021418917,4032611966.0,
LMY,1990,806.156402212642,4116772079.0,4.64961574191654
LMY,1991,771.06850884093,4197582653.0,4.64961574191654
LMY,1992,794.124390582735,4277557740.0,4.70736948474443
LMY,1993,841.852362946097,4357137200.0,4.88809600890194
LMY,1994,924.731785794211,4435669010.0,5.13860302652086
LMY,1995,1055.30366355064,4514148949.0,5.3751051711057
LMY,1996,1148.1225434349,4593154555.0,5.46029557811034
LMY,1997,1200.56241483523,4672049917.0,5.5008309341595
LMY,1998,1160.8360989041,4750833060.0,5.67905337092445
LMY,1999,1101.63338383235,4828702462.0,5.86810693270968
LMY,2000,1181.58700856793,4905832166.0,5.85095700176626
LMY,2001,1166.62849081531,4982645927.0,5.99852495062941
LMY,2002,1165.81880007426,5058611691.0,6.19417254239003
LMY,2003,1282.06751065817,5134151809.0,6.25409528839094
LMY,2004,1485.19021783787,5210186432.0,6.12111625915839
LMY,2005,1731.57858565204,5286284172.0,6.07307040352156
LMY,2006,2012.45292596824,5362644527.0,5.88469145974764
LMY,2007,2438.533897181,5438471388.0,5.79597099801048
LMY,2008,2864.71513254652,5515409827.0,5.7950809136433
LMY,2009,2835.65326081723,5593414145.0,5.97569476954537
LMY,2010,3399.2509126603,5672202320.0,5.77935702058715
LMY,2011,3921.45366982115,5752146479.0,5.71399266887495
LMY,2012,4118.30612372108,5834053766.0,5.74186303825936
LMY,2013,4290.6132325261,5915255859.0,5.7005501665021
LMY,2014,4422.77737437186,5996036961.0,5.67803935391165
LMY,2015,4223.77742891002,6075072158.0,5.85653298559457
LMY,2016,4211.54702250163,6153938165.0,5.93516153167366
LMY,2017,4543.08689291431,6233470764.0,5.97968341182999
LMY,2018,4773.03574184686,6311329885.0,5.93231543498439
LMY,2019,4857.12471542798,6387395177.0,5.79766416170734
LMY,2020,4646.47209072865,6460393883.0,6.61993043653694
LMY,2021,5422.11312035073,6527758150.0,6.16482463440876
LMY,2022,5626.6962378216,6590522389.0,5.41429545248604
LMY,2023,5733.51584469729,6654784822.0,4.97693562706687
LMY,2024,5874.03080372303,6722971301.0,4.91415352193048
LMY,2025,6107.26169428605,6791684991.0,4.88528914450382
LSO,1985,165.373921882027,1624379.0,
LSO,1986,191.375758184053,1666138.0,
LSO,1987,236.451032636079,1703390.0,
LSO,1988,270.36712009929,1739841.0,
LSO,1989,279.035252539421,1775436.0,
LSO,1990,329.563785157203,1809696.0,15.495
LSO,1991,382.291247739142,1842379.0,15.495
LSO,1992,443.624297195576,1873274.0,15.448
LSO,1993,439.365410681482,1901793.0,15.568
LSO,1994,455.593586203956,1927707.0,15.62
LSO,1995,513.413448796175,1951437.0,15.797
LSO,1996,479.671394625707,1972418.0,15.709
LSO,1997,501.981388900965,1988130.0,15.822
LSO,1998,464.683745548265,1998049.0,15.913
LSO,1999,455.650054387377,2003234.0,16.167
LSO,2000,442.779545779081,2003913.0,16.169
LSO,2001,412.677473676821,2000853.0,16.081
LSO,2002,388.92334985135,1994679.0,16.079
LSO,2003,583.270036200288,1985059.0,16.056
LSO,2004,766.685820928242,1971129.0,16.154
LSO,2005,861.381496414995,1953076.0,16.031
LSO,2006,925.467485502842,1945063.0,16.054
LSO,2007,861.188420899563,1953268.0,15.942
LSO,2008,898.482517882593,1966541.0,15.851
LSO,2009,878.847950537772,1980883.0,16.115
LSO,2010,1119.47557793042,1996251.0,16.068
LSO,2011,1280.73390931581,2014009.0,16.115
LSO,2012,1217.93071228944,2034354.0,15.761
LSO,2013,1151.03735837227,2056504.0,15.926
LSO,2014,1173.5377928819,2080089.0,16.066
LSO,2015,1121.19851342518,2104611.0,16.223
LSO,2016,992.491840678465,2130422.0,16.138
LSO,2017,1069.36673247542,2157110.0,16.379
LSO,2018,1170.65569702819,2183603.0,16.614
LSO,2019,1082.05706777516,2209405.0,16.876
LSO,2020,918.582574704447,2235727.0,18.385
LSO,2021,1066.58645143823,2261542.0,18.214
LSO,2022,1030.12582947757,2286110.0,16.623
LSO,2023,921.435141557056,2311472.0,16.348
LSO,2024,1023.04227681523,2337423.0,16.34
LSO,2025,1088.96276223185,2363325.0,16.315
LTE,1985,854.182675514425,1712585483.0,
LTE,1986,894.265931224779,1738504785.0,
LTE,1987,929.691895988642,1765799733.0,
LTE,1988,998.906795985413,1793220326.0,
LTE,1989,1049.34686889866,1819952808.0,
LTE,1990,1067.64969437387,1844718134.0,3.66023223286086
LTE,1991,1059.6882498038,1868272190.0,3.66023223286086
LTE,1992,1067.83962817928,1890820460.0,3.67499973475162
LTE,1993,1099.45841793046,1912010271.0,3.88855373414191
LTE,1994,1262.70484955784,1932650915.0,4.30063275796876
LTE,1995,1548.57473266806,1952702058.0,4.47531718027035
LTE,1996,1691.02600024159,1972254664.0,4.67637018700231
LTE,1997,1754.32009008299,1991505992.0,4.94668708418151
LTE,1998,1675.38148049528,2010169496.0,5.21710249367688
LTE,1999,1535.05536307576,2027628907.0,5.4707305770275
LTE,2000,1673.00080694053,2043581322.0,5.29485034456226
LTE,2001,1717.76267736624,2058600486.0,5.47907914783063
LTE,2002,1809.49031464168,2072599555.0,5.66563235164984
LTE,2003,2048.6554132749,2086139068.0,5.90243541524635
LTE,2004,2447.19375720562,2099412663.0,5.70845578270121
LTE,2005,2933.48126780409,2112603351.0,5.63125210477498
LTE,2006,3519.25786036637,2126122277.0,5.38097826380605
LTE,2007,4409.30545340337,2139958608.0,5.11709007503548
LTE,2008,5453.26292482574,2153941306.0,5.14867990448764
LTE,2009,5245.34288910066,2167303374.0,5.57785428299668
LTE,2010,6277.14833950582,2179525352.0,5.25181815855478
LTE,2011,7598.75700554996,2193171336.0,5.11922021804218
LTE,2012,8073.2092545931,2209319631.0,5.02938218164513
LTE,2013,8644.25759929064,2225005187.0,5.01097351607565
LTE,2014,8923.25719295961,2241122152.0,4.93887259586478
LTE,2015,8331.63288950883,2256126712.0,5.11139944235291
LTE,2016,8297.33628667142,2270841806.0,5.2806539060794
LTE,2017,9138.44151395876,2285870134.0,5.27038544833334
LTE,2018,9966.8758096194,2298394042.0,5.05006029808032
LTE,2019,10120.4663725773,2308878047.0,5.19591640696366
LTE,2020,9874.06805462328,2316152452.0,5.93153762506637
LTE,2021,11760.0897155889,2320127658.0,5.50538471355182
LTE,2022,12287.4566066286,2323799602.0,5.19342173354142
LTE,2023,12427.24971376,2326294294.0,4.795456897897
LTE,2024,12874.6436381177,2328876323.0,4.59750117083053
LTE,2025,13677.3231696707,2330425681.0,4.49833547120506
LTU,1985,,3544543.0,
LTU,1986,,3578914.0,
LTU,1987,,3616367.0,
LTU,1988,,3655049.0,
LTU,1989,,3684255.0,
LTU,1990,,3697838.0,1.1
LTU,1991,,3704134.0,1.1
LTU,1992,,3700114.0,1.2
LTU,1993,,3682613.0,13.8
LTU,1994,,3657144.0,13.8
LTU,1995,2182.69156931505,3629102.0,17.54
LTU,1996,2340.67545970008,3601613.0,16.4
LTU,1997,2844.16286797492,3575137.0,14.13
LTU,1998,3180.64498555255,3549331.0,13.711
LTU,1999,3127.51176667183,3524238.0,13.388
LTU,2000,3300.63634928559,3499536.0,15.931
LTU,2001,3532.52787363242,3470818.0,16.84
LTU,2002,4148.13091485015,3443067.0,13.008
LTU,2003,5507.47434187652,3415213.0,12.874
LTU,2004,6734.57487061946,3377075.0,10.684
LTU,2005,7857.03148786492,3322528.0,8.325
LTU,2006,9210.10118229413,3269909.0,5.78
LTU,2007,12295.1212779366,3231294.0,4.25
LTU,2008,14955.5345462921,3198231.0,5.826
LTU,2009,11854.3711053096,3162916.0,13.785
LTU,2010,11829.122609457,3097282.0,17.814
LTU,2011,14261.8433787325,3028115.0,15.39
LTU,2012,14288.1853493139,2989139.0,13.365
LTU,2013,15636.5252586048,2961250.0,11.77
LTU,2014,16446.1647181663,2937253.0,10.698
LTU,2015,14269.8039878287,2911109.0,9.12
LTU,2016,14934.2702840428,2877325.0,7.862
LTU,2017,16800.1510246099,2842639.0,7.073
LTU,2018,19247.2315367967,2819200.0,6.147
LTU,2019,19608.7943945553,2811089.0,6.255
LTU,2020,20428.6478157394,2810369.0,8.487
LTU,2021,23882.8668916753,2808380.0,7.112
LTU,2022,24946.5724005188,2831639.0,5.955
LTU,2023,27983.3658256887,2871585.0,6.841
LTU,2024,29603.7772588256,2888278.0,6.851
LTU,2025,32958.6706396386,2888774.0,6.731
LUX,1985,12481.9658448559,366706.0,
LUX,1986,18149.8692500239,368355.0,
LUX,1987,22443.4314633012,370750.0,
LUX,1988,25219.3542781732,373450.0,
LUX,1989,26618.0695774968,377100.0,
LUX,1990,33465.478207919,381850.0,1.482
LUX,1991,35747.3377992066,387000.0,1.482
LUX,1992,39570.8615665986,392175.0,2.029
LUX,1993,40066.7242518773,397475.0,2.33
LUX,1994,43933.235442736,402925.0,3.479
LUX,1995,51032.349635318,408625.0,2.918
LUX,1996,50444.3591236175,414225.0,3.286
LUX,1997,46641.6408754876,419450.0,2.527
LUX,1998,47445.3863148198,424700.0,2.763
LUX,1999,50872.4492684624,430475.0,2.39
LUX,2000,48659.6390968187,436300.0,2.345
LUX,2001,48440.1805564662,441525.0,1.805
LUX,2002,53005.731801629,446175.0,2.621
LUX,2003,65689.3214536911,451630.0,3.675
LUX,2004,76544.9170868473,458095.0,5.113
LUX,2005,80988.2044869403,465158.0,4.488
LUX,2006,90788.8164271049,472637.0,4.731
LUX,2007,107475.320297978,479993.0,4.065
LUX,2008,120422.137934157,488650.0,5.06
LUX,2009,109419.746953106,497783.0,5.194
LUX,2010,110885.991378721,506953.0,4.423
LUX,2011,119025.057203467,518347.0,5.122
LUX,2012,112584.676270958,530946.0,5.03
LUX,2013,120000.140729859,543360.0,6.045
LUX,2014,123678.706919314,556319.0,6.044
LUX,2015,105462.012584423,569604.0,6.796
LUX,2016,106899.293549552,582014.0,6.669
LUX,2017,110193.213797228,596336.0,5.523
LUX,2018,116926.759593905,607950.0,5.589
LUX,2019,112696.649059674,620001.0,5.592
LUX,2020,116860.02817236,630419.0,6.766
LUX,2021,134965.815442152,640064.0,5.571
LUX,2022,123719.658915996,653103.0,4.588
LUX,2023,133230.619178899,666430.0,5.184
LUX,2024,137781.681659123,677012.0,6.4
LUX,2025,147252.179121515,686970.0,6.343
LVA,1985,,2578873.0,
LVA,1986,,2599892.0,
LVA,1987,,2626583.0,
LVA,1988,,2653434.0,
LVA,1989,,2666955.0,
LVA,1990,,2663151.0,2.7
LVA,1991,,2650581.0,2.7
LVA,1992,,2614338.0,6.6
LVA,1993,,2563290.0,16.7
LVA,1994,,2520742.0,18.7
LVA,1995,2256.77360387054,2485056.0,19.0
LVA,1996,2360.1714816213,2457222.0,20.7
LVA,1997,2609.89308697195,2432851.0,14.9
LVA,1998,2893.79998716563,2410019.0,14.454
LVA,1999,3063.89794599707,2390482.0,13.79
LVA,2000,3278.17896440803,2367550.0,14.211
LVA,2001,3504.61829462397,2337170.0,13.821
LVA,2002,4003.60935783538,2310173.0,13.829
LVA,2003,4914.57992829302,2287955.0,12.061
LVA,2004,6109.73265186817,2263122.0,11.708
LVA,2005,7283.78738127622,2238799.0,10.033
LVA,2006,9211.7374468148,2218357.0,7.03
LVA,2007,13370.9789452508,2200325.0,6.052
LVA,2008,15677.6080864506,2177322.0,7.739
LVA,2009,11996.0322729773,2141669.0,17.515
LVA,2010,11188.4191700977,2097555.0,19.482
LVA,2011,12902.574053337,2059709.0,16.206
LVA,2012,13329.3499931271,2034319.0,15.047
LVA,2013,14484.4715282132,2012647.0,11.867
LVA,2014,15185.814581236,1993782.0,10.846
LVA,2015,13321.9753140616,1977527.0,9.873
LVA,2016,13838.5266823272,1959537.0,9.643
LVA,2017,15132.4958333982,1942248.0,8.715
LVA,2018,17252.1710428626,1927174.0,7.412
LVA,2019,17294.9751600969,1913822.0,6.312
LVA,2020,17564.2321549354,1900449.0,8.098
LVA,2021,20261.8887788916,1884490.0,7.513
LVA,2022,20221.103686109,1879383.0,6.815
LVA,2023,22710.2637544197,1883710.0,6.465
LVA,2024,23578.9663562625,1866124.0,6.9
LVA,2025,26311.9730706362,1847785.0,6.568
MAC,1985,4701.66434223387,289700.0,
MAC,1986,5175.15646068506,296050.0,
MAC,1987,6380.07114016362,306850.0,
MAC,1988,7242.91715984991,316000.0,
MAC,1989,8322.56380195863,325100.0,
MAC,1990,9692.43538809962,334950.0,3.01
MAC,1991,10707.3786750774,351650.0,3.01
MAC,1992,13249.8387410349,370900.0,2.196
MAC,1993,14754.1825906333,384000.0,2.057
MAC,1994,15905.2615421482,396800.0,2.48
MAC,1995,17215.1178522275,409300.0,3.581
MAC,1996,17289.5517956917,415100.0,4.261
MAC,1997,17415.6982810978,417300.0,3.225
MAC,1998,16094.9913844594,422300.0,4.607
MAC,1999,15318.6006770368,427400.0,6.34
MAC,2000,15731.4081633771,430600.0,6.874
MAC,2001,15810.7227666562,433900.0,6.371
MAC,2002,16814.9926424134,438400.0,6.278
MAC,2003,18589.8998330534,443600.0,5.995
MAC,2004,23407.1993692194,454700.0,4.904
MAC,2005,25681.2167315221,473500.0,4.158
MAC,2006,29813.7877167933,498900.0,3.822
MAC,2007,35400.2334659409,520900.0,3.269
MAC,2008,38888.5118044503,540700.0,2.999
MAC,2009,40354.2810293673,535000.0,3.58
MAC,2010,52596.2250160214,537000.0,2.84
MAC,2011,67046.7284292101,549600.0,2.56
MAC,2012,76058.0224963659,567900.0,1.97
MAC,2013,87107.8313063626,591900.0,1.82
MAC,2014,88355.3181764446,621700.0,1.67
MAC,2015,69902.9605741233,642900.0,1.81
MAC,2016,68911.6755919628,652500.0,1.939
MAC,2017,77570.9876166977,648400.0,1.981
MAC,2018,83588.2875009014,658900.0,1.803
MAC,2019,81882.6964523869,672000.0,1.73
MAC,2020,36883.6652578543,685400.0,2.542
MAC,2021,44884.8961602393,682500.0,2.221
MAC,2022,36806.891255461,677300.0,2.446
MAC,2023,67216.3631112124,678800.0,2.206
MAC,2024,72004.7437020733,687000.0,2.262
MAC,2025,75901.7461294198,685900.0,2.347
MAF,1985,,16095.0,
MAF,1986,,18558.0,
MAF,1987,,21108.0,
MAF,1988,,23749.0,
MAF,1989,,26453.0,
MAF,1990,,28224.0,
MAF,1991,,28800.0,
MAF,1992,,29081.0,
MAF,1993,,29282.0,
MAF,1994,,29413.0,
MAF,1995,,29470.0,
MAF,1996,,29443.0,
MAF,1997,,29323.0,
MAF,1998,,29107.0,
MAF,1999,,29284.0,
MAF,2000,,29996.0,
MAF,2001,,30803.0,
MAF,2002,,31604.0,
MAF,2003,,32395.0,
MAF,2004,,33171.0,
MAF,2005,,33928.0,
MAF,2006,,34658.0,
MAF,2007,,35337.0,
MAF,2008,,35958.0,
MAF,2009,,36502.0,
MAF,2010,,36856.0,
MAF,2011,20930.5821177758,37069.0,
MAF,2012,,37276.0,
MAF,2013,,37419.0,
MAF,2014,20638.7705882379,37450.0,
MAF,2015,,37369.0,
MAF,2016,,37175.0,
MAF,2017,,36837.0,
MAF,2018,,36012.0,
MAF,2019,19033.0649634889,34267.0,
MAF,2020,,31786.0,
MAF,2021,21668.3776525323,29961.0,
MAF,2022,,28870.0,
MAF,2023,,27515.0,
MAF,2024,,26129.0,
MAF,2025,,24941.0,
MAR,1985,673.2900390625,22113953.0,
MAR,1986,855.169311523438,22600803.0,
MAR,1987,937.457153320313,23054392.0,
MAR,1988,1086.03527832031,23500524.0,
MAR,1989,1091.27624511719,23939414.0,
MAR,1990,1229.07104492188,24375551.0,13.502
MAR,1991,1292.23376464844,24799014.0,13.502
MAR,1992,1327.02954101563,25212468.0,13.781
MAR,1993,1226.43054199219,25614586.0,14.026
MAR,1994,1358.79443359375,26000822.0,13.858
MAR,1995,1466.78820800781,26399429.0,14.054
MAR,1996,1596.83239746094,26808107.0,13.362
MAR,1997,1426.30114746094,27213337.0,14.025
MAR,1998,1668.49755859375,27621648.0,13.359
MAR,1999,1635.65673828125,28027179.0,13.94
MAR,2000,1499.107421875,28423435.0,13.58
MAR,2001,1506.24523925781,28814643.0,12.46
MAR,2002,1596.02062988281,29198142.0,11.59
MAR,2003,1941.87255859375,29571415.0,11.92
MAR,2004,2183.55541992188,29953018.0,10.83
MAR,2005,2242.98828125,30358144.0,11.01
MAR,2006,2438.12646484375,30771178.0,9.67
MAR,2007,2755.5859375,31186468.0,9.56
MAR,2008,3183.20043945313,31606767.0,9.57
MAR,2009,3119.58862304688,32030778.0,8.96
MAR,2010,3067.9853515625,32467016.0,9.09
MAR,2011,3301.98876953125,32912588.0,8.91
MAR,2012,3164.17724609375,33355241.0,8.99
MAR,2013,3379.7431640625,33787571.0,9.23
MAR,2014,3435.40698242188,34204780.0,9.7
MAR,2015,3146.24780273438,34607588.0,9.46
MAR,2016,3140.85546875,35023457.0,9.3
MAR,2017,3296.52661132813,35446392.0,9.22
MAR,2018,3501.69799804688,35839760.0,9.272
MAR,2019,3508.09765625,36210898.0,9.191
MAR,2020,3268.0302734375,36584208.0,11.189
MAR,2021,3785.93627929688,36954442.0,10.551
MAR,2022,3463.1376953125,37329064.0,9.413
MAR,2023,3813.72607421875,37712505.0,8.896
MAR,2024,4153.1943359375,38081173.0,9.103
MAR,2025,4672.46826171875,38430770.0,9.0
MCO,1985,37689.8648613491,28731.0,
MCO,1986,52082.4508807502,29093.0,
MCO,1987,62456.0708848997,29446.0,
MCO,1988,67180.5763713568,29781.0,
MCO,1989,66815.7104498273,30084.0,
MCO,1990,81734.8664968011,30358.0,
MCO,1991,80997.2520924871,30625.0,
MCO,1992,88614.926367223,30887.0,
MCO,1993,82685.4559266948,31136.0,
MCO,1994,86703.8130529474,31375.0,
MCO,1995,99032.2375054091,31609.0,
MCO,1996,98561.0137425657,31837.0,
MCO,1997,88581.7044683607,32063.0,
MCO,1998,90947.2051224438,32267.0,
MCO,1999,89698.1924366737,32410.0,
MCO,2000,81789.014508777,32455.0,
MCO,2001,82402.7746362391,32447.0,
MCO,2002,90051.4463079416,32422.0,
MCO,2003,111110.460463916,32374.0,
MCO,2004,125160.282928751,32307.0,
MCO,2005,130538.711379722,32210.0,
MCO,2006,143083.509443656,32057.0,
MCO,2007,184558.455423983,31837.0,
MCO,2008,204263.893236529,31836.0,
MCO,2009,169150.337647299,32364.0,
MCO,2010,161853.922745228,33163.0,
MCO,2011,179364.009524397,33946.0,
MCO,2012,165444.625782803,34711.0,
MCO,2013,184940.633666281,35447.0,
MCO,2014,195693.519540544,36128.0,
MCO,2015,170437.021128628,36757.0,
MCO,2016,173604.669723126,37276.0,
MCO,2017,170663.470051177,37678.0,
MCO,2018,188298.389694191,38154.0,
MCO,2019,193746.729890885,38109.0,
MCO,2020,176891.806328966,38050.0,
MCO,2021,223823.327192464,38527.0,
MCO,2022,226052.060664649,38931.0,
MCO,2023,256799.911212051,38956.0,
MCO,2024,288001.574856495,38631.0,
MCO,2025,180210.29914804175,38341.0,
MDA,1985,,2850787.0,
MDA,1986,,2883057.0,
MDA,1987,,2916306.0,
MDA,1988,,2948891.0,
MDA,1989,,2970039.0,
MDA,1990,1206.50208704977,2977912.0,1.9
MDA,1991,1037.89950336245,2981566.0,1.9
MDA,1992,778.017667420102,2980965.0,3.7
MDA,1993,796.989388848336,2975966.0,3.7
MDA,1994,573.798647201304,2966745.0,5.8
MDA,1995,593.593177049161,2953200.0,5.3
MDA,1996,575.145455139019,2947293.0,7.9
MDA,1997,657.29213459795,2936413.0,7.9
MDA,1998,578.734627562193,2935227.0,10.0
MDA,1999,399.499818596336,2930622.0,11.14
MDA,2000,440.538683980372,2924668.0,8.539
MDA,2001,507.404076252819,2918135.0,7.366
MDA,2002,570.799866188293,2911385.0,6.845
MDA,2003,682.319095965299,2903198.0,6.378
MDA,2004,897.178494749468,2896023.0,6.374
MDA,2005,1034.39197746993,2888985.0,5.633
MDA,2006,1183.02481442894,2880967.0,4.26
MDA,2007,1531.21618590748,2874299.0,2.749
MDA,2008,2110.55305353857,2868833.0,2.097
MDA,2009,1898.43975710988,2865213.0,3.024
MDA,2010,2436.79935102421,2862354.0,2.972
MDA,2011,2941.36224066021,2860699.0,2.677
MDA,2012,3044.8084324815,2860324.0,2.189
MDA,2013,3321.04397795719,2859558.0,1.894
MDA,2014,3289.95758568777,2857815.0,1.45
MDA,2015,2749.55137054338,2835978.0,1.781
MDA,2016,2847.08794770479,2803186.0,1.591
MDA,2017,3453.26727720294,2755189.0,1.622
MDA,2018,4156.44981956646,2707203.0,1.239
MDA,2019,4405.33418162155,2664224.0,1.502
MDA,2020,4375.7788930524,2635130.0,1.206
MDA,2021,5274.60582195352,2595809.0,0.794
MDA,2022,5744.29618434435,2528654.0,0.909
MDA,2023,6799.58594644576,2457783.0,1.57
MDA,2024,7578.90216348853,2402306.0,1.427
MDA,2025,8621.71721623786,2360527.0,1.505
MDG,1985,364.469101913106,10433142.0,
MDG,1986,404.959271422966,10736857.0,
MDG,1987,290.831531079348,11047291.0,
MDG,1988,280.528398357653,11369462.0,
MDG,1989,271.306183276982,11704998.0,
MDG,1990,326.099253221978,12055639.0,6.169
MDG,1991,262.024402380479,12421412.0,6.169
MDG,1992,290.2120463948,12800870.0,6.275
MDG,1993,307.887603096441,13197345.0,6.317
MDG,1994,258.723806434505,13613850.0,6.106
MDG,1995,273.149653945976,14051275.0,6.092
MDG,1996,339.877283663608,14510711.0,6.092
MDG,1997,284.371843967244,14990814.0,5.971
MDG,1998,284.192923139852,15489364.0,5.901
MDG,1999,267.360530991414,16000506.0,5.822
MDG,2000,280.282905559649,16516338.0,5.8
MDG,2001,319.283278235657,17032939.0,5.35
MDG,2002,304.941777398445,17549913.0,5.515
MDG,2003,352.620095849925,18071854.0,5.01
MDG,2004,272.20074858856,18606608.0,3.951
MDG,2005,305.812074924388,19159707.0,2.62
MDG,2006,324.146874882604,19730909.0,2.945
MDG,2007,419.548001431865,20318583.0,3.202
MDG,2008,512.579800058444,20923840.0,3.431
MDG,2009,446.315238370592,21547280.0,3.885
MDG,2010,450.009391645726,22183340.0,4.28
MDG,2011,506.163691559309,22822300.0,2.516
MDG,2012,493.511162904211,23462438.0,0.599
MDG,2013,515.301589361832,24109290.0,0.995
MDG,2014,505.684922503435,24764348.0,1.385
MDG,2015,445.320069480568,25426702.0,1.785
MDG,2016,453.970714522463,26099952.0,1.949
MDG,2017,491.866848718929,26788375.0,2.123
MDG,2018,500.45718552916,27494926.0,2.303
MDG,2019,499.818837622534,28219554.0,2.479
MDG,2020,450.771615205157,28953556.0,3.292
MDG,2021,483.469463351195,29691083.0,3.498
MDG,2022,504.059106969168,30437261.0,3.186
MDG,2023,514.064076551927,31195932.0,3.044
MDG,2024,550.37875528856,31964956.0,3.051
MDG,2025,599.265294255357,32740678.0,3.041
MDV,1985,668.830135090308,190169.0,
MDV,1986,720.452201133255,196935.0,
MDV,1987,692.459838892363,203944.0,
MDV,1988,799.082501719284,210885.0,
MDV,1989,870.378318180563,217738.0,
MDV,1990,956.763019768672,224762.0,0.788
MDV,1991,1054.33413828759,231802.0,0.788
MDV,1992,1194.2325242813,238543.0,0.789
MDV,1993,1316.614548774,244884.0,0.796
MDV,1994,1419.39276513408,250822.0,0.793
MDV,1995,1554.60942754604,256649.0,0.79
MDV,1996,1716.74281753716,262347.0,1.019
MDV,1997,1898.43225010526,267707.0,1.25
MDV,1998,1980.38448396751,272723.0,1.489
MDV,1999,2124.06007530631,277412.0,1.726
MDV,2000,2213.81235053178,282019.0,1.97
MDV,2001,3033.93234507036,286767.0,3.038
MDV,2002,3076.07007160101,291616.0,4.094
MDV,2003,3548.5767011056,296491.0,5.126
MDV,2004,4070.2609459446,301413.0,6.151
MDV,2005,3796.51546524644,306429.0,7.313
MDV,2006,5018.94335409159,313851.0,8.345
MDV,2007,5758.10286933053,324479.0,9.421
MDV,2008,6757.43280929292,336170.0,10.361
MDV,2009,6734.03165601895,348275.0,11.697
MDV,2010,7173.59601844692,360792.0,10.875
MDV,2011,7424.520410971,373674.0,10.043
MDV,2012,7461.29703686309,386818.0,9.134
MDV,2013,8236.08177944126,400070.0,8.295
MDV,2014,8939.07416571472,413617.0,7.461
MDV,2015,9644.90655028145,428154.0,6.611
MDV,2016,9947.80744731739,443308.0,5.771
MDV,2017,10509.628805812,458287.0,5.377
MDV,2018,11423.2838427029,473099.0,4.962
MDV,2019,11740.2724029785,487731.0,4.562
MDV,2020,7393.8886543933,502118.0,5.42
MDV,2021,10176.143882547,516154.0,5.016
MDV,2022,11786.0191492983,524106.0,4.303
MDV,2023,12587.6126038651,525994.0,4.019
MDV,2024,13379.3513577224,527799.0,4.278
MDV,2025,14614.7208116541,529676.0,4.514
MEA,1985,2039.10477468142,327681501.0,
MEA,1986,2000.35003119441,338209596.0,
MEA,1987,1810.54216765841,348933449.0,
MEA,1988,1755.69263514938,359728415.0,
MEA,1989,1756.36670264943,370724431.0,
MEA,1990,2183.44230721402,383279026.0,7.96325856391227
MEA,1991,1708.79382675855,394251647.0,7.96325856391227
MEA,1992,1751.90899816556,405847278.0,8.07196382177059
MEA,1993,1598.13502545136,417150344.0,8.52874979745686
MEA,1994,1643.03794043181,428117445.0,8.52159746477789
MEA,1995,1775.34234828612,438968860.0,8.74623216428901
MEA,1996,1918.23389436435,449859387.0,7.96657131190278
MEA,1997,1954.37937585732,460864078.0,7.77681950155754
MEA,1998,1868.35065041968,472047033.0,7.86215125968508
MEA,1999,1974.72512174751,483430509.0,8.10473132845309
MEA,2000,2220.17760810318,494850317.0,8.4169385368672
MEA,2001,2152.65763807858,506478256.0,8.42943669202
MEA,2002,2092.42649543325,518193093.0,8.48914200309222
MEA,2003,2279.27390627646,530338988.0,8.30300037305323
MEA,2004,2623.96338362197,543086512.0,7.54776306570901
MEA,2005,3050.54818555888,556210211.0,7.65760282606948
MEA,2006,3482.13613849624,569898499.0,7.22108801251314
MEA,2007,4009.6538543062,583743828.0,6.82070410411982
MEA,2008,4838.92296020983,597799097.0,6.58386551452509
MEA,2009,4261.00104677278,612128501.0,6.71404844364157
MEA,2010,4874.74374602995,624828664.0,6.85675050559872
MEA,2011,5735.78283895152,639053870.0,7.23452105809906
MEA,2012,6052.38238208124,653273442.0,8.34766826613965
MEA,2013,5871.07008125381,667464006.0,7.92975020058705
MEA,2014,5814.71484290247,680716578.0,7.64519859427481
MEA,2015,5130.25978607342,694232973.0,8.36498933286657
MEA,2016,5130.21030038801,707023525.0,8.0751146709309
MEA,2017,5283.42471158364,718887744.0,8.5198428948238
MEA,2018,5550.31969384997,730362334.0,8.53535637968998
MEA,2019,5416.06362418233,742714463.0,8.33082967841649
MEA,2020,4749.14341262891,756405281.0,9.14819309323363
MEA,2021,5622.19134191977,767578451.0,9.00366611562493
MEA,2022,6436.74030312288,782349366.0,8.23898776216766
MEA,2023,6144.70308054742,797801454.0,7.79272191834479
MEA,2024,6275.43469598207,813173936.0,7.84018773728947
MEA,2025,6202.19002141299,828025185.0,7.78205479742957
MEX,1985,2601.70825226684,75043414.0,
MEX,1986,1756.93563367491,76585637.0,
MEX,1987,1888.2631431041,78136651.0,
MEX,1988,2278.81222720992,79695531.0,
MEX,1989,2725.05572275442,81247182.0,
MEX,1990,3154.46920349038,82820170.0,3.145
MEX,1991,3708.8420548157,84430572.0,3.145
MEX,1992,4220.56643677057,86044809.0,3.235
MEX,1993,6048.34840388099,87653807.0,3.365
MEX,1994,6202.36588372862,89259205.0,4.436
MEX,1995,4183.87847727479,90862455.0,7.095
MEX,1996,4674.36792733681,92452702.0,5.465
MEX,1997,5567.35599516667,94021207.0,4.235
MEX,1998,5832.69342004468,95575245.0,3.733
MEX,1999,6499.97182950425,97115707.0,2.598
MEX,2000,7524.0271380091,98625552.0,2.646
MEX,2001,7952.76479510706,100099099.0,2.627
MEX,2002,7983.03398381759,101548624.0,3.003
MEX,2003,7434.07465031562,102978515.0,3.455
MEX,2004,7849.66759649565,104394131.0,3.937
MEX,2005,8671.75891798441,105811504.0,3.558
MEX,2006,9512.63575346699,107253666.0,3.566
MEX,2007,10134.3327129706,108774360.0,3.628
MEX,2008,10523.7685427665,110374288.0,3.874
MEX,2009,8423.56933148639,111999721.0,5.356
MEX,2010,9728.80078307432,113623895.0,5.303
MEX,2011,10664.4944032313,115243504.0,5.175
MEX,2012,10744.1335236186,116818208.0,4.892
MEX,2013,11216.800851866,118343573.0,4.921
MEX,2014,11391.3773503964,119784261.0,4.819
MEX,2015,10021.2386113616,121072306.0,4.311
MEX,2016,9097.92397674769,122251351.0,3.853
MEX,2017,9649.27816729586,123400057.0,3.419
MEX,2018,10084.7937570364,124573711.0,3.275
MEX,2019,10369.5553593527,125762982.0,3.477
MEX,2020,8841.27074929751,126799054.0,4.44
MEX,2021,10314.0506733708,127648148.0,4.019
MEX,2022,11405.7940469896,128613117.0,3.256
MEX,2023,13830.843848864,129739759.0,2.765
MEX,2024,13988.0423745241,130861007.0,2.678
MEX,2025,13889.2339628708,131946900.0,2.673
MHL,1985,1162.01901432695,37761.0,
MHL,1986,1425.16418062414,39286.0,
MHL,1987,1542.64230430097,40828.0,
MHL,1988,1670.28189314997,42321.0,
MHL,1989,1670.21520671775,43586.0,
MHL,1990,1758.40820990836,44629.0,
MHL,1991,1810.63465589888,45568.0,
MHL,1992,1963.07234629646,46388.0,
MHL,1993,2112.01240099378,47093.0,
MHL,1994,2265.0695841717,47712.0,
MHL,1995,2490.98744457796,48266.0,
MHL,1996,2272.84469502819,48775.0,
MHL,1997,2230.75377088451,49259.0,
MHL,1998,2254.16054870567,49717.0,
MHL,1999,2257.92000318712,50202.0,
MHL,2000,2264.79114897645,50706.0,
MHL,2001,2394.34501105178,51123.0,
MHL,2002,2566.06708799222,51425.0,
MHL,2003,2539.3307383954,51639.0,
MHL,2004,2566.08291015814,51791.0,
MHL,2005,2658.65217893885,51906.0,
MHL,2006,2754.26988767503,51992.0,
MHL,2007,2892.28403958874,52035.0,
MHL,2008,2817.60522775322,52030.0,
MHL,2009,2906.63026970914,52019.0,
MHL,2010,3095.45768964722,52044.0,
MHL,2011,3319.39815439151,51907.0,
MHL,2012,3514.26515490383,51419.0,
MHL,2013,3677.90690791421,50681.0,
MHL,2014,3735.23977829545,49796.0,
MHL,2015,3764.34426229508,48800.0,
MHL,2016,4229.80988911945,47709.0,
MHL,2017,4592.83457628576,46529.0,
MHL,2018,4858.12079054875,45285.0,
MHL,2019,5292.33985502306,44007.0,
MHL,2020,5661.96787336674,42706.0,
MHL,2021,6315.31172190393,41367.0,
MHL,2022,6455.6603538189,40077.0,
MHL,2023,6799.39217554794,38827.0,
MHL,2024,7590.28443592202,37548.0,
MHL,2025,8489.05793506422,36282.0,
MIC,1985,679.631635489778,3454036455.0,
MIC,1986,678.522987405872,3526715389.0,
MIC,1987,681.367237565736,3601281359.0,
MIC,1988,714.463538617424,3676333454.0,
MIC,1989,744.689168415595,3751094976.0,
MIC,1990,834.86710906655,3827822600.0,4.63827281318284
MIC,1991,794.753759040852,3901045292.0,4.63827281318284
MIC,1992,830.780200602807,3972120504.0,4.69492774360074
MIC,1993,881.582417468646,4041747514.0,4.88893972820073
MIC,1994,973.577650135458,4110771898.0,5.15883351064485
MIC,1995,1117.20867019182,4179853300.0,5.41998900346591
MIC,1996,1219.4022241552,4248932284.0,5.50883774297394
MIC,1997,1276.23621024903,4317953411.0,5.55040548213861
MIC,1998,1234.61362736215,4386612062.0,5.73346203456749
MIC,1999,1172.02687970901,4454002200.0,5.92815470503886
MIC,2000,1255.46174685563,4520892472.0,5.90554769116785
MIC,2001,1242.22843960232,4587166020.0,6.06529717812631
MIC,2002,1240.91759491541,4651354120.0,6.2794627269579
MIC,2003,1366.50745222422,4714626871.0,6.34937695144509
MIC,2004,1585.10628044678,4778500089.0,6.21906740046783
MIC,2005,1849.46883810202,4841973136.0,6.18100517194098
MIC,2006,2152.970922294,4904910704.0,5.97972371507844
MIC,2007,2613.04907204417,4967108168.0,5.88198217147033
MIC,2008,3073.19618643341,5030372259.0,5.87208459437414
MIC,2009,3047.40789191738,5094380988.0,6.07794731544178
MIC,2010,3664.92162337478,5158880800.0,5.85407842097449
MIC,2011,4240.03549037097,5224254229.0,5.78106658586154
MIC,2012,4467.32549649132,5291702846.0,5.80334478008198
MIC,2013,4661.49740787105,5359014668.0,5.77644112078398
MIC,2014,4808.99653991663,5425923034.0,5.75311900107613
MIC,2015,4597.60474958281,5490559951.0,5.93705456165038
MIC,2016,4598.01556540424,5553928978.0,6.01421235038408
MIC,2017,4970.75305971396,5616970904.0,6.05518297615024
MIC,2018,5231.9314869653,5677402468.0,6.00981501156322
MIC,2019,5333.00944959533,5735139879.0,5.86054208956752
MIC,2020,5110.03730012152,5789502859.0,6.69849633442843
MIC,2021,5980.00050387597,5838421323.0,6.19670261206739
MIC,2022,6209.92727259514,5882746344.0,5.42949094564465
MIC,2023,6342.84660727863,5927622764.0,4.96756774789441
MIC,2024,6507.45727213279,5975818672.0,4.91644475196582
MIC,2025,6778.79773310904,6024194822.0,4.88480834136692
MKD,1985,,2014331.0,
MKD,1986,,2024732.0,
MKD,1987,,2035157.0,
MKD,1988,,2045737.0,
MKD,1989,,2055649.0,
MKD,1990,2277.30372314314,2063689.0,24.5
MKD,1991,2402.13517656378,2055994.0,24.5
MKD,1992,1198.92829846257,2032523.0,26.3
MKD,1993,1336.64775641463,2006854.0,27.7
MKD,1994,1786.35488334914,1992666.0,30.0
MKD,1995,2355.24705371138,1998534.0,35.6
MKD,1996,2306.53366957635,2012553.0,38.8
MKD,1997,1959.56073782188,1996869.0,36.0
MKD,1998,1875.81662735988,2007523.0,34.5
MKD,1999,1915.39281060996,2017142.0,32.4
MKD,2000,1861.89899780644,2026350.0,32.2
MKD,2001,1823.02267682636,2034882.0,30.52
MKD,2002,1989.13537265159,2020157.0,31.94
MKD,2003,2445.36286400013,2022725.0,36.69
MKD,2004,2818.5814561242,2016186.0,37.161
MKD,2005,3120.98401394233,2005330.0,37.32
MKD,2006,3440.4411057968,1994287.0,36.392
MKD,2007,4204.11328760452,1982933.0,35.231
MKD,2008,5026.4202989873,1971493.0,33.93
MKD,2009,4799.78722768888,1958782.0,32.351
MKD,2010,4833.36586759968,1946298.0,33.135
MKD,2011,5416.86672931659,1937398.0,31.502
MKD,2012,5049.8265386157,1929821.0,31.096
MKD,2013,5626.26115664893,1922716.0,29.017
MKD,2014,5925.38592218015,1917557.0,28.215
MKD,2015,5262.68671928674,1912430.0,26.395
MKD,2016,5598.48622617967,1906313.0,24.312
MKD,2017,5955.2973863451,1898657.0,22.857
MKD,2018,6713.98925398989,1889051.0,21.208
MKD,2019,6718.85826635458,1876262.0,17.414
MKD,2020,6659.59651070776,1856124.0,16.575
MKD,2021,7620.80296977508,1837114.0,15.801
MKD,2022,7606.2375253797,1831712.0,14.476
MKD,2023,8674.35846327485,1827816.0,13.174
MKD,2024,9291.8566035502,1824359.0,12.265
MKD,2025,10489.9255355525,1820909.0,12.256
MLI,1985,190.377454158271,8374663.0,
MLI,1986,250.013920202755,8531277.0,
MLI,1987,280.723262413678,8681164.0,
MLI,1988,307.019371606958,8833996.0,
MLI,1989,313.871327696511,8999938.0,
MLI,1990,353.903252431339,9178830.0,1.399
MLI,1991,381.993534663018,9362888.0,1.399
MLI,1992,385.278654501558,9553540.0,1.483
MLI,1993,372.412257638931,9754786.0,1.419
MLI,1994,266.455340175594,9967031.0,1.512
MLI,1995,331.193112418678,10185365.0,1.464
MLI,1996,359.662096056414,10407278.0,1.421
MLI,1997,320.751522972854,10646495.0,1.411
MLI,1998,356.64704402466,10919573.0,1.342
MLI,1999,364.415678421892,11227415.0,1.358
MLI,2000,304.652870189314,11559290.0,1.412
MLI,2001,346.224554248587,11912158.0,1.332
MLI,2002,378.191678628068,12288050.0,1.36
MLI,2003,441.910358475171,12684955.0,1.272
MLI,2004,495.006294675661,13102409.0,1.413
MLI,2005,548.730382848879,13538647.0,1.367
MLI,2006,586.985415512593,13990139.0,1.395
MLI,2007,670.853394978069,14457775.0,1.372
MLI,2008,767.194838946144,14940782.0,1.383
MLI,2009,787.48256428259,15435539.0,1.406
MLI,2010,797.151541141189,15945198.0,1.375
MLI,2011,938.292902579598,16469049.0,1.403
MLI,2012,872.506092463946,16957033.0,1.462
MLI,2013,901.920957649814,17459615.0,1.517
MLI,2014,947.915033293219,18020267.0,1.476
MLI,2015,838.11986940103,18593022.0,1.404
MLI,2016,872.468587171653,19191289.0,1.367
MLI,2017,924.057531692284,19813011.0,1.498
MLI,2018,996.379292136901,20442030.0,1.62
MLI,2019,971.949318638092,21068405.0,3.29
MLI,2020,953.242943290974,21713836.0,3.528
MLI,2021,1027.27345365357,22388630.0,4.006
MLI,2022,976.914116406452,23072640.0,2.387
MLI,2023,1042.44223444837,23769127.0,2.947
MLI,2024,1093.2523323649,24478595.0,2.924
MLI,2025,1193.27601004701,25198821.0,2.831
MLT,1985,3322.30879632858,336452.0,
MLT,1986,4194.53480236296,342121.0,
MLT,1987,5083.80179308013,344485.0,
MLT,1988,5814.44775940093,347325.0,
MLT,1989,6040.84054229986,350722.0,
MLT,1990,7192.38994693962,354170.0,6.335
MLT,1991,7558.75921583164,363845.0,6.335
MLT,1992,8220.33403924666,367618.0,6.333
MLT,1993,7296.35111127489,371308.0,6.332
MLT,1994,8000.3453286604,374797.0,6.331
MLT,1995,9828.32366424667,377419.0,6.33
MLT,1996,10061.8500714248,379905.0,6.329
MLT,1997,9893.18885431564,382791.0,6.328
MLT,1998,10408.1156430599,385287.0,6.326
MLT,1999,10609.1105181418,387578.0,6.325
MLT,2000,10348.485765125,390087.0,6.324
MLT,2001,10357.7026407269,393028.0,7.107
MLT,2002,11251.2024877398,395969.0,6.902
MLT,2003,13593.9787182902,398582.0,7.488
MLT,2004,15212.1312964883,401268.0,7.317
MLT,2005,15831.3439802756,403834.0,6.923
MLT,2006,16653.6038312389,405308.0,6.798
MLT,2007,19444.1743635565,406724.0,6.472
MLT,2008,22405.6426266551,409379.0,5.977
MLT,2009,21261.5428699817,412477.0,6.896
MLT,2010,21946.6073066905,414508.0,6.861
MLT,2011,23516.972445816,416268.0,6.388
MLT,2012,22878.3095862582,420028.0,6.203
MLT,2013,25415.5525389054,424810.0,6.115
MLT,2014,27424.5693619702,433481.0,5.737
MLT,2015,25529.6693210673,444220.0,5.389
MLT,2016,26459.0644285369,454505.0,4.694
MLT,2017,30317.2611769875,467106.0,4.008
MLT,2018,33382.280781103,483903.0,3.956
MLT,2019,32421.9087471186,503912.0,4.08
MLT,2020,31823.422001724,515490.0,4.856
MLT,2021,38078.0064279067,518150.0,3.754
MLT,2022,35658.8318250199,531113.0,3.471
MLT,2023,40932.5238774461,552747.0,3.479
MLT,2024,44023.6341078148,568847.0,3.1
MLT,2025,47906.9000057635,579704.0,2.896
MMR,1985,40.3821412603663,36622827.0,
MMR,1986,42.4193735892874,37314878.0,
MMR,1987,41.1478137224602,37971594.0,
MMR,1988,39.9236088878004,38600927.0,
MMR,1989,51.3443285034615,39214618.0,
MMR,1990,53.1225401094506,39817251.0,0.828
MMR,1991,51.2408970610106,40394154.0,0.828
MMR,1992,58.8896739558883,40950342.0,0.796
MMR,1993,76.212889482598,41502429.0,0.779
MMR,1994,105.391561114159,42055143.0,0.739
MMR,1995,124.14348039051,42605338.0,0.754
MMR,1996,141.897267580367,43154860.0,0.753
MMR,1997,108.039770292032,43708798.0,0.764
MMR,1998,145.950830383757,44257793.0,0.772
MMR,1999,189.490155849067,44787724.0,0.75
MMR,2000,196.619580625284,45290841.0,0.712
MMR,2001,141.525660705722,45771139.0,0.689
MMR,2002,146.598390364449,46232653.0,0.685
MMR,2003,224.292688912409,46667192.0,0.686
MMR,2004,224.508811413327,47068772.0,0.677
MMR,2005,252.685193060728,47438365.0,0.672
MMR,2006,303.495087119254,47785135.0,0.676
MMR,2007,419.375780725042,48125043.0,0.684
MMR,2008,658.442487229705,48390793.0,0.7
MMR,2009,758.442935789255,48660459.0,0.712
MMR,2010,1010.53417343401,49024382.0,0.725
MMR,2011,1213.62898703376,49419820.0,0.749
MMR,2012,1202.6658960055,49837446.0,0.768
MMR,2013,1199.09561597055,50262658.0,0.775
MMR,2014,1293.00042298688,50681634.0,0.763
MMR,2015,1166.73305546337,51089056.0,0.766
MMR,2016,1229.19713515893,51495696.0,1.058
MMR,2017,1272.82241830603,51894938.0,1.356
MMR,2018,1298.21310320785,52272247.0,0.767
MMR,2019,1425.98954211903,52640713.0,0.407
MMR,2020,1490.21683548367,53016522.0,1.476
MMR,2021,1242.72134419599,53387102.0,4.34
MMR,2022,1158.05005034332,53756787.0,3.063
MMR,2023,1233.19666209269,54133798.0,2.977
MMR,2024,1359.05001560107,54500091.0,2.887
MMR,2025,1488.87527836542,54850648.0,3.047
MNA,1985,1465.40188873874,309566339.0,
MNA,1986,1527.50087171456,319257806.0,
MNA,1987,1297.3641585796,329101677.0,
MNA,1988,1221.34786900913,339013669.0,
MNA,1989,1191.0619516203,349120795.0,
MNA,1990,1555.05827495603,361322200.0,8.04281882929149
MNA,1991,1024.13992357305,371610655.0,8.04281882929149
MNA,1992,1022.14274597846,381995940.0,8.15777841491164
MNA,1993,877.44497876498,392371485.0,8.6904598679539
MNA,1994,899.269793329172,402475400.0,8.75493973614969
MNA,1995,977.954473591564,412447289.0,9.04197057012473
MNA,1996,1058.06607863895,422368926.0,8.22167447864504
MNA,1997,1077.33623098311,432334916.0,8.00919483294535
MNA,1998,1075.35859730551,442475967.0,8.10371343099382
MNA,1999,1137.92232780385,452793419.0,8.37484954351616
MNA,2000,1247.47233601948,462980522.0,8.71870374230222
MNA,2001,1226.17513564007,473223662.0,8.72286096614539
MNA,2002,1168.52531612381,483540516.0,8.74924905373015
MNA,2003,1263.87606211705,494288606.0,8.52231485976772
MNA,2004,1463.04140886351,505618583.0,7.69407412818457
MNA,2005,1657.11019014742,517240777.0,7.84838151626538
MNA,2006,1883.12072392022,529158464.0,7.39019405991603
MNA,2007,2237.26190656626,540838105.0,7.01816989858009
MNA,2008,2658.20562971484,552681993.0,6.84334845869645
MNA,2009,2515.92356926376,565038251.0,6.94800177686091
MNA,2010,2821.50866622906,577396038.0,7.123332390198
MNA,2011,3237.8356313737,589646039.0,7.58032093040946
MNA,2012,3417.92480806409,601566988.0,8.88951819638217
MNA,2013,3153.94010992027,613151287.0,8.46109583177143
MNA,2014,3079.70398875281,624564062.0,8.14794947550081
MNA,2015,2808.6233441937,635352686.0,9.05052035727651
MNA,2016,2869.01813118566,645837915.0,8.75542082657381
MNA,2017,2865.83515636992,656767614.0,9.25338345180518
MNA,2018,2815.3901774218,668447432.0,9.28194998275843
MNA,2019,2701.71325265282,680490997.0,9.06488013658605
MNA,2020,2415.26254491139,692532027.0,9.77596723068346
MNA,2021,2760.50031198582,704458802.0,9.6948074926195
MNA,2022,3022.54814280134,716508657.0,8.9382675467404
MNA,2023,2872.39008505083,729077445.0,8.59209919735259
MNA,2024,2963.06913716955,741690916.0,8.70657329890235
MNA,2025,2829.12883889291,753903407.0,8.69378066221379
MNE,1985,,605398.0,
MNE,1986,,607711.0,
MNE,1987,,608144.0,
MNE,1988,,607413.0,
MNE,1989,,606571.0,
MNE,1990,,606372.0,30.118
MNE,1991,,607105.0,30.118
MNE,1992,,608516.0,30.181
MNE,1993,,610170.0,30.238
MNE,1994,,611389.0,30.226
MNE,1995,,611712.0,30.196
MNE,1996,,611003.0,30.173
MNE,1997,1375.32616813442,609520.0,30.219
MNE,1998,1405.81632669854,607662.0,30.21
MNE,1999,1367.90257335097,606001.0,30.471
MNE,2000,1627.06511911987,604950.0,30.447
MNE,2001,1909.59870186179,607389.0,30.542
MNE,2002,2109.30631947331,609828.0,30.356
MNE,2003,2789.95435110345,612267.0,30.39
MNE,2004,3386.38099417981,613353.0,30.342
MNE,2005,3675.98851272723,614261.0,30.31
MNE,2006,4422.55172559508,615025.0,24.815
MNE,2007,5979.43813180981,615875.0,19.4
MNE,2008,7390.01481290503,616969.0,17.15
MNE,2009,6726.67589734408,618294.0,19.09
MNE,2010,6678.63939560908,619428.0,19.649
MNE,2011,7265.51771176628,620345.0,19.759
MNE,2012,6552.47970337373,621418.0,19.808
MNE,2013,7102.7776714702,622587.0,19.585
MNE,2014,7342.17147363741,623744.0,18.054
MNE,2015,6421.00005731419,624651.0,17.555
MNE,2016,6968.01202883651,625353.0,17.732
MNE,2017,7674.2856571219,625982.0,16.082
MNE,2018,8673.59469069858,626438.0,15.19
MNE,2019,8749.25629734676,626753.0,15.128
MNE,2020,7555.48699036321,626590.0,17.878
MNE,2021,9315.86435643142,625053.0,16.543
MNE,2022,10038.1849482517,623591.0,14.851
MNE,2023,12258.1600477339,623529.0,13.146
MNE,2024,13270.1824401005,623525.0,13.206
MNE,2025,14816.8380299947,623129.0,13.572
MNG,1985,1137.90764730312,1921514.0,
MNG,1986,1469.42176378914,1970965.0,
MNG,1987,1493.28238085822,2022800.0,
MNG,1988,1543.33555521093,2076322.0,
MNG,1989,1683.92432862486,2124185.0,
MNG,1990,1220.17127664137,2098710.0,5.665
MNG,1991,1098.68017445549,2165342.0,5.665
MNG,1992,607.813424662797,2167790.0,5.857
MNG,1993,354.898613087701,2165130.0,5.859
MNG,1994,422.864349383041,2189395.0,5.709
MNG,1995,652.67456284915,2224945.0,5.5
MNG,1996,595.5810149554,2259507.0,5.53
MNG,1997,515.298004947316,2291750.0,5.608
MNG,1998,483.878066074871,2323809.0,5.752
MNG,1999,448.660368337533,2356813.0,5.844
MNG,2000,476.02755082717,2388299.0,5.992
MNG,2001,524.453483552485,2417751.0,6.111
MNG,2002,570.249213248399,2449027.0,6.2
MNG,2003,643.168068921658,2480374.0,6.768
MNG,2004,794.154552001815,2508412.0,6.851
MNG,2005,994.90010913241,2536407.0,7.015
MNG,2006,1329.89179579053,2567168.0,7.193
MNG,2007,1627.68787743359,2601850.0,7.2
MNG,2008,2127.42678594737,2643201.0,5.565
MNG,2009,1703.32756790019,2691115.0,5.86
MNG,2010,2625.21881402433,2738622.0,6.549
MNG,2011,3736.04201455077,2786317.0,4.769
MNG,2012,4328.89001905655,2839705.0,3.905
MNG,2013,4340.14310544449,2899011.0,4.231
MNG,2014,4126.23975800524,2963113.0,4.798
MNG,2015,3838.92126989984,3026864.0,4.861
MNG,2016,3619.90026383792,3088856.0,7.235
MNG,2017,3645.96708669551,3148917.0,6.359
MNG,2018,4107.64288528468,3208189.0,5.377
MNG,2019,4347.54610314873,3267673.0,9.024
MNG,2020,4001.25193077703,3327204.0,6.413
MNG,2021,4517.61578018785,3383741.0,7.871
MNG,2022,4993.51487463495,3433748.0,5.954
MNG,2023,5838.63108083902,3481145.0,5.178
MNG,2024,6750.6301157724,3524788.0,5.158
MNG,2025,7108.22743246244,3568978.0,5.233
MNP,1985,,30258.0,
MNP,1986,,32980.0,
MNP,1987,,35736.0,
MNP,1988,,38519.0,
MNP,1989,,41303.0,
MNP,1990,,43342.0,
MNP,1991,,44393.0,
MNP,1992,,45181.0,
MNP,1993,,45952.0,
MNP,1994,,46730.0,
MNP,1995,,48176.0,
MNP,1996,,51706.0,
MNP,1997,,56596.0,
MNP,1998,,61337.0,
MNP,1999,,65916.0,
MNP,2000,,68356.0,
MNP,2001,,67984.0,
MNP,2002,19227.8894246608,66778.0,
MNP,2003,18938.8728389967,65421.0,
MNP,2004,18924.5831899653,63938.0,
MNP,2005,17015.7487891715,62354.0,
MNP,2006,16314.5578590027,60682.0,
MNP,2007,15914.2193040498,58941.0,
MNP,2008,16430.4461942257,57150.0,
MNP,2009,14369.6339810212,55325.0,
MNP,2010,14771.4037455399,54091.0,
MNP,2011,13598.7166094613,53608.0,
MNP,2012,14013.6003306158,53234.0,
MNP,2013,14632.8518897608,52758.0,
MNP,2014,15945.417608954,52178.0,
MNP,2015,17665.1007493109,51514.0,
MNP,2016,24225.474169342,50773.0,
MNP,2017,31225.6049960968,49959.0,
MNP,2018,26509.3628379893,49077.0,
MNP,2019,24496.6652122421,48129.0,
MNP,2020,18220.8382427201,47528.0,
MNP,2021,19455.50139424,46979.0,
MNP,2022,23785.754590043,46078.0,
MNP,2023,,45143.0,
MNP,2024,,44278.0,
MNP,2025,18505.229248083528,43541.0,
MOZ,1985,,12548949.0,
MOZ,1986,,12770578.0,
MOZ,1987,,12822574.0,
MOZ,1988,,12800558.0,
MOZ,1989,,12906842.0,
MOZ,1990,,13094537.0,2.838
MOZ,1991,288.708092484444,13352090.0,2.838
MOZ,1992,205.585216062094,13613316.0,3.028
MOZ,1993,205.189844208699,14051192.0,2.896
MOZ,1994,196.763143175646,15033853.0,2.879
MOZ,1995,191.826096861406,15960530.0,2.758
MOZ,1996,244.362651012498,16492480.0,2.763
MOZ,1997,287.532091475389,16949982.0,2.7
MOZ,1998,320.125121723292,17340464.0,2.64
MOZ,1999,354.406245723711,17734506.0,2.663
MOZ,2000,327.12623979157,18129653.0,2.832
MOZ,2001,304.792138621913,18537729.0,2.838
MOZ,2002,313.886661721198,18958338.0,2.902
MOZ,2003,339.488737800648,19392475.0,2.857
MOZ,2004,400.056973161545,19840313.0,2.953
MOZ,2005,436.773856167384,20304569.0,3.035
MOZ,2006,457.487647833183,20787087.0,3.037
MOZ,2007,507.874923914304,21287635.0,3.082
MOZ,2008,592.159111184122,21819036.0,3.112
MOZ,2009,547.697144193651,22391745.0,3.207
MOZ,2010,496.185839392659,22999235.0,3.259
MOZ,2011,618.17649286789,23649039.0,3.295
MOZ,2012,685.685748199513,24337846.0,3.304
MOZ,2013,686.505672517351,25051611.0,3.345
MOZ,2014,697.142680444123,25788475.0,3.377
MOZ,2015,610.563774706589,26547572.0,3.426
MOZ,2016,441.489734819071,27337105.0,3.65
MOZ,2017,470.93856305196,28166393.0,3.935
MOZ,2018,517.507260258101,29018644.0,4.21
MOZ,2019,519.09255091362,29884380.0,4.462
MOZ,2020,462.433876479921,30783688.0,5.019
MOZ,2021,509.907829475551,31707800.0,5.413
MOZ,2022,578.273222184503,32656246.0,6.789
MOZ,2023,622.191133245967,33635160.0,6.661
MOZ,2024,656.976148587772,34631766.0,6.668
MOZ,2025,626.914419215727,35631653.0,6.628
MRT,1985,593.219654421302,1702107.0,
MRT,1986,677.363323878901,1751835.0,
MRT,1987,745.787178962507,1803014.0,
MRT,1988,762.423918016846,1855859.0,
MRT,1989,762.275580637475,1903048.0,
MRT,1990,772.033092140219,1951878.0,9.971
MRT,1991,1061.67704285264,2009738.0,9.971
MRT,1992,1036.47437808576,2088135.0,10.052
MRT,1993,849.620301696661,2174328.0,9.85
MRT,1994,864.599478365453,2249454.0,9.979
MRT,1995,904.719170071042,2312017.0,9.766
MRT,1996,904.120879798142,2358188.0,9.764
MRT,1997,859.28395817576,2411306.0,9.788
MRT,1998,821.266378551937,2474651.0,9.975
MRT,1999,781.337033563197,2541698.0,10.033
MRT,2000,680.911061879778,2613441.0,10.03
MRT,2001,651.817840199777,2678760.0,10.132
MRT,2002,648.879643934862,2738655.0,10.201
MRT,2003,732.017820812675,2802046.0,9.911
MRT,2004,823.554457141893,2868664.0,9.77
MRT,2005,998.96583416747,2939059.0,9.59
MRT,2006,1300.60367988659,3013660.0,9.313
MRT,2007,1405.15016203368,3093059.0,9.482
MRT,2008,1635.5630623124,3183269.0,9.715
MRT,2009,1435.43010811893,3284448.0,10.214
MRT,2010,1659.96369705455,3390965.0,10.093
MRT,2011,1931.19975525465,3502811.0,9.976
MRT,2012,1859.11733247641,3619034.0,9.864
MRT,2013,1936.26950446101,3734318.0,9.926
MRT,2014,1718.97089374709,3848514.0,10.026
MRT,2015,1558.84205473416,3965959.0,10.104
MRT,2016,1568.00551190332,4086657.0,10.287
MRT,2017,1617.93401542267,4210600.0,10.336
MRT,2018,1723.37809442655,4337685.0,10.411
MRT,2019,1767.072710621,4467708.0,10.416
MRT,2020,1795.72437324423,4600131.0,11.051
MRT,2021,1947.47413907209,4734874.0,11.131
MRT,2022,1961.28166648869,4875637.0,10.52
MRT,2023,2127.9576285973,5022441.0,10.37
MRT,2024,2104.54260769051,5169395.0,10.257
MRT,2025,2197.51046251309,5315065.0,10.319
MUS,1985,1068.67359316099,1020528.0,
MUS,1986,1441.71452837714,1028360.0,
MUS,1987,1839.79109565422,1036082.0,
MUS,1988,2073.59238787189,1043239.0,
MUS,1989,2103.48802694458,1051260.0,
MUS,1990,2539.92846467452,1058775.0,9.493
MUS,1991,2705.26648158805,1070266.0,9.493
MUS,1992,3013.23706337167,1084441.0,9.428
MUS,1993,3013.83313790492,1097374.0,9.5
MUS,1994,3240.38624662702,1112846.0,9.513
MUS,1995,3648.01649622256,1122457.0,9.59
MUS,1996,3951.94494649336,1133996.0,9.503
MUS,1997,3695.73668844327,1148284.0,9.381
MUS,1998,3641.62142564086,1160421.0,9.253
MUS,1999,3745.69625069831,1175267.0,9.278
MUS,2000,3981.98343249582,1186873.0,9.125
MUS,2001,3908.55694927435,1196287.0,9.14
MUS,2002,4073.06053055903,1204621.0,8.205
MUS,2003,4858.26575549747,1213370.0,8.318
MUS,2004,5460.60800184198,1221003.0,8.337
MUS,2005,5354.02974260642,1228254.0,9.524
MUS,2006,5784.22491883026,1233996.0,9.04
MUS,2007,6677.37538616398,1239630.0,8.475
MUS,2008,8140.47983639243,1244121.0,7.17
MUS,2009,7426.86137313939,1247429.0,7.257
MUS,2010,8113.17670740212,1250400.0,7.654
MUS,2011,9324.24232310496,1252404.0,7.447
MUS,2012,9421.52514098225,1255882.0,7.472
MUS,2013,9877.13865958834,1258927.0,7.322
MUS,2014,10490.3315563853,1261208.0,7.467
MUS,2015,9630.5437837507,1262879.0,7.41
MUS,2016,10095.1225574156,1263747.0,6.814
MUS,2017,10986.7034093005,1264887.0,6.752
MUS,2018,11818.7480619272,1265577.0,6.426
MUS,2019,11568.2533399824,1265985.0,6.331
MUS,2020,9135.84773751062,1266014.0,8.626
MUS,2021,9177.71195973013,1266334.0,7.719
MUS,2022,10246.5017455553,1262523.0,6.322
MUS,2023,11269.9684462139,1248647.0,5.571
MUS,2024,11990.9355434317,1245779.0,5.548
MUS,2025,12991.2935987166,1243741.0,5.635
MWI,1985,216.054136140391,7620508.0,
MWI,1986,217.8701899466,7906480.0,
MWI,1987,207.605894737179,8293174.0,
MWI,1988,229.421843922728,8753262.0,
MWI,1989,252.19590741943,9176220.0,
MWI,1990,286.730598968269,9545852.0,4.9
MWI,1991,325.75273105931,9844227.0,4.9
MWI,1992,258.393430877557,10135079.0,5.064
MWI,1993,293.016883079922,10284024.0,4.988
MWI,1994,169.196526919639,10164894.0,5.368
MWI,1995,200.362370007247,10150117.0,4.895
MWI,1996,320.662735559137,10352228.0,4.94
MWI,1997,366.954461274104,10562035.0,4.69
MWI,1998,236.045479450504,10792876.0,4.921
MWI,1999,233.935986197873,11047804.0,5.002
MWI,2000,224.22415918428,11315942.0,5.045
MWI,2001,215.474524898357,11593058.0,5.221
MWI,2002,428.210439838398,11880440.0,5.248
MWI,2003,383.348596852642,12181574.0,5.165
MWI,2004,404.674248445428,12500737.0,4.964
MWI,2005,414.361121984475,12840031.0,4.935
MWI,2006,440.822149023873,13198701.0,4.954
MWI,2007,475.180261659331,13576343.0,4.876
MWI,2008,554.048820396119,13976417.0,4.796
MWI,2009,625.869729869625,14395788.0,4.732
MWI,2010,683.124694716799,14826463.0,4.78
MWI,2011,763.061000394572,15265022.0,4.829
MWI,2012,558.46208832772,15709577.0,4.949
MWI,2013,496.947368267313,16161816.0,4.978
MWI,2014,529.5133440206,16621538.0,4.967
MWI,2015,539.605363240686,17085587.0,4.953
MWI,2016,450.506105510719,17557739.0,5.011
MWI,2017,495.769683367165,18039715.0,5.046
MWI,2018,533.202567189331,18528081.0,5.021
MWI,2019,580.889139762475,19025752.0,4.964
MWI,2020,602.507478176106,19533888.0,5.72
MWI,2021,617.446994451007,20047258.0,5.652
MWI,2022,604.269740360317,20568728.0,5.02
MWI,2023,633.214767978695,21104482.0,5.009
MWI,2024,522.365366146003,21655286.0,5.051
MWI,2025,671.506847203876,22216120.0,5.072
MYS,1985,2045.57471772113,15252258.0,
MYS,1986,1759.73185736702,15760419.0,
MYS,1987,1977.1290866202,16276737.0,
MYS,1988,2099.95467656701,16796605.0,
MYS,1989,2243.60219599914,17314997.0,
MYS,1990,2468.69080320116,17833171.0,3.7
MYS,1991,2679.20101106745,18342464.0,3.7
MYS,1992,3141.43321987651,18834572.0,3.71
MYS,1993,3461.99504214189,19322664.0,4.11
MYS,1994,3757.65292858601,19820446.0,3.64
MYS,1995,4363.14458333034,20330599.0,3.15
MYS,1996,4837.16897250768,20850087.0,2.52
MYS,1997,4678.56390058182,21375218.0,2.45
MYS,1998,3294.30978444095,21906713.0,3.2
MYS,1999,3527.81581379249,22435531.0,3.43
MYS,2000,4083.52874483605,22967816.0,3.0
MYS,2001,3943.79943910239,23526538.0,3.53
MYS,2002,4184.03163773539,24102477.0,3.48
MYS,2003,4465.32194567208,24679602.0,3.61
MYS,2004,4939.24851854427,25256772.0,3.54
MYS,2005,5555.58179951206,25836071.0,3.53
MYS,2006,6158.40785533236,26417909.0,3.32
MYS,2007,7168.93031942508,26998389.0,3.31
MYS,2008,8371.82156086005,27570059.0,3.34
MYS,2009,7191.43287234626,28124778.0,3.62
MYS,2010,8899.34505544675,28655776.0,3.32
MYS,2011,10217.1068585031,29162039.0,3.05
MYS,2012,10600.5744240026,29662831.0,3.04
MYS,2013,10713.6407638899,30174265.0,3.14
MYS,2014,11013.3107334403,30696137.0,2.88
MYS,2015,9648.6797937523,31232798.0,3.1
MYS,2016,9476.53409809923,31789685.0,3.44
MYS,2017,9862.54806612235,32355644.0,3.41
MYS,2018,10901.8019954421,32910967.0,3.3
MYS,2019,10920.191763972,33440596.0,3.33
MYS,2020,9957.52626697613,33889558.0,4.54
MYS,2021,10903.1037480772,34282399.0,4.64
MYS,2022,11754.5678336248,34695493.0,3.93
MYS,2023,11386.0395636528,35126298.0,3.858
MYS,2024,11874.4273684245,35557673.0,3.846
MYS,2025,13124.5554178269,35977838.0,3.764
NAC,1985,17838.5825446095,263821663.0,
NAC,1986,18625.6594397012,266289167.0,
NAC,1987,19679.3370907984,268791866.0,
NAC,1988,21180.3472351774,271347446.0,
NAC,1989,22652.6630458719,274152910.0,
NAC,1990,23653.5020058697,277371697.0,7.16085104908465
NAC,1991,24094.1306916521,281076404.0,7.16085104908465
NAC,1992,24974.7405630878,284943671.0,7.87315728585848
NAC,1993,25772.0724370973,288662580.0,7.34989291267264
NAC,1994,26931.65092829,292185857.0,6.54555954314501
NAC,1995,27897.9346077139,295639837.0,6.03024492508477
NAC,1996,29112.2451436921,299064031.0,5.86183271562099
NAC,1997,30518.0661560011,302623125.0,5.40301547573426
NAC,1998,31691.9431241342,306069812.0,4.88226202925985
NAC,1999,33320.9381100499,309502410.0,4.55171801715172
NAC,2000,35151.3741865271,312909691.0,4.27316817166147
NAC,2001,35831.4544724133,316051677.0,4.97961964201139
NAC,2002,36652.0071224205,319046534.0,5.97486412366027
NAC,2003,38395.549732626,321812780.0,6.15326151532504
NAC,2004,40788.4854021089,324806660.0,5.70124819512877
NAC,2005,43368.601911774,327822042.0,5.25750859640354
NAC,2006,45741.3313198546,331013939.0,4.81614136114576
NAC,2007,47727.7733811193,334183103.0,4.78243165759455
NAC,2008,48398.3833708608,337404564.0,5.83652846325955
NAC,2009,46581.4200397343,340465163.0,9.16994852137916
NAC,2010,48545.8113186856,343447854.0,9.47758645184374
NAC,2011,50252.0190049531,346242415.0,8.80784798616693
NAC,2012,51812.8656700661,349116140.0,7.99588953313322
NAC,2013,53240.3655883832,351870848.0,7.34976348971497
NAC,2014,54742.8371458308,354755155.0,6.26083245211775
NAC,2015,55534.4614029189,357583083.0,5.4606408215288
NAC,2016,56416.7892083026,360527592.0,5.10340701910414
NAC,2017,58555.9003870103,363217262.0,4.57971738602629
NAC,2018,61228.2000482629,365666028.0,4.10721129091519
NAC,2019,63306.810223782,367908829.0,3.890566885067
NAC,2020,62319.8671337986,369671124.0,8.2305997250471
NAC,2021,69532.9041926862,370404678.0,5.59210953628448
NAC,2022,75769.6975468613,373011185.0,3.83310095020415
NAC,2023,79647.6390981082,376868838.0,3.8406106523085
NAC,2024,82808.120496409,381330762.0,4.29029945331562
NAC,2025,86308.0717272746,383501065.0,4.51108669589749
NAM,1985,1466.17924353732,1096890.0,
NAM,1986,1599.39785666132,1131081.0,
NAM,1987,1969.42364982372,1167889.0,
NAM,1988,2062.57997582884,1209696.0,
NAM,1989,1966.82702819252,1288947.0,
NAM,1990,2037.47589359778,1369303.0,19.14
NAM,1991,2116.90552516214,1415684.0,19.14
NAM,1992,2346.86242963741,1461322.0,18.896
NAM,1993,2154.96473655435,1508697.0,19.078
NAM,1994,2355.90445673153,1556304.0,19.4
NAM,1995,2483.20353415161,1602170.0,21.34
NAM,1996,2423.3982907313,1646103.0,22.844
NAM,1997,2459.64511763936,1689264.0,24.45
NAM,1998,2235.24515468625,1732745.0,23.083
NAM,1999,2177.78733370092,1776368.0,21.668
NAM,2000,2156.67590512714,1818647.0,20.3
NAM,2001,1915.58926594875,1857048.0,21.009
NAM,2002,1772.07565537493,1889970.0,21.538
NAM,2003,2569.24739317883,1917464.0,22.104
NAM,2004,3403.15496192955,1942082.0,22.09
NAM,2005,3685.77299991587,1966582.0,22.108
NAM,2006,4017.1834716928,1991888.0,21.848
NAM,2007,4379.04313682732,2018600.0,22.12
NAM,2008,4204.78555422749,2047056.0,22.005
NAM,2009,4302.91374148376,2077394.0,22.271
NAM,2010,5418.21633365814,2109811.0,22.12
NAM,2011,5834.7917675794,2146325.0,19.481
NAM,2012,5942.64680978673,2194654.0,16.771
NAM,2013,5346.62131149967,2252508.0,19.028
NAM,2014,5378.32326241205,2312139.0,18.521
NAM,2015,4774.10650865775,2374300.0,20.791
NAM,2016,4395.68776162376,2439213.0,23.352
NAM,2017,5143.96072323076,2506853.0,21.748
NAM,2018,5308.60813408705,2577327.0,19.877
NAM,2019,4731.9210318831,2650494.0,19.929
NAM,2020,3878.58982993966,2728762.0,21.003
NAM,2021,4412.8355693052,2810548.0,20.931
NAM,2022,4349.79908493314,2889662.0,19.615
NAM,2023,4225.99102418102,2963095.0,19.154
NAM,2024,4501.84849548225,3030131.0,19.157
NAM,2025,4875.92558158247,3092816.0,19.291
NCL,1985,5334.82839832455,160234.0,
NCL,1986,7374.68547045802,162898.0,
NCL,1987,8983.35708724875,165650.0,
NCL,1988,12301.1923190702,168502.0,
NCL,1989,12701.8289877333,172029.0,
NCL,1990,14334.6807372176,176456.0,18.124
NCL,1991,14642.5179713722,181238.0,18.124
NCL,1992,15713.7198562158,186072.0,18.61
NCL,1993,14787.2165075183,190857.0,18.762
NCL,1994,15534.3093278924,195614.0,18.878
NCL,1995,18107.8880778022,200379.0,18.629
NCL,1996,17592.0502745845,205034.0,18.64
NCL,1997,15704.9593483537,209560.0,18.382
NCL,1998,16614.5978812179,214047.0,18.519
NCL,1999,16692.6835119189,218527.0,18.205
NCL,2000,15329.7297200058,223098.0,17.907
NCL,2001,14482.3606263602,227707.0,17.391
NCL,2002,16104.5520406819,232236.0,17.045
NCL,2003,20768.1061488848,236678.0,16.665
NCL,2004,24475.6488547037,240852.0,16.31
NCL,2005,25528.2918353444,244381.0,15.778
NCL,2006,28193.2537573387,247547.0,15.256
NCL,2007,35177.6535261448,250725.0,14.754
NCL,2008,35723.9033194947,253825.0,14.36
NCL,2009,33836.494080472,257250.0,13.97
NCL,2010,35798.9084757829,261582.0,13.998
NCL,2011,38835.9401851385,266543.0,13.988
NCL,2012,35559.5672006157,271633.0,14.116
NCL,2013,36671.1566752621,276822.0,14.39
NCL,2014,37816.9558599295,281224.0,14.59
NCL,2015,30858.7237060533,283168.0,13.621
NCL,2016,30782.8544433514,283423.0,12.679
NCL,2017,32354.7102832901,283546.0,11.676
NCL,2018,34902.8968780031,283541.0,11.702
NCL,2019,33411.3358835672,283606.0,10.88
NCL,2020,33270.330597637,284176.0,13.558
NCL,2021,35311.5543551452,285214.0,11.574
NCL,2022,33516.363085906,287123.0,10.71
NCL,2023,33701.8923322781,289870.0,10.922
NCL,2024,29213.1923192946,292639.0,10.991
NCL,2025,34545.914555700176,295333.0,11.174
NER,1985,202.372740665362,7118457.0,
NER,1986,259.561894151866,7335811.0,
NER,1987,295.326253933298,7561150.0,
NER,1988,292.587878484489,7793748.0,
NER,1989,271.266557931133,8034780.0,
NER,1990,423.887460599302,8286059.0,1.588
NER,1991,384.44311679922,8546900.0,1.588
NER,1992,384.029657304316,8817633.0,1.569
NER,1993,335.429581902384,9100789.0,1.541
NER,1994,206.214617135856,9398258.0,1.502
NER,1995,237.01998956862,9714529.0,1.494
NER,1996,239.494513213973,10044852.0,1.498
NER,1997,220.562957209,10383969.0,1.503
NER,1998,246.090855923026,10741413.0,1.381
NER,1999,228.271656116064,11117411.0,1.385
NER,2000,194.771959898935,11509630.0,1.427
NER,2001,205.417936120931,11920647.0,1.47
NER,2002,225.294391147438,12349144.0,1.808
NER,2003,265.225363452469,12796984.0,2.145
NER,2004,283.468281798296,13265836.0,2.751
NER,2005,318.643121918273,13756192.0,3.1
NER,2006,333.345078419447,14268581.0,2.528
NER,2007,387.168065883301,14803610.0,2.021
NER,2008,475.044955398162,15361915.0,1.584
NER,2009,461.131533961487,15943675.0,1.208
NER,2010,474.425692340831,16548835.0,0.718
NER,2011,510.75956176268,17176283.0,0.316
NER,2012,528.510104469655,17836769.0,2.177
NER,2013,552.103334363117,18519898.0,1.401
NER,2014,565.30989731175,19215909.0,0.524
NER,2015,485.662574175279,19939498.0,0.556
NER,2016,499.910520068193,20685753.0,0.55
NER,2017,529.929418934868,21435446.0,0.556
NER,2018,576.927536415462,22188069.0,0.536
NER,2019,541.265819870273,22947757.0,0.531
NER,2020,575.451340306915,23717613.0,0.591
NER,2021,609.585703670137,24502140.0,0.806
NER,2022,613.614736429298,25311973.0,0.403
NER,2023,647.930108509567,26159867.0,0.407
NER,2024,729.856664168989,27032412.0,0.376
NER,2025,775.353622143879,27917831.0,0.394
NGA,1985,868.640540548893,84897973.0,
NGA,1986,628.248453718536,87235953.0,
NGA,1987,587.956613434089,89591716.0,
NGA,1988,539.539468397166,92020090.0,
NGA,1989,465.488089532188,94531014.0,
NGA,1990,556.376449130902,97120925.0,3.831
NGA,1991,596.938795710722,99720162.0,3.831
NGA,1992,508.515905682785,102372770.0,3.79
NGA,1993,539.573202297542,105122069.0,4.023
NGA,1994,744.884247151377,107935714.0,4.064
NGA,1995,1271.61617353199,110819428.0,4.152
NGA,1996,1632.72469370276,113754779.0,4.043
NGA,1997,1720.27540949396,116754792.0,3.964
NGA,1998,1822.46998452473,119846254.0,3.922
NGA,1999,480.669363941805,123047320.0,3.986
NGA,2000,547.318298903379,126382494.0,3.953
NGA,2001,566.428231812933,129862595.0,3.9
NGA,2002,712.164852077686,133471989.0,3.669
NGA,2003,763.388745367223,137202644.0,3.637
NGA,2004,962.48104194733,141057045.0,3.59
NGA,2005,1211.37703504386,145017253.0,3.727
NGA,2006,1599.53891556365,149077334.0,3.749
NGA,2007,1815.52697545827,153267261.0,3.794
NGA,2008,2154.10543545364,157595014.0,3.792
NGA,2009,1820.48633854782,162049464.0,3.763
NGA,2010,2202.25672957344,166642886.0,3.744
NGA,2011,2418.41316975875,171379598.0,3.77
NGA,2012,2633.19734671361,176200625.0,3.761
NGA,2013,2872.79083379398,181049443.0,3.711
NGA,2014,3088.72131316169,185896915.0,3.9
NGA,2015,2585.73360671797,190671878.0,4.134
NGA,2016,2070.4127339595,195443700.0,4.499
NGA,2017,1876.34027111773,200254579.0,4.83
NGA,2018,2057.87944554011,204938755.0,5.069
NGA,2019,3189.81286496183,209485641.0,5.206
NGA,2020,2797.184580679,213996181.0,5.714
NGA,2021,2787.48779220991,218529286.0,5.404
NGA,2022,2899.16047469267,223150896.0,3.827
NGA,2023,2138.76383718757,227882945.0,3.074
NGA,2024,1084.16041805058,232679478.0,3.045
NGA,2025,1224.25410237743,237527782.0,3.064
NIC,1985,724.056425347288,3706479.0,
NIC,1986,760.59055909276,3794157.0,
NIC,1987,992.024066415935,3882164.0,
NIC,1988,662.308196621167,3972320.0,
NIC,1989,249.155474069011,4066476.0,
NIC,1990,242.508390600822,4162559.0,7.909
NIC,1991,349.514318640612,4259637.0,7.909
NIC,1992,411.473330661786,4357026.0,7.809
NIC,1993,394.378074021071,4453732.0,7.833
NIC,1994,849.179331364895,4549316.0,7.668
NIC,1995,891.779352309996,4642931.0,7.414
NIC,1996,910.861645917295,4729974.0,7.12
NIC,1997,912.757429788533,4809573.0,7.1
NIC,1998,949.155373494771,4883655.0,7.203
NIC,1999,980.219744675246,4954018.0,7.18
NIC,2000,1017.3124434882,5022633.0,7.181
NIC,2001,1051.874235891,5087825.0,7.222
NIC,2002,1014.3339042591,5149909.0,7.517
NIC,2003,1021.35216668794,5210963.0,7.6
NIC,2004,1098.62118662335,5272912.0,6.41
NIC,2005,1183.30214010175,5342105.0,5.37
NIC,2006,1248.17371577788,5418855.0,5.31
NIC,2007,1350.38145753377,5497243.0,4.89
NIC,2008,1523.68437086409,5576593.0,6.2
NIC,2009,1467.08288052845,5656601.0,8.16
NIC,2010,1526.56706951408,5737450.0,7.83
NIC,2011,1679.71192084633,5819051.0,6.613
NIC,2012,1784.69836017555,5901287.0,5.208
NIC,2013,1835.43996363715,5983845.0,5.28
NIC,2014,1958.37047579547,6066492.0,4.52
NIC,2015,2074.45620634731,6149417.0,4.7
NIC,2016,2131.68704828322,6232666.0,3.9
NIC,2017,2182.61380995674,6316231.0,3.3
NIC,2018,2035.16549390507,6400080.0,5.2
NIC,2019,1958.62051528095,6483657.0,5.457
NIC,2020,1938.44704754382,6565267.0,6.18
NIC,2021,2138.38573878237,6644741.0,6.076
NIC,2022,2322.89069619459,6730654.0,4.969
NIC,2023,2609.44491147975,6823613.0,4.698
NIC,2024,2847.87639497305,6916140.0,4.98
NIC,2025,3173.33724815085,7007502.0,5.04
NLD,1985,9940.73843593795,14491632.0,
NLD,1986,13804.1360603265,14572278.0,
NLD,1987,16734.1514052316,14665037.0,
NLD,1988,17770.6162376388,14760094.0,
NLD,1989,17423.2961585523,14848907.0,
NLD,1990,21322.1944802703,14951510.0,7.285
NLD,1991,21764.2144987258,15069798.0,7.285
NLD,1992,23939.2173482108,15184166.0,5.555
NLD,1993,23156.4404444568,15290368.0,6.287
NLD,1994,24682.5866742863,15382838.0,7.159
NLD,1995,29301.1940492376,15459006.0,7.157
NLD,1996,29063.6236532536,15530498.0,6.421
NLD,1997,26744.9601318097,15610650.0,5.511
NLD,1998,27924.281808994,15707209.0,4.394
NLD,1999,28318.7466538357,15812088.0,3.622
NLD,2000,26225.1697734149,15925513.0,2.725
NLD,2001,26955.7128032278,16046180.0,2.119
NLD,2002,29446.5330872868,16148929.0,2.554
NLD,2003,35896.7504630706,16225302.0,3.593
NLD,2004,40611.3414353091,16281779.0,4.646
NLD,2005,42165.396168388,16319868.0,5.872
NLD,2006,45123.5432406426,16346101.0,5.007
NLD,2007,52100.7996285947,16381696.0,4.153
NLD,2008,58246.7026905874,16445593.0,3.658
NLD,2009,53172.0261581418,16530388.0,4.352
NLD,2010,51305.7338533973,16615394.0,4.991
NLD,2011,54701.7728030611,16693074.0,4.977
NLD,2012,50473.9442002689,16754962.0,5.821
NLD,2013,52602.2860520766,16804432.0,7.241
NLD,2014,53457.2234864322,16865008.0,7.419
NLD,2015,45793.8135434697,16939923.0,6.872
NLD,2016,46808.5291492503,17030314.0,6.007
NLD,2017,49513.6817346384,17131296.0,4.837
NLD,2018,53955.0770024266,17231624.0,3.832
NLD,2019,53554.9007491475,17344874.0,3.379
NLD,2020,53467.9277413737,17441500.0,3.82
NLD,2021,60141.9880911492,17533044.0,4.209
NLD,2022,59123.318556487,17700982.0,3.526
NLD,2023,63515.6030780019,17877117.0,3.535
NLD,2024,67465.3208126875,17993485.0,3.7
NLD,2025,73683.917132794,18087633.0,3.874
NOR,1985,15704.0849927239,4152516.0,
NOR,1986,18822.0644903098,4167354.0,
NOR,1987,22430.2488269377,4186905.0,
NOR,1988,24111.6310594146,4209488.0,
NOR,1989,24184.8126093052,4226901.0,
NOR,1990,28137.4837293741,4241473.0,5.407
NOR,1991,28427.2524217324,4261732.0,5.407
NOR,1992,30328.210916818,4286401.0,5.91
NOR,1993,27792.6599198329,4311991.0,5.965
NOR,1994,29129.7350937014,4336613.0,5.349
NOR,1995,34658.6948344762,4359184.0,6.307
NOR,1996,37072.6000316602,4381336.0,5.036
NOR,1997,36324.1473513598,4405157.0,4.687
NOR,1998,34515.8977194734,4431464.0,3.737
NOR,1999,36151.4491624485,4461913.0,3.247
NOR,2000,37991.8907576589,4490967.0,3.458
NOR,2001,38458.2530907659,4513751.0,3.738
NOR,2002,43048.288735011,4538159.0,4.022
NOR,2003,50208.0960234078,4564855.0,4.221
NOR,2004,57854.5698169407,4591910.0,4.256
NOR,2005,67358.3615969796,4623291.0,4.381
NOR,2006,75047.741700385,4660677.0,3.397
NOR,2007,86600.2387607877,4709153.0,2.493
NOR,2008,99001.5300678626,4768212.0,2.521
NOR,2009,81939.726548458,4828726.0,3.1
NOR,2010,90020.342257973,4889252.0,3.527
NOR,2011,103545.218988177,4953088.0,3.196
NOR,2012,104627.93694681,5018573.0,3.129
NOR,2013,106333.138368566,5079623.0,3.425
NOR,2014,100410.020200979,5137232.0,3.486
NOR,2015,77220.9524311414,5188607.0,4.296
NOR,2016,73222.4006864905,5234519.0,4.68
NOR,2017,78771.2151264554,5276968.0,4.164
NOR,2018,85579.0776455494,5311916.0,3.801
NOR,2019,79329.3075190012,5347896.0,3.684
NOR,2020,71057.5879471399,5379475.0,4.424
NOR,2021,96442.5552173002,5408320.0,4.359
NOR,2022,113122.130765691,5457127.0,3.231
NOR,2023,90984.4087141111,5519601.0,3.574
NOR,2024,89888.9535204758,5572279.0,4.0
NOR,2025,94594.1929573987,5610870.0,4.637
NPL,1985,149.900453418882,17477692.0,
NPL,1986,159.545682806044,17868124.0,
NPL,1987,162.036906898913,18250505.0,
NPL,1988,187.084777621975,18638661.0,
NPL,1989,184.975416457251,19057807.0,
NPL,1990,185.794600449903,19524573.0,10.465
NPL,1991,195.716621410462,20036500.0,10.465
NPL,1992,165.02959412726,20609707.0,10.473
NPL,1993,172.805202579767,21180159.0,10.492
NPL,1994,187.258176246151,21717479.0,10.458
NPL,1995,197.843001330326,22245439.0,10.473
NPL,1996,198.821907435345,22741862.0,10.446
NPL,1997,211.834869589153,23219463.0,10.512
NPL,1998,205.075246306069,23680357.0,10.526
NPL,1999,208.646667913743,24125199.0,10.549
NPL,2000,223.830289183078,24546509.0,10.531
NPL,2001,240.795114544664,24946748.0,10.502
NPL,2002,238.89140296106,25328981.0,10.593
NPL,2003,246.429706587633,25688758.0,10.644
NPL,2004,279.587750044428,26016656.0,10.652
NPL,2005,309.024168339372,26309458.0,10.59
NPL,2006,340.431796437968,26565425.0,10.609
NPL,2007,385.449767660642,26788492.0,10.642
NPL,2008,464.817391891529,26990037.0,10.597
NPL,2009,473.078751198621,27173035.0,10.582
NPL,2010,585.278491984574,27341952.0,10.563
NPL,2011,785.518656222132,27464494.0,10.627
NPL,2012,788.202937148377,27534915.0,10.632
NPL,2013,803.269595420477,27589996.0,10.666
NPL,2014,821.455224911731,27672370.0,10.62
NPL,2015,875.543635474862,27823629.0,10.643
NPL,2016,877.256454696737,27955462.0,10.714
NPL,2017,1034.28374906846,28011258.0,10.66
NPL,2018,1179.19843190389,28079689.0,10.593
NPL,2019,1203.14294706401,28414064.0,10.477
NPL,2020,1154.21517578318,28966574.0,13.037
NPL,2021,1252.75076731986,29475010.0,12.241
NPL,2022,1385.91066002922,29715436.0,10.661
NPL,2023,1382.38300895424,29694614.0,10.437
NPL,2024,1460.28237984149,29651054.0,10.5
NPL,2025,1535.87781246307,29618118.0,10.465
NRU,1985,4858.93351745825,8551.0,
NRU,1986,4568.67887653491,8742.0,
NRU,1987,4484.50814586951,8946.0,
NRU,1988,5011.58031484611,9165.0,
NRU,1989,5722.7674219742,9390.0,
NRU,1990,5775.55347423089,9622.0,
NRU,1991,5333.37954889626,9850.0,
NRU,1992,5102.59685913907,10021.0,
NRU,1993,4310.24433298623,10102.0,
NRU,1994,3920.53972987914,10137.0,
NRU,1995,3932.0910939209,10165.0,
NRU,1996,3678.56242894634,10183.0,
NRU,1997,3661.02846701327,10197.0,
NRU,1998,2908.84986525428,10198.0,
NRU,1999,2682.69486680046,10187.0,
NRU,2000,2648.60152860938,10168.0,
NRU,2001,2232.30874026726,10130.0,
NRU,2002,2084.64824520971,10082.0,
NRU,2003,2463.28259078079,10059.0,
NRU,2004,3040.51349889,10060.0,
NRU,2005,2992.40382776926,10049.0,
NRU,2006,2910.14145794684,10034.0,
NRU,2007,2272.15291307045,10020.0,
NRU,2008,3756.84531228766,10009.0,
NRU,2009,4410.56764668962,10016.0,
NRU,2010,4735.92000502092,10043.0,
NRU,2011,6444.03642094634,10098.0,
NRU,2012,9842.77032731856,10267.0,
NRU,2013,8974.51886874433,10517.0,
NRU,2014,9230.05440328927,10742.0,
NRU,2015,7747.25584993607,10954.0,
NRU,2016,8748.15632605428,11150.0,
NRU,2017,9656.97976571484,11324.0,
NRU,2018,11413.7463016389,11477.0,
NRU,2019,10801.7705659635,11587.0,
NRU,2020,10709.068810538,11643.0,
NRU,2021,12748.1701249353,11709.0,
NRU,2022,15309.8345351924,11801.0,
NRU,2023,13602.6372112893,11875.0,
NRU,2024,14048.163961344,11947.0,
NRU,2025,14639.5046929186,12025.0,
NZL,1985,7600.56524172937,3247100.0,
NZL,1986,9427.55394035348,3246300.0,
NZL,1987,12330.9168305483,3274400.0,
NZL,1988,13759.1556295922,3283400.0,
NZL,1989,13312.3855858113,3299200.0,
NZL,1990,13663.0216184298,3329800.0,10.614
NZL,1991,12230.0734548834,3495100.0,10.614
NZL,1992,11793.1392416214,3531700.0,10.667
NZL,1993,13094.3454502639,3572200.0,9.804
NZL,1994,15280.3127842922,3620000.0,8.354
NZL,1995,17400.4201848172,3673400.0,6.461
NZL,1996,18794.436039393,3732000.0,6.29
NZL,1997,17474.187029724,3781300.0,6.857
NZL,1998,14738.4455703918,3815000.0,7.718
NZL,1999,15322.2238340267,3835100.0,7.023
NZL,2000,13641.1027183822,3857700.0,6.13
NZL,2001,13882.8568268586,3880500.0,5.433
NZL,2002,16874.1874918196,3948500.0,5.282
NZL,2003,21913.7081719961,4027200.0,4.745
NZL,2004,25420.234882944,4087500.0,4.005
NZL,2005,27751.0654708859,4133900.0,3.807
NZL,2006,26654.5932018985,4184600.0,3.857
NZL,2007,32479.9817381467,4223800.0,3.661
NZL,2008,31324.7397977102,4259800.0,4.167
NZL,2009,28276.7255416225,4302600.0,6.121
NZL,2010,33761.9009639947,4350700.0,6.557
NZL,2011,38425.829997974,4384000.0,6.491
NZL,2012,40041.7524816244,4408100.0,6.931
NZL,2013,42984.9571801167,4442100.0,5.839
NZL,2014,44599.8992733675,4516500.0,5.428
NZL,2015,38648.7302562109,4609400.0,5.415
NZL,2016,40088.3205470499,4714100.0,5.147
NZL,2017,42912.1537002148,4813600.0,4.736
NZL,2018,43204.1305124872,4900600.0,4.335
NZL,2019,42872.2681243427,4970300.0,4.109
NZL,2020,42054.6743136586,5072400.0,4.595
NZL,2021,49902.154346032,5084600.0,3.776
NZL,2022,49141.6316294227,5081700.0,3.299
NZL,2023,49302.341876493,5200000.0,3.734
NZL,2024,49432.3626396797,5290000.0,4.724
NZL,2025,49591.0405731713,5324700.0,5.076
OED,1985,9545.12096674932,1062728299.0,
OED,1986,11484.9145358905,1071222636.0,
OED,1987,13198.7795582987,1079813087.0,
OED,1988,14765.7693703486,1088587717.0,
OED,1989,15313.9413786467,1097876374.0,
OED,1990,17087.309424679,1107695519.0,6.78453649835212
OED,1991,17918.2140569058,1118410105.0,6.78453649835212
OED,1992,19096.9069758072,1129039882.0,7.26896398956244
OED,1993,19229.4344753684,1139203498.0,7.76186074581727
OED,1994,20388.5183700826,1148779736.0,7.8347445928305
OED,1995,22337.0437308788,1158068699.0,7.60351506136332
OED,1996,22357.3015391439,1167149370.0,7.54860880642088
OED,1997,21847.7743268913,1176191803.0,7.2525797614352
OED,1998,21811.1329992156,1184928348.0,7.2199536786199
OED,1999,22747.1469693091,1193682861.0,7.16498343192011
OED,2000,23105.8699621372,1202226474.0,6.71100200632985
OED,2001,22718.6795215023,1211109104.0,6.61732244402856
OED,2002,23526.1851223646,1220101353.0,7.13987676171849
OED,2003,26110.166791868,1229012217.0,7.27483771000377
OED,2004,28854.8834355731,1237896576.0,7.17441119702139
OED,2005,30304.5007827724,1246656490.0,6.8314671013283
OED,2006,31752.91909492,1255746646.0,6.34618116260618
OED,2007,34523.8151277644,1264728255.0,5.88940261869547
OED,2008,36379.9826441371,1274711058.0,6.20560204861274
OED,2009,33797.3269999518,1283973216.0,8.38089327283664
OED,2010,35218.2377011995,1292701737.0,8.5207939102318
OED,2011,37684.316544302,1299644689.0,8.12208995143807
OED,2012,37418.2889334065,1307733583.0,8.1052243905592
OED,2013,37734.7608375528,1315426979.0,8.00520155093803
OED,2014,38322.7280627757,1323458714.0,7.41355981597454
OED,2015,35931.9232791311,1331674197.0,6.86087280016011
OED,2016,36407.3771727139,1340141055.0,6.43777999780825
OED,2017,37802.8422452392,1348125258.0,5.9177915757262
OED,2018,39756.7556647363,1356197538.0,5.47444010714932
OED,2019,39940.835037623,1364143219.0,5.38695191058807
OED,2020,38947.5669905773,1369306579.0,7.15007422562512
OED,2021,43495.5049948213,1371780402.0,6.19605024177905
OED,2022,44455.8357743973,1378591781.0,4.99493064713263
OED,2023,47135.6137232065,1387846131.0,4.82631374195204
OED,2024,48881.8109051634,1396826761.0,4.90917859417164
OED,2025,51733.7140199057,1402243571.0,4.92729125540891
OMN,1985,7548.69588410284,1325480.0,
OMN,1986,5181.87980290561,1413419.0,
OMN,1987,5203.99994065839,1500996.0,
OMN,1988,5279.10411437183,1588568.0,
OMN,1989,5591.22723847558,1676228.0,
OMN,1990,7545.70305230441,1763954.0,4.056
OMN,1991,6977.3285922345,1851473.0,4.056
OMN,1992,7317.78815838166,1938238.0,4.16
OMN,1993,7038.9301587736,2021675.0,4.009
OMN,1994,7068.38996979073,2081834.0,4.073
OMN,1995,7414.30279204109,2120528.0,4.167
OMN,1996,8068.00076784612,2156926.0,4.254
OMN,1997,8234.64063759005,2190720.0,4.196
OMN,1998,7219.02932432025,2222489.0,4.346
OMN,1999,7915.44169380534,2252909.0,4.433
OMN,2000,9753.84755185404,2282131.0,4.433
OMN,2001,9611.96360191054,2310217.0,4.298
OMN,2002,9869.13050219438,2337140.0,4.335
OMN,2003,10463.5425832141,2363796.0,4.599
OMN,2004,11800.8507411171,2404821.0,4.693
OMN,2005,14434.8577924647,2459802.0,4.589
OMN,2006,16930.8565071853,2514795.0,4.387
OMN,2007,18792.653772482,2570174.0,4.309
OMN,2008,26576.779241509,2626529.0,4.142
OMN,2009,20655.9180249218,2684659.0,3.977
OMN,2010,23570.1798147325,2757446.0,3.911
OMN,2011,25188.0074151885,3076763.0,3.95
OMN,2012,24642.2978768596,3547106.0,3.753
OMN,2013,23458.0233840053,3833913.0,3.553
OMN,2014,23160.6502252547,4002439.0,3.453
OMN,2015,18808.3077921839,4184895.0,3.403
OMN,2016,17110.1897460545,4390877.0,3.266
OMN,2017,17820.0661809335,4537396.0,2.523
OMN,2018,19901.7615642016,4597877.0,1.8
OMN,2019,19180.1864152801,4591241.0,2.045
OMN,2020,16784.8630630058,4522497.0,2.94
OMN,2021,19403.4600160211,4500424.0,1.9
OMN,2022,23223.5829405935,4730226.0,3.3
OMN,2023,21027.7384572657,5049269.0,3.176
OMN,2024,20285.2272765262,5281538.0,3.203
OMN,2025,19947.3966227092,5494691.0,3.251
OSS,1985,2379.80193172403,8118973.0,
OSS,1986,2329.7492588701,8271747.0,
OSS,1987,2860.79960164889,8429468.0,
OSS,1988,3025.75305812234,8592255.0,
OSS,1989,3031.12852475555,8765561.0,
OSS,1990,3570.55788992308,8949306.0,7.94216805267713
OSS,1991,3674.361370142,9131087.0,7.94216805267713
OSS,1992,3949.40878886263,9201490.0,8.54155735284872
OSS,1993,3762.44885403371,9249106.0,9.40750422047572
OSS,1994,3950.98003715888,9328189.0,9.57430196742702
OSS,1995,4659.34188627003,9389918.0,9.94793817545676
OSS,1996,4739.07694524898,9493131.0,9.99515701713923
OSS,1997,4678.51998512529,9618823.0,10.1294672610186
OSS,1998,4635.15882242333,9746302.0,9.95866567854553
OSS,1999,4829.25337476571,9758520.0,10.6854506886027
OSS,2000,4847.4503226921,9788238.0,11.0177711399269
OSS,2001,4780.95492842206,9961679.0,10.9398104204621
OSS,2002,5142.2476529809,10136134.0,10.2407776645491
OSS,2003,6311.81177494905,10269557.0,10.6409211857421
OSS,2004,7419.76155978909,10371059.0,10.6266524019735
OSS,2005,8233.42010554921,10479844.0,10.5021202220473
OSS,2006,9046.80164945419,10601352.0,9.68343911516973
OSS,2007,10758.8136221104,10730365.0,9.04975553505642
OSS,2008,11530.7215015978,10862640.0,8.87238702238271
OSS,2009,9814.08008723362,10989567.0,10.7283220301547
OSS,2010,10149.5633726375,11112466.0,11.1281009935269
OSS,2011,11469.9525501466,11226214.0,10.5303011113759
OSS,2012,11084.4148894956,11346082.0,10.5345766634014
OSS,2013,11421.7952581155,11466589.0,10.7696689681663
OSS,2014,11682.6156441392,11591200.0,10.4617084896957
OSS,2015,10359.1167773921,11722398.0,9.99952511697503
OSS,2016,10813.3811118925,11851918.0,9.69565767751643
OSS,2017,11950.9760651787,11989367.0,9.26010688179757
OSS,2018,13026.838449762,12135267.0,8.78845724438525
OSS,2019,12908.1967698249,12281907.0,8.37803693303246
OSS,2020,11772.0946960495,12417333.0,9.99575648409841
OSS,2021,13718.3632503913,12541889.0,9.49668399234599
OSS,2022,14326.3081658507,12699005.0,9.01147513544492
OSS,2023,15346.6488924949,12822134.0,8.44487902544127
OSS,2024,16111.8328238083,12931878.0,8.48668976701629
OSS,2025,17540.3099815121,13034928.0,8.59085524676197
PAK,1985,317.063499386432,98229285.0,
PAK,1986,313.946324043906,101606764.0,
PAK,1987,317.23867416111,105130717.0,
PAK,1988,353.85454278549,108724739.0,
PAK,1989,357.595796105007,112336629.0,
PAK,1990,344.45547384189,116155576.0,0.596
PAK,1991,380.019843346229,120060406.0,0.596
PAK,1992,395.67720859593,123546848.0,0.587
PAK,1993,407.888140688466,127020117.0,0.596
PAK,1994,399.955927561352,130748083.0,0.601
PAK,1995,450.550279346206,134582253.0,0.611
PAK,1996,456.996961832943,138557092.0,0.6
PAK,1997,438.030942680153,142531804.0,0.611
PAK,1998,424.453697798497,146522356.0,0.62
PAK,1999,418.249257055367,150565377.0,0.625
PAK,2000,642.338346499898,154879127.0,0.614
PAK,2001,609.939506905073,159270907.0,0.611
PAK,2002,599.937345723927,163222549.0,0.615
PAK,2003,672.44178669894,167110248.0,0.612
PAK,2004,771.902247348954,171286000.0,0.598
PAK,2005,827.619861189926,175453212.0,0.583
PAK,2006,900.873564984808,179682690.0,0.582
PAK,2007,998.090114197524,184493231.0,0.398
PAK,2008,1067.04324565284,189499113.0,0.423
PAK,2009,963.788066395225,194376534.0,0.535
PAK,2010,987.304571124485,199239047.0,0.653
PAK,2011,1131.73513834324,203746065.0,0.796
PAK,2012,1204.36475491585,207667125.0,3.667
PAK,2013,1225.4340119198,211073978.0,2.954
PAK,2014,1266.61340849959,214264647.0,1.827
PAK,2015,1380.47020838317,217290883.0,3.566
PAK,2016,1424.69161195897,220138869.0,2.285
PAK,2017,1519.23459514248,223273967.0,3.204
PAK,2018,1569.33814626355,226928892.0,4.083
PAK,2019,1390.41690981745,230800899.0,4.83
PAK,2020,1278.39735206896,235001746.0,5.994
PAK,2021,1455.31922370186,239477801.0,6.338
PAK,2022,1538.3228133171,243700667.0,5.291
PAK,2023,1360.32417758419,247504495.0,5.237
PAK,2024,1479.47755241191,251269164.0,5.492
PAK,2025,1595.90912252837,255219554.0,5.42
PAN,1985,2972.18070666064,2200915.0,
PAN,1986,3019.48150533575,2251325.0,
PAN,1987,2966.00967866653,2301970.0,
PAN,1988,2508.78229277879,2352848.0,
PAN,1989,2462.11022455924,2403820.0,
PAN,1990,2620.13827266274,2455583.0,6.443
PAN,1991,2820.54547665418,2508265.0,6.443
PAN,1992,3139.89952899581,2561336.0,6.317
PAN,1993,3358.41411740053,2615099.0,6.374
PAN,1994,3508.19570069218,2669546.0,6.428
PAN,1995,3513.89737854631,2724557.0,6.512
PAN,1996,3308.18429574276,2780227.0,6.728
PAN,1997,3545.97670881078,2836695.0,6.588
PAN,1998,3807.83869182014,2893914.0,6.397
PAN,1999,3950.34145012809,2951822.0,6.168
PAN,2000,3975.09308659503,3010369.0,6.188
PAN,2001,3991.7767076924,3069537.0,6.293
PAN,2002,4090.58617397129,3129344.0,6.302
PAN,2003,4264.66428846636,3189807.0,6.303
PAN,2004,4644.56582353041,3251155.0,6.097
PAN,2005,5017.7410922824,3313026.0,5.967
PAN,2006,5528.76705469354,3375024.0,5.792
PAN,2007,6317.81730274124,3437490.0,5.665
PAN,2008,7347.59050324397,3500648.0,5.639
PAN,2009,7796.92617035048,3564381.0,5.857
PAN,2010,8331.46421351868,3628535.0,5.845
PAN,2011,9662.29592216607,3693505.0,4.03
PAN,2012,11064.8063606203,3759256.0,3.691
PAN,2013,12273.3225037637,3825329.0,3.674
PAN,2014,13213.1989637473,3892101.0,4.391
PAN,2015,14082.6548502728,3960035.0,4.335
PAN,2016,14832.3611608191,4029086.0,4.717
PAN,2017,15694.6297454295,4098707.0,5.338
PAN,2018,16151.3273478476,4167860.0,5.161
PAN,2019,16477.9066285687,4234700.0,6.256
PAN,2020,13290.5608347594,4293261.0,14.663
PAN,2021,15509.8069109784,4345405.0,10.177
PAN,2022,17378.6070083597,4400773.0,8.086
PAN,2023,18797.1933894611,4458759.0,6.544
PAN,2024,19161.218843129,4515577.0,8.451
PAN,2025,19789.7308555826,4571189.0,8.36
PER,1985,767.43588754407,19648204.0,
PER,1986,1086.60913755382,20117122.0,
PER,1987,1792.30070238361,20582320.0,
PER,1988,733.299784874657,21054702.0,
PER,1989,1044.90725784847,21532589.0,
PER,1990,1199.66666756615,22014771.0,4.926
PER,1991,1527.38879472866,22483775.0,4.926
PER,1992,1567.40910765128,22946340.0,5.068
PER,1993,1487.67404314175,23413783.0,4.795
PER,1994,1879.36657757919,23881493.0,4.491
PER,1995,2189.53431515311,24348919.0,4.708
PER,1996,2226.91682429265,24811171.0,4.929
PER,1997,2300.67200774461,25274147.0,4.762
PER,1998,2156.39377651613,25738095.0,5.099
PER,1999,1916.53397367908,26186504.0,5.011
PER,2000,1945.41338451698,26598331.0,4.959
PER,2001,1929.57273038846,26964601.0,5.068
PER,2002,2007.37019626753,27288217.0,4.84
PER,2003,2129.44114197634,27580490.0,4.15
PER,2004,2397.25147277714,27852190.0,4.71
PER,2005,2706.66947297608,28101180.0,4.87
PER,2006,3129.55996496982,28324491.0,4.17
PER,2007,3581.0893081917,28530699.0,4.08
PER,2008,4197.58444634142,28719041.0,4.03
PER,2009,4181.18755462253,28896811.0,3.96
PER,2010,5072.11494019615,29086019.0,3.6
PER,2011,5861.35793645245,29304086.0,3.477
PER,2012,6519.37852981527,29550366.0,3.238
PER,2013,6746.80025696601,29817919.0,3.575
PER,2014,6667.13410360861,30115826.0,3.208
PER,2015,6231.71150338894,30457600.0,3.272
PER,2016,6217.03599995447,30866494.0,3.741
PER,2017,6736.16693725487,31324637.0,3.691
PER,2018,6978.49121548627,31897584.0,3.492
PER,2019,7037.00803692604,32449303.0,3.379
PER,2020,6133.32552410183,32838579.0,7.179
PER,2021,6828.53422535638,33155882.0,5.097
PER,2022,7353.74598721667,33475438.0,4.291
PER,2023,7919.04634828547,33845617.0,4.899
PER,2024,8526.29665719783,34217848.0,5.199
PER,2025,9684.41170314988,34576665.0,5.117
PHL,1985,633.211065310196,55213006.0,
PHL,1986,600.002843935462,56645077.0,
PHL,1987,649.812857590607,58157496.0,
PHL,1988,722.343718454247,59739052.0,
PHL,1989,791.864324425833,61265260.0,
PHL,1990,803.572588255813,62854666.0,3.727
PHL,1991,804.323330530547,64382249.0,3.727
PHL,1992,916.515694532029,65926125.0,3.849
PHL,1993,918.642953796961,67530621.0,3.869
PHL,1994,1059.9838951587,69019291.0,3.767
PHL,1995,1199.84171414993,70546246.0,3.68
PHL,1996,1311.09249403865,72190242.0,3.607
PHL,1997,1273.27604875636,73908810.0,3.592
PHL,1998,982.865943728564,75791024.0,3.697
PHL,1999,1101.43515975318,77753257.0,3.751
PHL,2000,1050.79273107952,79625397.0,3.77
PHL,2001,969.530611744453,81401488.0,3.698
PHL,2002,1014.90879320106,83068889.0,3.616
PHL,2003,1027.2301192843,84731835.0,3.527
PHL,2004,1099.63013023758,86394504.0,3.554
PHL,2005,1220.46018559867,88015962.0,3.795
PHL,2006,1426.14649179546,89508986.0,4.052
PHL,2007,1712.65543282793,91075184.0,3.434
PHL,2008,1959.29233534978,92699095.0,3.72
PHL,2009,1864.45043406471,94384250.0,3.858
PHL,2010,2162.91375885614,96337125.0,3.605
PHL,2011,2383.91892522087,98248614.0,3.592
PHL,2012,2614.61644401308,100175512.0,3.504
PHL,2013,2781.27957677397,102076336.0,3.497
PHL,2014,2866.83803761407,103767130.0,3.6
PHL,2015,2909.85818010301,105312992.0,3.068
PHL,2016,2985.19564024046,106735719.0,2.695
PHL,2017,3038.12124959289,108119693.0,2.552
PHL,2018,3168.51036609727,109465287.0,2.338
PHL,2019,3400.78949767074,110804683.0,2.237
PHL,2020,3227.57910235199,112081264.0,2.522
PHL,2021,3484.38593882819,113100950.0,3.398
PHL,2022,3548.06930572116,113964338.0,2.598
PHL,2023,3804.08274131718,114891199.0,2.2
PHL,2024,3985.29464669706,115843670.0,2.202
PHL,2025,4170.72347271451,116786962.0,2.235
PLW,1985,3728.1295295149,13688.0,
PLW,1986,4143.56203650884,14024.0,
PLW,1987,4616.29028882378,14334.0,
PLW,1988,5145.00614544213,14645.0,
PLW,1989,5741.0868517899,14945.0,
PLW,1990,6402.929615309,15259.0,
PLW,1991,6824.34353785065,15614.0,
PLW,1992,6552.7112389768,15989.0,
PLW,1993,5891.50378695334,16372.0,
PLW,1994,6329.06976744186,16770.0,
PLW,1995,7038.00523407967,17195.0,
PLW,1996,7788.29726974057,17654.0,
PLW,1997,7944.59907223327,18108.0,
PLW,1998,8047.91621679983,18524.0,
PLW,1999,7629.56986402836,18901.0,
PLW,2000,7798.07510558974,19178.0,
PLW,2001,8239.26386807565,19352.0,
PLW,2002,8340.18965031021,19503.0,
PLW,2003,7862.39286077623,19659.0,
PLW,2004,8393.73029137235,19820.0,
PLW,2005,9367.68615343862,19819.0,
PLW,2006,9737.01943934058,19593.0,
PLW,2007,10155.0470806134,19302.0,
PLW,2008,10471.1510008417,19009.0,
PLW,2009,9837.49883077663,18709.0,
PLW,2010,10018.065238367,18396.0,
PLW,2011,10795.639900708,18078.0,
PLW,2012,12098.4124331551,17765.0,
PLW,2013,12820.5931621147,17648.0,
PLW,2014,13854.730278013,17715.0,
PLW,2015,15938.3652222848,17770.0,
PLW,2016,17043.6660673147,17797.0,
PLW,2017,16280.241199753,17812.0,
PLW,2018,16179.877834849,17814.0,
PLW,2019,15841.8923474548,17798.0,
PLW,2020,14556.30954221,17792.0,
PLW,2021,13267.4877340719,17783.0,
PLW,2022,13934.951996171,17759.0,
PLW,2023,15578.3497630733,17727.0,
PLW,2024,18169.0767165866,17695.0,
PLW,2025,19532.3557719527,17663.0,
PNG,1985,696.574806636325,3478936.0,
PNG,1986,744.908522742949,3554793.0,
PNG,1987,865.468569563314,3632543.0,
PNG,1988,984.993556016427,3711880.0,
PNG,1989,934.246494854331,3796078.0,
PNG,1990,826.317152082832,3896481.0,2.793
PNG,1991,941.707721616563,4021837.0,2.793
PNG,1992,1050.7071689258,4166699.0,2.608
PNG,1993,1151.28388116601,4320872.0,2.382
PNG,1994,1228.24343638772,4480208.0,2.418
PNG,1995,998.229967376131,4644278.0,2.603
PNG,1996,1071.04185150251,4813361.0,2.728
PNG,1997,989.721550965343,4987883.0,2.854
PNG,1998,733.479860137662,5166390.0,2.86
PNG,1999,649.994719718763,5349333.0,2.939
PNG,2000,635.957919047725,5537064.0,2.92
PNG,2001,537.847459634131,5728435.0,2.801
PNG,2002,506.331789534482,5924003.0,2.756
PNG,2003,577.467922387259,6123997.0,2.628
PNG,2004,620.596147680561,6328041.0,2.526
PNG,2005,744.486489977433,6535905.0,2.385
PNG,2006,1238.18282926706,6747720.0,2.285
PNG,2007,1370.753415829,6963345.0,2.169
PNG,2008,1624.79319935188,7183002.0,2.168
PNG,2009,1568.83193368607,7406438.0,2.089
PNG,2010,1866.86889851208,7633523.0,2.002
PNG,2011,2288.37591141234,7859346.0,2.62
PNG,2012,2635.0873631547,8081390.0,2.634
PNG,2013,2560.77458976327,8302698.0,2.698
PNG,2014,2723.17529825196,8523441.0,2.54
PNG,2015,2484.5963398603,8743246.0,2.507
PNG,2016,2316.39479758492,8961718.0,2.478
PNG,2017,2477.76530986323,9178714.0,2.58
PNG,2018,2566.36833735041,9394513.0,2.65
PNG,2019,2575.77274140393,9609010.0,2.651
PNG,2020,2429.61134585269,9815746.0,2.903
PNG,2021,2607.97769973161,10012896.0,3.03
PNG,2022,3102.29409730005,10203169.0,2.689
PNG,2023,2966.06455045333,10389635.0,2.649
PNG,2024,2912.4914068385,10576502.0,2.625
PNG,2025,3019.5309140573,10762817.0,2.571
POL,1985,,37201885.0,
POL,1986,,37456119.0,
POL,1987,,37668045.0,
POL,1988,,37824487.0,
POL,1989,,37961529.0,
POL,1990,1731.2095094382,38110782.0,13.621
POL,1991,2235.54108862522,38246193.0,13.621
POL,1992,2459.02068468253,38363667.0,13.645
POL,1993,2497.13055936127,38461408.0,14.393
POL,1994,2874.83163555069,38542652.0,14.825
POL,1995,3700.95956775144,38594998.0,13.695
POL,1996,4163.51195431959,38624370.0,12.684
POL,1997,4137.00831823145,38649660.0,10.964
POL,1998,4533.5356551781,38663481.0,9.935
POL,1999,4415.50067547826,38660271.0,12.29
POL,2000,4520.64100449111,38258629.0,14.928
POL,2001,5015.23790036613,38248076.0,18.435
POL,2002,5223.45178967082,38230364.0,20.211
POL,2003,5720.81366178104,38204570.0,19.899
POL,2004,6711.72715262967,38182222.0,18.822
POL,2005,8043.92332253757,38165445.0,17.592
POL,2006,9068.85528307627,38141267.0,13.794
POL,2007,11272.5293683383,38120560.0,9.551
POL,2008,14048.5604672654,38125759.0,7.069
POL,2009,11556.3026866026,38151603.0,8.131
POL,2010,12567.7317676382,38042794.0,9.578
POL,2011,13867.6669408192,38063255.0,9.576
POL,2012,13087.420943321,38063164.0,10.031
POL,2013,13621.9023794031,38040196.0,10.293
POL,2014,14262.2841914116,38011735.0,8.971
POL,2015,12637.5220324406,37986412.0,7.475
POL,2016,12464.0121044827,37970087.0,6.141
POL,2017,13913.3415190124,37974826.0,4.867
POL,2018,15658.210586693,37974750.0,3.835
POL,2019,15874.5220531254,37965475.0,3.267
POL,2020,16150.9304813473,37515748.0,3.155
POL,2021,18635.5104895754,36981559.0,3.268
POL,2022,18891.2121169279,36821749.0,2.811
POL,2023,22145.2660647429,36687353.0,2.743
POL,2024,25103.565661423,36559233.0,2.807
POL,2025,28419.5777395638,36435861.0,2.976
PRE,1985,671.084296696025,369324410.0,
PRE,1986,566.20821438003,379632077.0,
PRE,1987,592.862150769265,390114130.0,
PRE,1988,604.762184417686,400552017.0,
PRE,1989,595.419652965801,411406002.0,
PRE,1990,940.439377161013,422186377.0,5.34568002926235
PRE,1991,519.227064159577,432818968.0,5.34568002926235
PRE,1992,392.857072321236,445110952.0,5.38652663390759
PRE,1993,397.880287972378,459209732.0,5.45794091503848
PRE,1994,401.32829200595,474703936.0,5.42353591142816
PRE,1995,572.297212272674,489818238.0,5.30385646073927
PRE,1996,675.388677650619,503086910.0,5.18139865547561
PRE,1997,720.974841755232,516443569.0,5.08085494178219
PRE,1998,741.814295821837,531140936.0,5.05997209739088
PRE,1999,449.113610586588,546555560.0,5.10317808800889
PRE,2000,503.881865569121,562071710.0,5.13391983978484
PRE,2001,466.255676779194,578214152.0,5.12153810037018
PRE,2002,523.955261767573,595728391.0,5.0724611452453
PRE,2003,554.625659623811,613871091.0,5.04587122100171
PRE,2004,671.224356830207,632030219.0,4.96212948847294
PRE,2005,815.995032153718,650889143.0,4.93387732610229
PRE,2006,998.07823930556,669788208.0,4.90998713639371
PRE,2007,1174.15015770746,688282695.0,4.87191262111388
PRE,2008,1424.0703685436,708363596.0,4.86836540696563
PRE,2009,1253.05147524894,729873044.0,4.90149804162028
PRE,2010,1422.25838961236,751639870.0,5.09524000558138
PRE,2011,1597.7670422466,774151525.0,5.14866591361225
PRE,2012,1687.90559427919,797555707.0,5.06492902606905
PRE,2013,1797.07620788678,821651825.0,4.86973350643787
PRE,2014,1849.26650645876,845885930.0,4.85956498950861
PRE,2015,1526.04099231967,869996107.0,4.92874848701502
PRE,2016,1318.65578321566,894582467.0,5.00843089695962
PRE,2017,1341.55710823713,919835947.0,5.2669199218143
PRE,2018,1452.10811367974,945516605.0,5.32927480343501
PRE,2019,1682.64777483043,971459360.0,5.38924122021237
PRE,2020,1497.18872625076,997742595.0,5.89078404749377
PRE,2021,1594.39804852433,1024018110.0,5.76848661848567
PRE,2022,1769.1914721872,1050180429.0,4.97495099823102
PRE,2023,1559.36615928619,1077143557.0,4.65198898265421
PRE,2024,1372.7115352549,1104843110.0,4.53734249793927
PRE,2025,1470.05803145865,1133132223.0,4.54407578031541
PRI,1985,6008.05448623038,3377000.0,
PRI,1986,6455.18446107614,3409554.0,
PRI,1987,6980.49014338219,3441850.0,
PRI,1988,7595.44465611829,3473898.0,
PRI,1989,8033.08944133042,3505650.0,
PRI,1990,8652.50749222505,3537000.0,16.18
PRI,1991,9064.01851711486,3562110.0,16.18
PRI,1992,9659.33889995916,3585176.0,16.93
PRI,1993,10212.2767630564,3615497.0,16.91
PRI,1994,10876.4188239898,3649237.0,14.6
PRI,1995,11579.1849969985,3683103.0,13.93
PRI,1996,12173.163688986,3724655.0,13.64
PRI,1997,12817.6449621352,3759430.0,13.8
PRI,1998,14304.4049868015,3781101.0,13.46
PRI,1999,15220.9913420267,3800081.0,11.81
PRI,2000,16192.1269719638,3810605.0,10.08
PRI,2001,18123.1987019918,3818774.0,11.4
PRI,2002,18731.4593897378,3823701.0,11.94
PRI,2003,19557.1202492358,3826095.0,11.78
PRI,2004,20988.9923326534,3826878.0,10.31
PRI,2005,21959.322696986,3821362.0,11.35
PRI,2006,22935.9411586313,3805214.0,11.01
PRI,2007,23664.8823485096,3782995.0,10.93
PRI,2008,24898.3345857045,3760866.0,11.48
PRI,2009,25768.7258883384,3740410.0,15.0
PRI,2010,26414.8810634548,3724465.0,16.1
PRI,2011,27170.0766543278,3693464.0,15.7
PRI,2012,27742.024476618,3661045.0,14.5
PRI,2013,28212.0499737431,3631427.0,14.3
PRI,2014,28576.0988023209,3585017.0,13.9
PRI,2015,29242.041465085,3535167.0,12.0
PRI,2016,29978.0889268918,3480432.0,11.8
PRI,2017,30328.479490518,3410837.0,10.8
PRI,2018,30679.9181934488,3290690.0,9.2
PRI,2019,31830.5284993358,3302691.0,8.3
PRI,2020,31427.1034994916,3281591.0,8.89
PRI,2021,32618.8705106244,3262731.0,7.9
PRI,2022,35353.5613891039,3220148.0,6.0
PRI,2023,36980.7653928068,3203794.0,5.725
PRI,2024,39353.2242360643,3202521.0,5.639
PRI,2025,40620.1526923687,3184835.0,5.991
PRK,1985,,19620388.0,
PRK,1986,,19910855.0,
PRK,1987,,20205483.0,
PRK,1988,,20503161.0,
PRK,1989,,20804367.0,
PRK,1990,,21112137.0,2.845
PRK,1991,,21428638.0,2.845
PRK,1992,,21750911.0,2.875
PRK,1993,,22073352.0,2.98
PRK,1994,,22393975.0,3.092
PRK,1995,,22669304.0,3.114
PRK,1996,,22895746.0,3.153
PRK,1997,,23110830.0,3.253
PRK,1998,,23311564.0,3.461
PRK,1999,,23497599.0,3.67
PRK,2000,,23665910.0,3.653
PRK,2001,,23815358.0,3.676
PRK,2002,,23943973.0,3.644
PRK,2003,,24090380.0,3.668
PRK,2004,,24254943.0,3.62
PRK,2005,,24396433.0,3.576
PRK,2006,,24524507.0,3.55
PRK,2007,,24646383.0,3.547
PRK,2008,,24764618.0,3.48
PRK,2009,,24878332.0,3.48
PRK,2010,,24987258.0,3.419
PRK,2011,,25097874.0,3.516
PRK,2012,,25211728.0,3.542
PRK,2013,,25329451.0,3.567
PRK,2014,,25451262.0,3.509
PRK,2015,,25575350.0,3.523
PRK,2016,,25698326.0,3.574
PRK,2017,,25817709.0,3.498
PRK,2018,,25931147.0,3.409
PRK,2019,,26037632.0,3.439
PRK,2020,,26136312.0,3.624
PRK,2021,,26232534.0,3.692
PRK,2022,,26328845.0,3.457
PRK,2023,,26418204.0,3.463
PRK,2024,,26498823.0,3.539
PRK,2025,,26571036.0,3.545
PRT,1985,2705.19300197317,10023613.0,
PRT,1986,3861.9484333688,10032734.0,
PRT,1987,4803.86609546941,10030031.0,
PRT,1988,5623.69699982123,10019610.0,
PRT,1989,6056.38102771889,10005000.0,
PRT,1990,7884.61798756332,9983218.0,3.919
PRT,1991,8958.9853330247,9960235.0,3.919
PRT,1992,10810.5665079626,9952494.0,3.985
PRT,1993,9534.6563637308,9964675.0,5.301
PRT,1994,9977.31990905771,9991525.0,6.709
PRT,1995,11781.3618502221,10026176.0,7.064
PRT,1996,12185.0914010629,10063945.0,7.298
PRT,1997,11575.5071124358,10108977.0,6.571
PRT,1998,12199.206385024,10160196.0,4.64
PRT,1999,12475.2917701476,10217828.0,4.579
PRT,2000,11526.3720667968,10289898.0,3.806
PRT,2001,11734.7649743954,10362722.0,3.829
PRT,2002,12936.6928204482,10419631.0,4.497
PRT,2003,15797.7821340276,10458821.0,6.132
PRT,2004,18064.1580932987,10483861.0,6.319
PRT,2005,18780.12751241,10503330.0,7.582
PRT,2006,19839.4540499032,10522288.0,7.649
PRT,2007,22811.0564844365,10542964.0,7.965
PRT,2008,24949.0413566739,10558177.0,7.553
PRT,2009,23151.2154130712,10568247.0,9.432
PRT,2010,22551.935098809,10573100.0,10.771
PRT,2011,23246.5425416481,10557560.0,12.715
PRT,2012,20593.4274224109,10514844.0,15.509
PRT,2013,21676.4859642714,10457295.0,16.237
PRT,2014,22120.6850127107,10401062.0,13.88
PRT,2015,19215.7813014347,10358076.0,12.405
PRT,2016,19980.2808866516,10325452.0,11.058
PRT,2017,21442.3842768879,10300300.0,8.878
PRT,2018,23541.1401075289,10283822.0,6.966
PRT,2019,23343.3628970034,10286263.0,6.422
PRT,2020,22299.4044062173,10297081.0,6.85
PRT,2021,24711.4510062111,10361831.0,6.712
PRT,2022,24620.5197587181,10434332.0,6.138
PRT,2023,27634.6183139773,10578174.0,6.498
PRT,2024,29328.3067415343,10694681.0,6.5
PRT,2025,32081.8106150292,10804871.0,6.164
PRY,1985,934.991981806694,3510671.0,
PRY,1986,1031.15623781062,3611474.0,
PRY,1987,1068.95380287336,3714889.0,
PRY,1988,1113.89406863138,3820546.0,
PRY,1989,1211.29634333964,3927802.0,
PRY,1990,1440.15829610029,4035747.0,5.1
PRY,1991,1685.26890082621,4144364.0,5.1
PRY,1992,1682.67444777611,4253600.0,4.98
PRY,1993,1661.70955306218,4362696.0,5.06
PRY,1994,1760.28807083292,4471417.0,4.41
PRY,1995,1978.71514099575,4579806.0,3.4
PRY,1996,2088.17109102236,4687543.0,8.15
PRY,1997,2078.50841313824,4794412.0,5.36
PRY,1998,1889.88455618586,4900025.0,4.417
PRY,1999,1766.30657288259,5003135.0,5.343
PRY,2000,1736.11729210765,5100868.0,7.61
PRY,2001,1637.68615122932,5187689.0,6.206
PRY,2002,1367.76506935997,5261328.0,9.393
PRY,2003,1443.99885236205,5326436.0,6.814
PRY,2004,1786.21533938543,5388175.0,6.513
PRY,2005,1970.87169852378,5448097.0,4.825
PRY,2006,2439.43124694576,5505148.0,5.277
PRY,2007,3211.93621659546,5559386.0,4.713
PRY,2008,4384.9546943793,5613574.0,4.415
PRY,2009,3941.84815479271,5671236.0,5.46
PRY,2010,4750.96273669322,5737971.0,4.569
PRY,2011,5805.40154543044,5814626.0,4.67
PRY,2012,5642.1699167298,5897008.0,4.085
PRY,2013,6435.68342733182,5982445.0,4.385
PRY,2014,6652.25478942291,6069811.0,5.034
PRY,2015,5879.33792308671,6159103.0,4.556
PRY,2016,5775.1596339946,6249126.0,5.255
PRY,2017,6152.26711537703,6338660.0,6.138
PRY,2018,6258.44991640954,6427382.0,6.217
PRY,2019,5821.18199548637,6515058.0,6.595
PRY,2020,5365.47220721191,6603739.0,7.548
PRY,2021,5974.9057185863,6684182.0,7.311
PRY,2022,6189.10205375331,6760464.0,6.755
PRY,2023,6303.26495017292,6844146.0,5.794
PRY,2024,6456.60723068562,6929153.0,5.686
PRY,2025,7026.61906146401,7013078.0,4.803
PSE,1990,,1978248.0,10.666
PSE,1991,,2068845.0,10.666
PSE,1992,,2163591.0,10.692
PSE,1993,,2262676.0,10.705
PSE,1994,1201.58154213882,2366298.0,10.778
PSE,1995,1326.56285737146,2474666.0,10.714
PSE,1996,1317.46675131385,2587997.0,10.726
PSE,1997,1389.16497137651,2706518.0,10.522
PSE,1998,1465.04605685868,2776568.0,10.451
PSE,1999,1499.49217657019,2848431.0,10.382
PSE,2000,1476.17185000238,2922153.0,10.625
PSE,2001,1335.55319529359,2997784.0,21.493
PSE,2002,1156.21747345769,3075373.0,27.465
PSE,2003,1257.69857009689,3154969.0,23.004
PSE,2004,1422.19088643544,3236626.0,23.215
PSE,2005,1543.70141392774,3320396.0,20.016
PSE,2006,1570.10439962728,3406334.0,19.014
PSE,2007,1664.24571669276,3494496.0,18.282
PSE,2008,2035.20234121766,3591977.0,22.913
PSE,2009,2191.78178736868,3689099.0,20.452
PSE,2010,2557.07562356699,3786161.0,21.416
PSE,2011,2880.79843707909,3882986.0,17.597
PSE,2012,3067.43872735614,3979998.0,19.202
PSE,2013,3315.29753909282,4076708.0,19.894
PSE,2014,3352.11259506043,4173398.0,20.526
PSE,2015,3272.15432360708,4270092.0,23.005
PSE,2016,3527.61382413178,4367088.0,23.939
PSE,2017,3620.36048715937,4454805.0,25.677
PSE,2018,3562.33094270256,4569087.0,26.256
PSE,2019,3656.85827137011,4685306.0,25.34
PSE,2020,3233.56863835858,4803269.0,25.895
PSE,2021,3678.63565662194,4922749.0,26.39
PSE,2022,3799.95527015163,5043612.0,24.42
PSE,2023,3607.41611858821,5165775.0,
PSE,2024,3028.25481286981,5289152.0,
PSE,2025,3171.10844621579,5413596.0,25.895
PSS,1985,1145.73022924272,1625654.0,
PSS,1986,1222.70707456586,1660533.0,
PSS,1987,1173.87310359514,1692234.0,
PSS,1988,1188.98390796449,1721206.0,
PSS,1989,1219.29470793172,1748900.0,
PSS,1990,1343.27719993773,1775607.0,3.87708909176688
PSS,1991,1404.20977100088,1801531.0,3.87708909176688
PSS,1992,1519.64824897657,1827395.0,3.87633861318752
PSS,1993,1573.63525576083,1853148.0,3.93673769020559
PSS,1994,1818.22509065982,1878007.0,3.90359689716017
PSS,1995,1947.90073188873,1901782.0,3.98085442407908
PSS,1996,2060.80457992554,1926342.0,4.01560097752488
PSS,1997,2035.88566116361,1954642.0,4.1590180797063
PSS,1998,1728.10547623798,1984859.0,4.26267963599519
PSS,1999,1857.38930457259,2014289.0,4.30498832186484
PSS,2000,1686.6056817652,2042274.0,4.40485764939109
PSS,2001,1637.06349067775,2069097.0,4.51782547170457
PSS,2002,1695.01147879967,2095273.0,4.61174676237171
PSS,2003,1997.28054068901,2120592.0,4.51420593104194
PSS,2004,2270.72657197828,2145505.0,4.3406725276094
PSS,2005,2490.44783617075,2170029.0,3.8404573462192
PSS,2006,2586.22776155533,2194265.0,3.81456389998427
PSS,2007,2817.98969436478,2218230.0,3.76264674833736
PSS,2008,2989.60481007125,2240739.0,3.66517406587763
PSS,2009,2666.87195227178,2262456.0,3.60850865304197
PSS,2010,2899.88573139903,2289399.0,3.50675202326758
PSS,2011,3338.30793678792,2320899.0,3.44436830760268
PSS,2012,3493.28831201062,2351924.0,3.54707816512722
PSS,2013,3630.10394299084,2382931.0,3.42532155080918
PSS,2014,3891.36256203141,2414338.0,3.39737128470569
PSS,2015,3761.06673610832,2445989.0,3.37020462675283
PSS,2016,3898.87961923979,2477794.0,3.36311039358415
PSS,2017,4147.00368611764,2509999.0,3.40034043733734
PSS,2018,4295.18182253285,2542009.0,3.35231302156857
PSS,2019,4185.0758997627,2568656.0,3.32798136589447
PSS,2020,3632.52907231285,2595522.0,3.30655660526839
PSS,2021,3646.98862815783,2625493.0,3.35468526106548
PSS,2022,3941.90128416234,2656049.0,3.60681620269367
PSS,2023,4199.64948077192,2689224.0,3.52057525691559
PSS,2024,4528.48364572376,2722467.0,3.52751412823486
PSS,2025,4719.69017777464,2755649.0,3.51831083728422
PST,1985,10565.6557440561,936480384.0,
PST,1986,12855.4192393172,941566838.0,
PST,1987,14825.4215309782,946817118.0,
PST,1988,16610.7863171232,952284317.0,
PST,1989,17235.8103291755,958176572.0,
PST,1990,19207.3380131246,964371624.0,6.30420825660087
PST,1991,20121.4808345792,971291914.0,6.30420825660087
PST,1992,21440.3916904735,978087877.0,6.91243365569707
PST,1993,21469.1544175533,984398082.0,7.5103906033007
PST,1994,22868.9775789577,990028770.0,7.50942275337142
PST,1995,25219.7306112425,995338472.0,7.38445233898678
PST,1996,25204.8440630157,1000836719.0,7.55967472307922
PST,1997,24572.1370504326,1006102041.0,7.36478723006136
PST,1998,24512.0329339239,1011086034.0,7.39692261448223
PST,1999,25625.9316580893,1015990094.0,7.1145514900882
PST,2000,25965.6198092905,1021150563.0,6.53699120304108
PST,2001,25583.1763027363,1026105872.0,6.38359327702813
PST,2002,26549.4716468681,1031302538.0,6.77664467622594
PST,2003,29606.2954023988,1036498631.0,6.86199228387437
PST,2004,32722.7857826302,1041890752.0,6.67204910657906
PST,2005,34268.541288057,1047140108.0,6.4091008362879
PST,2006,35873.6218378841,1052866351.0,5.994063325313
PST,2007,38925.4514993488,1059147302.0,5.57196004328002
PST,2008,40986.2032462103,1065603711.0,5.90228542517582
PST,2009,38399.5766429162,1071118156.0,8.07274225977277
PST,2010,39869.2354180288,1076208648.0,8.34726962592943
PST,2011,42699.7581912628,1079468050.0,8.06019449389029
PST,2012,42453.1056245877,1084193277.0,8.11703125262048
PST,2013,42757.0705462921,1088423167.0,8.01055138462552
PST,2014,43482.2905959942,1093024476.0,7.46206202944811
PST,2015,40960.9089975197,1097889139.0,6.88380194224391
PST,2016,41720.329677393,1102965925.0,6.41054588620563
PST,2017,43356.99969696,1107159559.0,5.85021474599449
PST,2018,45787.7299792029,1111104033.0,5.29340998979908
PST,2019,46125.7453007656,1114895817.0,4.93863793927205
PST,2020,45174.5036479433,1117003860.0,6.72548575920498
PST,2021,50433.5519322417,1116578102.0,5.80602995350964
PST,2022,51597.0182783268,1117420833.0,4.52602226819937
PST,2023,54507.2154710128,1121263972.0,4.46960383607434
PST,2024,56385.0585145595,1128299339.0,4.61212708203082
PST,2025,59490.0240628251,1132621782.0,4.69905638249338
PYF,1985,8002.08427164997,180988.0,
PYF,1986,11913.8267538469,185669.0,
PYF,1987,14061.3873698969,190449.0,
PYF,1988,13952.8382782589,195193.0,
PYF,1989,13682.8412939782,199643.0,
PYF,1990,16293.1823294474,203776.0,11.591
PYF,1991,16414.8132696888,207744.0,11.591
PYF,1992,17554.3737937032,211559.0,11.724
PYF,1993,16469.7751983669,215219.0,11.778
PYF,1994,16806.0592491122,218738.0,11.98
PYF,1995,18850.3149185956,222118.0,11.941
PYF,1996,18475.7253329475,225489.0,11.92
PYF,1997,16423.0214308681,229121.0,11.866
PYF,1998,16759.7141702526,232891.0,11.791
PYF,1999,16532.9022343754,236595.0,11.701
PYF,2000,14978.324104668,240337.0,11.583
PYF,2001,14640.9360062298,244097.0,11.665
PYF,2002,16004.0583292112,247775.0,11.71
PYF,2003,19582.8936395312,251637.0,11.751
PYF,2004,21764.2203208782,255654.0,11.702
PYF,2005,21984.1936230719,259507.0,11.722
PYF,2006,22330.8676659055,263223.0,11.768
PYF,2007,24888.1781337361,266438.0,11.74
PYF,2008,26592.0262835732,268379.0,11.76
PYF,2009,24434.2197555208,269481.0,11.963
PYF,2010,22494.806706186,270580.0,12.133
PYF,2011,22831.5185348524,271727.0,12.257
PYF,2012,20846.5457478364,273084.0,12.134
PYF,2013,21955.6329264095,274728.0,12.027
PYF,2014,22258.6321384251,276387.0,11.894
PYF,2015,19166.9594761931,277866.0,11.794
PYF,2016,19690.0775734589,279178.0,11.727
PYF,2017,20826.9312492172,280087.0,11.595
PYF,2018,21925.616043938,279815.0,11.599
PYF,2019,21582.5892046801,279034.0,11.591
PYF,2020,19966.4838503859,279209.0,12.963
PYF,2021,21426.3854449835,279792.0,12.558
PYF,2022,20053.9569369322,280378.0,11.793
PYF,2023,21832.2831795569,281118.0,11.613
PYF,2024,22439.8838746025,281807.0,11.613
PYF,2025,20378.667083425717,282465.0,11.662
QAT,1985,16815.0426389482,365940.0,
QAT,1986,13213.2094336152,382422.0,
QAT,1987,13718.7908752499,397005.0,
QAT,1988,14682.0213127986,411264.0,
QAT,1989,15242.5068904961,425646.0,
QAT,1990,16721.6210835226,440175.0,0.87
QAT,1991,15133.4969397069,454853.0,0.87
QAT,1992,16280.293589053,469657.0,0.87
QAT,1993,14769.718821974,484545.0,0.87
QAT,1994,14764.8766954856,499459.0,0.87
QAT,1995,15822.5092848142,514325.0,0.87
QAT,1996,17124.7926054464,529019.0,0.87
QAT,1997,20522.801449232,550500.0,0.87
QAT,1998,17665.4399446972,580540.0,0.87
QAT,1999,20233.6846826643,612500.0,0.87
QAT,2000,27535.182940934,644989.0,0.87
QAT,2001,25870.7991864314,677925.0,0.87
QAT,2002,27226.6593510117,711205.0,0.87
QAT,2003,31602.470865136,744682.0,0.87
QAT,2004,41035.5008380177,773332.0,0.87
QAT,2005,53949.6764091147,825408.0,0.87
QAT,2006,62582.4453138755,972831.0,0.87
QAT,2007,65954.1146428814,1208595.0,0.52
QAT,2008,80781.2113909506,1426938.0,0.31
QAT,2009,60785.7351551657,1608903.0,0.31
QAT,2010,77387.2936379616,1616832.0,0.45
QAT,2011,103261.510293068,1624761.0,0.56
QAT,2012,108470.378825036,1722438.0,0.48
QAT,2013,103697.008372373,1916426.0,0.28
QAT,2014,95840.6310094498,2151745.0,0.2
QAT,2015,68985.2946961507,2344557.0,0.17
QAT,2016,61253.6375482797,2477113.0,0.15
QAT,2017,63279.8556949332,2545820.0,0.14
QAT,2018,71039.8490579352,2580734.0,0.11
QAT,2019,66841.3013484919,2638657.0,0.1
QAT,2020,51683.5054376677,2794148.0,0.14
QAT,2021,71751.8831257169,2504910.0,0.14
QAT,2022,88701.463352273,2657333.0,0.13
QAT,2023,80195.8746508549,2656032.0,0.13
QAT,2024,75685.0865779973,2857822.0,0.13
QAT,2025,72524.9066385222,2972215.0,0.13
ROU,1985,,22732999.0,
ROU,1986,,22836841.0,
ROU,1987,1658.75873899995,22949430.0,
ROU,1988,1753.19285632198,23057662.0,
ROU,1989,1789.64455528113,23161458.0,
ROU,1990,1648.48522974542,23201835.0,8.23
ROU,1991,1254.3124421298,23001155.0,8.23
ROU,1992,1102.10378473246,22794284.0,8.26
ROU,1993,1158.05632799712,22763280.0,8.251
ROU,1994,1323.03237766927,22730211.0,8.17
ROU,1995,1650.04922365201,22684270.0,8.01
ROU,1996,1633.01064354117,22619004.0,6.74
ROU,1997,1577.33656023974,22553978.0,5.515
ROU,1998,1852.5549693339,22507344.0,5.63
ROU,1999,1599.90622808339,22472040.0,6.239
ROU,2000,1659.92904910528,22442971.0,6.969
ROU,2001,1825.19299373184,22131970.0,6.561
ROU,2002,2119.85509684554,21730496.0,8.112
ROU,2003,2679.40626016154,21574326.0,6.95
ROU,2004,3494.99056448955,21451748.0,7.719
ROU,2005,4618.00350802913,21319685.0,7.174
ROU,2006,5757.53127301178,21193760.0,7.27
ROU,2007,8360.33775916596,20882982.0,6.413
ROU,2008,10435.1561230787,20537875.0,5.787
ROU,2009,8548.4543409242,20367487.0,6.859
ROU,2010,8399.5374234284,20246871.0,6.959
ROU,2011,9560.6755277458,20147528.0,7.177
ROU,2012,8929.95366231474,20058035.0,6.794
ROU,2013,9497.67411615237,19983693.0,7.096
ROU,2014,10031.7710755404,19908979.0,6.802
ROU,2015,8977.01748158196,19815616.0,6.812
ROU,2016,9404.54005870715,19702267.0,5.901
ROU,2017,10727.9822007426,19588715.0,4.927
ROU,2018,12416.134317959,19473970.0,4.187
ROU,2019,12909.6104013244,19371648.0,3.912
ROU,2020,13009.1525348396,19265250.0,5.035
ROU,2021,14908.0412813921,19122059.0,5.59
ROU,2022,15503.4691366242,19048502.0,5.614
ROU,2023,18244.4186876321,19061062.0,5.589
ROU,2024,20080.2096215595,19051804.0,5.4
ROU,2025,22537.9532108047,19020271.0,5.992
RUS,1985,,143858000.0,
RUS,1986,,144894000.0,
RUS,1987,,145908000.0,
RUS,1988,3778.01977539063,146857000.0,
RUS,1989,3429.64990234375,147721000.0,
RUS,1990,3494.06323242188,147969406.0,5.11
RUS,1991,3490.45239257813,148394216.0,5.11
RUS,1992,3098.802734375,148538197.0,5.181
RUS,1993,2930.67016601563,148458777.0,5.883
RUS,1994,2662.10400390625,148407912.0,8.131
RUS,1995,2665.77978515625,148375787.0,9.449
RUS,1996,2643.92919921875,148160129.0,9.665
RUS,1997,2737.57202148438,147915361.0,11.813
RUS,1998,1834.86181640625,147670784.0,13.261
RUS,1999,1330.75720214844,147214776.0,13.036
RUS,2000,1771.59411621094,146596869.0,10.581
RUS,2001,2100.3525390625,145976482.0,8.978
RUS,2002,2377.52954101563,145306497.0,7.875
RUS,2003,2975.123046875,144648618.0,8.21
RUS,2004,4102.36474609375,144067316.0,7.763
RUS,2005,5323.455078125,143518814.0,7.124
RUS,2006,6920.19970703125,143049637.0,7.055
RUS,2007,9101.2392578125,142805114.0,6.002
RUS,2008,11635.2841796875,142742366.0,6.205
RUS,2009,8562.82421875,142785348.0,8.301
RUS,2010,10674.990234375,142849468.0,7.407
RUS,2011,14305.33203125,143018195.0,6.571
RUS,2012,15401.8515625,143378447.0,5.484
RUS,2013,15941.4482421875,143805638.0,5.513
RUS,2014,14055.47265625,144237223.0,5.212
RUS,2015,9277.7138671875,144640716.0,5.615
RUS,2016,8663.158203125,145015460.0,5.591
RUS,2017,10658.9130859375,145293260.0,5.238
RUS,2018,11211.8876953125,145398106.0,4.871
RUS,2019,11447.701171875,145453291.0,4.513
RUS,2020,10108.3271484375,145245148.0,5.62
RUS,2021,12425.029296875,144746762.0,4.749
RUS,2022,15625.6328125,144236933.0,3.867
RUS,2023,13986.9951171875,143826130.0,3.076
RUS,2024,14961.8974609375,143669648.0,2.43
RUS,2025,17546.609375,143513328.0,2.133
RWA,1985,271.578979042227,6317228.0,
RWA,1986,297.725981826167,6531881.0,
RWA,1987,319.643663256479,6749493.0,
RWA,1988,343.781325823561,6968071.0,
RWA,1989,334.741963426594,7184706.0,
RWA,1990,345.773495139137,7375307.0,12.335
RWA,1991,253.966902025944,7526966.0,12.335
RWA,1992,264.083914517464,7683266.0,12.114
RWA,1993,247.023318476014,7981132.0,12.155
RWA,1994,110.953668251372,6792352.0,12.236
RWA,1995,227.971147849318,5674118.0,11.938
RWA,1996,206.04911417485,6708764.0,11.507
RWA,1997,238.749371368214,7755238.0,11.087
RWA,1998,246.154673288384,8081681.0,11.255
RWA,1999,264.74368682977,8147912.0,11.569
RWA,2000,251.86926386091,8213931.0,11.699
RWA,2001,237.308846200901,8287094.0,11.732
RWA,2002,234.043016755733,8400180.0,11.432
RWA,2003,249.012274982252,8586875.0,11.658
RWA,2004,269.540446333402,8816844.0,11.699
RWA,2005,324.016863847189,9054528.0,11.842
RWA,2006,352.093916578347,9299246.0,11.586
RWA,2007,420.733580702508,9549933.0,11.58
RWA,2008,522.288339420679,9804269.0,11.517
RWA,2009,556.97399621739,10060432.0,11.625
RWA,2010,586.599950359877,10317553.0,11.637
RWA,2011,643.356138618166,10573733.0,11.756
RWA,2012,697.760143509565,10829901.0,11.671
RWA,2013,695.397140963607,11093340.0,11.768
RWA,2014,715.36808783393,11364757.0,11.837
RWA,2015,725.691418696952,11640022.0,11.831
RWA,2016,721.258515833094,11919183.0,11.788
RWA,2017,751.049039527547,12202060.0,11.875
RWA,2018,772.754982959354,12487996.0,10.759
RWA,2019,823.355304065304,12776103.0,11.236
RWA,2020,802.638686936204,13065837.0,11.829
RWA,2021,842.581492947672,13355260.0,15.775
RWA,2022,1007.05989322914,13651030.0,15.084
RWA,2023,1061.05788154076,13954471.0,12.352
RWA,2024,1059.93709298801,14256567.0,11.331
RWA,2025,1123.73874633225,14569341.0,11.363
SAS,1985,290.836561595941,906622025.0,
SAS,1986,302.215568474208,927646189.0,
SAS,1987,330.263803635955,948802143.0,
SAS,1988,344.39140735961,970044151.0,
SAS,1989,338.645008018598,991571016.0,
SAS,1990,359.953973128088,1013297018.0,7.24315545951345
SAS,1991,303.81805683771,1035058149.0,7.24315545951345
SAS,1992,315.53713133931,1057074570.0,7.23871666924301
SAS,1993,302.994994507191,1079256381.0,7.24980061619164
SAS,1994,342.723111684397,1101305517.0,7.18007906379825
SAS,1995,370.570693920918,1123515559.0,7.15013674904188
SAS,1996,400.095114023544,1145998648.0,7.11279594729808
SAS,1997,415.002724170031,1168625898.0,7.15153632180334
SAS,1998,413.676322288749,1191405930.0,7.16874708180548
SAS,1999,437.982047564941,1214263809.0,7.17195172652658
SAS,2000,440.467918910931,1237185482.0,7.17647475389305
SAS,2001,446.418919348871,1260149056.0,7.23245898235974
SAS,2002,462.898836496672,1282584796.0,7.34580672778149
SAS,2003,532.66154684429,1304347790.0,7.33330344756806
SAS,2004,606.478041696258,1325950587.0,7.30632128284372
SAS,2005,686.338193475473,1346886384.0,7.24801932806737
SAS,2006,769.378704313512,1367187349.0,7.16089355787342
SAS,2007,967.697911561283,1386949456.0,7.2019977638481
SAS,2008,958.275511460297,1406047164.0,7.29504082041586
SAS,2009,1054.43555885745,1425370200.0,7.3628078548039
SAS,2010,1294.02734415145,1444967010.0,7.16328861819797
SAS,2011,1397.0068255002,1464372623.0,7.17458097714582
SAS,2012,1387.18205938261,1483553073.0,7.23720359721905
SAS,2013,1405.84072374278,1501661991.0,7.31372620028363
SAS,2014,1528.4920875126,1519839246.0,7.29419854752289
SAS,2015,1570.54142452744,1537370078.0,7.27349261228767
SAS,2016,1722.90703396273,1555111864.0,7.25080318686175
SAS,2017,1956.06707563972,1572520427.0,7.24969569674111
SAS,2018,1988.36633317988,1589164714.0,7.28140399591901
SAS,2019,2067.05975680251,1605412986.0,6.30644937347767
SAS,2020,1957.20343709781,1621073417.0,7.62561175204578
SAS,2021,2273.72055805692,1634785356.0,6.33048938390488
SAS,2022,2326.72890585805,1648009565.0,4.86631704704624
SAS,2023,2449.857142451,1662580579.0,4.16220090187648
SAS,2024,2601.82209529365,1677384532.0,4.19214668978211
SAS,2025,2705.28227429085,1692252900.0,4.24320442446027
SAU,1985,12745.41992535,8151779.0,
SAU,1986,10078.2896080512,8628639.0,
SAU,1987,9385.98469519899,9130194.0,
SAU,1988,9165.49615323397,9629165.0,
SAU,1989,9413.58119352769,10128394.0,
SAU,1990,11054.7495049666,10640691.0,7.316
SAU,1991,11847.1699534218,11160744.0,7.316
SAU,1992,11730.2687665244,11686676.0,7.2
SAU,1993,10884.8607880777,12215862.0,7.002
SAU,1994,10601.9196697805,12750040.0,6.733
SAU,1995,10786.4008952769,13289245.0,6.365
SAU,1996,11471.5045960191,13831009.0,5.804
SAU,1997,11545.3455998551,14374943.0,5.283
SAU,1998,9836.05729768574,14922185.0,4.752
SAU,1999,10452.1899400479,15472075.0,4.346
SAU,2000,11714.5623675159,16177722.0,4.57
SAU,2001,10805.311325122,17041397.0,4.618
SAU,2002,10586.0543471363,17910910.0,5.265
SAU,2003,11487.220410693,18786767.0,5.563
SAU,2004,13154.4978989446,19669480.0,5.822
SAU,2005,15975.7473782258,20559890.0,6.051
SAU,2006,17563.6145370639,21459144.0,6.254
SAU,2007,18596.1502627898,22368313.0,5.734
SAU,2008,22320.4888964331,23287877.0,5.085
SAU,2009,17718.3911648365,24217654.0,5.377
SAU,2010,22028.3901426586,23978487.0,5.55
SAU,2011,27126.7498747702,25091867.0,5.77
SAU,2012,28733.4375513452,26168861.0,5.622
SAU,2013,27865.465604962,27624004.0,5.6
SAU,2014,27805.4850319422,28309273.0,5.877
SAU,2015,23256.1549553531,29816382.0,5.6
SAU,2016,22267.7217050387,30954198.0,5.6
SAU,2017,23929.2907135982,30977355.0,5.89
SAU,2018,29360.0658968566,30196281.0,6.029
SAU,2019,29566.7933827436,30063799.0,5.636
SAU,2020,24338.8307301067,31552510.0,7.66
SAU,2021,31920.7653655643,30784383.0,6.621
SAU,2022,38510.2276211037,32175224.0,5.589
SAU,2023,36156.8562500172,33702731.0,4.008
SAU,2024,35527.786181866,35300280.0,3.518
SAU,2025,34536.6555456551,36973555.0,3.038
SDN,1985,326.402770996094,19905872.0,
SDN,1986,400.333557128906,20288238.0,
SDN,1987,471.1572265625,20704904.0,
SDN,1988,553.07861328125,21138431.0,
SDN,1989,814.267517089844,21578022.0,
SDN,1990,1257.1875,22021481.0,15.619
SDN,1991,1617.55676269531,22470676.0,15.619
SDN,1992,252.610092163086,22927355.0,15.668
SDN,1993,312.693908691406,23445592.0,15.51
SDN,1994,439.420806884766,24043948.0,15.617
SDN,1995,462.585235595703,24672143.0,15.627
SDN,1996,294.826965332031,25231528.0,15.605
SDN,1997,373.09375,25799821.0,15.324
SDN,1998,350.702880859375,26458999.0,15.352
SDN,1999,324.659606933594,27130613.0,15.399
SDN,2000,362.116882324219,27816745.0,15.595
SDN,2001,451.293304443359,28516770.0,15.56
SDN,2002,506.262634277344,29228727.0,15.514
SDN,2003,580.320251464844,29896035.0,15.515
SDN,2004,705.113342285156,30556637.0,15.538
SDN,2005,905.543640136719,31262444.0,15.545
SDN,2006,1132.474609375,31992435.0,15.542
SDN,2007,1444.37219238281,32764135.0,15.534
SDN,2008,1527.58239746094,33623980.0,15.566
SDN,2009,1178.22180175781,34569113.0,13.0
SDN,2010,1305.63598632813,35414399.0,15.168
SDN,2011,1332.6572265625,36140806.0,17.44
SDN,2012,1019.22210693359,36923178.0,16.973
SDN,2013,1138.62780761719,37785849.0,16.273
SDN,2014,1275.43835449219,38823318.0,15.41
SDN,2015,1292.37963867188,40024431.0,14.39
SDN,2016,1033.21594238281,41259892.0,13.656
SDN,2017,966.505676269531,42714306.0,13.0
SDN,2018,731.027465820313,44230596.0,12.347
SDN,2019,709.975280761719,45548175.0,11.697
SDN,2020,577.795227050781,46789231.0,11.995
SDN,2021,712.122009277344,48066924.0,11.087
SDN,2022,1046.24084472656,49383346.0,7.53
SDN,2023,797.283447265625,50042791.0,
SDN,2024,984.607666015625,50448963.0,
SDN,2025,1164.53991699219,51662147.0,11.995
SEN,1985,571.417166069201,6683287.0,
SEN,1986,783.940524706279,6878192.0,
SEN,1987,916.09484148409,7081530.0,
SEN,1988,880.487755138196,7289618.0,
SEN,1989,848.555548058968,7502207.0,
SEN,1990,957.314337438177,7720523.0,2.861
SEN,1991,913.399575796737,7943085.0,2.861
SEN,1992,951.204960087807,8168395.0,2.928
SEN,1993,877.52900343803,8396288.0,2.878
SEN,1994,583.782776032181,8624078.0,2.947
SEN,1995,714.994396357297,8848101.0,2.846
SEN,1996,723.469950081149,9067014.0,2.831
SEN,1997,650.776321407448,9283495.0,2.759
SEN,1998,684.588105785786,9502952.0,2.751
SEN,1999,677.516338727268,9730887.0,2.655
SEN,2000,603.233162455158,9968260.0,2.638
SEN,2001,637.213530563724,10212942.0,2.674
SEN,2002,669.430447319209,10466214.0,2.82
SEN,2003,817.888034221442,10721176.0,2.781
SEN,2004,918.102079522155,10975704.0,2.775
SEN,2005,979.846101520171,11235472.0,2.679
SEN,2006,1017.20196747987,11500094.0,2.755
SEN,2007,1188.93877808175,11770344.0,2.8
SEN,2008,1398.79218010021,12048959.0,2.816
SEN,2009,1308.69404336205,12337389.0,2.807
SEN,2010,1275.88357492357,12635413.0,2.795
SEN,2011,1374.67591873844,12958897.0,2.853
SEN,2012,1326.83798848379,13310495.0,3.896
SEN,2013,1379.83196553924,13710849.0,5.012
SEN,2014,1398.89137601382,14152102.0,5.849
SEN,2015,1218.00613555438,14593331.0,6.757
SEN,2016,1266.43957151587,15034521.0,4.455
SEN,2017,1354.77007193387,15475002.0,4.078
SEN,2018,1452.55612562445,15914498.0,3.453
SEN,2019,1431.18128932159,16352922.0,2.863
SEN,2020,1461.08720350553,16789219.0,3.432
SEN,2021,1598.10676952274,17220867.0,3.436
SEN,2022,1574.0281059306,17651103.0,2.837
SEN,2023,1698.03387300843,18077573.0,2.784
SEN,2024,1738.73223822106,18501984.0,2.788
SEN,2025,1954.71174194867,18931966.0,2.735
SGP,1985,7001.7667477117,2735957.0,
SGP,1986,6799.93036332671,2733373.0,
SGP,1987,7539.02930212443,2774789.0,
SGP,1988,8914.44122574729,2846108.0,
SGP,1989,10394.5389962406,2930901.0,
SGP,1990,11861.7561591366,3047132.0,2.18
SGP,1991,14502.3799938606,3135083.0,2.18
SGP,1992,16136.2405377661,3230698.0,3.09
SGP,1993,18290.130113185,3313471.0,3.07
SGP,1994,21552.4100366948,3419048.0,3.03
SGP,1995,24914.8507020358,3524506.0,3.3
SGP,1996,26232.866096827,3670704.0,3.57
SGP,1997,26375.8653668113,3796038.0,2.5
SGP,1998,21829.2737831583,3927213.0,3.41
SGP,1999,21796.6373891001,3958723.0,4.85
SGP,2000,23852.8389514753,4027887.0,3.7
SGP,2001,21699.7414868907,4138012.0,3.76
SGP,2002,22159.8373710639,4175950.0,5.65
SGP,2003,23730.3840054566,4114826.0,5.93
SGP,2004,27608.080013423,4166664.0,5.84
SGP,2005,29961.3172812732,4265762.0,5.59
SGP,2006,33768.4528234651,4401365.0,4.48
SGP,2007,39432.8860198877,4588599.0,3.9
SGP,2008,40008.5720489092,4839396.0,3.96
SGP,2009,38926.8054365453,4987573.0,5.86
SGP,2010,47236.683084953,5076732.0,4.12
SGP,2011,53891.4570264372,5183688.0,3.89
SGP,2012,55547.5553077786,5312437.0,3.72
SGP,2013,56967.4257940383,5399162.0,3.86
SGP,2014,57564.8023114977,5469724.0,3.74
SGP,2015,55645.6068614606,5535002.0,3.79
SGP,2016,57204.0340105222,5607283.0,4.08
SGP,2017,61436.1325502558,5612253.0,4.2
SGP,2018,67032.8225769734,5638676.0,3.613
SGP,2019,66068.7003106378,5703569.0,3.1
SGP,2020,61772.5036492256,5685807.0,4.1
SGP,2021,80884.8565369236,5453566.0,4.64
SGP,2022,91227.6970426492,5637022.0,3.591
SGP,2023,86382.5900499252,5917648.0,3.444
SGP,2024,94896.5621495988,6036860.0,2.737
SGP,2025,98813.9788172877,6111175.0,2.818
SLB,1985,586.02235220521,282455.0,
SLB,1986,505.821806525665,291842.0,
SLB,1987,514.6693332731,301414.0,
SLB,1988,567.022935580171,311265.0,
SLB,1989,538.101762870503,321282.0,
SLB,1990,648.325212624098,331435.0,1.967
SLB,1991,665.833104132659,341738.0,1.967
SLB,1992,763.857968549522,352205.0,1.851
SLB,1993,828.869997791691,362839.0,1.829
SLB,1994,1078.0410925874,373675.0,1.804
SLB,1995,1220.17919311126,384733.0,1.841
SLB,1996,1289.33036923435,396009.0,1.875
SLB,1997,1292.23951946469,407474.0,2.009
SLB,1998,1091.89096889326,419071.0,2.155
SLB,1999,1133.62256531791,430500.0,2.194
SLB,2000,953.17190137706,440469.0,2.446
SLB,2001,911.791935385411,449125.0,2.642
SLB,2002,756.890296490792,457671.0,2.698
SLB,2003,895.984242546501,466154.0,2.286
SLB,2004,986.070953503889,474611.0,2.026
SLB,2005,1144.49233397681,483080.0,1.879
SLB,2006,1255.62447417684,491594.0,1.916
SLB,2007,1390.14870956707,500156.0,1.978
SLB,2008,1525.84666261203,508790.0,1.998
SLB,2009,1554.70671006386,518141.0,2.02
SLB,2010,1685.14535823757,532968.0,1.617
SLB,2011,1924.05795643133,552945.0,1.292
SLB,2012,2066.25738638356,573606.0,0.984
SLB,2013,2161.38627543917,594945.0,0.694
SLB,2014,2164.95289873002,616908.0,0.73
SLB,2015,2045.47721526649,639415.0,0.736
SLB,2016,2082.62383124213,662379.0,0.736
SLB,2017,2143.57670489272,685672.0,0.727
SLB,2018,2278.19908624102,709101.0,0.722
SLB,2019,2223.65890942466,728147.0,0.746
SLB,2020,2063.32780991967,744498.0,0.868
SLB,2021,2043.44413170658,762591.0,0.879
SLB,2022,1877.78104490956,781066.0,1.475
SLB,2023,1882.64394148042,800005.0,1.443
SLB,2024,1933.55538435227,819198.0,1.444
SLB,2025,2086.18955928928,838645.0,1.431
SLE,1985,235.510529343624,3638438.0,
SLE,1986,131.473041005587,3728380.0,
SLE,1987,172.364214833661,3829718.0,
SLE,1988,268.160979625957,3934517.0,
SLE,1989,231.275622974338,4034037.0,
SLE,1990,154.794072467618,4196828.0,4.135
SLE,1991,183.686515027567,4246267.0,4.135
SLE,1992,163.197571684381,4166366.0,4.376
SLE,1993,184.951609154872,4157130.0,4.401
SLE,1994,218.507275126222,4173105.0,4.457
SLE,1995,208.351997250955,4179179.0,4.317
SLE,1996,224.258711163044,4199210.0,4.313
SLE,1997,199.880001395777,4253716.0,4.363
SLE,1998,156.51811883387,4295785.0,4.242
SLE,1999,155.020833269007,4318043.0,4.288
SLE,2000,143.743743239644,4423611.0,4.137
SLE,2001,358.315716051546,4692716.0,4.235
SLE,2002,388.995111216836,4971435.0,3.909
SLE,2003,413.817607346927,5177687.0,3.879
SLE,2004,417.749983329227,5355717.0,3.42
SLE,2005,462.633324427945,5501712.0,3.734
SLE,2006,580.26796974773,5624466.0,3.89
SLE,2007,631.889926264998,5749352.0,4.022
SLE,2008,705.359014080005,5894722.0,4.132
SLE,2009,652.845806767943,6055646.0,4.268
SLE,2010,685.039673490948,6222714.0,4.34
SLE,2011,761.146365577281,6387251.0,4.388
SLE,2012,937.504428180231,6551080.0,4.378
SLE,2013,1117.47183075115,6714051.0,4.376
SLE,2014,1117.7586465721,6876385.0,4.678
SLE,2015,964.575980888989,7037655.0,4.483
SLE,2016,844.416411175476,7205328.0,4.182
SLE,2017,779.186007841728,7379299.0,3.656
SLE,2018,845.914540460932,7554563.0,3.192
SLE,2019,843.71251730417,7731991.0,3.204
SLE,2020,845.277558236182,7912558.0,3.509
SLE,2021,885.396401613729,8094602.0,3.551
SLE,2022,860.371067874555,8276807.0,3.137
SLE,2023,758.329137301888,8460512.0,3.092
SLE,2024,806.654650274255,8642022.0,3.103
SLE,2025,846.296172499617,8819794.0,3.15
SLV,1985,776.424283705702,4894706.0,
SLV,1986,755.425135831439,4992769.0,
SLV,1987,777.239402479086,5092441.0,
SLV,1988,806.392353256927,5195833.0,
SLV,1989,825.105232536306,5298979.0,
SLV,1990,892.18271519703,5399726.0,7.53
SLV,1991,955.826897421092,5495077.0,7.53
SLV,1992,1040.78164082019,5585609.0,7.88
SLV,1993,1180.26854267621,5659957.0,9.94
SLV,1994,1343.9290572544,5714129.0,7.68
SLV,1995,1548.3763038362,5762131.0,7.65
SLV,1996,1651.31016800895,5805286.0,7.68
SLV,1997,1748.92111971129,5844578.0,7.98
SLV,1998,1859.73085887742,5880781.0,7.1
SLV,1999,1908.0804545224,5913900.0,7.3
SLV,2000,1982.87093542615,5943366.0,6.96
SLV,2001,2058.04459070452,5968060.0,6.96
SLV,2002,2115.41187355626,5986631.0,6.2
SLV,2003,2207.83089518069,5998599.0,6.9
SLV,2004,2285.68907438892,6004671.0,6.8
SLV,2005,2447.39140845394,6005578.0,7.22
SLV,2006,2665.61807194853,6002319.0,6.57
SLV,2007,2830.65693770733,6009824.0,6.41
SLV,2008,2983.24829577976,6029297.0,5.88
SLV,2009,2910.18651752011,6048279.0,7.33
SLV,2010,3040.07300952878,6068249.0,4.893
SLV,2011,3330.60049486653,6090127.0,4.297
SLV,2012,3497.91256915509,6113975.0,3.843
SLV,2013,3582.26694005169,6138839.0,3.693
SLV,2014,3666.01248913873,6162955.0,4.154
SLV,2015,3790.34089108162,6183676.0,3.998
SLV,2016,3901.34014965811,6200800.0,4.418
SLV,2017,4020.12671373919,6213533.0,4.385
SLV,2018,4183.54620971358,6219807.0,4.006
SLV,2019,4320.11671534627,6222318.0,4.17
SLV,2020,3997.19279583709,6234673.0,5.008
SLV,2021,4642.60743101342,6255782.0,4.327
SLV,2022,5074.60050994225,6280319.0,2.999
SLV,2023,5319.7195268688,6309624.0,2.992
SLV,2024,5503.10317151907,6338193.0,3.261
SLV,2025,5766.72574029107,6365503.0,3.303
SMR,1985,,22485.0,
SMR,1986,,22636.0,
SMR,1987,,22686.0,
SMR,1988,,22843.0,
SMR,1989,,23154.0,
SMR,1990,,23475.0,
SMR,1991,,23797.0,
SMR,1992,,24125.0,
SMR,1993,,24472.0,
SMR,1994,,24823.0,
SMR,1995,,25158.0,
SMR,1996,,25482.0,
SMR,1997,37852.9810311,25800.0,
SMR,1998,40126.93686908,26125.0,
SMR,1999,41931.7919135033,26459.0,
SMR,2000,37600.7049136309,26799.0,
SMR,2001,39035.1004348216,27143.0,
SMR,2002,41790.8434204136,27491.0,
SMR,2003,52529.9136967576,27843.0,
SMR,2004,58232.0431338765,29457.0,
SMR,2005,59877.7862692185,29836.0,
SMR,2006,63270.7994496499,30184.0,
SMR,2007,70124.4249984768,31211.0,
SMR,2008,75902.1677701187,31662.0,
SMR,2009,62429.0202738462,33066.0,
SMR,2010,56543.190562068,33270.0,
SMR,2011,55601.4008139955,32620.0,
SMR,2012,47945.8917557105,33469.0,
SMR,2013,50807.8206340193,33041.0,
SMR,2014,51260.4804236805,32655.0,
SMR,2015,43146.8035302005,32897.0,
SMR,2016,44359.4574206971,33101.0,
SMR,2017,45192.0530047599,33825.0,
SMR,2018,47950.7076296808,34522.0,
SMR,2019,46626.9998571568,34663.0,
SMR,2020,44426.6259613672,34770.0,
SMR,2021,54168.9744311193,34252.0,
SMR,2022,54264.5837022908,33755.0,
SMR,2023,59871.3288101478,33860.0,
SMR,2024,,33977.0,
SMR,2025,45080.7033776635,34109.0,
SOM,1985,130.832875614815,6693289.0,
SOM,1986,131.414859681198,6974788.0,
SOM,1987,140.969852181578,7228302.0,
SOM,1988,145.341346820158,7235360.0,
SOM,1989,166.042337271006,7114817.0,
SOM,1990,145.603501373513,7082811.0,19.003
SOM,1991,105.37132651622,6813760.0,19.003
SOM,1992,109.204910481074,6495107.0,19.377
SOM,1993,188.603158677914,6681399.0,19.331
SOM,1994,210.793779581384,7026797.0,19.971
SOM,1995,210.673254610492,7285007.0,19.585
SOM,1996,237.241440951671,7554474.0,19.463
SOM,1997,280.112724233259,7824525.0,18.899
SOM,1998,363.200013489992,8155417.0,18.825
SOM,1999,358.658780828071,8492059.0,18.847
SOM,2000,386.119274401275,8838713.0,18.678
SOM,2001,244.914842538455,9198493.0,18.665
SOM,2002,229.598918310039,9550063.0,18.658
SOM,2003,286.273025198975,9909157.0,18.648
SOM,2004,375.410326225387,10280998.0,18.653
SOM,2005,439.979907805478,10644228.0,18.671
SOM,2006,457.996662206659,10975502.0,18.705
SOM,2007,479.635628065289,11322582.0,18.687
SOM,2008,507.03744334738,11663084.0,18.714
SOM,2009,246.513251675105,11961201.0,18.724
SOM,2010,219.202453852397,12261756.0,18.741
SOM,2011,235.325945610434,12348830.0,18.761
SOM,2012,350.261946720512,12461160.0,18.771
SOM,2013,393.398703952979,12869594.0,18.655
SOM,2014,429.431656725102,13339491.0,18.595
SOM,2015,445.583080073396,13806963.0,18.495
SOM,2016,460.928490585175,14348740.0,18.611
SOM,2017,510.939952317726,14916629.0,18.455
SOM,2018,509.497273804534,15452487.0,18.7
SOM,2019,539.954816211694,16030971.0,18.828
SOM,2020,518.16113333875,16651191.0,19.414
SOM,2021,549.056994756254,17271431.0,19.662
SOM,2022,573.141165798229,17801897.0,19.112
SOM,2023,596.885985135589,18358615.0,18.96
SOM,2024,629.538899449007,19009151.0,18.949
SOM,2025,661.173877723116,19654739.0,18.948
SRB,1985,,7835902.0,
SRB,1986,,7853824.0,
SRB,1987,,7868027.0,
SRB,1988,,7884218.0,
SRB,1989,,7893787.0,
SRB,1990,,7897937.0,13.371
SRB,1991,,7595636.0,13.371
SRB,1992,,7604063.0,13.397
SRB,1993,,7614328.0,13.416
SRB,1994,,7622711.0,13.405
SRB,1995,2349.40645150289,7628264.0,13.4
SRB,1996,3053.90516860949,7622185.0,13.2
SRB,1997,3573.50440240049,7598538.0,13.8
SRB,1998,2775.47372982047,7567745.0,13.7
SRB,1999,2768.91041346166,7540401.0,13.7
SRB,2000,974.725469278615,7516346.0,12.6
SRB,2001,1812.42088281393,7503433.0,12.8
SRB,2002,2390.73459447107,7500031.0,13.8
SRB,2003,3153.9011312754,7480591.0,15.2
SRB,2004,3597.08798057009,7463157.0,18.5
SRB,2005,3807.97417321786,7440769.0,20.85
SRB,2006,4492.7136699046,7411569.0,20.85
SRB,2007,6081.08765700202,7381579.0,18.06
SRB,2008,7376.73517910716,7350222.0,13.67
SRB,2009,6414.0448463847,7320807.0,16.116
SRB,2010,5970.92660940072,7291436.0,19.204
SRB,2011,7082.2861666075,7236519.0,22.959
SRB,2012,6263.04086072815,7201497.0,24.0
SRB,2013,7040.41812068781,7166553.0,22.154
SRB,2014,6886.67809068704,7131787.0,19.223
SRB,2015,5820.3215576888,7095383.0,17.66
SRB,2016,5982.37030126471,7058322.0,15.257
SRB,2017,6548.03653824187,7020858.0,13.477
SRB,2018,7559.86165747394,6982604.0,12.733
SRB,2019,7755.632986437,6945235.0,10.395
SRB,2020,8098.70955668849,6899126.0,9.011
SRB,2021,9680.52798074468,6834326.0,9.843
SRB,2022,10024.8191112596,6664449.0,8.439
SRB,2023,12281.707946167,6623183.0,8.268
SRB,2024,13677.7794863909,6586476.0,7.24
SRB,2025,15262.0464193413,6549143.0,7.123
SSA,1985,637.531120331265,451949649.0,
SSA,1986,580.445046089526,465193648.0,
SSA,1987,631.452930554203,478843300.0,
SSA,1988,646.279125130961,492646700.0,
SSA,1989,639.615977138882,506655735.0,
SSA,1990,728.268114290582,520960465.0,6.43917335186611
SSA,1991,759.069420092307,535258307.0,6.43917335186611
SSA,1992,664.547125583242,549902283.0,6.53438914473603
SSA,1993,653.513053224302,565179048.0,6.57993534604531
SSA,1994,650.68190388289,580408951.0,6.50949329587814
SSA,1995,806.259994053623,596006564.0,6.36418816479738
SSA,1996,877.166763209192,612190829.0,6.28008010794967
SSA,1997,898.473837825483,628490264.0,6.24071131444565
SSA,1998,877.212508633072,645415467.0,6.26619463242025
SSA,1999,609.473891281281,662842306.0,6.3708112055776
SSA,2000,628.967997107944,680687661.0,6.35294746056262
SSA,2001,586.826461493206,699134145.0,6.25911261802644
SSA,2002,624.838806284965,718192286.0,6.15545043361504
SSA,2003,765.978126389081,737835295.0,6.09002400306892
SSA,2004,925.860782822606,758155481.0,5.94433087548822
SSA,2005,1072.97884278867,779150778.0,5.84614199165635
SSA,2006,1233.53123307184,800743764.0,5.75538288432854
SSA,2007,1390.0998726156,823039949.0,5.71458050648746
SSA,2008,1536.38359632821,846137242.0,5.71119279179789
SSA,2009,1426.74291944931,869839075.0,5.76570980698131
SSA,2010,1642.37471849237,894170085.0,5.94056421498979
SSA,2011,1795.17977483773,919024793.0,5.91593755883997
SSA,2012,1817.07773780046,944434989.0,5.8029961583218
SSA,2013,1879.20059513022,970656363.0,5.57489984928367
SSA,2014,1906.51557748593,997334872.0,5.62977664752398
SSA,2015,1646.07300085129,1024566002.0,5.78723856454759
SSA,2016,1455.29231657117,1052072062.0,5.86589334716284
SSA,2017,1547.77467837023,1080113050.0,5.99391143462101
SSA,2018,1621.1285196776,1109099666.0,6.03233771776817
SSA,2019,1795.55378673641,1138374850.0,6.18089551293782
SSA,2020,1627.39235037313,1168035323.0,6.65249326111529
SSA,2021,1784.88774854725,1197970464.0,6.84750929089377
SSA,2022,1863.26040059117,1228067573.0,6.08211610820711
SSA,2023,1680.66097936273,1258689699.0,5.76152900751665
SSA,2024,1541.07573422834,1289814932.0,5.6711358365663
SSA,2025,1671.41989803328,1321531487.0,5.66118665705316
SSD,1985,,4834296.0,
SSD,1986,,4921240.0,
SSD,1987,,4962395.0,
SSD,1988,,4848029.0,
SSD,1989,,4713229.0,
SSD,1990,,4737633.0,12.334
SSD,1991,,4836677.0,12.334
SSD,1992,,4909749.0,12.374
SSD,1993,,4956002.0,12.233
SSD,1994,,5071184.0,12.326
SSD,1995,,5225836.0,12.334
SSD,1996,,5356925.0,12.314
SSD,1997,,5509136.0,12.068
SSD,1998,,5620068.0,12.095
SSD,1999,,5771628.0,12.138
SSD,2000,,6032267.0,12.309
SSD,2001,,6308391.0,12.278
SSD,2002,,6596806.0,12.235
SSD,2003,,6903127.0,12.234
SSD,2004,,7233041.0,12.256
SSD,2005,,7590143.0,12.266
SSD,2006,,7976526.0,12.268
SSD,2007,,8388788.0,12.266
SSD,2008,1654.21153546555,8817647.0,12.298
SSD,2009,1323.22068747862,9243556.0,12.438
SSD,2010,1498.27034985194,9745953.0,12.473
SSD,2011,1448.98435006408,10288109.0,12.585
SSD,2012,1109.26050083408,10756240.0,12.803
SSD,2013,1650.18943353528,11166275.0,12.665
SSD,2014,1242.73450181032,11235073.0,12.561
SSD,2015,1080.14718624765,11107561.0,12.464
SSD,2016,,10830102.0,12.854
SSD,2017,,10259154.0,12.983
SSD,2018,,10122977.0,12.853
SSD,2019,,10423384.0,12.656
SSD,2020,,10698467.0,14.246
SSD,2021,,10865780.0,13.95
SSD,2022,,11021177.0,12.475
SSD,2023,,11483374.0,12.374
SSD,2024,,11943408.0,
SSD,2025,,12188788.0,14.246
SSF,1985,637.832918971652,452014893.0,
SSF,1986,580.837628498766,465259300.0,
SSF,1987,631.916316136411,478911799.0,
SSF,1988,646.802797352897,492715455.0,
SSF,1989,640.170427109124,506724902.0,
SSF,1990,728.926102015909,521029972.0,6.43917335186611
SSF,1991,759.715248918801,535328746.0,6.43917335186611
SSF,1992,665.304423658314,549973046.0,6.53438914473603
SSF,1993,654.326096747387,565251301.0,6.57993534604531
SSF,1994,651.494895653308,580483156.0,6.50949329587814
SSF,1995,807.068681479341,596081868.0,6.36418816479738
SSF,1996,877.933913182623,612267246.0,6.28008010794966
SSF,1997,899.319355003091,628567583.0,6.24071131444565
SSF,1998,878.112012610771,645494313.0,6.26619463242025
SSF,1999,610.405968129928,662922716.0,6.3708112055776
SSF,2000,629.85955320409,680768792.0,6.35294746056262
SSF,2001,587.710901869404,699215347.0,6.25911261802644
SSF,2002,625.805568583085,718276009.0,6.15545043361504
SSF,2003,766.914712241418,737918076.0,6.09002400306892
SSF,2004,926.94326619829,758237956.0,5.94433087548822
SSF,2005,1074.12476310665,779233636.0,5.84614199165635
SSF,2006,1234.75609892112,800828364.0,5.75538288432853
SSF,2007,1391.26803582887,823124982.0,5.71458050648746
SSF,2008,1537.38333094262,846224198.0,5.71119279179789
SSF,2009,1427.57787495772,869926373.0,5.76570980698131
SSF,2010,1643.30753523371,894259855.0,5.94056421498979
SSF,2011,1796.16109829226,919112234.0,5.91593755883997
SSF,2012,1818.06125449252,944523292.0,5.8029961583218
SSF,2013,1880.39980462364,970746312.0,5.57489984928367
SSF,2014,1907.73210907064,997426231.0,5.62977664752398
SSF,2015,1647.32085826836,1024659421.0,5.78723856454759
SSF,2016,1456.65211115929,1052166739.0,5.86589334716284
SSF,2017,1549.18831908585,1080208893.0,5.99391143462101
SSF,2018,1622.59575329634,1109196428.0,6.03233771776817
SSF,2019,1797.04121765415,1138472475.0,6.18089551293782
SSF,2020,1628.43873346869,1168133785.0,6.65249326111529
SSF,2021,1785.98118191144,1198069722.0,6.84750929089377
SSF,2022,1864.70686111925,1228187451.0,6.08211610820712
SSF,2023,1682.2261488119,1258809472.0,5.76152900751665
SSF,2024,1542.65844261619,1289936286.0,5.6711358365663
SSF,2025,1673.07077574497,1321654217.0,5.66118665705316
SST,1985,2693.95828567654,13275197.0,
SST,1986,2491.67827851264,13492150.0,
SST,1987,2825.1110325989,13707720.0,
SST,1988,2946.35966266014,13924070.0,
SST,1989,2933.31818739373,14148870.0,
SST,1990,3333.50757384016,14379862.0,9.56063404717749
SST,1991,3423.52643743162,14610383.0,9.56063404717749
SST,1992,3614.0863116594,14735408.0,10.138175676572
SST,1993,3469.66607819766,14837410.0,10.6575821130902
SST,1994,3675.54070755937,14970002.0,10.5872265992528
SST,1995,4180.97411993559,15087617.0,10.4710896476613
SST,1996,4316.17394952279,15248657.0,10.3911667521844
SST,1997,4473.9616049885,15435138.0,10.337837085904
SST,1998,4496.03901461656,15624755.0,10.0913118732191
SST,1999,4730.62919567969,15698038.0,10.4073769208229
SST,2000,4846.98211684438,15786741.0,10.4220070497304
SST,2001,4839.48717715581,16017863.0,10.2393243248864
SST,2002,5133.23248844722,16250203.0,9.84688576834024
SST,2003,6060.66996564824,16441139.0,10.1507838382451
SST,2004,6954.24066365358,16597133.0,9.79947038236949
SST,2005,7779.56425219565,16699341.0,9.58922696945574
SST,2006,8649.77205518934,16868546.0,8.74041678886564
SST,2007,10056.4113345434,17047450.0,8.20829015972595
SST,2008,10984.7646983248,17228345.0,8.00243712798649
SST,2009,9299.40869272154,17398922.0,9.49383006346729
SST,2010,9799.55180930436,17575200.0,9.64092506344516
SST,2011,10887.8653862795,17748220.0,9.25275015749216
SST,2012,10829.4075164827,17926451.0,9.31406963085983
SST,2013,11137.9509953235,18107202.0,9.42789036106017
SST,2014,11422.9709382889,18292084.0,9.17019543151895
SST,2015,10451.9964952878,18482578.0,8.78391504425952
SST,2016,10492.0492970632,18671045.0,8.66740053405155
SST,2017,11319.4921033734,18865506.0,8.32778127632623
SST,2018,12064.6886372837,19084934.0,8.10689854999494
SST,2019,11997.3036529705,19293697.0,7.75168865751208
SST,2020,10730.4939107969,19472157.0,9.20499420465331
SST,2021,12435.8612830054,19646549.0,8.82676059647368
SST,2022,13644.5029834497,19852364.0,8.21647080688741
SST,2023,14360.785757405,20031262.0,7.66141080204045
SST,2024,15409.264856078,20193405.0,7.68067610421584
SST,2025,16577.8450757077,20347135.0,7.75850083202263
STP,1985,761.407990592529,108658.0,
STP,1986,1042.99511241999,111150.0,
STP,1987,1017.85413731046,113919.0,
STP,1988,846.60177007008,116939.0,
STP,1989,821.355129173615,119979.0,
STP,1990,970.059625606155,122980.0,14.493
STP,1991,855.105075821698,125697.0,14.493
STP,1992,740.471318576498,128110.0,14.65
STP,1993,963.785698734091,130467.0,14.46
STP,1994,989.500757799244,132732.0,14.41
STP,1995,768.710751184259,134895.0,14.342
STP,1996,987.048712395264,136962.0,14.33
STP,1997,661.668232822488,138922.0,14.414
STP,1998,513.569380269738,140751.0,14.398
STP,1999,542.692548018387,142442.0,14.352
STP,2000,529.089383412262,144018.0,14.4
STP,2001,518.88050130005,146375.0,15.73
STP,2002,568.10257252271,149922.0,17.63
STP,2003,663.696211810494,153814.0,16.36
STP,2004,726.560882130444,157705.0,16.12
STP,2005,844.169181884274,161639.0,16.47
STP,2006,861.970707697664,165638.0,16.65
STP,2007,878.885791918745,169700.0,16.021
STP,2008,1081.8684584729,173793.0,15.421
STP,2009,1128.28046213305,177853.0,15.136
STP,2010,1045.20958234528,181802.0,14.628
STP,2011,1219.80189089671,185649.0,14.229
STP,2012,1210.7926479817,189439.0,13.59
STP,2013,1382.5757842916,193148.0,12.476
STP,2014,1489.67633417608,196767.0,11.428
STP,2015,1298.10946596396,200291.0,10.591
STP,2016,1434.87018050521,203689.0,9.684
STP,2017,1555.79477812888,206970.0,8.808
STP,2018,1825.59971753966,210187.0,8.712
STP,2019,1935.2931816596,213392.0,8.835
STP,2020,2167.22001796925,217435.0,9.679
STP,2021,2362.58827248102,221961.0,9.563
STP,2022,2389.73729784737,226305.0,8.964
STP,2023,2990.6606143535,230871.0,9.032
STP,2024,3502.6176807171,235536.0,9.057
STP,2025,4084.40062145233,240254.0,9.132
SUR,1985,2255.97717664327,386972.0,
SUR,1986,2271.04733260266,392330.0,
SUR,1987,2469.06737278634,396911.0,
SUR,1988,2886.42980207694,402227.0,
SUR,1989,1328.57013435061,408409.0,
SUR,1990,941.591736102188,412493.0,17.189
SUR,1991,1079.72521342705,415013.0,17.189
SUR,1992,968.895253466926,417589.0,17.28
SUR,1993,1022.44583519896,419352.0,15.64
SUR,1994,1433.54255652781,422375.0,12.7
SUR,1995,1609.82504373206,429606.0,8.39
SUR,1996,1962.88495820295,438830.0,10.88
SUR,1997,2067.59814938391,448067.0,10.56
SUR,1998,2428.58641994202,457406.0,10.63
SUR,1999,1898.1801816053,466916.0,13.6
SUR,2000,1988.22172925433,476643.0,12.873
SUR,2001,1714.64846637242,486560.0,12.047
SUR,2002,2202.340682196,496551.0,11.187
SUR,2003,2516.10404020956,506414.0,10.336
SUR,2004,2887.7721728844,513923.0,9.49
SUR,2005,3453.42865937765,519313.0,9.302
SUR,2006,5002.65798695759,524997.0,9.142
SUR,2007,5530.17615638309,531016.0,9.017
SUR,2008,6576.08546307249,537245.0,8.854
SUR,2009,7129.5768626291,543568.0,8.72
SUR,2010,7943.60482816915,549923.0,7.15
SUR,2011,7949.88867218383,556269.0,7.54
SUR,2012,8851.24050668908,562633.0,8.1
SUR,2013,9043.19281529222,569020.0,6.6
SUR,2014,9108.18905406764,575373.0,6.94
SUR,2015,8813.61705392067,581627.0,7.22
SUR,2016,5644.2061057532,587757.0,7.917
SUR,2017,6049.52128553675,593713.0,7.905
SUR,2018,6665.74180472239,599513.0,7.817
SUR,2019,6629.66775248603,605768.0,7.755
SUR,2020,4755.39221710693,612317.0,8.973
SUR,2021,5029.84838543953,617896.0,8.706
SUR,2022,6084.43876736445,623164.0,7.973
SUR,2023,5521.97602122638,628886.0,7.699
SUR,2024,6961.78956060258,634431.0,7.621
SUR,2025,7069.87230892274,639850.0,7.834
SVK,1985,,5161768.0,
SVK,1986,,5193838.0,
SVK,1987,,5222840.0,
SVK,1988,,5250596.0,
SVK,1989,,5275942.0,
SVK,1990,3221.04590790625,5299187.0,12.1
SVK,1991,2253.87911882661,5303294.0,12.1
SVK,1992,2437.87630211282,5305016.0,12.185
SVK,1993,2627.44823950706,5325305.0,12.2
SVK,1994,3027.82138293263,5346331.0,13.654
SVK,1995,3787.03820237267,5361999.0,13.109
SVK,1996,4069.11897669644,5373361.0,11.341
SVK,1997,4091.68452874888,5383291.0,11.894
SVK,1998,4250.37387978468,5390516.0,12.421
SVK,1999,3857.18012283382,5396020.0,16.099
SVK,2000,3827.72506501314,5388720.0,18.546
SVK,2001,3974.36802854653,5378867.0,19.148
SVK,2002,4606.38793538107,5376912.0,18.541
SVK,2003,6283.15169311309,5373374.0,17.549
SVK,2004,7996.74076556872,5372280.0,18.206
SVK,2005,9087.20357002472,5372807.0,16.276
SVK,2006,10629.1782325838,5373054.0,13.395
SVK,2007,14330.2064943926,5374622.0,11.16
SVK,2008,17973.8436435514,5379233.0,9.514
SVK,2009,16586.7527805228,5386406.0,12.023
SVK,2010,16899.448680529,5391428.0,14.387
SVK,2011,18469.4354316836,5398384.0,13.634
SVK,2012,17516.9691054078,5407579.0,13.966
SVK,2013,18312.7805149823,5413393.0,14.226
SVK,2014,18770.9289896545,5418649.0,11.536
SVK,2015,16442.0760860018,5423801.0,11.492
SVK,2016,16636.0769133073,5430798.0,9.679
SVK,2017,17645.5298716761,5439232.0,8.142
SVK,2018,19573.3717031314,5446771.0,6.544
SVK,2019,19406.0589683582,5454147.0,5.761
SVK,2020,19735.4858280801,5458827.0,6.719
SVK,2021,22123.3342114545,5447247.0,6.894
SVK,2022,21317.7943982363,5431752.0,6.143
SVK,2023,24614.8734642794,5426740.0,5.843
SVK,2024,25992.6748502048,5422069.0,5.3
SVK,2025,28543.6653439813,5413813.0,5.359
SVN,1985,,1941641.0,
SVN,1986,,1965964.0,
SVN,1987,,1989776.0,
SVN,1988,,1995196.0,
SVN,1989,,1996351.0,
SVN,1990,9925.14071044684,1998161.0,7.08
SVN,1991,7229.31149788617,1999429.0,7.08
SVN,1992,7151.15243829224,1996498.0,7.83
SVN,1993,7254.58887417768,1991746.0,8.51
SVN,1994,8243.89895545106,1989443.0,8.24
SVN,1995,10738.0887611468,1989872.0,7.15
SVN,1996,10796.7399446283,1988628.0,6.879
SVN,1997,10436.7260661871,1985956.0,6.648
SVN,1998,11131.5666628231,1981629.0,7.39
SVN,1999,11401.4906790909,1983045.0,7.324
SVN,2000,10135.7219109212,1988925.0,6.918
SVN,2001,10375.6255869861,1992060.0,5.682
SVN,2002,11639.1297780477,1994530.0,5.922
SVN,2003,14711.674874253,1995733.0,6.479
SVN,2004,17103.8297783905,1997012.0,6.012
SVN,2005,17969.7095907161,2000474.0,6.506
SVN,2006,19563.005059144,2006868.0,5.95
SVN,2007,23725.1596001515,2018122.0,4.818
SVN,2008,27461.9764165315,2021316.0,4.371
SVN,2009,24501.7897290425,2039669.0,5.858
SVN,2010,23329.8417691156,2048583.0,7.236
SVN,2011,24940.6284841605,2052843.0,8.166
SVN,2012,22442.1417859955,2057159.0,8.841
SVN,2013,23236.9655321695,2059953.0,10.103
SVN,2014,24013.0682060959,2061980.0,9.668
SVN,2015,20697.2748530619,2063531.0,8.962
SVN,2016,21447.8377796036,2065042.0,8.0
SVN,2017,23303.077705959,2066388.0,6.564
SVN,2018,25888.0481065655,2073894.0,5.108
SVN,2019,25814.1687167572,2088385.0,4.446
SVN,2020,25392.0651093612,2102419.0,4.971
SVN,2021,29192.8401933019,2108079.0,4.744
SVN,2022,28360.3041467268,2112076.0,4.011
SVN,2023,32660.4753581346,2120461.0,3.652
SVN,2024,34301.0318686594,2127400.0,3.7
SVN,2025,37376.2216079138,2130986.0,3.175
SWE,1985,13647.0439039697,8350386.0,
SWE,1986,17954.9510185679,8369829.0,
SWE,1987,21760.9646490625,8397804.0,
SWE,1988,24499.1240758517,8436489.0,
SWE,1989,25625.0162127747,8492964.0,
SWE,1990,30549.3185706762,8558835.0,3.243
SWE,1991,31776.6680192213,8617375.0,3.243
SWE,1992,32753.4287003642,8668067.0,5.722
SWE,1993,24389.8738124128,8718561.0,9.33
SWE,1994,26045.5196995275,8780745.0,9.58
SWE,1995,30254.0273028727,8826939.0,8.897
SWE,1996,33022.2444768661,8840998.0,9.547
SWE,1997,30324.1845796306,8846062.0,10.359
SWE,1998,30605.3669074811,8850974.0,8.941
SWE,1999,30968.8710702052,8857874.0,7.607
SWE,2000,29632.5890811623,8872109.0,5.466
SWE,2001,27259.3174300217,8895960.0,4.73
SWE,2002,29957.7776664916,8924958.0,4.965
SWE,2003,37292.2419727801,8958229.0,5.555
SWE,2004,42758.0048564929,8993531.0,6.693
SWE,2005,43378.4077394363,9029572.0,7.81
SWE,2006,46531.3762240485,9080505.0,7.066
SWE,2007,53568.3057787832,9148092.0,6.161
SWE,2008,55817.1759726485,9219637.0,6.235
SWE,2009,46707.6425044751,9298515.0,8.351
SWE,2010,52542.5759090299,9378126.0,8.61
SWE,2011,60379.4814599322,9449213.0,7.804
SWE,2012,57749.5615420853,9519374.0,7.976
SWE,2013,60843.9888799369,9600379.0,8.052
SWE,2014,59583.4584491714,9696110.0,7.954
SWE,2015,51188.1652120493,9799186.0,7.432
SWE,2016,51703.5088332851,9923085.0,6.99
SWE,2017,53210.2233318965,10057698.0,6.718
SWE,2018,54018.4554391861,10175214.0,6.365
SWE,2019,51648.9892820514,10278887.0,6.833
SWE,2020,52568.5726980146,10353442.0,8.291
SWE,2021,60647.5416365347,10415811.0,8.803
SWE,2022,54836.8907235124,10486941.0,7.417
SWE,2023,54950.2834725622,10536632.0,7.611
SWE,2024,57222.7100565003,10569709.0,8.4
SWE,2025,63133.2126736715,10596620.0,8.694
SWZ,1985,509.885951472336,706196.0,
SWZ,1986,611.298158219647,734732.0,
SWZ,1987,764.752134047322,763811.0,
SWZ,1988,865.25154443731,799798.0,
SWZ,1989,831.847150129225,837800.0,
SWZ,1990,1277.69173005665,872428.0,20.521
SWZ,1991,1273.01224518903,908189.0,20.521
SWZ,1992,1361.8169795148,943416.0,20.947
SWZ,1993,1397.26593317978,971318.0,21.76
SWZ,1994,1461.36400128736,971212.0,21.726
SWZ,1995,1750.75400773784,970433.0,21.65
SWZ,1996,1619.19119707662,989841.0,22.074
SWZ,1997,1705.39874942229,1006635.0,22.5
SWZ,1998,1546.51519325373,1019653.0,23.214
SWZ,1999,1501.66426653189,1030782.0,23.868
SWZ,2000,1629.67038842815,1041414.0,24.547
SWZ,2001,1429.85630359447,1051064.0,25.24
SWZ,2002,1315.73634647994,1059441.0,25.771
SWZ,2003,2015.21743065251,1066700.0,26.259
SWZ,2004,2525.5640452625,1073159.0,26.716
SWZ,2005,2871.06877437449,1079022.0,27.221
SWZ,2006,2964.95865200682,1084436.0,27.693
SWZ,2007,3109.11097608864,1090705.0,28.24
SWZ,2008,2946.8606613746,1098091.0,27.891
SWZ,2009,3189.79679956637,1105153.0,27.488
SWZ,2010,3922.74039390733,1111650.0,26.856
SWZ,2011,4225.06049411911,1117833.0,26.105
SWZ,2012,4224.54789174487,1123863.0,25.226
SWZ,2013,3949.94310039907,1129990.0,24.556
SWZ,2014,3771.07228381938,1136299.0,23.931
SWZ,2015,3419.82276559528,1142813.0,23.431
SWZ,2016,3238.17611961364,1149507.0,22.718
SWZ,2017,3853.09956569679,1158195.0,24.543
SWZ,2018,3972.65450620357,1168929.0,26.471
SWZ,2019,3913.14577547336,1179874.0,28.222
SWZ,2020,3466.56936278145,1192729.0,32.978
SWZ,2021,3984.00229174306,1206593.0,34.153
SWZ,2022,3894.1620089869,1218917.0,36.472
SWZ,2023,3755.52111232464,1230506.0,34.61
SWZ,2024,3909.55892378182,1242822.0,34.643
SWZ,2025,4108.25221093363,1256174.0,34.202
SXM,1985,,19291.0,
SXM,1986,,20930.0,
SXM,1987,,22617.0,
SXM,1988,,24357.0,
SXM,1989,,26169.0,
SXM,1990,,28061.0,
SXM,1991,,30046.0,
SXM,1992,,31567.0,
SXM,1993,,32026.0,
SXM,1994,,31917.0,
SXM,1995,,31772.0,
SXM,1996,,31598.0,
SXM,1997,,31404.0,
SXM,1998,,31193.0,
SXM,1999,,30977.0,
SXM,2000,,30773.0,
SXM,2001,,30726.0,
SXM,2002,,30960.0,
SXM,2003,,31327.0,
SXM,2004,,31690.0,
SXM,2005,,32057.0,
SXM,2006,,32428.0,
SXM,2007,,32791.0,
SXM,2008,,33145.0,
SXM,2009,25528.412619483,33491.0,
SXM,2010,26403.8143692163,33794.0,
SXM,2011,27317.5178881974,34267.0,
SXM,2012,28149.0997855041,35023.0,
SXM,2013,28529.7324687053,35854.0,
SXM,2014,37134.912423099,36672.0,
SXM,2015,37839.6283815163,37471.0,
SXM,2016,37308.6147795736,38249.0,
SXM,2017,34701.3058494468,38996.0,
SXM,2018,31708.3110124742,39712.0,
SXM,2019,34861.469528968,40385.0,
SXM,2020,30150.8998380477,41008.0,
SXM,2021,32548.4366854902,41571.0,
SXM,2022,37793.1283815826,42139.0,
SXM,2023,39451.822911732,42749.0,
SXM,2024,41472.5870367865,43350.0,
SXM,2025,42978.1317407037,43923.0,
SYC,1985,2754.14571028218,65244.0,
SYC,1986,3368.4740950781,65652.0,
SYC,1987,3871.77851995844,68499.0,
SYC,1988,4392.19864861545,68755.0,
SYC,1989,4689.1345079999,69167.0,
SYC,1990,5642.072897243,69507.0,
SYC,1991,5654.63975724251,70439.0,
SYC,1992,6520.48950519188,70763.0,
SYC,1993,6978.68075445824,72253.0,
SYC,1994,6974.86770636796,74205.0,
SYC,1995,7180.66832748656,75304.0,
SYC,1996,7004.33603896356,76417.0,
SYC,1997,7746.69851330444,77319.0,
SYC,1998,8209.51444287,78846.0,
SYC,1999,8243.23610099084,80410.0,
SYC,2000,8063.65500575169,81131.0,
SYC,2001,8153.2986369879,81202.0,
SYC,2002,8864.16919495467,83723.0,
SYC,2003,9070.28460757013,82781.0,
SYC,2004,10827.671636033,82475.0,
SYC,2005,11802.1118276833,82858.0,
SYC,2006,12782.9938926475,84600.0,
SYC,2007,12669.3026687222,85033.0,
SYC,2008,11265.4376270005,86956.0,
SYC,2009,9747.09180546291,87298.0,
SYC,2010,10934.79494629,89770.0,
SYC,2011,12110.0937461973,87441.0,
SYC,2012,12337.1554669388,88303.0,
SYC,2013,14821.2921476077,89949.0,
SYC,2014,15188.1902175113,91359.0,
SYC,2015,15333.1051727105,93419.0,
SYC,2016,16566.9946042294,94677.0,
SYC,2017,17480.3651911372,95843.0,
SYC,2018,18440.2340460932,96762.0,
SYC,2019,19141.5118743615,97625.0,
SYC,2020,14041.4754074575,98462.0,
SYC,2021,14982.9111487767,99258.0,
SYC,2022,16682.6990711785,119878.0,
SYC,2023,18130.5297135548,119773.0,
SYC,2024,18364.5259678223,121354.0,
SYC,2025,19449.3836346926,122730.0,
SYR,1985,1543.7649395519,10625672.0,
SYR,1986,1208.16084262217,11002844.0,
SYR,1987,997.128134355135,11388923.0,
SYR,1988,897.70876335774,11782264.0,
SYR,1989,809.044028162459,12179060.0,
SYR,1990,978.489616979607,12579208.0,6.75
SYR,1991,1000.07798684947,12980821.0,6.75
SYR,1992,990.138251191708,13385571.0,6.949
SYR,1993,992.771367475098,13795686.0,7.4
SYR,1994,712.387716635783,14208583.0,7.5
SYR,1995,779.699100153744,14616801.0,7.2
SYR,1996,918.195857362788,15018104.0,7.221
SYR,1997,940.826589804978,15417542.0,7.31
SYR,1998,960.837504927725,15820413.0,7.376
SYR,1999,978.17453169496,16228061.0,7.6
SYR,2000,1138.18722723683,16637888.0,9.587
SYR,2001,1177.53806921268,17051338.0,11.63
SYR,2002,1189.98119453595,17468332.0,10.94
SYR,2003,1220.179077256,17889296.0,10.28
SYR,2004,1368.11263904001,18336875.0,9.513
SYR,2005,1533.90017615946,18814091.0,8.81
SYR,2006,1718.78469956591,19637022.0,8.17
SYR,2007,1937.61199094087,20884125.0,8.42
SYR,2008,2429.1247629459,21636564.0,10.94
SYR,2009,2462.20127278738,21976969.0,8.14
SYR,2010,2730.61487784917,22482421.0,8.61
SYR,2011,2952.14372909443,22878098.0,8.626
SYR,2012,1897.66115018696,22759763.0,13.8
SYR,2013,985.892669221634,21666917.0,14.5
SYR,2014,1060.59105887433,20273659.0,14.782
SYR,2015,847.731545352582,19424618.0,14.244
SYR,2016,656.349017520952,19193834.0,13.798
SYR,2017,851.501972646386,19224668.0,13.603
SYR,2018,1098.06667935023,19577845.0,13.505
SYR,2019,1109.53933821464,20353534.0,13.369
SYR,2020,593.911771822527,21049429.0,15.179
SYR,2021,688.566109726934,21628839.0,14.887
SYR,2022,1056.78264718197,22462173.0,13.245
SYR,2023,,23594623.0,13.27
SYR,2024,,24672760.0,13.359
SYR,2025,497.1114061250485,25620427.0,13.569
TCA,1985,,9521.0,
TCA,1986,,9941.0,
TCA,1987,,10361.0,
TCA,1988,,10775.0,
TCA,1989,,11193.0,
TCA,1990,,11688.0,
TCA,1991,,12305.0,
TCA,1992,,12970.0,
TCA,1993,,13648.0,
TCA,1994,,14344.0,
TCA,1995,,15052.0,
TCA,1996,,15765.0,
TCA,1997,,16482.0,
TCA,1998,,17212.0,
TCA,1999,,17959.0,
TCA,2000,,18730.0,
TCA,2001,18325.7458111974,19576.0,
TCA,2002,17803.9471767733,20597.0,
TCA,2003,18859.1890274773,21727.0,
TCA,2004,21246.00980049,22856.0,
TCA,2005,24122.3028180757,23988.0,
TCA,2006,28734.2873064523,25123.0,
TCA,2007,29443.8523030072,26270.0,
TCA,2008,31453.8228752689,27427.0,
TCA,2009,24596.8938015951,28588.0,
TCA,2010,23093.8498268267,29739.0,
TCA,2011,27327.4006354146,30846.0,
TCA,2012,25923.6156503875,32127.0,
TCA,2013,25653.819867471,33653.0,
TCA,2014,27292.5820256776,35050.0,
TCA,2015,29457.0140691162,36605.0,
TCA,2016,31373.5612684327,38315.0,
TCA,2017,30014.2309523213,39913.0,
TCA,2018,31625.616593277,41559.0,
TCA,2019,31780.5217068989,43166.0,
TCA,2020,20690.9160546118,44386.0,
TCA,2021,27329.2885087196,45243.0,
TCA,2022,31280.5418020808,45847.0,
TCA,2023,35470.2151608295,46198.0,
TCA,2024,37506.7798431288,46535.0,
TCA,2025,17341.04307452173,46855.0,
TCD,1985,202.710985101435,5096269.0,
TCD,1986,203.354449515341,5251069.0,
TCD,1987,213.931729919066,5438309.0,
TCD,1988,263.544647841815,5625602.0,
TCD,1989,246.355378549117,5819586.0,
TCD,1990,290.599045262191,5982833.0,0.668
TCD,1991,302.487268390603,6205676.0,0.668
TCD,1992,290.648286132566,6474656.0,0.658
TCD,1993,220.729964903293,6629146.0,0.7
TCD,1994,173.928895064035,6783450.0,0.709
TCD,1995,203.964852705041,7089064.0,0.755
TCD,1996,216.912541056484,7410108.0,0.7
TCD,1997,201.384076969355,7670366.0,0.732
TCD,1998,219.779530915601,7938840.0,0.725
TCD,1999,186.638531146223,8222705.0,0.753
TCD,2000,163.121663683369,8512093.0,0.796
TCD,2001,194.32295331156,8804124.0,0.792
TCD,2002,219.061391951349,9116192.0,0.769
TCD,2003,289.087621122168,9487833.0,0.725
TCD,2004,445.850767157087,9920036.0,0.672
TCD,2005,838.092107712557,10328092.0,0.663
TCD,2006,906.897260572747,10706424.0,0.716
TCD,2007,980.483531485103,11081660.0,0.839
TCD,2008,1166.36883453841,11476296.0,0.922
TCD,2009,1035.63719694254,11893754.0,0.943
TCD,2010,1141.80069268412,12312575.0,0.911
TCD,2011,1308.1421872538,12754997.0,0.92
TCD,2012,1354.34344701937,13210998.0,0.886
TCD,2013,1304.88742971475,13691079.0,0.955
TCD,2014,1278.78981422494,14188678.0,0.984
TCD,2015,993.990730610869,14647621.0,1.032
TCD,2016,861.831767630746,15114655.0,1.091
TCD,2017,854.46120040098,15622759.0,1.132
TCD,2018,948.656629871231,16156531.0,1.135
TCD,2019,893.336441643325,16685223.0,1.077
TCD,2020,866.947814890409,17224679.0,1.695
TCD,2021,946.358500208374,17828273.0,1.53
TCD,2022,966.036468278568,18455316.0,1.081
TCD,2023,949.991054236266,19319064.0,1.059
TCD,2024,980.668312111718,20299123.0,1.053
TCD,2025,1022.33559390754,21003705.0,1.057
TEA,1985,362.345629981072,1451742188.0,
TEA,1986,355.377868708384,1476236205.0,
TEA,1987,345.154435745665,1502192372.0,
TEA,1988,376.514745475974,1528559240.0,
TEA,1989,400.299436208748,1554321275.0,
TEA,1990,422.071410076562,1579651917.0,2.4073196083798
TEA,1991,451.285275077955,1604095270.0,2.4073196083798
TEA,1992,499.112755101956,1627147885.0,2.37576826157152
TEA,1993,540.427508690315,1649557492.0,2.62936653616558
TEA,1994,641.960437587346,1671877438.0,2.93069940629993
TEA,1995,781.740273009877,1693960469.0,3.01496053849378
TEA,1996,886.701839758086,1715764488.0,3.12070620503968
TEA,1997,906.493021348914,1737429846.0,3.21237864407138
TEA,1998,818.793324750308,1758263635.0,3.3824223282411
TEA,1999,892.251747167714,1777464322.0,3.47579200535286
TEA,2000,972.833173903317,1795374943.0,3.43001128152857
TEA,2001,1026.64920971957,1812475067.0,3.85850449672084
TEA,2002,1127.25093373191,1828744767.0,4.17741336740834
TEA,2003,1266.10778868123,1844349334.0,4.428076738741
TEA,2004,1456.9669469541,1859450104.0,4.42310310906886
TEA,2005,1673.18872013796,1874487158.0,4.50383702137591
TEA,2006,1999.8599576078,1889507244.0,4.3960838573092
TEA,2007,2510.42063084895,1904568042.0,4.37680263860099
TEA,2008,3154.16917322889,1919570287.0,4.45880440548548
TEA,2009,3398.52810801107,1934167856.0,4.43923742826889
TEA,2010,4104.80139766727,1948643347.0,4.17487787059342
TEA,2011,4970.50414407986,1964036970.0,4.12377298395066
TEA,2012,5497.15541159145,1981382735.0,4.06044851591873
TEA,2013,6020.77821511419,1998548872.0,4.06245777272466
TEA,2014,6446.18938511466,2014960984.0,4.05853741844698
TEA,2015,6664.53447337008,2030504270.0,4.13377205147225
TEA,2016,6758.79473763568,2045816761.0,4.0503221911626
TEA,2017,7323.57112357326,2061449949.0,3.92821339454137
TEA,2018,8136.42934013947,2074796982.0,3.81860609641702
TEA,2019,8379.42503514668,2086281644.0,3.91155753249547
TEA,2020,8485.28948088661,2095759417.0,4.38103635885362
TEA,2021,10086.4082581275,2102350702.0,4.14006542894987
TEA,2022,10220.556668162,2107261123.0,4.24711639501186
TEA,2023,10240.3474676862,2111139152.0,3.98514803684521
TEA,2024,10508.2462082104,2114653077.0,3.91959262359653
TEA,2025,10965.8265646099,2117367063.0,3.92396383247478
TEC,1985,,411980043.0,
TEC,1986,,416211558.0,
TEC,1987,,420430601.0,
TEC,1988,2336.29183699385,424466137.0,
TEC,1989,2250.84506249372,428221424.0,
TEC,1990,2374.64061502214,430990546.0,5.90955131197024
TEC,1991,2312.75033373274,433132067.0,5.90955131197024
TEC,1992,2135.38646376765,434844449.0,6.36813427704303
TEC,1993,2107.48545754442,436152186.0,7.0346645065866
TEC,1994,1896.40732020919,437106291.0,8.4016596302501
TEC,1995,2264.49360886538,437796116.0,9.38897907204676
TEC,1996,2329.88113193067,438325526.0,9.98342568855379
TEC,1997,2408.24273793154,438638046.0,10.6542403206707
TEC,1998,2165.17962536191,438735255.0,11.4943269237354
TEC,1999,1878.80070824489,438650260.0,11.9116471065413
TEC,2000,2044.36249557921,438423541.0,11.0183192610913
TEC,2001,2080.99745064169,438100368.0,10.7447066639553
TEC,2002,2340.84304586083,437806951.0,10.5396612637819
TEC,2003,2879.67149467058,437905932.0,10.3043605492778
TEC,2004,3723.46934484203,438136036.0,9.96727145258182
TEC,2005,4660.83802232756,438333196.0,9.31364245463686
TEC,2006,5633.02971807333,438714358.0,8.7030435256555
TEC,2007,7247.0818892658,438680283.0,7.59407523011705
TEC,2008,8951.35076734201,439732746.0,7.37988688857846
TEC,2009,7074.11060707405,441304973.0,9.09793178837198
TEC,2010,8293.77511577841,442936599.0,8.67633640799942
TEC,2011,10044.9046719064,444846366.0,8.10364260938392
TEC,2012,10435.8086234655,446941101.0,7.63560375277808
TEC,2013,10986.3954318467,449128604.0,7.69053724382223
TEC,2014,10330.3982164695,451432428.0,7.62801272694854
TEC,2015,8034.6842596255,453662073.0,7.60801134268431
TEC,2016,7679.02768410566,455913002.0,7.43861188713932
TEC,2017,8571.09823045668,458010325.0,7.09014958895511
TEC,2018,8885.56352555245,459946883.0,6.64992815855912
TEC,2019,9040.92665915657,461933206.0,6.70220366105967
TEC,2020,8455.78453528889,462842288.0,7.20291679357834
TEC,2021,9992.00521619821,463104389.0,6.78803635122713
TEC,2022,11422.1622613514,460942269.0,5.62584537984402
TEC,2023,12070.5942969794,458599775.0,5.0769631792025
TEC,2024,13364.4486876078,459982788.0,4.71563232155562
TEC,2025,15300.0702229683,462559433.0,4.62126731959311
TGO,1985,337.014048169162,3194539.0,
TGO,1986,454.510025928692,3296340.0,
TGO,1987,519.18142138477,3397614.0,
TGO,1988,556.09976573928,3501545.0,
TGO,1989,529.714170208593,3606918.0,
TGO,1990,619.184841877398,3714021.0,4.057
TGO,1991,591.939138361428,3822636.0,4.057
TGO,1992,607.946006940374,3932581.0,4.209
TGO,1993,448.033969931112,3887974.0,4.507
TGO,1994,355.429579368426,3904183.0,4.201
TGO,1995,449.85596910209,4110450.0,3.99
TGO,1996,482.27462715388,4291136.0,3.606
TGO,1997,476.890484883584,4438794.0,3.618
TGO,1998,492.493381462559,4551635.0,3.78
TGO,1999,477.217016566667,4665754.0,3.889
TGO,2000,440.420399069497,4783722.0,4.162
TGO,2001,426.883605884489,4904144.0,4.108
TGO,2002,479.438373869587,5027130.0,4.087
TGO,2003,579.728195854724,5154112.0,3.957
TGO,2004,604.311329116751,5281320.0,3.992
TGO,2005,595.200212014134,5413154.0,4.149
TGO,2006,596.249203137762,5569664.0,4.229
TGO,2007,654.083697666439,5748443.0,3.822
TGO,2008,771.351190404751,5936138.0,3.279
TGO,2009,770.172869777254,6130946.0,2.847
TGO,2010,750.323421086121,6325788.0,2.379
TGO,2011,834.14671980279,6500582.0,1.982
TGO,2012,813.611525037432,6653718.0,2.029
TGO,2013,885.698522723929,6798848.0,2.084
TGO,2014,921.539748631461,6937644.0,2.141
TGO,2015,813.894676975085,7071502.0,2.204
TGO,2016,843.114204338675,7200884.0,2.968
TGO,2017,872.076408845752,7324386.0,3.744
TGO,2018,942.480774393154,7458206.0,2.9
TGO,2019,917.718016777619,7619925.0,2.036
TGO,2020,961.219781201934,7788054.0,2.231
TGO,2021,1076.29520076949,7936176.0,2.344
TGO,2022,1071.61539220759,8068616.0,1.965
TGO,2023,1182.32951436696,8223850.0,1.942
TGO,2024,1266.08777721447,8406558.0,1.948
TGO,2025,1383.89974929887,8591626.0,1.995
THA,1985,773.823923674613,50270753.0,
THA,1986,842.098436226451,51177834.0,
THA,1987,970.452522513385,52074105.0,
THA,1988,1164.20096229495,52969595.0,
THA,1989,1341.72978395303,53848956.0,
THA,1990,1559.11209344755,54738329.0,2.63
THA,1991,1765.62267359529,55637434.0,2.63
THA,1992,1971.60879910694,56528834.0,1.35
THA,1993,2245.13688708983,57408198.0,1.49
THA,1994,2517.70732641683,58260854.0,1.347
THA,1995,2864.36515719866,59098232.0,1.1
THA,1996,3054.65690806473,59920064.0,1.071
THA,1997,2473.14096982086,60724584.0,0.873
THA,1998,1847.70379269771,61522630.0,3.404
THA,1999,2033.24490520569,62299043.0,2.968
THA,2000,2005.97694514234,63007815.0,2.389
THA,2001,1889.93432467144,63651141.0,2.6
THA,2002,2089.75183111554,64266437.0,1.82
THA,2003,2347.54001286066,64868166.0,1.54
THA,2004,2641.56268717857,65452047.0,1.51
THA,2005,2867.70383436062,66017420.0,1.35
THA,2006,3331.32043511773,66567687.0,1.22
THA,2007,3918.52817434581,67102394.0,1.18
THA,2008,4309.13509292986,67619830.0,1.18
THA,2009,4135.43986952819,68121080.0,1.49
THA,2010,4973.86288823778,68579447.0,0.622
THA,2011,5373.6232832898,69007208.0,0.66
THA,2012,5725.52802835463,69436098.0,0.58
THA,2013,6018.08244729255,69845114.0,0.249
THA,2014,5801.1978916205,70216367.0,0.576
THA,2015,5688.85335397884,70540795.0,0.597
THA,2016,5833.57715617098,70859841.0,0.688
THA,2017,6413.09182530343,71160187.0,0.83
THA,2018,7099.77650081458,71376079.0,0.765
THA,2019,7605.69657797759,71522271.0,0.716
THA,2020,6983.03412836245,71641484.0,1.099
THA,2021,7055.18760721422,71727332.0,1.215
THA,2022,6910.00995211206,71735329.0,0.94
THA,2023,7210.54130832685,71702435.0,0.733
THA,2024,7386.63615126055,71668011.0,0.781
THA,2025,8056.56359761558,71619863.0,0.781
TJK,1985,,4619003.0,
TJK,1986,,4772139.0,
TJK,1987,,4939059.0,
TJK,1988,,5114989.0,
TJK,1989,,5267249.0,
TJK,1990,487.03612866309,5398768.0,1.823
TJK,1991,457.767825924805,5541205.0,1.823
TJK,1992,337.833145514813,5649400.0,1.85
TJK,1993,287.620123754917,5724993.0,2.65
TJK,1994,261.271254544865,5825368.0,3.15
TJK,1995,207.034457343036,5948584.0,3.45
TJK,1996,172.035088688368,6066523.0,4.05
TJK,1997,150.088550171239,6139829.0,4.15
TJK,1998,213.749145581577,6176397.0,4.65
TJK,1999,175.023764735625,6208370.0,4.45
TJK,2000,136.925716400723,6284735.0,4.15
TJK,2001,168.676285365186,6407377.0,3.75
TJK,2002,186.951638285222,6531669.0,3.95
TJK,2003,233.58124845289,6658575.0,3.85
TJK,2004,305.745158587502,6790547.0,3.45
TJK,2005,333.927150941684,6924720.0,3.45
TJK,2006,401.018403316427,7057566.0,3.65
TJK,2007,516.997210618914,7194477.0,2.874
TJK,2008,703.327375898643,7338403.0,4.942
TJK,2009,664.795655734657,7490230.0,7.028
TJK,2010,737.338883219356,7652141.0,7.037
TJK,2011,833.601978202852,7824785.0,7.04
TJK,2012,952.452819695469,8014084.0,7.022
TJK,2013,1028.19704279396,8216724.0,7.019
TJK,2014,1081.54402932039,8425552.0,7.024
TJK,2015,956.916310930656,8643840.0,7.033
TJK,2016,788.710481734485,8865631.0,7.036
TJK,2017,829.45714764957,9085946.0,7.035
TJK,2018,834.288404578801,9307333.0,7.028
TJK,2019,871.022372934846,9529966.0,7.026
TJK,2020,834.311715460625,9749310.0,7.576
TJK,2021,896.748053372182,9966908.0,7.687
TJK,2022,1052.17949484894,10182222.0,7.051
TJK,2023,1178.47990060249,10389799.0,7.037
TJK,2024,1362.02559981695,10590927.0,7.041
TJK,2025,1637.2542942547,10786734.0,6.931
TKM,1985,,3247534.0,
TKM,1986,,3347809.0,
TKM,1987,675.221678074412,3452731.0,
TKM,1988,845.932942002334,3559363.0,
TKM,1989,821.029864511916,3662459.0,
TKM,1990,848.155047388424,3760562.0,1.4
TKM,1991,831.99873207474,3855894.0,1.4
TKM,1992,811.354156451902,3944689.0,1.5
TKM,1993,788.418914207107,4032407.0,1.5
TKM,1994,622.13478015809,4116662.0,4.7
TKM,1995,592.247247321132,4191203.0,8.3
TKM,1996,557.894220051334,4263819.0,10.3
TKM,1997,565.022638048501,4336730.0,11.0
TKM,1998,590.791293266381,4410507.0,12.2
TKM,1999,545.519003106054,4492170.0,12.7
TKM,2000,633.835487638011,4582677.0,11.73
TKM,2001,756.034976276398,4675409.0,10.898
TKM,2002,935.540801478466,4769465.0,10.141
TKM,2003,1228.94870289404,4863865.0,9.289
TKM,2004,1379.23009682692,4958093.0,8.419
TKM,2005,1604.01618452312,5052257.0,7.495
TKM,2006,1996.59310717308,5147105.0,6.601
TKM,2007,2414.96071986964,5244046.0,5.719
TKM,2008,3605.50395120549,5345029.0,4.852
TKM,2009,3707.97850699617,5451592.0,4.0
TKM,2010,4058.53937000739,5564356.0,4.0
TKM,2011,5143.61929334647,5683417.0,4.003
TKM,2012,6053.8748468749,5808546.0,3.994
TKM,2013,6599.64529055481,5939341.0,3.993
TKM,2014,7164.14536184006,6075283.0,4.005
TKM,2015,5759.497903834,6215770.0,4.016
TKM,2016,5238.00827202546,6360041.0,4.026
TKM,2017,5125.54920055808,6507061.0,4.035
TKM,2018,3911.98557297865,6655524.0,4.036
TKM,2019,4365.1152919542,6803944.0,4.035
TKM,2020,3935.37749365223,6949912.0,4.489
TKM,2021,3713.20113171765,7092043.0,4.458
TKM,2022,5198.18947409551,7230193.0,4.017
TKM,2023,5298.46421949276,7364438.0,4.007
TKM,2024,5904.25772576512,7494498.0,4.02
TKM,2025,6540.17876401136,7618847.0,4.267
TLA,1985,1830.61775316861,385830246.0,
TLA,1986,1809.28901937081,393862440.0,
TLA,1987,1903.50395165055,401890697.0,
TLA,1988,2047.52068815623,409945610.0,
TLA,1989,2227.77365185419,418004229.0,
TLA,1990,2425.77128166682,426091608.0,6.18499961502329
TLA,1991,2587.87278904436,434138780.0,6.18499961502329
TLA,1992,2787.66132657122,442150885.0,6.16195847363912
TLA,1993,3258.75748628284,450131381.0,5.9122489733434
TLA,1994,3744.60852665502,458042874.0,6.56680800344838
TLA,1995,3983.20860877186,465939463.0,7.85357644180886
TLA,1996,4255.85859434658,473775482.0,8.26787405014723
TLA,1997,4593.58561869128,481555614.0,8.12385222071718
TLA,1998,4563.93952667197,489346270.0,8.50383489490465
TLA,1999,4029.14285007531,497065139.0,9.48237924552907
TLA,2000,4388.92619654046,504556065.0,9.52894893986909
TLA,2001,4222.97448407526,511809816.0,9.1432735656305
TLA,2002,3714.37478753607,518881965.0,9.50084872810719
TLA,2003,3728.7274317918,525787222.0,9.38382565258049
TLA,2004,4252.8384478077,532556401.0,8.88029213614675
TLA,2005,5103.97071369353,539188798.0,8.34365571129642
TLA,2006,5926.88235769307,545805913.0,7.7076777430645
TLA,2007,6927.88293213364,552399650.0,7.31214733545694
TLA,2008,7989.38012096582,558968822.0,6.91574463042059
TLA,2009,7386.60044484214,565454932.0,7.89406164784247
TLA,2010,9115.37372505227,571822092.0,7.26042689855492
TLA,2011,10277.434412177,578171855.0,6.73516198738484
TLA,2012,10261.7354879621,584524334.0,6.43477941830029
TLA,2013,10230.3626492605,590809938.0,6.39401761164224
TLA,2014,10059.0239257076,597023419.0,6.20935559864304
TLA,2015,8404.04978849744,603091701.0,6.72924741273479
TLA,2016,8082.0851229591,609017063.0,7.82039688517988
TLA,2017,8918.58515585187,614776664.0,8.12865999426483
TLA,2018,8620.65095771156,620274430.0,8.03589728630349
TLA,2019,8363.2081656376,625467307.0,8.10633851896146
TLA,2020,6965.15053129735,630051021.0,10.355452107179
TLA,2021,8076.87634033776,633862610.0,9.26330031941499
TLA,2022,9177.79711881332,637837815.0,7.01556949606688
TLA,2023,10259.5487208892,642397939.0,6.26268991297245
TLA,2024,10441.4685782421,647003746.0,5.9308852770292
TLA,2025,10822.5929247606,651467364.0,5.50986634654456
TLS,1985,,696665.0,
TLS,1986,,707185.0,
TLS,1987,,718476.0,
TLS,1988,,730745.0,
TLS,1989,,744856.0,
TLS,1990,168.621010199317,760345.0,3.453
TLS,1991,189.794649212749,778278.0,3.453
TLS,1992,235.064767714477,799318.0,3.36
TLS,1993,264.066994790836,821437.0,3.273
TLS,1994,283.058000480762,844493.0,3.309
TLS,1995,302.736982028369,868146.0,3.348
TLS,1996,344.013327625123,892282.0,3.372
TLS,1997,348.86424098109,917184.0,3.406
TLS,1998,345.59090957317,942530.0,3.5
TLS,1999,269.987312761397,834697.0,3.633
TLS,2000,492.457669429651,745088.0,3.529
TLS,2001,587.700692767858,812249.0,3.386
TLS,2002,533.982476434866,879159.0,3.371
TLS,2003,534.901153697657,916878.0,3.54
TLS,2004,474.420767344689,929074.0,3.668
TLS,2005,487.464555404292,948311.0,3.611
TLS,2006,464.667001844159,976597.0,3.634
TLS,2007,540.154584237662,1004889.0,3.523
TLS,2008,628.153219252849,1032429.0,3.434
TLS,2009,686.579295832381,1058782.0,3.289
TLS,2010,813.060177250597,1084679.0,3.301
TLS,2011,939.045241112693,1110207.0,3.385
TLS,2012,1022.61903188429,1134885.0,3.47
TLS,2013,1204.56841532931,1158695.0,3.57
TLS,2014,1224.74957758801,1181903.0,3.618
TLS,2015,1319.59297370991,1205131.0,3.678
TLS,2016,1335.54390089814,1228312.0,4.657
TLS,2017,1266.17767952941,1251703.0,4.254
TLS,2018,1219.46598597604,1275959.0,3.765
TLS,2019,1562.36458881813,1300945.0,3.148
TLS,2020,1630.86935439232,1326053.0,2.808
TLS,2021,2684.92673717299,1350139.0,2.344
TLS,2022,2343.24955542816,1369295.0,1.537
TLS,2023,1502.4114958903,1384286.0,1.525
TLS,2024,1331.9705130185,1400638.0,1.523
TLS,2025,1340.9640193437,1418517.0,1.592
TMN,1985,1453.88640068481,309566339.0,
TMN,1986,1515.49739459625,319257806.0,
TMN,1987,1287.16915229189,329101677.0,
TMN,1988,1211.75021740014,339013669.0,
TMN,1989,1181.70229419064,349120795.0,
TMN,1990,1551.33182518395,359343952.0,8.03168197869505
TMN,1991,1021.78047565076,369541810.0,8.03168197869505
TMN,1992,1019.88704661056,379832349.0,8.14685219721253
TMN,1993,875.599089613293,390108809.0,8.68160187265869
TMN,1994,897.479717233544,400109102.0,8.74589375449375
TMN,1995,975.846138276511,409972623.0,9.03428655097015
TMN,1996,1056.46578583751,419780929.0,8.20998075616307
TMN,1997,1075.367768169,429628398.0,7.99731851319209
TMN,1998,1072.89061364339,439699399.0,8.09262446768442
TMN,1999,1135.62755562768,449944988.0,8.36545993025763
TMN,2000,1246.01970518845,460058369.0,8.70973223936551
TMN,2001,1225.47782863822,470225878.0,8.66782939884288
TMN,2002,1168.60409646318,480465143.0,8.66928035849805
TMN,2003,1263.9157454015,491133637.0,8.45544746199598
TMN,2004,1463.30459081335,502381957.0,7.62342664414024
TMN,2005,1657.84291463325,513920381.0,7.79217578193013
TMN,2006,1885.14874832022,525752130.0,7.33599436897474
TMN,2007,2240.98839135161,537343609.0,6.96341976204585
TMN,2008,2662.28112447526,549090016.0,6.76464093439402
TMN,2009,2518.05377845565,561349152.0,6.88122796682575
TMN,2010,2823.25407911922,573609877.0,7.05144257493513
TMN,2011,3240.2024082126,585763053.0,7.52714837608606
TMN,2012,3420.25908562298,597586990.0,8.83376247941241
TMN,2013,3152.86009912184,609074579.0,8.39834200288349
TMN,2014,3077.87148288398,620390664.0,8.07837404021819
TMN,2015,2805.48695611112,631082594.0,8.96791885955849
TMN,2016,2864.53445831005,641470827.0,8.66507565229991
TMN,2017,2860.68231685818,652312809.0,9.15400226751887
TMN,2018,2810.24942028442,663878345.0,9.1788143786994
TMN,2019,2695.09130976796,675805691.0,8.96317446023269
TMN,2020,2409.54729126605,687728758.0,9.67954007701653
TMN,2021,2754.03924421055,699536053.0,9.58930430798614
TMN,2022,3017.03706401547,711465045.0,8.83598059809406
TMN,2023,2867.14499885351,723911670.0,8.59209919735259
TMN,2024,2962.60094580465,736401764.0,8.70657329890235
TMN,2025,2826.65540584536,748489811.0,8.69378066221379
TON,1985,612.943575629463,97984.0,
TON,1986,695.805077185729,98010.0,
TON,1987,830.153019585043,98376.0,
TON,1988,1077.6835915018,98969.0,
TON,1989,1069.83546760253,99403.0,
TON,1990,1139.0553819198,99700.0,1.348
TON,1991,1323.40098550339,99895.0,1.348
TON,1992,1370.36142598699,100022.0,1.349
TON,1993,1383.47386584881,100103.0,1.3
TON,1994,1956.66180354821,100166.0,1.688
TON,1995,2084.02759539718,100225.0,1.987
TON,1996,2214.91474789811,100275.0,2.404
TON,1997,2135.52111086276,100674.0,2.877
TON,1998,1888.83194028282,101388.0,3.348
TON,1999,1952.14626248861,102046.0,3.69
TON,2000,1995.07667546271,102677.0,3.966
TON,2001,1753.51667576626,103288.0,4.368
TON,2002,1759.4805324576,103874.0,4.683
TON,2003,1936.04104012389,104464.0,5.18
TON,2004,2195.44890047673,105071.0,3.878
TON,2005,2477.72620144825,105671.0,2.542
TON,2006,2750.34778600857,106253.0,1.09
TON,2007,2797.06560109144,106726.0,1.21
TON,2008,3218.45303993196,107020.0,1.279
TON,2009,2914.23774004564,107203.0,1.419
TON,2010,3416.08356601207,107400.0,1.501
TON,2011,3849.99375750134,107570.0,1.594
TON,2012,4384.17058724217,107460.0,1.638
TON,2013,4219.24670113014,107078.0,1.75
TON,2014,4136.59010898445,106609.0,1.914
TON,2015,4123.90347238813,106095.0,2.022
TON,2016,3987.98618837043,105524.0,2.048
TON,2017,4365.92929788648,105356.0,2.137
TON,2018,4675.04776047973,105567.0,2.248
TON,2019,4788.83350468584,105669.0,2.165
TON,2020,4792.35872413906,105704.0,2.712
TON,2021,4922.8015864044,105490.0,2.111
TON,2022,5298.01942454298,105042.0,2.002
TON,2023,5651.59357939286,104597.0,1.652
TON,2024,6215.38990974121,104175.0,1.965
TON,2025,6547.18646814228,103742.0,2.008
TSA,1985,290.836561595941,906622025.0,
TSA,1986,302.215568474208,927646189.0,
TSA,1987,330.263803635955,948802143.0,
TSA,1988,344.39140735961,970044151.0,
TSA,1989,338.645008018598,991571016.0,
TSA,1990,359.953973128088,1013297018.0,7.24315545951344
TSA,1991,303.81805683771,1035058149.0,7.24315545951344
TSA,1992,315.53713133931,1057074570.0,7.23871666924301
TSA,1993,302.994994507191,1079256381.0,7.24980061619164
TSA,1994,342.723111684397,1101305517.0,7.18007906379825
TSA,1995,370.570693920918,1123515559.0,7.15013674904188
TSA,1996,400.095114023544,1145998648.0,7.11279594729808
TSA,1997,415.002724170031,1168625898.0,7.15153632180334
TSA,1998,413.676322288749,1191405930.0,7.16874708180548
TSA,1999,437.982047564941,1214263809.0,7.17195172652658
TSA,2000,440.467918910931,1237185482.0,7.17647475389305
TSA,2001,446.418919348871,1260149056.0,7.23245898235974
TSA,2002,462.898836496672,1282584796.0,7.34580672778149
TSA,2003,532.66154684429,1304347790.0,7.33330344756806
TSA,2004,606.478041696258,1325950587.0,7.30632128284372
TSA,2005,686.338193475473,1346886384.0,7.24801932806737
TSA,2006,769.378704313512,1367187349.0,7.16089355787342
TSA,2007,967.697911561283,1386949456.0,7.2019977638481
TSA,2008,958.275511460297,1406047164.0,7.29504082041586
TSA,2009,1054.43555885745,1425370200.0,7.3628078548039
TSA,2010,1294.02734415145,1444967010.0,7.16328861819797
TSA,2011,1397.0068255002,1464372623.0,7.17458097714582
TSA,2012,1387.18205938261,1483553073.0,7.23720359721905
TSA,2013,1405.84072374278,1501661991.0,7.31372620028363
TSA,2014,1528.4920875126,1519839246.0,7.29419854752289
TSA,2015,1570.54142452744,1537370078.0,7.27349261228767
TSA,2016,1722.90703396273,1555111864.0,7.25080318686175
TSA,2017,1956.06707563972,1572520427.0,7.24969569674111
TSA,2018,1988.36633317988,1589164714.0,7.28140399591901
TSA,2019,2067.05975680251,1605412986.0,6.30644937347767
TSA,2020,1957.20343709781,1621073417.0,7.62561175204578
TSA,2021,2273.72055805692,1634785356.0,6.33048938390488
TSA,2022,2326.72890585805,1648009565.0,4.86631704704624
TSA,2023,2449.857142451,1662580579.0,4.16220090187648
TSA,2024,2601.82209529365,1677384532.0,4.19214668978211
TSA,2025,2705.28227429085,1692252900.0,4.24320442446027
TSS,1985,637.832918971652,452014893.0,
TSS,1986,580.837628498766,465259300.0,
TSS,1987,631.916316136411,478911799.0,
TSS,1988,646.802797352897,492715455.0,
TSS,1989,640.170427109124,506724902.0,
TSS,1990,728.926102015909,521029972.0,6.43917335186611
TSS,1991,759.715248918801,535328746.0,6.43917335186611
TSS,1992,665.304423658314,549973046.0,6.53438914473603
TSS,1993,654.326096747387,565251301.0,6.57993534604531
TSS,1994,651.494895653308,580483156.0,6.50949329587814
TSS,1995,807.068681479341,596081868.0,6.36418816479738
TSS,1996,877.933913182623,612267246.0,6.28008010794966
TSS,1997,899.319355003092,628567583.0,6.24071131444566
TSS,1998,878.112012610771,645494313.0,6.26619463242025
TSS,1999,610.405968129929,662922716.0,6.3708112055776
TSS,2000,629.859553204091,680768792.0,6.35294746056262
TSS,2001,587.710901869404,699215347.0,6.25911261802644
TSS,2002,625.805568583085,718276009.0,6.15545043361504
TSS,2003,766.914712241419,737918076.0,6.09002400306892
TSS,2004,926.943266198291,758237956.0,5.94433087548822
TSS,2005,1074.12476310665,779233636.0,5.84614199165635
TSS,2006,1234.75609892113,800828364.0,5.75538288432854
TSS,2007,1391.26803582887,823124982.0,5.71458050648746
TSS,2008,1537.38333094262,846224198.0,5.71119279179789
TSS,2009,1427.57787495773,869926373.0,5.76570980698131
TSS,2010,1643.30753523371,894259855.0,5.94056421498979
TSS,2011,1796.16109829226,919112234.0,5.91593755883997
TSS,2012,1818.06125449252,944523292.0,5.8029961583218
TSS,2013,1880.39980462364,970746312.0,5.57489984928366
TSS,2014,1907.73210907064,997426231.0,5.62977664752398
TSS,2015,1647.32085826836,1024659421.0,5.78723856454759
TSS,2016,1456.65211115929,1052166739.0,5.86589334716284
TSS,2017,1549.18831908585,1080208893.0,5.99391143462101
TSS,2018,1622.59575329634,1109196428.0,6.03233771776817
TSS,2019,1797.04121765415,1138472475.0,6.18089551293782
TSS,2020,1628.43873346869,1168133785.0,6.65249326111529
TSS,2021,1785.98118191144,1198069722.0,6.84750929089377
TSS,2022,1864.70686111924,1228187451.0,6.08211610820711
TSS,2023,1682.2261488119,1258809472.0,5.76152900751665
TSS,2024,1542.65844261619,1289936286.0,5.6711358365663
TSS,2025,1673.07077574497,1321654217.0,5.66118665705316
TTO,1985,6212.00065299742,1187366.0,
TTO,1986,3984.99609719733,1203124.0,
TTO,1987,3941.12013972631,1217364.0,
TTO,1988,3655.81977035897,1230069.0,
TTO,1989,3481.84505761067,1241600.0,
TTO,1990,4047.25093594674,1252208.0,18.52
TTO,1991,4205.37778348016,1262171.0,18.52
TTO,1992,4277.47436935604,1271674.0,19.66
TTO,1993,3646.71231742803,1280466.0,19.81
TTO,1994,3839.96290233114,1288341.0,18.44
TTO,1995,4114.68908475464,1295169.0,17.22
TTO,1996,4427.27832448289,1300928.0,16.25
TTO,1997,4393.94496943068,1305836.0,15.01
TTO,1998,4612.70900312686,1310225.0,14.21
TTO,1999,5179.08350809274,1314708.0,13.12
TTO,2000,6178.58975559687,1319774.0,12.1
TTO,2001,6657.41466937221,1325567.0,10.88
TTO,2002,6762.93080808096,1332011.0,10.39
TTO,2003,8445.04653518298,1338709.0,10.48
TTO,2004,9871.03419820086,1345380.0,8.33
TTO,2005,12346.4373094075,1294494.0,7.95
TTO,2006,14152.6607422113,1297944.0,6.27
TTO,2007,16606.675360681,1303188.0,5.54
TTO,2008,21298.9945258063,1308587.0,4.63
TTO,2009,14634.0565003912,1310106.0,5.28
TTO,2010,16815.424737361,1317714.0,4.033
TTO,2011,19151.0870229722,1328019.0,3.425
TTO,2012,20332.1389531925,1335194.0,3.718
TTO,2013,21304.9777496628,1340557.0,2.683
TTO,2014,21908.3014555644,1345343.0,2.477
TTO,2015,19887.2327716498,1349667.0,2.428
TTO,2016,17449.1538801956,1353895.0,3.207
TTO,2017,17566.0999700656,1356633.0,3.389
TTO,2018,17571.498737278,1359193.0,3.497
TTO,2019,17212.6128892163,1363985.0,3.523
TTO,2020,15283.6270531554,1366725.0,4.206
TTO,2021,17712.5674104655,1367558.0,4.446
TTO,2022,20750.5202434652,1365805.0,4.383
TTO,2023,18308.4536298575,1367510.0,3.361
TTO,2024,18733.4110406494,1368333.0,3.318
TTO,2025,18967.2704636681,1367764.0,3.329
TUN,1985,1134.99813055736,7409903.0,
TUN,1986,1186.50651525734,7600301.0,
TUN,1987,1244.76663577347,7789987.0,
TUN,1988,1266.07583258953,7974440.0,
TUN,1989,1239.23860226784,8151660.0,
TUN,1990,1476.43160477311,8324509.0,15.935
TUN,1991,1537.87916511306,8501827.0,15.935
TUN,1992,1784.81850188268,8682512.0,15.598
TUN,1993,1649.18537309075,8857910.0,15.948
TUN,1994,1733.46614673506,9018448.0,16.006
TUN,1995,1968.16600944373,9161258.0,16.348
TUN,1996,2107.40815649257,9294432.0,16.061
TUN,1997,2202.06090620956,9421270.0,15.94
TUN,1998,2285.01933541864,9541667.0,15.473
TUN,1999,2376.06566791596,9655963.0,15.21
TUN,2000,2199.04465936314,9764935.0,14.94
TUN,2001,2235.71981624751,9869677.0,14.4
TUN,2002,2320.7723805785,9971515.0,14.55
TUN,2003,2725.8643148859,10071632.0,14.51
TUN,2004,3067.41936376975,10166163.0,14.23
TUN,2005,3146.8260743927,10255472.0,12.872
TUN,2006,3322.56933570096,10346410.0,12.51
TUN,2007,3726.91672935667,10441702.0,12.365
TUN,2008,4255.05008019523,10542635.0,12.444
TUN,2009,4080.09032448781,10650681.0,13.29
TUN,2010,4291.86120891575,10765980.0,13.049
TUN,2011,4420.64772206537,10886035.0,18.334
TUN,2012,4297.26782454273,11009647.0,17.63
TUN,2013,4369.79345826358,11141361.0,15.934
TUN,2014,4458.97895464547,11274288.0,14.259
TUN,2015,4014.94773686432,11402264.0,15.159
TUN,2016,3847.80354448809,11528674.0,15.557
TUN,2017,3619.03247319953,11650498.0,15.33
TUN,2018,3628.10366464236,11765514.0,15.459
TUN,2019,3528.87213306798,11875081.0,17.153
TUN,2020,3548.65363663803,11974057.0,17.651
TUN,2021,3906.93926319391,12048622.0,16.632
TUN,2022,3707.29283414381,12119334.0,15.3
TUN,2023,3951.11683376921,12200431.0,15.106
TUN,2024,4187.64079392362,12277109.0,15.341
TUN,2025,4656.63818386852,12348573.0,15.108
TUR,1985,1326.42701445307,50687115.0,
TUR,1986,1461.49658654754,51777772.0,
TUR,1987,1649.96264794402,52843670.0,
TUR,1988,1685.69479240535,53909626.0,
TUR,1989,1948.59179454794,54976723.0,
TUR,1990,2689.52621921233,56015628.0,8.21
TUR,1991,2649.27259974439,57009887.0,8.21
TUR,1992,2743.65320297936,57990118.0,8.509
TUR,1993,3057.93737480422,58999167.0,8.962
TUR,1994,2176.2801813809,60033836.0,8.577
TUR,1995,3845.98997887841,61024503.0,7.644
TUR,1996,4041.36210281686,61951134.0,6.629
TUR,1997,4197.37636165642,62852966.0,6.841
TUR,1998,4331.02761275037,63734383.0,6.888
TUR,1999,3973.77763854116,64591923.0,7.687
TUR,2000,4199.3798635759,65425961.0,6.495
TUR,2001,3052.2256706793,66245128.0,8.381
TUR,2002,3591.08628982587,67048795.0,10.358
TUR,2003,4649.63668068586,67831730.0,10.542
TUR,2004,5979.6054216148,68592617.0,10.838
TUR,2005,7331.85429430255,69329557.0,10.636
TUR,2006,7990.08251407245,70045349.0,10.227
TUR,2007,9766.91734545294,70158112.0,10.285
TUR,2008,10913.4079047769,71051678.0,10.965
TUR,2009,9076.92472236977,72039206.0,14.026
TUR,2010,10698.9699409757,73142150.0,11.879
TUR,2011,11373.6355760885,74223629.0,9.789
TUR,2012,11776.7593362033,75175827.0,9.21
TUR,2013,12635.5570016068,76147624.0,9.713
TUR,2014,12209.3862327674,77181884.0,9.901
TUR,2015,11064.6494504662,78218479.0,10.304
TUR,2016,10984.3643169061,79277962.0,10.899
TUR,2017,10756.3877677883,80312698.0,10.919
TUR,2018,9684.11819884721,81407204.0,10.956
TUR,2019,9395.23378001368,82579440.0,13.73
TUR,2020,8798.11791709313,83384680.0,13.148
TUR,2021,9981.76398411336,84147318.0,11.969
TUR,2022,10897.8397861365,84979913.0,10.465
TUR,2023,13375.0947282864,85325965.0,9.388
TUR,2024,15892.7157287241,85518661.0,8.8
TUR,2025,18599.4420922378,85878556.0,8.52
TUV,1985,480.095933768573,8046.0,
TUV,1986,556.736790985481,8217.0,
TUV,1987,599.750746530394,8371.0,
TUV,1988,823.087505442833,8518.0,
TUV,1989,976.047477175313,8662.0,
TUV,1990,1084.66707221699,8798.0,
TUV,1991,1134.33175551477,8928.0,
TUV,1992,1165.63710360353,9038.0,
TUV,1993,1141.17904410247,9126.0,
TUV,1994,1278.65870076399,9207.0,
TUV,1995,1284.76446104166,9280.0,
TUV,1996,1427.80960501753,9342.0,
TUV,1997,1461.08618049276,9400.0,
TUV,1998,1459.64937141718,9451.0,
TUV,1999,1558.60396569869,9496.0,
TUV,2000,1559.22072281826,9544.0,
TUV,2001,1475.03705936258,9586.0,
TUV,2002,1729.16968588975,9623.0,
TUV,2003,2020.10103886055,9695.0,
TUV,2004,2330.77403351989,9816.0,
TUV,2005,2298.44257265761,9940.0,
TUV,2006,2413.97836453913,10056.0,
TUV,2007,2803.75365477849,10182.0,
TUV,2008,3062.00125965971,10321.0,
TUV,2009,2662.42865634448,10461.0,
TUV,2010,3054.96154183353,10614.0,
TUV,2011,3679.5325726267,10780.0,
TUV,2012,3558.89749224226,10934.0,
TUV,2013,3524.00277634143,11001.0,
TUV,2014,3518.13249227107,10984.0,
TUV,2015,3352.66722400181,10963.0,
TUV,2016,3779.15293916285,10930.0,
TUV,2017,4166.79162422818,10869.0,
TUV,2018,4467.21144027065,10751.0,
TUV,2019,5058.85266607659,10581.0,
TUV,2020,5029.57159284173,10399.0,
TUV,2021,6042.51983141155,10194.0,
TUV,2022,5414.74642912412,9992.0,
TUV,2023,5143.8397437226,9816.0,
TUV,2024,5883.50257114002,9646.0,
TUV,2025,6041.44908591428,9492.0,
TZA,1985,700.450073242188,22501693.0,
TZA,1986,479.281768798828,23258959.0,
TZA,1987,334.822784423828,24030378.0,
TZA,1988,307.50634765625,24769686.0,
TZA,1989,259.502227783203,25438759.0,
TZA,1990,243.611557006836,26110207.0,3.6
TZA,1991,276.452453613281,26780436.0,3.6
TZA,1992,250.329925537109,27457588.0,3.683
TZA,1993,224.491546630859,28332692.0,3.892
TZA,1994,228.890029907227,29442356.0,3.861
TZA,1995,258.418334960938,30383497.0,3.672
TZA,1996,313.658386230469,30945762.0,3.475
TZA,1997,363.597686767578,31578089.0,3.342
TZA,1998,386.378448486328,32420458.0,3.283
TZA,1999,392.621765136719,33300330.0,3.219
TZA,2000,401.698150634766,34260139.0,3.129
TZA,2001,396.638732910156,35198299.0,2.994
TZA,2002,402.649047851563,36121304.0,3.023
TZA,2003,422.18359375,37089555.0,3.053
TZA,2004,450.385284423828,38109668.0,3.105
TZA,2005,483.334869384766,39182076.0,3.193
TZA,2006,475.746734619141,40294902.0,3.299
TZA,2007,543.198303222656,41435512.0,3.023
TZA,2008,675.977233886719,42570728.0,2.775
TZA,2009,693.823547363281,43633982.0,2.5
TZA,2010,736.530151367188,44758488.0,3.03
TZA,2011,775.392761230469,46029367.0,3.47
TZA,2012,861.969909667969,47374260.0,3.223
TZA,2013,963.05712890625,48824128.0,2.93
TZA,2014,1022.74841308594,50351512.0,2.125
TZA,2015,939.127319335938,52020962.0,2.009
TZA,2016,953.0107421875,53824013.0,1.931
TZA,2017,986.674011230469,55652890.0,1.854
TZA,2018,1023.10626220703,57437145.0,1.792
TZA,2019,1063.32250976563,59174891.0,1.735
TZA,2020,1117.41528320313,60972798.0,1.792
TZA,2021,1159.85656738281,62830412.0,1.876
TZA,2022,1207.52062988281,64711821.0,1.573
TZA,2023,1224.00219726563,66617606.0,1.565
TZA,2024,1192.60668945313,68560157.0,1.557
TZA,2025,1318.81921386719,70545865.0,1.572
UGA,1985,234.276502777526,15023681.0,
UGA,1986,253.643058810817,15467579.0,
UGA,1987,392.97074320479,15954170.0,
UGA,1988,395.187660960924,16470483.0,
UGA,1989,310.186025249445,17010698.0,
UGA,1990,244.987168126806,17569897.0,3.448
UGA,1991,182.955897348348,18155901.0,3.448
UGA,1992,152.113542415537,18785032.0,3.553
UGA,1993,165.616476211716,19445161.0,3.487
UGA,1994,198.441987998795,20108801.0,3.458
UGA,1995,278.520835668767,20665667.0,3.193
UGA,1996,284.698259285733,21231550.0,3.169
UGA,1997,286.846637912964,21856046.0,3.209
UGA,1998,292.453037058835,22515806.0,3.424
UGA,1999,257.921949601357,23257281.0,3.46
UGA,2000,258.050338731086,24000150.0,3.531
UGA,2001,236.021188853993,24745676.0,3.522
UGA,2002,241.984688408335,25532870.0,3.5
UGA,2003,250.71543664681,26352124.0,3.6
UGA,2004,292.38185796262,27154515.0,2.699
UGA,2005,330.405402707025,27963289.0,1.9
UGA,2006,346.518255310647,28794003.0,2.264
UGA,2007,401.389130865581,29653430.0,2.667
UGA,2008,472.842681495852,30539553.0,3.035
UGA,2009,798.947089938247,31451151.0,3.6
UGA,2010,823.488144282,32390802.0,3.623
UGA,2011,835.620060555838,33354543.0,3.523
UGA,2012,795.222867553127,34337438.0,3.551
UGA,2013,818.285427416713,35337042.0,1.91
UGA,2014,896.054795546394,36395539.0,2.357
UGA,2015,862.934610355811,37531446.0,2.681
UGA,2016,752.696571725656,38799152.0,3.002
UGA,2017,765.218332297361,40177388.0,3.428
UGA,2018,792.16570022814,41565831.0,3.249
UGA,2019,822.171150036357,42999637.0,3.057
UGA,2020,845.766463890124,44457152.0,3.819
UGA,2021,882.791717542504,45910930.0,3.416
UGA,2022,963.067314117178,47312719.0,2.885
UGA,2023,1002.30913917142,48656601.0,2.754
UGA,2024,1077.91278438613,50015092.0,2.74
UGA,2025,1206.30450825002,51384894.0,2.746
UKR,1985,,51108770.0,
UKR,1986,,51318745.0,
UKR,1987,1244.04125976563,51515732.0,
UKR,1988,1444.248046875,51724853.0,
UKR,1989,1593.07861328125,51917817.0,
UKR,1990,1563.63415527344,52054092.0,1.9
UKR,1991,1482.6396484375,52170961.0,1.9
UKR,1992,1413.24011230469,52323671.0,1.9
UKR,1993,1254.02868652344,52350126.0,2.0
UKR,1994,1009.09405517578,52075998.0,2.0
UKR,1995,933.191772460938,51665539.0,5.62
UKR,1996,869.846069335938,51226109.0,7.65
UKR,1997,987.489807128906,50786885.0,8.93
UKR,1998,831.336791992188,50379731.0,11.32
UKR,1999,631.910461425781,49976446.0,11.864
UKR,2000,653.294311523438,49556660.0,11.707
UKR,2001,800.49072265625,49106855.0,11.061
UKR,2002,903.011901855469,48677281.0,10.136
UKR,2003,1076.48156738281,48315136.0,9.057
UKR,2004,1401.01806640625,47979507.0,8.59
UKR,2005,1875.33508300781,47585556.0,7.18
UKR,2006,2366.494140625,47278694.0,6.81
UKR,2007,3160.32763671875,47062798.0,6.351
UKR,2008,4017.806640625,46819175.0,6.363
UKR,2009,2607.08764648438,46623731.0,8.84
UKR,2010,3039.63232421875,46456003.0,8.1
UKR,2011,3656.69799804688,46307853.0,7.851
UKR,2012,3951.34228515625,46210056.0,7.529
UKR,2013,4129.89697265625,46126770.0,7.17
UKR,2014,3054.908203125,45972380.0,9.27
UKR,2015,2094.47387695313,45784896.0,9.14
UKR,2016,2158.46118164063,45616832.0,9.35
UKR,2017,2604.28759765625,45436041.0,9.5
UKR,2018,3059.0517578125,45208907.0,8.799
UKR,2019,3619.86157226563,44957458.0,8.194
UKR,2020,3709.76928710938,44680014.0,9.475
UKR,2021,4775.94580078125,44298640.0,9.834
UKR,2022,4199.6708984375,41048766.0,
UKR,2023,5139.59814453125,37732836.0,
UKR,2024,5391.62255859375,37860221.0,
UKR,2025,5865.884765625,38980376.0,9.475
URY,1985,1568.43216486363,3017037.0,
URY,1986,1938.8108486947,3032845.0,
URY,1987,2415.6541994875,3049896.0,
URY,1988,2677.19777690993,3067961.0,
URY,1989,2734.36623871535,3086255.0,
URY,1990,2995.36105663465,3104403.0,8.95
URY,1991,3589.01541942634,3122354.0,8.95
URY,1992,4101.71054155291,3139702.0,8.96
URY,1993,4753.00924682647,3156345.0,8.35
URY,1994,5507.56481300056,3172834.0,9.04
URY,1995,6050.48632253644,3189440.0,10.02
URY,1996,6398.43575184095,3206324.0,11.93
URY,1997,7436.29342620682,3223345.0,11.44
URY,1998,7836.89183322307,3239280.0,9.362
URY,1999,7370.56995453931,3254015.0,10.466
URY,2000,6987.70098766257,3266206.0,12.627
URY,2001,6382.76104740859,3274251.0,15.052
URY,2002,4149.76140312687,3278867.0,16.648
URY,2003,3671.12329256883,3281186.0,16.661
URY,2004,4168.66065438387,3283148.0,12.98
URY,2005,5284.25677987129,3285771.0,12.009
URY,2006,6001.33294783172,3289506.0,10.844
URY,2007,7222.05403645877,3295153.0,9.403
URY,2008,9423.96562595893,3302177.0,8.025
URY,2009,9881.39573127081,3310091.0,7.74
URY,2010,12641.0576849008,3318580.0,7.158
URY,2011,15132.2675725587,3326825.0,6.307
URY,2012,16259.5940814256,3335401.0,6.451
URY,2013,18335.2594772322,3345337.0,6.444
URY,2014,18322.4276767157,3356334.0,6.547
URY,2015,17125.9016800298,3368017.0,7.488
URY,2016,17009.7584207276,3379283.0,7.841
URY,2017,19184.6626114272,3388438.0,7.89
URY,2018,19249.9404677501,3394534.0,8.336
URY,2019,18315.7350377437,3397206.0,8.836
URY,2020,15757.5341990356,3398968.0,10.413
URY,2021,17881.8119616753,3396695.0,9.328
URY,2022,21009.2883798725,3390913.0,7.877
URY,2023,23378.6399733516,3388081.0,8.355
URY,2024,24308.4954958447,3386588.0,8.209
URY,2025,25215.8238152781,3384688.0,7.516
USA,1985,18236.8277265009,237924000.0,
USA,1986,19071.2271949295,240133000.0,
USA,1987,20038.9410992658,242289000.0,
USA,1988,21417.0119305191,244499000.0,
USA,1989,22857.1544330056,246819000.0,
USA,1990,23888.6000088133,249623000.0,6.8
USA,1991,24342.2589048189,252981000.0,6.8
USA,1992,25418.9907763319,256514000.0,7.5
USA,1993,26387.2937338171,259919000.0,6.9
USA,1994,27694.853416234,263126000.0,6.119
USA,1995,28690.8757013347,266278000.0,5.65
USA,1996,29967.7127181749,269394000.0,5.451
USA,1997,31459.1299691554,272657000.0,5.0
USA,1998,32853.6725949234,275854000.0,4.511
USA,1999,34515.3813073394,279040000.0,4.219
USA,2000,36329.9702595751,282162411.0,3.992
USA,2001,37133.6203973517,284968955.0,4.731
USA,2002,37997.7424300242,287625193.0,5.783
USA,2003,39490.3023903176,290107933.0,5.989
USA,2004,41724.6411982614,292805298.0,5.529
USA,2005,44123.3996470026,295516599.0,5.084
USA,2006,46301.9876485519,298379912.0,4.623
USA,2007,48050.227412195,301231207.0,4.622
USA,2008,48570.0594269601,304093966.0,5.784
USA,2009,47194.9500893872,306771529.0,9.254
USA,2010,48642.6312088213,309378227.0,9.633
USA,2011,50024.8812320773,311839461.0,8.949
USA,2012,51708.3940614082,314339099.0,8.069
USA,2013,53297.3862901595,316726282.0,7.375
USA,2014,55153.3940182967,319257560.0,6.168
USA,2015,56849.4697923159,321815121.0,5.28
USA,2016,57976.628204291,324353340.0,4.869
USA,2017,60047.7190728307,326608609.0,4.355
USA,2018,62875.6661382728,328529577.0,3.896
USA,2019,65227.9565911038,330226227.0,3.669
USA,2020,64465.2971415748,331578104.0,8.055
USA,2021,71441.2319805947,332100166.0,5.349
USA,2022,78008.6895811877,333996304.0,3.65
USA,2023,82586.7847707894,336755052.0,3.638
USA,2024,86169.6641581917,340003797.0,4.022
USA,2025,90026.5163005744,341784857.0,4.198
UZB,1985,,17875339.0,
UZB,1986,,18395621.0,
UZB,1987,450.244536476152,18930070.0,
UZB,1988,550.999615085024,19460630.0,
UZB,1989,598.123131680436,19977183.0,
UZB,1990,652.9376529256,20464956.0,1.9
UZB,1991,658.313550528068,20962910.0,1.9
UZB,1992,602.920525827048,21485090.0,2.9
UZB,1993,595.777099596612,21987955.0,4.9
UZB,1994,574.229079896619,22463291.0,7.3
UZB,1995,582.54213674034,22917589.0,7.8
UZB,1996,597.33228695111,23351981.0,10.7
UZB,1997,620.59129581366,23758960.0,10.9
UZB,1998,621.048904301242,24134929.0,13.3
UZB,1999,697.763539790812,24476008.0,13.3
UZB,2000,555.149231099186,24787054.0,12.301
UZB,2001,454.415812256778,25090283.0,11.279
UZB,2002,381.409296889283,25399980.0,10.256
UZB,2003,394.164028897235,25711259.0,9.22
UZB,2004,462.171492867885,26029350.0,8.152
UZB,2005,542.835808692209,26356975.0,7.092
UZB,2006,649.118167003925,26699043.0,6.035
UZB,2007,824.028192334768,27076008.0,4.99
UZB,2008,1074.72928796701,27494774.0,4.89
UZB,2009,1205.7993547038,27939328.0,5.04
UZB,2010,1956.78127255673,28385506.0,5.36
UZB,2011,2338.55462817306,28823196.0,4.96
UZB,2012,2573.95586785056,29261903.0,4.87
UZB,2013,2781.38869470315,29724065.0,4.86
UZB,2014,3021.00331668049,30222994.0,5.09
UZB,2015,3172.89899391083,30749346.0,5.15
UZB,2016,3128.42307170099,31284568.0,5.16
UZB,2017,2271.4730109511,31819178.0,5.83
UZB,2018,1894.09088741408,32373490.0,5.392
UZB,2019,2128.66067138334,32964701.0,4.936
UZB,2020,2087.96374711792,33586372.0,5.293
UZB,2021,2370.36480555669,34243696.0,5.364
UZB,2022,2698.60262953369,34938955.0,4.456
UZB,2023,3015.97705069457,35652307.0,4.434
UZB,2024,3337.45492058664,36361859.0,4.439
UZB,2025,3968.2720079072,37053428.0,4.622
VCT,1985,1342.2456378927,108506.0,
VCT,1986,1471.86296489478,109281.0,
VCT,1987,1596.17319303831,110001.0,
VCT,1988,1813.93765107441,110658.0,
VCT,1989,1929.91050958212,111272.0,
VCT,1990,2149.73944358984,111812.0,19.77
VCT,1991,2270.76357246912,112222.0,19.77
VCT,1992,2470.51840791008,112509.0,19.558
VCT,1993,2539.64968649849,112735.0,19.681
VCT,1994,2563.24976564442,112918.0,19.974
VCT,1995,2795.36305613955,113047.0,20.005
VCT,1996,2930.44394742606,113119.0,20.343
VCT,1997,3073.7784743848,113141.0,20.133
VCT,1998,3301.10018129103,113180.0,20.521
VCT,1999,3446.52293031878,113366.0,20.542
VCT,2000,3768.95536604022,113545.0,20.8
VCT,2001,4071.08601098962,113501.0,21.1
VCT,2002,4303.27976789727,113347.0,20.623
VCT,2003,4499.61454193342,113141.0,19.985
VCT,2004,4873.48947742443,112835.0,19.545
VCT,2005,5157.39373878102,112450.0,19.461
VCT,2006,5744.8278621257,112014.0,19.162
VCT,2007,6398.19123532172,111531.0,18.934
VCT,2008,6598.90531450859,111028.0,18.79
VCT,2009,6463.78777336717,110508.0,19.365
VCT,2010,6551.96835992405,109959.0,19.924
VCT,2011,6527.68996854448,109349.0,20.006
VCT,2012,6713.80768643865,108736.0,19.833
VCT,2013,7072.46737188939,108135.0,19.356
VCT,2014,7168.82875342911,107535.0,19.237
VCT,2015,7353.73556054184,106960.0,19.135
VCT,2016,7656.90042881178,106349.0,19.029
VCT,2017,7988.04445019298,105663.0,19.024
VCT,2018,8428.12677153069,104926.0,19.005
VCT,2019,8740.59425232061,104167.0,19.248
VCT,2020,8351.20324040982,103526.0,20.635
VCT,2021,8641.27904024443,102841.0,20.356
VCT,2022,9693.55867833025,102046.0,19.277
VCT,2023,10582.3656725229,101323.0,18.348
VCT,2024,11501.2265187188,100616.0,18.093
VCT,2025,12561.769166789,99924.0,18.003
VEN,1985,3548.70434276284,17461434.0,
VEN,1986,3376.34960597843,17923536.0,
VEN,1987,2610.98837126004,18394963.0,
VEN,1988,3191.47633742656,18871020.0,
VEN,1989,2250.08459665588,19348921.0,
VEN,1990,2451.5523114567,19827010.0,9.45
VEN,1991,2632.53969814106,20304896.0,9.45
VEN,1992,2907.30334439434,20780948.0,7.69
VEN,1993,2824.69144366441,21254520.0,6.6
VEN,1994,2688.98325145295,21725188.0,8.56
VEN,1995,3486.98350635919,22193821.0,10.24
VEN,1996,3112.825848106,22662113.0,11.77
VEN,1997,3710.82688355096,23131685.0,11.16
VEN,1998,3869.98258848894,23601337.0,11.15
VEN,1999,4070.90619189484,24066593.0,14.53
VEN,2000,4776.2816763938,24526708.0,13.99
VEN,2001,4920.39313600453,24979922.0,13.04
VEN,2002,3652.09896501865,25435671.0,16.17
VEN,2003,3229.50557082079,25892703.0,16.78
VEN,2004,4269.08970872392,26340838.0,15.07
VEN,2005,5432.4854184654,26785804.0,10.663
VEN,2006,6739.38065342218,27224686.0,8.606
VEN,2007,8331.62096991844,27649363.0,7.279
VEN,2008,11262.4514256759,28053696.0,6.245
VEN,2009,11596.6021921731,28438298.0,6.097
VEN,2010,13646.3046622664,28813101.0,7.112
VEN,2011,10843.9229703167,29185212.0,6.902
VEN,2012,12582.0125686037,29553826.0,6.601
VEN,2013,8642.37380007027,29912198.0,7.54
VEN,2014,7101.15006382986,30254079.0,6.821
VEN,2015,4096.61989137473,30573972.0,6.139
VEN,2016,3671.23004093383,30765720.0,5.319
VEN,2017,3791.63262049576,30565323.0,5.045
VEN,2018,3421.51341607593,29807592.0,5.468
VEN,2019,2523.11527549578,28938098.0,5.89
VEN,2020,1506.04169391285,28444077.0,7.53
VEN,2021,2004.93572921136,28237826.0,7.027
VEN,2022,3155.04190923584,28213017.0,5.646
VEN,2023,3617.47038396528,28300854.0,5.407
VEN,2024,4244.45723136019,28405543.0,5.321
VEN,2025,3494.8138870244,28516896.0,5.307
VGB,1985,,13269.0,
VGB,1986,,13726.0,
VGB,1987,,14194.0,
VGB,1988,,14680.0,
VGB,1989,,15180.0,
VGB,1990,,15704.0,
VGB,1991,,16187.0,
VGB,1992,,16593.0,
VGB,1993,,16989.0,
VGB,1994,,17406.0,
VGB,1995,,17840.0,
VGB,1996,,18287.0,
VGB,1997,,18756.0,
VGB,1998,,19238.0,
VGB,1999,,19730.0,
VGB,2000,,20241.0,
VGB,2001,,20796.0,
VGB,2002,,21430.0,
VGB,2003,,22134.0,
VGB,2004,,22881.0,
VGB,2005,,23665.0,
VGB,2006,,24493.0,
VGB,2007,,25366.0,
VGB,2008,,26288.0,
VGB,2009,,27218.0,
VGB,2010,,27675.0,
VGB,2011,,28710.0,
VGB,2012,,30345.0,
VGB,2013,,31703.0,
VGB,2014,,32962.0,
VGB,2015,,34498.0,
VGB,2016,,33878.0,
VGB,2017,,32699.0,
VGB,2018,,34657.0,
VGB,2019,,36395.0,
VGB,2020,,37135.0,
VGB,2021,,37809.0,
VGB,2022,,38319.0,
VGB,2023,,38985.0,
VGB,2024,,39471.0,
VGB,2025,,39732.0,
VIR,1985,,100760.0,
VIR,1986,,100842.0,
VIR,1987,,100901.0,
VIR,1988,,100952.0,
VIR,1989,,101041.0,
VIR,1990,,103963.0,10.917
VIR,1991,,104807.0,10.917
VIR,1992,,105712.0,11.088
VIR,1993,,106578.0,11.187
VIR,1994,,107318.0,10.959
VIR,1995,,107818.0,10.611
VIR,1996,,108095.0,10.647
VIR,1997,,108357.0,10.547
VIR,1998,,108537.0,10.446
VIR,1999,,108599.0,10.172
VIR,2000,,108642.0,9.834
VIR,2001,,108549.0,9.969
VIR,2002,30062.0225050457,108509.0,10.227
VIR,2003,31731.2566241187,108505.0,10.574
VIR,2004,35006.3614404514,108466.0,10.266
VIR,2005,40828.7460927775,108453.0,10.228
VIR,2006,41377.1466009652,108369.0,9.734
VIR,2007,44158.5054044325,108337.0,9.523
VIR,2008,39152.3750657306,108397.0,9.605
VIR,2009,38753.1825393897,108404.0,10.864
VIR,2010,39905.1284180994,108357.0,11.059
VIR,2011,38997.1373164651,108290.0,11.337
VIR,2012,37795.3192590675,108188.0,11.387
VIR,2013,34597.9766940328,108041.0,11.802
VIR,2014,33045.3643795999,107882.0,11.871
VIR,2015,34007.3529411765,107712.0,11.649
VIR,2016,35324.9748874586,107516.0,11.734
VIR,2017,35365.0693039774,107281.0,11.445
VIR,2018,36663.2087550584,107001.0,11.703
VIR,2019,38633.5298915336,106669.0,11.774
VIR,2020,39787.3741650202,106290.0,14.366
VIR,2021,42571.0777368471,105870.0,13.508
VIR,2022,44320.909185774,105413.0,12.092
VIR,2023,,104917.0,11.358
VIR,2024,,104377.0,11.423
VIR,2025,43035.96075349247,103792.0,11.443
VNM,1985,238.647805313403,59060622.0,
VNM,1986,436.419296772225,60347048.0,
VNM,1987,595.247488701606,61584651.0,
VNM,1988,404.559305078888,62843228.0,
VNM,1989,98.1070172159577,64147348.0,
VNM,1990,98.7983370311401,65504552.0,2.14
VNM,1991,143.715270231936,66891775.0,2.14
VNM,1992,144.549392371677,68260337.0,2.109
VNM,1993,189.418573584332,69586384.0,2.037
VNM,1994,229.857787265757,70854391.0,1.972
VNM,1995,287.802661028593,72049940.0,1.955
VNM,1996,337.051231790277,73156447.0,1.93
VNM,1997,361.643884085566,74226889.0,2.87
VNM,1998,361.350928411167,75299660.0,2.29
VNM,1999,375.994455900496,76287452.0,2.33
VNM,2000,404.029784055118,77154011.0,2.26
VNM,2001,419.205677580901,77969361.0,2.76
VNM,2002,445.132861817313,78772224.0,2.12
VNM,2003,497.117089249256,79563777.0,2.25
VNM,2004,565.452284586212,80338971.0,2.14
VNM,2005,710.746759994861,81088313.0,2.078
VNM,2006,807.756645117054,82167897.0,2.046
VNM,2007,925.640338348717,83633375.0,2.026
VNM,2008,1163.83195772873,85175788.0,1.889
VNM,2009,1226.16976051536,86460018.0,1.737
VNM,2010,1683.16182443979,87455152.0,1.114
VNM,2011,1950.92504174913,88468314.0,0.999
VNM,2012,2185.11767654291,89510356.0,1.027
VNM,2013,2359.51736472828,90573104.0,1.316
VNM,2014,2546.38464459903,91679578.0,1.256
VNM,2015,2577.56885340113,92823254.0,1.848
VNM,2016,2735.0604380416,94000117.0,1.848
VNM,2017,2956.10992127753,95176977.0,1.874
VNM,2018,3222.31003125366,96237319.0,1.161
VNM,2019,3440.90025375434,97173776.0,1.681
VNM,2020,3534.03953482647,98079191.0,2.103
VNM,2021,3704.1935590038,98935098.0,2.383
VNM,2022,4147.69777213621,99680655.0,1.57
VNM,2023,4322.82572261566,100352192.0,1.645
VNM,2024,4716.6599379632,100987686.0,1.602
VNM,2025,5065.99091899299,101598527.0,1.523
VUT,1985,1011.51017753831,130356.0,
VUT,1986,945.998619022206,133720.0,
VUT,1987,1016.59904763078,137187.0,
VUT,1988,1125.00616977712,140756.0,
VUT,1989,1066.62512806351,144393.0,
VUT,1990,1140.59020311724,148063.0,7.976
VUT,1991,1326.37321256212,151793.0,7.976
VUT,1992,1343.68942861831,155608.0,7.945
VUT,1993,1257.29387486656,159463.0,8.262
VUT,1994,1430.99367776483,163314.0,8.083
VUT,1995,1491.78967004617,167137.0,8.134
VUT,1996,1529.27573115021,170911.0,8.091
VUT,1997,1562.03090670153,174626.0,8.221
VUT,1998,1470.97189048658,178313.0,8.223
VUT,1999,1472.17751741462,182048.0,8.29
VUT,2000,1460.23817692229,186281.0,8.266
VUT,2001,1350.18338238522,191031.0,8.415
VUT,2002,1340.71537528287,195863.0,8.598
VUT,2003,1566.51396790858,200746.0,8.659
VUT,2004,1774.31867585894,205711.0,8.432
VUT,2005,1873.99142640619,210760.0,8.121
VUT,2006,2034.79289624351,215923.0,8.006
VUT,2007,2333.70506748914,221276.0,6.855
VUT,2008,2603.60883136724,226896.0,5.663
VUT,2009,2546.38324565986,232731.0,4.565
VUT,2010,2815.18828985779,238248.0,4.681
VUT,2011,3163.1861645138,243474.0,4.811
VUT,2012,3004.78416664293,248883.0,4.936
VUT,2013,3392.56675091682,254482.0,5.038
VUT,2014,3378.36411965135,260240.0,5.137
VUT,2015,3214.41948587141,266101.0,5.168
VUT,2016,3339.83436471043,272087.0,5.197
VUT,2017,3585.31798081216,278507.0,5.247
VUT,2018,3626.18862522473,285259.0,5.353
VUT,2019,3635.62344878185,291985.0,5.444
VUT,2020,3404.30359167624,298858.0,4.046
VUT,2021,3576.13770954363,305868.0,4.776
VUT,2022,3679.53524327491,313046.0,5.077
VUT,2023,3708.18942411253,320409.0,5.011
VUT,2024,3959.87703462363,327777.0,4.988
VUT,2025,4038.73520713411,335169.0,5.073
WLD,1985,2690.59161836012,4850494238.0,
WLD,1986,3118.57247275326,4937459951.0,
WLD,1987,3487.87666375394,5026770385.0,
WLD,1988,3829.99224771219,5116898810.0,
WLD,1989,3930.50666963009,5207378374.0,
WLD,1990,4338.94333025321,5298962018.0,5.11944100527764
WLD,1991,4453.89641554733,5388203305.0,5.11944100527764
WLD,1992,4679.98200500774,5476822930.0,5.27553525015329
WLD,1993,4685.29564260401,5564459142.0,5.54366000199437
WLD,1994,4967.01235983571,5650534421.0,5.78928276777345
WLD,1995,5463.19624240532,5736205135.0,5.91952290919851
WLD,1996,5507.22343967666,5822327903.0,5.98379612550455
WLD,1997,5408.5695352216,5908180322.0,6.01023468033378
WLD,1998,5302.33956683372,5993730786.0,6.15918420896507
WLD,1999,5401.2271886284,6078069822.0,6.27847611028835
WLD,2000,5512.56177163867,6161528496.0,6.11136985422602
WLD,2001,5404.20269822848,6244739668.0,6.18991573511442
WLD,2002,5539.32465002692,6327171255.0,6.41192315850576
WLD,2003,6129.8663827398,6409352386.0,6.4840269461924
WLD,2004,6818.00375324836,6492354627.0,6.32979745144597
WLD,2005,7290.5661453297,6575410029.0,6.22399179620437
WLD,2006,7803.19467222601,6659536021.0,5.97382359730159
WLD,2007,8685.33108680793,6744049498.0,5.77491185936386
WLD,2008,9425.73781604823,6830080867.0,5.82419029603435
WLD,2009,8827.04322994899,6916168196.0,6.40956451671123
WLD,2010,9555.06543969498,7000860073.0,6.28118787402205
WLD,2011,10496.9310026996,7086704141.0,6.14906482504464
WLD,2012,10597.8460782595,7176482165.0,6.15209851207895
WLD,2013,10759.3457336689,7265404737.0,6.09934489950025
WLD,2014,10912.2447775638,7353532223.0,5.9574710533091
WLD,2015,10191.9752512662,7441084771.0,5.9985085966435
WLD,2016,10239.4656645738,7528221579.0,5.97088327776689
WLD,2017,10784.3950896297,7613788655.0,5.89802388961045
WLD,2018,11344.728168656,7696159728.0,5.7595415280045
WLD,2019,11417.5958587724,7777162476.0,5.58847960382446
WLD,2020,10999.4917581781,7853863139.0,6.58768935720693
WLD,2021,12472.9074157191,7919567995.0,6.04556088000376
WLD,2022,12876.2377124072,7988550201.0,5.23462796913747
WLD,2023,13313.8575826001,8062923417.0,4.84991713588619
WLD,2024,13717.0909956338,8140897523.0,4.80627976615483
WLD,2025,14405.8484595528,8215424893.0,4.7913330740211
WSM,1985,572.806387713236,166849.0,
WSM,1986,604.257418815764,167061.0,
WSM,1987,666.308337309081,167661.0,
WSM,1988,790.134992313838,168346.0,
WSM,1989,728.151128858805,168768.0,
WSM,1990,743.994213008355,169042.0,2.1
WSM,1991,741.563963808482,169368.0,2.1
WSM,1992,776.740824409711,170331.0,2.439
WSM,1993,774.988631552282,171774.0,2.689
WSM,1994,1276.85021574897,173159.0,2.999
WSM,1995,1288.10473321401,174571.0,3.244
WSM,1996,1419.35849045228,176071.0,3.515
WSM,1997,1607.88744330521,177547.0,3.78
WSM,1998,1506.30359215846,178905.0,4.127
WSM,1999,1416.76915966987,180275.0,4.489
WSM,2000,1424.75240002471,181685.0,4.733
WSM,2001,1453.87021324606,183166.0,4.96
WSM,2002,1527.55790455937,184471.0,4.975
WSM,2003,1798.12429714048,185430.0,5.038
WSM,2004,2189.26042607992,186249.0,5.162
WSM,2005,2550.04221437511,186978.0,5.212
WSM,2006,2663.29135939532,187709.0,5.321
WSM,2007,3038.61904093377,188753.0,5.425
WSM,2008,3373.60639884263,190107.0,5.538
WSM,2009,3279.18269477295,191513.0,5.646
WSM,2010,3524.2479246203,193023.0,5.621
WSM,2011,3821.50678264479,194713.0,5.68
WSM,2012,3934.60320799981,196498.0,8.752
WSM,2013,4023.5254013825,198268.0,8.772
WSM,2014,3982.68080202084,200037.0,8.72
WSM,2015,4084.36083819933,201782.0,8.901
WSM,2016,4147.07097674888,203499.0,9.063
WSM,2017,4307.59381964907,205415.0,9.4
WSM,2018,4231.81409469194,207582.0,8.649
WSM,2019,4351.94234943706,209780.0,7.858
WSM,2020,4099.59660548583,211944.0,7.467
WSM,2021,4021.55934894283,213779.0,6.664
WSM,2022,4132.44717734444,215261.0,5.048
WSM,2023,4822.74084650019,216663.0,4.92
WSM,2024,5392.87761915762,218019.0,4.855
WSM,2025,5872.78333308796,219306.0,4.996
XKX,1985,,1796018.0,
XKX,1986,,1836972.0,
XKX,1987,,1880590.0,
XKX,1988,,1917882.0,
XKX,1989,,1946339.0,
XKX,1990,,1973790.0,
XKX,1991,,2005362.0,
XKX,1992,,2039723.0,
XKX,1993,,2072664.0,
XKX,1994,,2105256.0,
XKX,1995,,2137514.0,
XKX,1996,,2168753.0,
XKX,1997,,2197284.0,
XKX,1998,,2078964.0,
XKX,1999,,1871524.0,
XKX,2000,,1802493.0,
XKX,2001,,1820009.0,
XKX,2002,,1829462.0,
XKX,2003,,1826434.0,
XKX,2004,,1822773.0,
XKX,2005,,1818354.0,
XKX,2006,,1813079.0,
XKX,2007,,1807094.0,
XKX,2008,2889.14677086951,1800858.0,
XKX,2009,2805.94692985371,1794681.0,
XKX,2010,2987.54523493128,1788743.0,
XKX,2011,3538.94809762524,1791949.0,
XKX,2012,3410.65497983011,1807126.0,
XKX,2013,3704.55812411167,1818119.0,
XKX,2014,3902.49322261901,1812788.0,
XKX,2015,3520.62685324451,1788274.0,
XKX,2016,3759.44777525332,1777568.0,
XKX,2017,4009.32022064732,1791019.0,
XKX,2018,4384.18796440547,1797086.0,
XKX,2019,4415.6992744623,1788891.0,
XKX,2020,4320.58382547288,1790151.0,
XKX,2021,5269.69946181439,1786079.0,
XKX,2022,5298.1473871027,1768096.0,
XKX,2023,6220.33213919344,1682668.0,
XKX,2024,7026.6988128325,1594353.0,
XKX,2025,7899.41841135202,1576876.0,
YEM,1985,,11453825.0,
YEM,1986,,11901040.0,
YEM,1987,,12369912.0,
YEM,1988,,12859708.0,
YEM,1989,,13364174.0,
YEM,1990,910.422465960748,13887862.0,8.428
YEM,1991,1016.30223044813,14430201.0,8.428
YEM,1992,1198.13031674085,14989494.0,8.351
YEM,1993,1396.61544419009,15563914.0,8.343
YEM,1994,1735.04419543214,16149147.0,8.34
YEM,1995,764.414656090937,16740058.0,8.988
YEM,1996,375.214994663363,17313177.0,9.585
YEM,1997,382.584928722421,17873936.0,10.223
YEM,1998,342.73940747773,18446013.0,10.828
YEM,1999,401.448141660801,19029420.0,11.46
YEM,2000,493.235182634814,19624141.0,11.557
YEM,2001,487.141257946318,20226147.0,11.724
YEM,2002,513.241486570603,20835086.0,11.839
YEM,2003,548.905883049973,21456379.0,12.014
YEM,2004,627.632023395762,22095167.0,12.131
YEM,2005,734.159908450927,22790085.0,12.213
YEM,2006,809.713127624703,23543083.0,12.349
YEM,2007,890.305768114988,24318082.0,12.486
YEM,2008,1071.63583282105,25111941.0,12.656
YEM,2009,969.243509864478,25927724.0,12.762
YEM,2010,1155.20305261418,26754387.0,12.777
YEM,2011,1186.47500581215,27582897.0,13.311
YEM,2012,1245.05068272078,28433647.0,13.473
YEM,2013,1378.75002954928,29312952.0,13.673
YEM,2014,1430.16420964026,30226309.0,13.467
YEM,2015,1362.1738120601,31159379.0,17.9
YEM,2016,975.359417003225,32109010.0,18.42
YEM,2017,811.165970405745,33090921.0,18.611
YEM,2018,633.887202451545,34085182.0,17.593
YEM,2019,,35111408.0,17.213
YEM,2020,,36134863.0,17.963
YEM,2021,,37140230.0,18.312
YEM,2022,,38222876.0,17.224
YEM,2023,,39390799.0,16.944
YEM,2024,,40583164.0,16.97
YEM,2025,,41773878.0,17.322
ZAF,1985,1839.4841908184,35042093.0,
ZAF,1986,2027.4662038189,36180515.0,
ZAF,1987,2586.27423314228,37326190.0,
ZAF,1988,2702.05504774508,38480649.0,
ZAF,1989,2726.70980679488,39628575.0,
ZAF,1990,3093.48920352334,40746268.0,23.137
ZAF,1991,3243.23616023953,41687898.0,23.137
ZAF,1992,3462.39400202835,42443509.0,23.463
ZAF,1993,3399.64009566241,43297156.0,23.361
ZAF,1994,3488.59711541763,44004139.0,23.067
ZAF,1995,3855.6340871567,44541554.0,22.705
ZAF,1996,3617.55336002932,45123018.0,22.5
ZAF,1997,3700.23554789867,45666838.0,22.549
ZAF,1998,3309.60933087472,46223880.0,22.739
ZAF,1999,3242.36830483958,46730335.0,22.884
ZAF,2000,3217.84693448467,47159719.0,22.788
ZAF,2001,2847.15191945908,47566800.0,22.652
ZAF,2002,2688.23676032806,48019415.0,22.579
ZAF,2003,4062.21755993786,48500348.0,22.679
ZAF,2004,5221.46333731721,48991421.0,22.567
ZAF,2005,5836.87663325127,49490033.0,22.472
ZAF,2006,6077.38293388876,49998277.0,22.304
ZAF,2007,6591.85535960564,50528584.0,22.26
ZAF,2008,6184.75474328399,51114599.0,22.407
ZAF,2009,6374.70560042992,51728516.0,23.523
ZAF,2010,7973.47195771517,52344051.0,24.683
ZAF,2011,8646.05571071635,52995205.0,24.639
ZAF,2012,8076.97678479741,53782567.0,24.727
ZAF,2013,7331.65467384919,54678791.0,24.561
ZAF,2014,6856.73137092522,55594838.0,24.89
ZAF,2015,6112.27382485974,56723537.0,25.149
ZAF,2016,5651.20585165749,57259551.0,26.536
ZAF,2017,6618.33508255701,57635162.0,27.035
ZAF,2018,6914.1780318076,58613001.0,26.906
ZAF,2019,6533.71121032856,59587885.0,28.468
ZAF,2020,5580.60383075189,60562381.0,29.217
ZAF,2021,6828.75624590017,61502603.0,34.007
ZAF,2022,6534.24867783397,62378410.0,33.268
ZAF,2023,6034.27208964673,63212384.0,32.098
ZAF,2024,6267.186814093,64007187.0,32.279
ZAF,2025,6597.71450918774,64747319.0,32.391
ZMB,1985,332.173737253298,6780953.0,
ZMB,1986,238.23379616097,6986471.0,
ZMB,1987,314.999602622841,7191282.0,
ZMB,1988,504.486020154114,7391440.0,
ZMB,1989,526.361769256072,7589216.0,
ZMB,1990,422.336298804219,7786169.0,18.9
ZMB,1991,423.071256835592,7981650.0,18.9
ZMB,1992,389.254665832226,8176680.0,19.568
ZMB,1993,390.916673784646,8373921.0,19.7
ZMB,1994,426.386598390102,8576269.0,18.689
ZMB,1995,433.312782642118,8785763.0,16.834
ZMB,1996,399.511304742449,9004053.0,15.3
ZMB,1997,465.871942164799,9237063.0,13.273
ZMB,1998,373.084763057408,9482408.0,12.0
ZMB,1999,349.515723095687,9740005.0,12.498
ZMB,2000,359.429500988221,10017631.0,12.93
ZMB,2001,396.548952993504,10325185.0,13.404
ZMB,2002,393.864625518616,10647949.0,14.131
ZMB,2003,446.290104839041,10983595.0,14.704
ZMB,2004,548.685974566277,11338198.0,15.332
ZMB,2005,710.982068171696,11718819.0,15.9
ZMB,2006,1051.71714895686,12129553.0,13.229
ZMB,2007,1118.73162626953,12565085.0,10.559
ZMB,2008,1375.50211006997,13021324.0,7.93
ZMB,2009,1136.24168316848,13490389.0,10.583
ZMB,2010,1451.10616017155,13965594.0,13.19
ZMB,2011,1624.86817763443,14437796.0,10.548
ZMB,2012,1710.05061343728,14913629.0,7.85
ZMB,2013,1820.71854827391,15398997.0,7.272
ZMB,2014,1707.48573136694,15895315.0,6.576
ZMB,2015,1295.87788680068,16399089.0,5.951
ZMB,2016,1239.08527877713,16914423.0,5.244
ZMB,2017,1483.46577328065,17441320.0,4.529
ZMB,2018,1463.89997855593,17973569.0,5.032
ZMB,2019,1258.98619844462,18513839.0,5.538
ZMB,2020,951.644316655957,19059395.0,6.032
ZMB,2021,1127.16077872857,19603607.0,5.197
ZMB,2022,1447.12310138035,20152938.0,5.993
ZMB,2023,1330.72780576709,20723965.0,5.861
ZMB,2024,1187.10943350064,21314956.0,5.898
ZMB,2025,1317.87771619597,21913874.0,5.918
ZWE,1985,649.27581323637,8686813.0,
ZWE,1986,692.529276865648,8982578.0,
ZWE,1987,726.43141011947,9284644.0,
ZWE,1988,815.89246404532,9583094.0,
ZWE,1989,840.417972601175,9864798.0,
ZWE,1990,866.928868406131,10137281.0,4.793
ZWE,1991,830.961354818769,10404816.0,4.793
ZWE,1992,631.149149280088,10702700.0,4.933
ZWE,1993,604.70311652877,10860288.0,4.993
ZWE,1994,634.062003018813,10873148.0,4.96
ZWE,1995,648.315259628165,10974599.0,5.566
ZWE,1996,766.913775859535,11158360.0,6.151
ZWE,1997,750.583100340929,11369827.0,6.93
ZWE,1998,552.448328691252,11594297.0,6.381
ZWE,1999,582.299355588147,11783458.0,6.0
ZWE,2000,562.833757496076,11892055.0,5.685
ZWE,2001,566.388746448872,11971901.0,5.313
ZWE,2002,524.936478570323,12087653.0,5.005
ZWE,2003,468.471932927213,12232323.0,4.738
ZWE,2004,469.719298949304,12365896.0,4.39
ZWE,2005,461.271387547912,12483432.0,4.632
ZWE,2006,431.034994414964,12636445.0,4.767
ZWE,2007,413.521244592925,12804058.0,5.008
ZWE,2008,340.917447588572,12959149.0,5.401
ZWE,2009,735.821693871697,13142790.0,5.476
ZWE,2010,902.010759067388,13356548.0,5.469
ZWE,2011,1037.77565157218,13595424.0,5.368
ZWE,2012,1239.22709745709,13817887.0,5.057
ZWE,2013,1362.99498323368,14013808.0,4.948
ZWE,2014,1372.91526173161,14207359.0,4.774
ZWE,2015,1387.12632595026,14399013.0,5.399
ZWE,2016,1408.13945253431,14600294.0,5.896
ZWE,2017,3445.44941020134,14812482.0,6.35
ZWE,2018,2270.89531874302,15034452.0,6.788
ZWE,2019,2184.52155388801,15271368.0,7.373
ZWE,2020,2059.63704025274,15526888.0,8.617
ZWE,2021,2613.6167414057,15797210.0,9.54
ZWE,2022,2536.40197087505,16069056.0,10.087
ZWE,2023,2195.22502010174,16340822.0,9.348
ZWE,2024,2496.15514995576,16634373.0,9.435
ZWE,2025,3021.43019873632,16950795.0,9.293
