iso3,year,in_degree_centrality,out_degree_centrality,in_strength,out_strength,betweenness_centrality,pagerank
BES,1990,0.0,0.034482758620689655,0.0,1631.0,0.0,0.0006437768240343349
ABW,1990,0.09482758620689655,0.06034482758620689,6322.0,2585.0,0.0,0.0016393052707461826
CHN,1990,0.41810344827586204,0.5862068965517241,187067.0,1890424.0,0.09245307135393344,0.005611102127640672
COL,1990,0.23275862068965517,0.22844827586206895,47178.0,539538.0,0.013412542916853263,0.0036226362694324783
CUW,1990,0.1853448275862069,0.05172413793103448,24672.0,1529.0,0.014869010300044784,0.004279222426109683
DMA,1990,0.14224137931034483,0.12068965517241378,985.0,10537.0,0.004217233915509778,0.0007826078096700357
DOM,1990,0.3793103448275862,0.21551724137931033,108940.0,273427.0,0.013434281236005374,0.004302319827745027
GRD,1990,0.06465517241379311,0.09051724137931035,1413.0,13286.0,0.0,0.0007276065328544398
GUY,1990,0.06896551724137931,0.15948275862068964,1703.0,115269.0,4.3476638304224514e-05,0.0007209395234492066
HTI,1990,0.09051724137931035,0.17672413793103448,7859.0,231253.0,0.012847346618898345,0.0009438279933768215
IND,1990,0.16379310344827586,0.5043103448275862,3425966.0,2570867.0,0.10877854903716974,0.015948919621220903
JAM,1990,0.09051724137931035,0.19827586206896552,9324.0,339896.0,0.014129907448872967,0.0016274864090672675
NIC,1990,0.22844827586206895,0.15086206896551724,19971.0,228917.0,0.00982572025675474,0.0016083338830862315
NLD,1990,0.1724137931034483,0.3577586206896552,551619.0,239611.0,0.011912598895357517,0.00619178464718857
PER,1990,0.22413793103448276,0.22844827586206895,18219.0,157780.0,0.0,0.0013980828214425194
PHL,1990,0.03879310344827586,0.3620689655172414,43217.0,1229596.0,0.012782131661442007,0.0019116202823282157
PRT,1990,0.5172413793103449,0.2672413793103448,223581.0,751598.0,0.029151085982982536,0.005349899509717434
SUR,1990,0.017241379310344827,0.08620689655172414,4871.0,105873.0,0.004304187192118227,0.000695459981398018
SXM,1990,0.14224137931034483,0.034482758620689655,11419.0,595.0,0.0,0.004215065496832617
TUR,1990,0.1896551724137931,0.3189655172413793,561682.0,845437.0,0.009782243618450516,0.005763141085930005
USA,1990,0.2543103448275862,0.6810344827586207,10485984.0,870689.0,0.5535445588893865,0.12585152391445367
VCT,1990,0.06465517241379311,0.09051724137931035,1920.0,12934.0,0.0,0.0012641973141337606
VEN,1990,0.4870689655172414,0.21551724137931033,507371.0,112495.0,0.06104120017913122,0.007730258319020919
PAK,1990,0.034482758620689655,0.3275862068965517,2941941.0,1189760.0,0.011108281086729363,0.007735141909270178
AFG,1990,0.01293103448275862,0.21982758620689655,22072.0,3480708.0,0.013347327959396926,0.0007405747809921724
TJK,1990,0.15086206896551724,0.10344827586206896,240556.0,280096.0,0.017673253470667265,0.001388855321635003
UZB,1990,0.04310344827586207,0.15086206896551724,888974.0,756748.0,0.0,0.002855660343222808
CIV,1990,0.04310344827586207,0.14224137931034483,727073.0,172729.0,0.022651328556500972,0.01126274463730043
AGO,1990,0.05603448275862069,0.13793103448275862,12588.0,408463.0,0.008543159426780116,0.0009823982648777718
COD,1990,0.030172413793103446,0.19827586206896552,343785.0,197029.0,0.016042879534258845,0.001953629455720511
COG,1990,0.08620689655172414,0.12931034482758622,61442.0,30654.0,0.0,0.0016754157201386397
CPV,1990,0.15086206896551724,0.07758620689655173,3617.0,25595.0,0.004304187192118227,0.000834299686329198
GIN,1990,0.1336206896551724,0.14655172413793102,201249.0,140070.0,0.011260449320794149,0.0029065765228180407
MOZ,1990,0.06896551724137931,0.125,52310.0,937419.0,0.048085161964472316,0.002257185480135238
NAM,1990,0.35344827586206895,0.05603448275862069,55159.0,22333.0,8.695327660844903e-05,0.002447586351767086
RWA,1990,0.021551724137931036,0.10775862068965517,68886.0,291336.0,0.004521570383639349,0.0017044632017504948
STP,1990,0.02586206896551724,0.034482758620689655,2567.0,7064.0,0.0,0.0007083131418867708
TCD,1990,0.04310344827586207,0.09913793103448276,31802.0,165082.0,0.0011521309150619497,0.0016952381481076192
ZAF,1990,0.5129310344827586,0.28879310344827586,313797.0,149930.0,0.050737236901030006,0.01134312259316521
ZMB,1990,0.11637931034482758,0.09913793103448276,132180.0,36870.0,2.1738319152112257e-05,0.002146091553461019
CAN,1990,0.5517241379310345,0.48275862068965514,2160237.0,631436.0,0.02754245036572623,0.04827455713604451
AIA,1990,0.03879310344827586,0.04741379310344827,873.0,1096.0,0.0,0.0012099266431577324
GBR,1990,0.13793103448275862,0.5905172413793104,1507261.0,2017950.0,0.34487843334826096,0.039379401649225675
KNA,1990,0.05603448275862069,0.08620689655172414,769.0,5300.0,0.0,0.0013615066272939932
MSR,1990,0.04310344827586207,0.03879310344827586,801.0,1054.0,0.0,0.0007322170030527515
VIR,1990,0.08620689655172414,0.06034482758620689,23065.0,1189.0,0.02371650619495447,0.005631116614836306
ALB,1990,0.02586206896551724,0.15086206896551724,31240.0,78750.0,0.00423897223466189,0.0014013868222455613
GRC,1990,0.8405172413793104,0.22413793103448276,288101.0,421732.0,0.01836887968353486,0.010905276873435846
ITA,1990,0.6120689655172413,0.4353448275862069,857580.0,1593226.0,0.08343166890580685,0.027043021891112858
MKD,1990,0.08189655172413793,0.12931034482758622,54591.0,202461.0,0.0,0.0013661002023936451
ARG,1990,0.3103448275862069,0.25862068965517243,852762.0,205649.0,0.03821596506941335,0.014844674923466888
AND,1990,0.07758620689655173,0.021551724137931036,17738.0,74.0,0.0,0.0009151266643406218
AUS,1990,0.8318965517241379,0.3922413793103448,1869330.0,129528.0,0.10008322137632483,0.04894094253281649
BEL,1990,0.35344827586206895,0.3017241379310345,447695.0,176027.0,0.006108467681743545,0.009070657798349152
CHE,1990,0.1939655172413793,0.3146551724137931,614022.0,208222.0,0.004304187192118227,0.009757074676746025
CHL,1990,0.40948275862068967,0.21120689655172414,48900.0,191533.0,0.004978075085833707,0.003296942417477404
DEU,1990,0.11206896551724138,0.5258620689655172,2380955.0,2212649.0,0.3169446932377967,0.019709829435296977
DNK,1990,0.7025862068965517,0.22844827586206895,114266.0,58903.0,0.022760020152261532,0.0061492827446502155
ESP,1990,0.17672413793103448,0.35344827586206895,395387.0,708742.0,0.08356209882071952,0.010468801415003998
FRA,1990,0.22413793103448276,0.5689655172413793,2703486.0,766011.0,0.25194711897298105,0.029079912795943626
MAR,1990,0.07758620689655173,0.23275862068965517,20714.0,587447.0,0.0,0.0011640289690169007
SWE,1990,0.23706896551724138,0.2629310344827586,392427.0,61968.0,0.009304000597104047,0.009645511322339637
URY,1990,0.07327586206896551,0.16379310344827586,47943.0,88335.0,0.0,0.0018109371838677338
ARE,1990,0.14224137931034483,0.11206896551724138,373470.0,28667.0,0.00423897223466189,0.0038701167238326725
BGD,1990,0.07327586206896551,0.22413793103448276,356914.0,2095726.0,0.061758564711150925,0.003908693649979968
BHR,1990,0.14224137931034483,0.07758620689655173,52060.0,5930.0,0.0,0.0011350119921044429
EGY,1990,0.3017241379310345,0.2801724137931034,54570.0,458550.0,0.01889059934318555,0.002594034732541819
ERI,1990,0.09051724137931035,0.09482758620689655,5107.0,74806.0,0.0,0.0006790777093638177
ETH,1990,0.030172413793103446,0.1896551724137931,436282.0,818613.0,0.02841198313181072,0.0032412210268052367
IDN,1990,0.06896551724137931,0.2629310344827586,35869.0,696676.0,0.009260523958799822,0.002940604436228055
JOR,1990,0.030172413793103446,0.16379310344827586,464492.0,121565.0,0.00423897223466189,0.007440786409950207
KWT,1990,0.13793103448275862,0.11637931034482758,395460.0,28090.0,0.0,0.004067133021689069
LBN,1990,0.030172413793103446,0.30603448275862066,171519.0,174946.0,0.030085833706523363,0.0026030451294095005
LKA,1990,0.1336206896551724,0.2025862068965517,17430.0,430804.0,0.004304187192118227,0.0007635602385627929
NGA,1990,0.03879310344827586,0.3146551724137931,131499.0,177539.0,0.007238860277653382,0.0022773438733768563
NPL,1990,0.02586206896551724,0.16379310344827586,290714.0,288598.0,0.0049563367666815945,0.002450295642250467
PSE,1990,0.06034482758620689,0.16810344827586207,144433.0,822783.0,0.08136652858635618,0.01456713444717885
QAT,1990,0.14224137931034483,0.07758620689655173,63986.0,5745.0,0.0,0.003397646361854147
SAU,1990,0.08189655172413793,0.16810344827586207,1070682.0,32397.0,0.0001521682340647858,0.008333228804431794
SDN,1990,0.05603448275862069,0.15948275862068964,690339.0,175906.0,0.03645516121809225,0.0052809076891364645
SOM,1990,0.004310344827586207,0.1724137931034483,225139.0,292328.0,0.008608374384236454,0.0014016304026553152
SSD,1990,0.0,0.04310344827586207,0.0,242288.0,0.0,0.0006437768240343349
SYR,1990,0.01293103448275862,0.28879310344827586,121486.0,124278.0,0.0,0.0024481970216436505
THA,1990,0.04741379310344827,0.25862068965517243,95921.0,168903.0,0.01289082325720257,0.0009974606127722409
TUN,1990,0.06465517241379311,0.1724137931034483,16089.0,203302.0,0.0,0.000894143020368265
YEM,1990,0.034482758620689655,0.11206896551724138,39115.0,118653.0,0.0,0.0010013740533710018
ARM,1990,0.05603448275862069,0.15948275862068964,200999.0,411341.0,0.0,0.0011710058861003696
AUT,1990,0.1853448275862069,0.25862068965517243,340058.0,234716.0,0.004760691894312584,0.0037724911842632403
BGR,1990,0.5129310344827586,0.21551724137931033,11049.0,306512.0,0.0,0.0007206700444643929
BOL,1990,0.47844827586206895,0.1336206896551724,35674.0,94501.0,0.0,0.002425248505881679
BRA,1990,0.4267241379310345,0.3232758620689655,362802.0,230327.0,0.023390431407672788,0.006590432646661314
CRI,1990,0.6206896551724138,0.12931034482758622,103029.0,12558.0,0.004934598447529482,0.002505012201356958
CUB,1990,0.15517241379310345,0.25,14918.0,429244.0,0.0,0.0008797685059005325
CYP,1990,0.5775862068965517,0.09913793103448276,23181.0,41796.0,0.0,0.0011113846020355178
CZE,1990,0.05172413793103448,0.1810344827586207,188877.0,303973.0,0.009260523958799822,0.0015144589464067045
DZA,1990,0.08620689655172414,0.23275862068965517,117405.0,690190.0,0.017781945066427825,0.002474022590321673
ECU,1990,0.20689655172413793,0.14224137931034483,41107.0,102477.0,0.00491286012837737,0.0019090686830546164
EST,1990,0.11637931034482758,0.125,210008.0,56509.0,0.0,0.0012171800420314913
GTM,1990,0.21120689655172414,0.14224137931034483,151581.0,142812.0,0.004304187192118227,0.001971804769858988
HND,1990,0.1810344827586207,0.12931034482758622,132804.0,82127.0,0.005151981639050605,0.0019011470935806536
HRV,1990,0.16810344827586207,0.15517241379310345,226078.0,451026.0,0.004891121809225258,0.002053177836657054
HUN,1990,0.521551724137931,0.21120689655172414,185218.0,166046.0,0.0,0.0017219316410209426
IRL,1990,0.11206896551724138,0.22844827586206895,116778.0,503309.0,0.0,0.004223315603638161
IRN,1990,0.030172413793103446,0.25,1918473.0,265727.0,0.006760617256306912,0.0014216598792825522
ISR,1990,0.2543103448275862,0.21982758620689655,840089.0,135096.0,0.06201942454097627,0.01021275311198407
JPN,1990,0.2543103448275862,0.3620689655172414,522215.0,393835.0,0.0003478131064337961,0.004795523916194063
KOR,1990,0.05172413793103448,0.3103448275862069,8476.0,922159.0,0.0,0.000876631998171258
LAO,1990,0.02586206896551724,0.09051724137931035,10732.0,153712.0,0.0,0.0006674574106964623
LTU,1990,0.4267241379310345,0.15086206896551724,177694.0,194347.0,0.0,0.0013096881051361728
MEX,1990,0.3318965517241379,0.21982758620689655,189668.0,1973414.0,0.029520637408568445,0.018086452080485396
MNE,1990,0.125,0.05603448275862069,43832.0,57124.0,0.0,0.0010005954014521371
NOR,1990,0.6853448275862069,0.16810344827586207,91499.0,50515.0,0.0,0.00542517201967851
NZL,1990,0.20689655172413793,0.23275862068965517,261007.0,161986.0,0.0367160210479176,0.01550266037146078
PAN,1990,0.36637931034482757,0.14655172413793102,29508.0,91157.0,0.0,0.0016829062893780862
POL,1990,0.2629310344827586,0.3189655172413793,619458.0,1289207.0,0.04536787207045828,0.004201991462210731
PRI,1990,0.1939655172413793,0.1336206896551724,163820.0,492915.0,0.02897717942976564,0.017737863549158323
PRK,1990,0.08620689655172414,0.10775862068965517,14988.0,15075.0,0.0,0.0007400597744000694
PRY,1990,0.07327586206896551,0.12931034482758622,90230.0,186467.0,0.0015868972981041948,0.0037083329325741854
ROU,1990,0.10344827586206896,0.2672413793103448,73588.0,522868.0,0.004282448872966115,0.0010534690672578113
RUS,1990,0.1810344827586207,0.40086206896551724,5840598.0,7110543.0,0.15079871995820274,0.019541145864557383
SEN,1990,0.09051724137931035,0.20689655172413793,112018.0,132929.0,0.0670409762651142,0.004796060929862563
SLV,1990,0.2025862068965517,0.14655172413793102,25030.0,491101.0,0.017086318853560233,0.0016598322198646722
SRB,1990,0.16810344827586207,0.14224137931034483,554815.0,187152.0,0.01715153381101657,0.003909043585306333
SVK,1990,0.3448275862068966,0.14655172413793102,23079.0,172666.0,0.0,0.0007974812489248415
SVN,1990,0.3017241379310345,0.11206896551724138,86779.0,68171.0,0.0,0.0013256169549342503
TWN,1990,0.09913793103448276,0.06896551724137931,43825.0,193368.0,0.0,0.0013099460909700013
UKR,1990,0.12931034482758622,0.3017241379310345,3688195.0,2844253.0,0.04247667562322735,0.010238370726053103
AZE,1990,0.08189655172413793,0.12931034482758622,190370.0,688434.0,0.0,0.0011472338256646299
GEO,1990,0.08189655172413793,0.12931034482758622,165034.0,549088.0,0.00856489774593223,0.0011168915869260718
KAZ,1990,0.11637931034482758,0.14655172413793102,1603941.0,1652378.0,0.006695402298850575,0.0051904745036302205
TKM,1990,0.04741379310344827,0.09913793103448276,171474.0,138003.0,0.0,0.0011114610123080563
ASM,1990,0.03879310344827586,0.021551724137931036,9723.0,502.0,0.0,0.0013191690018993013
FJI,1990,0.06034482758620689,0.09913793103448276,5675.0,34026.0,0.018347141364382744,0.001626598846297135
TKL,1990,0.017241379310344827,0.017241379310344827,109.0,142.0,0.0,0.0006589530588952496
TON,1990,0.021551724137931036,0.04310344827586207,416.0,10202.0,0.0,0.0006574095937832142
WSM,1990,0.09051724137931035,0.05603448275862069,1470.0,33263.0,0.009912673533363189,0.0020638568597098677
ATG,1990,0.22844827586206895,0.09051724137931035,5825.0,4071.0,4.3476638304224514e-05,0.0019486372221332409
BHS,1990,0.28879310344827586,0.09913793103448276,12256.0,1057.0,0.0049563367666815945,0.0023276160099304395
BLZ,1990,0.06465517241379311,0.07327586206896551,13556.0,1958.0,0.0,0.0008917216298980678
BMU,1990,0.15086206896551724,0.04310344827586207,7800.0,212.0,0.0,0.0010919929862681014
BRB,1990,0.06034482758620689,0.12068965517241378,11041.0,11032.0,0.0,0.001401371402398323
GHA,1990,0.1853448275862069,0.19827586206896552,75762.0,183129.0,0.00982572025675474,0.0017350090864394882
GLP,1990,0.10344827586206896,0.04310344827586207,31153.0,4142.0,8.695327660844903e-05,0.004576231688017767
GUF,1990,0.06896551724137931,0.04310344827586207,27250.0,1662.0,0.00982572025675474,0.003707083020913486
LCA,1990,0.24137931034482757,0.09913793103448276,1908.0,7747.0,0.0,0.0011391754333224832
MTQ,1990,0.06465517241379311,0.05172413793103448,18979.0,5330.0,0.004978075085833707,0.004693253706775652
TCA,1990,0.02586206896551724,0.01293103448275862,2162.0,1275.0,0.0,0.001442248474180913
TTO,1990,0.06896551724137931,0.14655172413793102,25014.0,99561.0,0.009282262277951933,0.0020617784120116308
VGB,1990,0.09051724137931035,0.05603448275862069,3657.0,2192.0,0.0,0.0010888485909497912
BDI,1990,0.030172413793103446,0.09913793103448276,139444.0,168590.0,6.521495745633678e-05,0.001617403566854692
BEN,1990,0.04310344827586207,0.10344827586206896,32747.0,101879.0,8.695327660844903e-05,0.001208096674449332
BFA,1990,0.034482758620689655,0.07758620689655173,170316.0,408662.0,0.009260523958799822,0.007956323091611196
BIH,1990,0.05603448275862069,0.12068965517241378,28628.0,576745.0,0.0,0.0009284171650947331
BLR,1990,0.22413793103448276,0.14224137931034483,676895.0,959003.0,0.0,0.0025505049596608945
BRN,1990,0.08189655172413793,0.034482758620689655,30984.0,15287.0,0.0,0.0009045900940572171
BTN,1990,0.09913793103448276,0.030172413793103446,3988.0,14018.0,0.0,0.0006711680535717053
BWA,1990,0.13793103448275862,0.05603448275862069,10305.0,6405.0,0.0,0.0010226760594033769
CAF,1990,0.09051724137931035,0.05603448275862069,27049.0,17651.0,0.0,0.0011946552162397698
CMR,1990,0.01293103448275862,0.15086206896551724,98345.0,43114.0,0.013151683087027915,0.0017272379159843398
COK,1990,0.04310344827586207,0.02586206896551724,1121.0,9232.0,0.0,0.0007867538303123331
CYM,1990,0.22413793103448276,0.030172413793103446,4693.0,60.0,0.0,0.0008764233839112128
DJI,1990,0.01293103448275862,0.034482758620689655,54742.0,853.0,0.0,0.0008620629599350616
FIN,1990,0.5258620689655172,0.1810344827586207,28042.0,150962.0,0.004847645170921034,0.0028843271404432698
FLK,1990,0.030172413793103446,0.008620689655172414,355.0,149.0,0.0,0.0007530282020153774
GAB,1990,0.14224137931034483,0.07758620689655173,53824.0,7152.0,0.0049563367666815945,0.0021273376588805074
GIB,1990,0.01293103448275862,0.017241379310344827,3648.0,256.0,0.0,0.0006901187042953727
GMB,1990,0.030172413793103446,0.07758620689655173,50543.0,6713.0,0.0,0.00207707029509929
GUM,1990,0.04741379310344827,0.02586206896551724,29203.0,869.0,0.019716655470965818,0.008528370863845936
HKG,1990,0.125,0.11637931034482758,965196.0,261448.0,0.009695290341842067,0.0054749197269890965
IMN,1990,0.034482758620689655,0.008620689655172414,17531.0,350.0,0.0,0.0014985706469774957
IRQ,1990,0.09482758620689655,0.21982758620689655,19098.0,278825.0,0.0,0.0009857981373523218
ISL,1990,0.47844827586206895,0.08620689655172414,5336.0,3476.0,0.0,0.0010035752843226284
KEN,1990,0.05172413793103448,0.16810344827586207,92201.0,117898.0,0.032477048813255714,0.0028231933981863787
KGZ,1990,0.09913793103448276,0.09482758620689655,354185.0,316771.0,0.0,0.0016445421769682186
KHM,1990,0.11206896551724138,0.10344827586206896,16648.0,133391.0,0.008586636065084342,0.0007067165809396638
KIR,1990,0.030172413793103446,0.034482758620689655,865.0,2113.0,4.3476638304224514e-05,0.0015639720921856073
LBR,1990,0.10775862068965517,0.09913793103448276,31437.0,269781.0,0.0,0.0017242577257169864
LBY,1990,0.3706896551724138,0.14655172413793102,214368.0,39337.0,0.0021520935960591134,0.006976092731157311
LSO,1990,0.06465517241379311,0.04741379310344827,2258.0,23916.0,0.0,0.0007663101013358184
LUX,1990,0.3318965517241379,0.10344827586206896,57518.0,16213.0,0.0,0.001801770445326797
LVA,1990,0.40948275862068967,0.14224137931034483,355207.0,95682.0,0.0,0.001597124863530793
MAC,1990,0.021551724137931036,0.04310344827586207,102199.0,35286.0,0.0,0.0009951232140006702
MCO,1990,0.008620689655172414,0.03879310344827586,6143.0,7960.0,0.0,0.0008125195011049846
MDA,1990,0.1336206896551724,0.15086206896551724,296925.0,339888.0,0.00856489774593223,0.0014639880674792204
MDG,1990,0.017241379310344827,0.09051724137931035,7738.0,43134.0,0.008630112703388567,0.001026550131990246
MDV,1990,0.09482758620689655,0.02586206896551724,3798.0,367.0,0.0,0.0006663441240024935
MLT,1990,0.35344827586206895,0.06896551724137931,8004.0,31511.0,0.0,0.0014331839838858387
MMR,1990,0.017241379310344827,0.10775862068965517,54732.0,262396.0,0.00021738319152112256,0.0008374214181607481
MNG,1990,0.11637931034482758,0.08189655172413793,2972.0,38822.0,0.0,0.0006681048379832383
MUS,1990,0.09051724137931035,0.09051724137931035,1624.0,34603.0,0.0,0.000683854890279608
MWI,1990,0.05172413793103448,0.06465517241379311,562937.0,52855.0,0.0,0.00223494145327039
MYS,1990,0.06034482758620689,0.1939655172413793,330980.0,347018.0,0.005065028362442156,0.0030885113994904654
NCL,1990,0.06896551724137931,0.021551724137931036,15671.0,2115.0,0.014195122406329305,0.00446094186300242
NIU,1990,0.030172413793103446,0.017241379310344827,190.0,2913.0,0.0,0.0006708717811856721
NRU,1990,0.034482758620689655,0.017241379310344827,1199.0,743.0,0.004304187192118227,0.0012160059841255595
OMN,1990,0.04310344827586207,0.06034482758620689,83422.0,5366.0,0.0,0.0010859622865525176
PNG,1990,0.09051724137931035,0.03879310344827586,13620.0,13818.0,0.0042607105538140025,0.002841825999232766
PYF,1990,0.08189655172413793,0.030172413793103446,8786.0,1505.0,0.0,0.0025760445728119415
REU,1990,0.021551724137931036,0.034482758620689655,20003.0,1730.0,0.0049563367666815945,0.0020782807491634475
SGP,1990,0.04310344827586207,0.16810344827586207,377769.0,84171.0,0.008456206150171668,0.003565516577514705
SLB,1990,0.06465517241379311,0.034482758620689655,1727.0,1198.0,0.0,0.0012548280281081577
SLE,1990,0.11637931034482758,0.09913793103448276,98776.0,21341.0,0.0001521682340647858,0.0022399897089052778
SWZ,1990,0.04310344827586207,0.05172413793103448,31601.0,9559.0,0.0,0.0014209999568207286
SYC,1990,0.10775862068965517,0.04741379310344827,1138.0,5383.0,0.0,0.0006742821284297895
TGO,1990,0.12931034482758622,0.09913793103448276,34517.0,93984.0,0.0,0.001247985722903049
TUV,1990,0.021551724137931036,0.03879310344827586,112.0,571.0,0.0,0.0006862210034625123
TZA,1990,0.11637931034482758,0.14655172413793102,288452.0,92002.0,0.03593344155844156,0.0037098876367544073
UGA,1990,0.04741379310344827,0.11637931034482758,242906.0,122324.0,0.04606349828332587,0.0036200950655131178
VNM,1990,0.021551724137931036,0.24137931034482757,18109.0,540991.0,0.004304187192118227,0.0007208614116572924
VUT,1990,0.03879310344827586,0.04741379310344827,711.0,2517.0,0.0,0.0009346008923401013
ZWE,1990,0.02586206896551724,0.125,265830.0,107017.0,0.05536749888042992,0.0031478995585909287
MRT,1990,0.15086206896551724,0.08620689655172414,53326.0,53172.0,0.04080282504851471,0.0021900624465929423
NER,1990,0.05603448275862069,0.11206896551724138,55363.0,52598.0,0.004391140468726676,0.0013937619490803012
MLI,1990,0.09913793103448276,0.1336206896551724,70244.0,244654.0,0.03845508658008658,0.0036511420515651016
SMR,1990,0.03879310344827586,0.017241379310344827,1529.0,1624.0,0.0,0.000667217504338011
LIE,1990,0.12068965517241378,0.01293103448275862,4930.0,8.0,0.0,0.0007569767684102325
GNB,1990,0.04741379310344827,0.06465517241379311,7340.0,24108.0,0.0,0.0009344367620050819
CHI,1990,0.017241379310344827,0.01293103448275862,31989.0,143.0,0.0,0.0011540981129893682
VAT,1990,0.0,0.004310344827586207,0.0,10.0,0.0,0.0006437768240343349
GNQ,1990,0.02586206896551724,0.034482758620689655,1071.0,14139.0,0.0,0.0006893294109867518
COM,1990,0.021551724137931036,0.04741379310344827,6617.0,13361.0,0.004304187192118227,0.0012320181246210792
TLS,1990,0.06465517241379311,0.01293103448275862,3986.0,13114.0,0.0,0.0007409597124993118
GRL,1990,0.05603448275862069,0.034482758620689655,2767.0,6191.0,0.0,0.0008913412549063371
SPM,1990,0.01293103448275862,0.017241379310344827,475.0,28.0,0.0,0.0006678548342887391
FRO,1990,0.08189655172413793,0.021551724137931036,1782.0,4809.0,0.0,0.0008110549127517895
SHN,1990,0.008620689655172414,0.017241379310344827,60.0,71.0,0.0,0.0006453923194350722
WLF,1990,0.021551724137931036,0.021551724137931036,664.0,2880.0,0.0,0.0014338771598281703
ESH,1990,0.030172413793103446,0.008620689655172414,1175.0,75518.0,0.0,0.0006764901572398417
FSM,1990,0.05172413793103448,0.017241379310344827,533.0,2357.0,0.0,0.0014123984627724805
MHL,1990,0.02586206896551724,0.01293103448275862,395.0,151.0,0.0,0.0007065348920271021
MNP,1990,0.05172413793103448,0.017241379310344827,11606.0,1178.0,0.004934598447529482,0.006578075735220929
PLW,1990,0.034482758620689655,0.021551724137931036,960.0,1586.0,0.004282448872966115,0.001407224484366779
MYT,1990,0.01293103448275862,0.008620689655172414,5243.0,849.0,0.0,0.000997997529969109
BES,1995,0.0,0.034482758620689655,0.0,1676.0,0.0,0.0006437768240343349
ABW,1995,0.09482758620689655,0.06465517241379311,10622.0,2730.0,0.0,0.0025421099604783313
CHN,1995,0.41810344827586204,0.5905172413793104,221186.0,2283631.0,0.08793150097029408,0.00619196984936778
COL,1995,0.23275862068965517,0.22844827586206895,50217.0,625909.0,0.017738468428123603,0.003537790225640329
CUW,1995,0.1853448275862069,0.04741379310344827,24672.0,1895.0,0.009847458575906853,0.004172483988211673
DMA,1995,0.14224137931034483,0.12068965517241378,1297.0,11357.0,0.004282448872966115,0.0008318524122860558
DOM,1995,0.3793103448275862,0.22413793103448276,123951.0,392955.0,0.014129907448872967,0.004473597190450364
GRD,1995,0.06465517241379311,0.09913793103448276,1829.0,13415.0,0.0,0.000742801671047715
GUY,1995,0.06896551724137931,0.15948275862068964,2618.0,139706.0,0.0,0.0007433777974398685
HTI,1995,0.09051724137931035,0.17672413793103448,7454.0,325984.0,0.012847346618898345,0.0008958840436144326
IND,1995,0.1724137931034483,0.5086206896551724,3244800.0,2741426.0,0.10556127780265712,0.013550029257093792
JAM,1995,0.09051724137931035,0.19827586206896552,10240.0,460978.0,0.01415164576802508,0.001731315256200898
NIC,1995,0.22844827586206895,0.15086206896551724,12771.0,258493.0,0.0,0.0012970447942474437
NLD,1995,0.1724137931034483,0.3620689655172414,589776.0,249236.0,0.004978075085833707,0.006221479765001311
PER,1995,0.22413793103448276,0.22844827586206895,22075.0,255400.0,0.0,0.0014796250718631808
PHL,1995,0.03879310344827586,0.3793103448275862,42338.0,1547919.0,0.00856489774593223,0.0020736859568325464
PRT,1995,0.5301724137931034,0.2801724137931034,270916.0,733588.0,0.04473746081504702,0.00633766165171797
SUR,1995,0.017241379310344827,0.09051724137931035,5994.0,113544.0,0.004325925511270339,0.0006944924803278729
SXM,1995,0.14224137931034483,0.034482758620689655,11419.0,702.0,0.0,0.0041328527466535404
TUR,1995,0.1896551724137931,0.3232758620689655,597427.0,1093074.0,0.009782243618450516,0.005663276114566435
USA,1995,0.2543103448275862,0.6810344827586207,13844114.0,931064.0,0.5468056799522317,0.13341210738858245
VCT,1995,0.06465517241379311,0.09913793103448276,1998.0,13678.0,0.0,0.0011895068353564044
VEN,1995,0.4870689655172414,0.22413793103448276,505958.0,125699.0,0.05625876996566652,0.00677533896748196
PAK,1995,0.034482758620689655,0.3318965517241379,1716493.0,1140275.0,0.006999738766980147,0.005409185113310247
AFG,1995,0.01293103448275862,0.23275862068965517,24303.0,1888242.0,0.00491286012837737,0.0007399521775456865
TJK,1995,0.15086206896551724,0.11206896551724138,196182.0,270397.0,0.008869234214061801,0.0012651140874076923
UZB,1995,0.04310344827586207,0.16810344827586207,813038.0,843586.0,0.0,0.0028121154012661197
CIV,1995,0.04310344827586207,0.15086206896551724,793527.0,212437.0,0.03462914240931483,0.01062600251832576
AGO,1995,0.05603448275862069,0.14224137931034483,15688.0,328987.0,0.00856489774593223,0.000986844100910626
COD,1995,0.030172413793103446,0.2025862068965517,864497.0,255121.0,0.020760094790267206,0.0028891084018236347
COG,1995,0.09051724137931035,0.14224137931034483,92939.0,42513.0,4.3476638304224514e-05,0.0019518244518436176
CPV,1995,0.15086206896551724,0.09051724137931035,4374.0,32157.0,0.004304187192118227,0.0008411493484823074
GIN,1995,0.125,0.15086206896551724,386368.0,143124.0,0.016412430959844754,0.0034658299886678734
MOZ,1995,0.06896551724137931,0.125,71632.0,299917.0,0.024216487535453055,0.0026640088229441805
NAM,1995,0.34913793103448276,0.06034482758620689,52374.0,18789.0,0.0,0.002170077167255178
RWA,1995,0.021551724137931036,0.12931034482758622,98493.0,1064922.0,0.027412020450813555,0.002023271504735461
STP,1995,0.02586206896551724,0.034482758620689655,2332.0,9881.0,0.0,0.0007022994598438271
TCD,1995,0.04310344827586207,0.10775862068965517,38668.0,107829.0,0.002043402000298552,0.0016443688990804828
ZAF,1995,0.5129310344827586,0.29310344827586204,332184.0,179802.0,0.05341105015673982,0.01001531315933719
ZMB,1995,0.125,0.10775862068965517,113792.0,60486.0,0.000586934617107031,0.0017278057269645103
CAN,1995,0.5560344827586207,0.4870689655172414,2441105.0,734410.0,0.045824376772652636,0.047981666431135314
AIA,1995,0.03879310344827586,0.04741379310344827,1148.0,1066.0,0.0,0.0013392760553135523
GBR,1995,0.14224137931034483,0.5905172413793104,1681842.0,2061686.0,0.3371830683684132,0.042234440662522896
KNA,1995,0.05603448275862069,0.09051724137931035,1005.0,5814.0,0.0,0.0015231486531223305
MSR,1995,0.04310344827586207,0.03879310344827586,643.0,1178.0,0.0,0.0007168701762614208
VIR,1995,0.08620689655172414,0.06034482758620689,25642.0,1380.0,0.02880327287654874,0.006083500304811426
ALB,1995,0.02586206896551724,0.15086206896551724,33564.0,171986.0,0.025172973578145994,0.001435227919868218
GRC,1995,0.8836206896551724,0.23275862068965517,412846.0,411285.0,0.03869420809075982,0.010321756202669929
ITA,1995,0.6120689655172413,0.4396551724137931,976532.0,1517819.0,0.04306361024033438,0.025421666563409048
MKD,1995,0.08189655172413793,0.14224137931034483,62929.0,206508.0,0.02108616957754889,0.0011305928519257766
ARG,1995,0.3103448275862069,0.25862068965517243,838525.0,228854.0,0.03193359083445291,0.013524747996496255
AND,1995,0.07758620689655173,0.021551724137931036,18680.0,146.0,0.0,0.000949609815935952
AUS,1995,0.8318965517241379,0.39655172413793105,2064015.0,144982.0,0.1048004366323332,0.050526051976847425
BEL,1995,0.35344827586206895,0.30603448275862066,479121.0,170656.0,0.008325776235258995,0.008853838317289427
CHE,1995,0.1939655172413793,0.3146551724137931,644633.0,219717.0,0.004304187192118227,0.009565874835108972
CHL,1995,0.40948275862068967,0.21120689655172414,61270.0,197050.0,0.004978075085833707,0.0034133362466642154
DEU,1995,0.11637931034482758,0.521551724137931,3084232.0,2765859.0,0.34109596581579343,0.022224662350132006
DNK,1995,0.7241379310344828,0.23275862068965517,145638.0,56082.0,0.03256400208986416,0.00625819657916077
ESP,1995,0.2025862068965517,0.3577586206896552,552277.0,642192.0,0.07799708911777878,0.011316771628004903
FRA,1995,0.22413793103448276,0.5689655172413793,2740657.0,873309.0,0.2792069711897298,0.028833986207661266
MAR,1995,0.07758620689655173,0.23275862068965517,19297.0,684137.0,0.0,0.0010681107614559197
SWE,1995,0.23706896551724138,0.2629310344827586,423162.0,65226.0,0.004891121809225258,0.009505254706961133
URY,1995,0.07327586206896551,0.16379310344827586,45715.0,94395.0,0.0,0.0017405003891300134
ARE,1995,0.14224137931034483,0.12068965517241378,489906.0,32657.0,0.004217233915509778,0.003940906690129262
BGD,1995,0.07327586206896551,0.22413793103448276,384179.0,2130274.0,0.06821484549932827,0.004613801674290286
BHR,1995,0.14224137931034483,0.08189655172413793,60669.0,10601.0,0.0,0.0011237538968533315
EGY,1995,0.30603448275862066,0.28448275862068967,61675.0,493535.0,0.04102020824003583,0.0023203468941071156
ERI,1995,0.09051724137931035,0.12068965517241378,5162.0,175581.0,0.0,0.0006908212917985086
ETH,1995,0.04741379310344827,0.19827586206896552,235040.0,377670.0,0.014803795342588447,0.001880008060276861
IDN,1995,0.06034482758620689,0.2672413793103448,40675.0,867764.0,0.009282262277951933,0.003001695050445805
JOR,1995,0.034482758620689655,0.1724137931034483,638829.0,131430.0,0.0041085423197492164,0.007004497695471831
KWT,1995,0.13793103448275862,0.12068965517241378,325493.0,28817.0,0.0,0.002983461342345427
LBN,1995,0.030172413793103446,0.30603448275862066,188018.0,177670.0,0.016042879534258845,0.00219569944176994
LKA,1995,0.17672413793103448,0.21551724137931033,17434.0,355757.0,0.0,0.0008292967287511178
NGA,1995,0.03879310344827586,0.3189655172413793,160000.0,205500.0,0.009217047320495598,0.0022532186803333474
NPL,1995,0.02586206896551724,0.17672413793103448,451329.0,320433.0,0.0049563367666815945,0.002815233516824814
PSE,1995,0.06034482758620689,0.16379310344827586,141852.0,1059335.0,0.09921368861024034,0.012660527530346237
QAT,1995,0.14224137931034483,0.08189655172413793,90472.0,5699.0,0.0,0.0036878253037145444
SAU,1995,0.08189655172413793,0.1724137931034483,1191538.0,37690.0,2.1738319152112257e-05,0.007660375903650444
SDN,1995,0.06034482758620689,0.1810344827586207,511283.0,253712.0,0.0670192379459621,0.004269405613823853
SOM,1995,0.004310344827586207,0.19827586206896552,8554.0,373925.0,0.004304187192118227,0.0006799727431664301
SSD,1995,0.0,0.04310344827586207,0.0,130497.0,0.0,0.0006437768240343349
SYR,1995,0.021551724137931036,0.3017241379310345,145382.0,142775.0,0.0,0.00210935679197134
THA,1995,0.05172413793103448,0.2629310344827586,90174.0,245134.0,0.01289082325720257,0.0009763767552235172
TUN,1995,0.06465517241379311,0.16810344827586207,15835.0,210417.0,0.0,0.0008413287095786335
YEM,1995,0.034482758620689655,0.12068965517241378,44060.0,147634.0,0.0,0.0008578092516482194
ARM,1995,0.05603448275862069,0.17672413793103448,315854.0,471493.0,0.0,0.0012911530027943003
AUT,1995,0.1853448275862069,0.25862068965517243,407097.0,226507.0,0.009695290341842067,0.0037865837357419063
BGR,1995,0.5948275862068966,0.21982758620689655,17590.0,344540.0,0.0,0.0007993197978758424
BOL,1995,0.6379310344827586,0.13793103448275862,40213.0,116005.0,0.0,0.002332200507867379
BRA,1995,0.4353448275862069,0.3232758620689655,337849.0,325079.0,0.02843372145096283,0.006160450003875526
CRI,1995,0.5862068965517241,0.12931034482758622,99149.0,12489.0,0.0,0.0020825526597783453
CUB,1995,0.15517241379310345,0.25,11785.0,473439.0,0.0,0.0008294482551575172
CYP,1995,0.5775862068965517,0.09482758620689655,34138.0,37165.0,0.0,0.001283617435298109
CZE,1995,0.07758620689655173,0.1853448275862069,193560.0,336975.0,0.009260523958799822,0.0016102449930376535
DZA,1995,0.08620689655172414,0.23275862068965517,113178.0,684358.0,0.013260374682788477,0.002090570985598653
ECU,1995,0.20689655172413793,0.15086206896551724,44492.0,164640.0,0.0,0.001915261330913945
EST,1995,0.11637931034482758,0.13793103448275862,179219.0,57386.0,0.0,0.001175865729580955
GTM,1995,0.21120689655172414,0.13793103448275862,89241.0,195300.0,0.004347663830422451,0.0015625817734908822
HND,1995,0.1810344827586207,0.1336206896551724,73319.0,129534.0,0.009260523958799822,0.0016471360904004495
HRV,1995,0.21982758620689655,0.16810344827586207,336475.0,569515.0,0.008651851022540678,0.0019750006987588374
HUN,1995,0.6767241379310345,0.21120689655172414,170181.0,161480.0,0.0,0.0019203074569112868
IRL,1995,0.11206896551724138,0.23275862068965517,126841.0,492614.0,0.0,0.00434615968473349
IRN,1995,0.030172413793103446,0.2629310344827586,1321337.0,300430.0,0.007151907001044932,0.0015624625716258622
ISR,1995,0.2543103448275862,0.22413793103448276,929095.0,165469.0,0.0888662486938349,0.010554435315081065
JPN,1995,0.2543103448275862,0.3620689655172414,669524.0,497008.0,0.008977925809822361,0.006248796320386479
KOR,1995,0.06034482758620689,0.3146551724137931,22125.0,972005.0,0.0,0.0010425580289417152
LAO,1995,0.02586206896551724,0.09482758620689655,10201.0,182215.0,0.0,0.0006631499538019572
LTU,1995,0.40948275862068967,0.16810344827586207,137819.0,176518.0,0.0,0.0012035598986957765
MEX,1995,0.3318965517241379,0.22413793103448276,220581.0,3231673.0,0.02312957157784744,0.02083325035345978
MNE,1995,0.125,0.06465517241379311,43832.0,57470.0,0.0,0.0009265664432821308
NOR,1995,0.7672413793103449,0.17672413793103448,113202.0,47524.0,0.0,0.0057594649456271
NZL,1995,0.20689655172413793,0.24568965517241378,287351.0,187238.0,0.04158540453799075,0.015974508192030012
PAN,1995,0.36637931034482757,0.14655172413793102,33929.0,84390.0,0.0,0.001718606382736032
POL,1995,0.2629310344827586,0.3146551724137931,535767.0,1426882.0,0.04756344230482162,0.003859365342267761
PRI,1995,0.1939655172413793,0.12931034482758622,172276.0,554627.0,0.0340422077922078,0.017719575347643544
PRK,1995,0.08620689655172414,0.11637931034482758,15500.0,15449.0,0.0,0.000742955163462299
PRY,1995,0.07327586206896551,0.12931034482758622,86147.0,199280.0,0.0002608598298253471,0.0030522826065071075
ROU,1995,0.12068965517241378,0.27586206896551724,64755.0,618081.0,0.004304187192118227,0.001024284234592709
RUS,1995,0.1810344827586207,0.41810344827586204,5979233.0,5932374.0,0.16508079564114048,0.01826703840613098
SEN,1995,0.10775862068965517,0.20689655172413793,120225.0,130237.0,0.07310596730855352,0.0035962353637862795
SLV,1995,0.2025862068965517,0.15086206896551724,20887.0,536958.0,0.008695327660844902,0.0013410865948240737
SRB,1995,0.16810344827586207,0.15086206896551724,671474.0,219118.0,0.022020917301089717,0.0033348812363396003
SVK,1995,0.4051724137931034,0.15948275862068964,38765.0,181145.0,0.0,0.0009521493547896482
SVN,1995,0.3017241379310345,0.125,82413.0,73900.0,0.0,0.0011577134031288776
TWN,1995,0.09913793103448276,0.06896551724137931,103536.0,215651.0,0.0,0.0013374594989091076
UKR,1995,0.12931034482758622,0.3146551724137931,3291422.0,2904510.0,0.050432900432900434,0.009762367506957876
AZE,1995,0.07758620689655173,0.14655172413793102,286283.0,749004.0,2.1738319152112257e-05,0.001347625359660819
GEO,1995,0.08189655172413793,0.14224137931034483,84729.0,515165.0,0.0042607105538140025,0.0008838075027794239
KAZ,1995,0.11637931034482758,0.16379310344827586,1103086.0,1711482.0,0.007434505150022392,0.004120267538736435
TKM,1995,0.04741379310344827,0.10775862068965517,140806.0,136585.0,0.0,0.001026765643640598
ASM,1995,0.04310344827586207,0.021551724137931036,10672.0,758.0,0.0,0.0013191492488733342
FJI,1995,0.06034482758620689,0.10344827586206896,5518.0,40909.0,0.018325403045230632,0.0015592977511351773
TKL,1995,0.017241379310344827,0.017241379310344827,109.0,170.0,0.0,0.0006566941696364484
TON,1995,0.021551724137931036,0.05172413793103448,456.0,12239.0,0.0,0.0006566187262888067
VNM,1995,0.021551724137931036,0.23275862068965517,21113.0,670059.0,0.004325925511270339,0.0007354125894736861
WSM,1995,0.09051724137931035,0.06465517241379311,2101.0,35807.0,0.0049563367666815945,0.002079849056831445
ATG,1995,0.22844827586206895,0.09051724137931035,9219.0,4305.0,2.1738319152112257e-05,0.0022478735001163703
BHS,1995,0.28879310344827586,0.10775862068965517,14545.0,1058.0,0.0049563367666815945,0.0020813144391658876
BLZ,1995,0.06465517241379311,0.09051724137931035,15460.0,1977.0,0.0,0.0008557046437049152
BMU,1995,0.15086206896551724,0.04741379310344827,8241.0,230.0,0.0,0.0010904200730250599
BRB,1995,0.06034482758620689,0.12931034482758622,11855.0,10901.0,0.00491286012837737,0.0014181220421359858
GHA,1995,0.1853448275862069,0.19827586206896552,119997.0,187893.0,0.00943443051201672,0.0017612844802653057
GLP,1995,0.10344827586206896,0.03879310344827586,35949.0,4727.0,8.695327660844903e-05,0.005508272330580898
GUF,1995,0.06896551724137931,0.04741379310344827,31500.0,1826.0,0.00982572025675474,0.0040451201730325155
LCA,1995,0.22844827586206895,0.09482758620689655,2524.0,8732.0,0.0,0.0012404520434089604
MTQ,1995,0.06465517241379311,0.04741379310344827,23595.0,6363.0,0.004978075085833707,0.005709528376559127
TCA,1995,0.02586206896551724,0.01293103448275862,2848.0,802.0,0.0,0.0012061099275941236
TTO,1995,0.06896551724137931,0.15086206896551724,22759.0,100635.0,0.009282262277951933,0.0018682266370651246
VGB,1995,0.09051724137931035,0.05172413793103448,4410.0,2241.0,0.0,0.0011768221827437495
BDI,1995,0.030172413793103446,0.11637931034482758,109810.0,270319.0,0.0,0.001168797793324538
BEN,1995,0.04310344827586207,0.11206896551724138,44531.0,120695.0,4.3476638304224514e-05,0.0012430282920665964
BFA,1995,0.034482758620689655,0.08189655172413793,226665.0,460862.0,0.008390991192715332,0.007758836049984484
BIH,1995,0.05603448275862069,0.1336206896551724,35672.0,889151.0,0.0,0.0009220964957925039
BLR,1995,0.23706896551724138,0.15948275862068964,642892.0,930250.0,0.0,0.0025556333174117027
BRN,1995,0.08189655172413793,0.034482758620689655,36528.0,21946.0,0.0,0.0009104074898068953
BTN,1995,0.09913793103448276,0.03879310344827586,4686.0,57784.0,0.0,0.0006712998828131925
BWA,1995,0.14224137931034483,0.06465517241379311,14628.0,4997.0,0.0,0.0010775586878700263
CAF,1995,0.09913793103448276,0.06465517241379311,36014.0,19331.0,0.0,0.0012082907508793653
CMR,1995,0.01293103448275862,0.15517241379310345,91753.0,51903.0,0.008347514554411108,0.0017586117607236473
COK,1995,0.04310344827586207,0.02586206896551724,1164.0,8886.0,0.0,0.0007765169818381558
CYM,1995,0.23275862068965517,0.02586206896551724,6295.0,62.0,0.0,0.0009794372069801122
DJI,1995,0.01293103448275862,0.03879310344827586,44657.0,9991.0,0.0,0.0007296382536986038
FIN,1995,0.6724137931034483,0.1896551724137931,29866.0,146575.0,0.004847645170921034,0.002611747164326065
FLK,1995,0.030172413793103446,0.008620689655172414,343.0,316.0,0.0,0.0007477364842943389
GAB,1995,0.14224137931034483,0.09051724137931035,72032.0,8304.0,0.0049563367666815945,0.0021713910944740353
GIB,1995,0.01293103448275862,0.02586206896551724,3606.0,259.0,0.0,0.0006957790223011293
GMB,1995,0.030172413793103446,0.08620689655172414,67207.0,7634.0,0.0,0.002133224342904077
GUM,1995,0.04741379310344827,0.02586206896551724,31708.0,956.0,0.014782057023436336,0.008390550247466488
HKG,1995,0.125,0.11637931034482758,1077570.0,310965.0,0.007738841618151963,0.005729967126842482
IMN,1995,0.034482758620689655,0.008620689655172414,18459.0,357.0,0.0049563367666815945,0.0015927865171996812
IRQ,1995,0.09482758620689655,0.22844827586206895,70811.0,295008.0,0.004586785341095686,0.0013705444874742923
ISL,1995,0.5431034482758621,0.09482758620689655,7011.0,4477.0,0.0,0.001037903592501878
KEN,1995,0.05603448275862069,0.1724137931034483,247972.0,126338.0,0.04906338632631736,0.0037835130962385055
KGZ,1995,0.09913793103448276,0.10344827586206896,294908.0,312352.0,0.0,0.0015001751191091035
KHM,1995,0.11206896551724138,0.09913793103448276,44200.0,131309.0,0.008630112703388567,0.0007723838901199444
KIR,1995,0.030172413793103446,0.04310344827586207,876.0,2080.0,0.00010869159576056128,0.0014878426905780054
LBR,1995,0.10775862068965517,0.11206896551724138,88200.0,288282.0,0.0005217196596506942,0.0018895239289491092
LBY,1995,0.3706896551724138,0.15086206896551724,207135.0,40311.0,0.0009782243618450515,0.00517453877911976
LSO,1995,0.06465517241379311,0.05172413793103448,1977.0,29484.0,0.0,0.0007303288140945007
LUX,1995,0.3275862068965517,0.11206896551724138,63653.0,16549.0,0.0,0.0018583002181714271
LVA,1995,0.40948275862068967,0.15517241379310345,303877.0,98620.0,0.0,0.001554542709483872
MAC,1995,0.021551724137931036,0.034482758620689655,114051.0,38467.0,0.0,0.0009992789473116585
MCO,1995,0.008620689655172414,0.04741379310344827,6106.0,7942.0,0.0,0.0007906110612232858
MDA,1995,0.1336206896551724,0.16810344827586207,208294.0,314848.0,0.008608374384236454,0.00122082928103588
MDG,1995,0.017241379310344827,0.09913793103448276,6790.0,53257.0,0.008586636065084342,0.0008808950297571658
MDV,1995,0.09482758620689655,0.02586206896551724,8925.0,346.0,0.0,0.0006868690017635699
MLT,1995,0.3577586206896552,0.08189655172413793,9283.0,32357.0,0.0,0.0014853639630546488
MMR,1995,0.017241379310344827,0.11206896551724138,45899.0,265866.0,0.00017390655321689806,0.0007851158299152549
MNG,1995,0.09482758620689655,0.09051724137931035,3094.0,43463.0,0.0,0.0006683110428374113
MUS,1995,0.09482758620689655,0.09051724137931035,4005.0,39528.0,0.0,0.0006774345299930055
MWI,1995,0.05172413793103448,0.06896551724137931,100022.0,54980.0,0.004869383490073146,0.002556188624731805
MYS,1995,0.09051724137931035,0.19827586206896552,470951.0,473679.0,0.009173570682191372,0.0034951812078527454
NCL,1995,0.06896551724137931,0.021551724137931036,18440.0,2311.0,0.009282262277951933,0.004671086795185255
NIU,1995,0.030172413793103446,0.021551724137931036,191.0,2971.0,0.0,0.0006774567895206586
NRU,1995,0.034482758620689655,0.017241379310344827,1106.0,777.0,0.004282448872966115,0.0011502714916591327
OMN,1995,0.04310344827586207,0.06034482758620689,110404.0,5235.0,0.0,0.0011173279556187092
PNG,1995,0.09051724137931035,0.05172413793103448,12863.0,14576.0,0.004282448872966115,0.0025915746678980495
PYF,1995,0.08189655172413793,0.030172413793103446,9870.0,1762.0,0.0,0.002700322600177661
REU,1995,0.021551724137931036,0.030172413793103446,30270.0,1737.0,0.0049563367666815945,0.0023453954589571294
SGP,1995,0.04310344827586207,0.1724137931034483,525282.0,90398.0,0.008456206150171668,0.004265498567378974
SLB,1995,0.06465517241379311,0.034482758620689655,1709.0,1268.0,0.0,0.0012143729331380053
SLE,1995,0.125,0.10344827586206896,42103.0,212521.0,0.0051085050007463806,0.0019505945252467772
SWZ,1995,0.06896551724137931,0.05172413793103448,12938.0,8079.0,0.0,0.0009472849288432821
SYC,1995,0.11206896551724138,0.05603448275862069,1815.0,6666.0,0.0,0.0006738108713297255
TGO,1995,0.12931034482758622,0.10775862068965517,43155.0,153607.0,0.0,0.001274237137050258
TUV,1995,0.021551724137931036,0.03879310344827586,85.0,591.0,0.0,0.0006770317597470669
TZA,1995,0.11637931034482758,0.14655172413793102,556108.0,101211.0,0.015173346768174355,0.003544535705301397
UGA,1995,0.05172413793103448,0.1336206896551724,293757.0,150649.0,0.061389013285565015,0.0038001294010693108
VUT,1995,0.03879310344827586,0.04741379310344827,683.0,2855.0,0.0,0.0008771182416249893
ZWE,1995,0.02586206896551724,0.125,168990.0,133191.0,0.0326292170473205,0.0035764861676290706
MRT,1995,0.15086206896551724,0.08620689655172414,41828.0,59889.0,0.04321577847439917,0.0013671062346100175
NER,1995,0.05603448275862069,0.11206896551724138,71444.0,62629.0,0.004065065681444992,0.0013676952297948528
MLI,1995,0.09913793103448276,0.13793103448275862,76453.0,317298.0,0.043607068219137186,0.003296489976888102
GNB,1995,0.04741379310344827,0.06896551724137931,13574.0,29329.0,0.0,0.0010803955758871176
SMR,1995,0.03879310344827586,0.01293103448275862,1668.0,1558.0,0.0,0.0006675153679653973
LIE,1995,0.12931034482758622,0.021551724137931036,6203.0,11.0,0.0,0.0007718953829476216
CHI,1995,0.017241379310344827,0.017241379310344827,31397.0,135.0,0.0,0.0011688020090928378
VAT,1995,0.0,0.008620689655172414,0.0,15.0,0.0,0.0006437768240343349
GNQ,1995,0.02586206896551724,0.03879310344827586,1429.0,20633.0,0.0,0.0006946506656557784
COM,1995,0.021551724137931036,0.05172413793103448,6583.0,20887.0,0.004304187192118227,0.0012493097371671627
TLS,1995,0.06465517241379311,0.021551724137931036,4395.0,16779.0,0.0,0.0007406684420481009
GRL,1995,0.06034482758620689,0.034482758620689655,2221.0,6886.0,0.0,0.0008531274365570126
FRO,1995,0.08189655172413793,0.021551724137931036,1275.0,6815.0,0.0,0.0007616219587296867
SHN,1995,0.008620689655172414,0.017241379310344827,41.0,75.0,0.0,0.0006447600957408163
SPM,1995,0.01293103448275862,0.01293103448275862,561.0,29.0,0.0,0.0006674825710741148
WLF,1995,0.021551724137931036,0.021551724137931036,816.0,3275.0,0.0,0.0015186274384285693
ESH,1995,0.030172413793103446,0.01293103448275862,1285.0,75214.0,0.0,0.0006744239035358099
FSM,1995,0.05172413793103448,0.017241379310344827,412.0,3447.0,0.0,0.0012148536708691772
MHL,1995,0.02586206896551724,0.01293103448275862,509.0,176.0,0.0,0.0007124699866558077
MNP,1995,0.05172413793103448,0.017241379310344827,15725.0,1231.0,0.0,0.006187895464341776
PLW,1995,0.034482758620689655,0.021551724137931036,1861.0,1470.0,0.004282448872966115,0.0019642033501505443
MYT,1995,0.01293103448275862,0.008620689655172414,11048.0,1989.0,0.0,0.0011438222281734305
BES,2000,0.0,0.034482758620689655,0.0,1730.0,0.0,0.0006437768240343349
ABW,2000,0.09482758620689655,0.06465517241379311,14908.0,3014.0,0.0,0.0029611404510866543
CHN,2000,0.41810344827586204,0.5948275862068966,265319.0,2920810.0,0.14345116808478878,0.00676985872040883
COL,2000,0.23275862068965517,0.22844827586206895,50454.0,811629.0,0.017738468428123603,0.0031481590320164322
CUW,2000,0.1853448275862069,0.05172413793103448,24672.0,2342.0,0.009912673533363189,0.003842447330852747
DMA,2000,0.14224137931034483,0.11637931034482758,1531.0,12287.0,0.004304187192118227,0.0008686506686596547
DOM,2000,0.3793103448275862,0.22413793103448276,138922.0,478737.0,0.009086617405582923,0.004368287939558731
GRD,2000,0.06465517241379311,0.09482758620689655,2253.0,12757.0,0.0,0.0007514615640291749
GUY,2000,0.06896551724137931,0.15948275862068964,3523.0,184809.0,2.1738319152112257e-05,0.0007551948863408533
HTI,2000,0.09051724137931035,0.1810344827586207,7069.0,396887.0,0.01289082325720257,0.0008513993442904751
IND,2000,0.1724137931034483,0.5172413793103449,3034620.0,3066254.0,0.10082232422749665,0.011186677237298074
JAM,2000,0.09051724137931035,0.2025862068965517,11157.0,476836.0,0.018347141364382744,0.001769793283455654
NIC,2000,0.22844827586206895,0.15086206896551724,14337.0,253997.0,4.3476638304224514e-05,0.0014642896140069132
NLD,2000,0.1724137931034483,0.3706896551724138,637147.0,255920.0,0.009108355724735036,0.006711713472197325
PER,2000,0.21982758620689655,0.23706896551724138,26703.0,339878.0,0.0,0.0015467546608608092
PHL,2000,0.03879310344827586,0.3879310344827586,41459.0,1955618.0,0.008630112703388567,0.002150977774926328
PRT,2000,0.5517241379310345,0.27586206896551724,328348.0,760005.0,0.03941157262277952,0.00702002216352447
SUR,2000,0.017241379310344827,0.09482758620689655,7403.0,119205.0,0.004304187192118227,0.0006941638165715998
SXM,2000,0.14224137931034483,0.034482758620689655,11419.0,830.0,2.1738319152112257e-05,0.00396428982154115
TUR,2000,0.1896551724137931,0.3275862068965517,630534.0,1233500.0,0.009803981937602627,0.0060408051548137285
USA,2000,0.2543103448275862,0.6896551724137931,16040090.0,1008380.0,0.5548271197193612,0.13451590934289687
VCT,2000,0.06465517241379311,0.09913793103448276,2078.0,14199.0,0.0,0.001116222000736675
VEN,2000,0.4870689655172414,0.22844827586206895,504956.0,184276.0,0.054367536199432756,0.00565533803447918
PAK,2000,0.034482758620689655,0.34051724137931033,1930523.0,1173472.0,0.004130280638901329,0.0039320290069051024
AFG,2000,0.01293103448275862,0.24568965517241378,26535.0,2070609.0,0.0005217196596506942,0.0007375231836602446
TJK,2000,0.15086206896551724,0.125,167658.0,241702.0,0.003999850723988656,0.0011732018505213981
UZB,2000,0.04310344827586207,0.17672413793103448,756788.0,902713.0,0.0,0.0027659658328935263
CIV,2000,0.04310344827586207,0.15086206896551724,856899.0,261612.0,0.02495559038662487,0.00957949164672232
AGO,2000,0.05603448275862069,0.14224137931034483,18779.0,436115.0,0.008673589341692791,0.0009282872001016441
COD,2000,0.030172413793103446,0.19827586206896552,314586.0,402653.0,0.020586188237050308,0.002056816519419768
COG,2000,0.09051724137931035,0.14224137931034483,149550.0,57333.0,0.0007391028511718168,0.001976359844230188
CPV,2000,0.15086206896551724,0.09051724137931035,5114.0,39011.0,0.004325925511270339,0.0008434923315287359
GIN,2000,0.125,0.15086206896551724,277645.0,145477.0,0.009086617405582923,0.0028668094305279593
MOZ,2000,0.06896551724137931,0.125,86034.0,254500.0,0.04147671294223019,0.0024962545820091933
NAM,2000,0.35344827586206895,0.06034482758620689,60960.0,23035.0,0.0,0.0018569820867821761
RWA,2000,0.021551724137931036,0.125,167208.0,175507.0,0.03554215181370354,0.0021271317252447644
STP,2000,0.02586206896551724,0.03879310344827586,2097.0,12850.0,0.0,0.0006950879608406954
TCD,2000,0.04310344827586207,0.09913793103448276,45531.0,97573.0,0.004152018958053441,0.0014930327913237908
ZAF,2000,0.5129310344827586,0.28879310344827586,371266.0,252803.0,0.050737236901030006,0.009502814465225546
ZMB,2000,0.125,0.11206896551724138,166056.0,64716.0,0.0004565047021943574,0.0013911062548547235
CAN,2000,0.5560344827586207,0.4870689655172414,2738835.0,676604.0,0.042237554112554115,0.04709474723836711
AIA,2000,0.03879310344827586,0.04741379310344827,1423.0,1044.0,0.0,0.0014351512844268006
GBR,2000,0.15086206896551724,0.5991379310344828,1932023.0,2050677.0,0.3444654052843708,0.045913541598177024
KNA,2000,0.05603448275862069,0.09051724137931035,1367.0,6344.0,0.0,0.0017423170286327303
MSR,2000,0.04310344827586207,0.03879310344827586,482.0,1318.0,0.0,0.0006997226379776464
VIR,2000,0.08620689655172414,0.06034482758620689,28290.0,1595.0,0.02880327287654874,0.006397768342794257
ALB,2000,0.02586206896551724,0.15086206896551724,35887.0,276110.0,0.021042692939244666,0.0014626985580980796
GRC,2000,0.8879310344827586,0.23706896551724138,551871.0,411099.0,0.03356396477086133,0.009938632806547075
ITA,2000,0.6120689655172413,0.4439655172413793,1141145.0,1419222.0,0.03984633900582177,0.0249023033661589
MKD,2000,0.08189655172413793,0.14655172413793102,72503.0,208998.0,0.016847197342886998,0.0010529883418534693
ARG,2000,0.3103448275862069,0.2629310344827586,824467.0,291511.0,0.027368543812509333,0.01215663086104797
AND,2000,0.07758620689655173,0.01293103448275862,19622.0,225.0,0.0,0.0009914118907425312
AUS,2000,0.8448275862068966,0.40086206896551724,2196607.0,161716.0,0.11221320346320347,0.051618079014377406
BEL,2000,0.35344827586206895,0.3103448275862069,518984.0,173023.0,0.0035216077026421857,0.009166031180760974
CHE,2000,0.1939655172413793,0.3189655172413793,688927.0,230346.0,0.004304187192118227,0.010296071090583584
CHL,2000,0.40948275862068967,0.20689655172413793,83677.0,200343.0,0.004978075085833707,0.0034081796678760773
DEU,2000,0.11637931034482758,0.521551724137931,3389966.0,2367098.0,0.3399655732198836,0.024042006091965214
DNK,2000,0.7543103448275862,0.23275862068965517,182871.0,54802.0,0.02765114196148679,0.006689541018191655
ESP,2000,0.2025862068965517,0.3706896551724138,860946.0,622827.0,0.07658409837289148,0.012793739137625786
FRA,2000,0.22844827586206895,0.5732758620689655,2858493.0,910361.0,0.26399014778325125,0.029538074383701114
MAR,2000,0.07758620689655173,0.23275862068965517,20667.0,792912.0,0.0,0.0010771110417793443
SWE,2000,0.23706896551724138,0.2629310344827586,455297.0,73439.0,0.008673589341692791,0.0093476987113289
URY,2000,0.07327586206896551,0.1724137931034483,43927.0,103113.0,0.0,0.001571065557685214
ARE,2000,0.14224137931034483,0.125,632632.0,39182.0,0.0037824675324675326,0.0041951521309094185
BGD,2000,0.07327586206896551,0.22413793103448276,411453.0,2091137.0,0.0677583407971339,0.004845310550326591
BHR,2000,0.14224137931034483,0.08620689655172414,70812.0,15369.0,0.0,0.0011303043217274823
EGY,2000,0.30603448275862066,0.28448275862068967,74113.0,550420.0,0.02706420734437976,0.0023953576080998594
ERI,2000,0.09051724137931035,0.12931034482758622,5217.0,252755.0,0.0,0.0006880471788399519
ETH,2000,0.04741379310344827,0.2025862068965517,148064.0,206982.0,0.014999440214957457,0.0014695387238787979
IDN,2000,0.08620689655172414,0.2629310344827586,108689.0,1146195.0,0.009543122107777281,0.003151417279973286
JOR,2000,0.034482758620689655,0.17672413793103448,785589.0,146845.0,0.004065065681444992,0.007074446755846181
KWT,2000,0.13793103448275862,0.12068965517241378,371305.0,31060.0,0.0,0.002925049954892357
LBN,2000,0.030172413793103446,0.3103448275862069,198406.0,205120.0,0.02543383340797134,0.0020637296108470984
LKA,2000,0.21120689655172414,0.22413793103448276,17421.0,374836.0,0.0049563367666815945,0.0010092690531072139
NGA,2000,0.03879310344827586,0.3189655172413793,195401.0,243965.0,0.020955739662636214,0.0022680053267701335
NPL,2000,0.02586206896551724,0.1810344827586207,456936.0,359820.0,0.0049563367666815945,0.002409559643429198
PSE,2000,0.06034482758620689,0.17672413793103448,139270.0,1255960.0,0.08962708986415883,0.012316396186441023
QAT,2000,0.14224137931034483,0.08620689655172414,125577.0,5714.0,0.0,0.004054462194572705
SAU,2000,0.08189655172413793,0.1724137931034483,1341200.0,44406.0,2.1738319152112257e-05,0.00745467045652743
SDN,2000,0.06034482758620689,0.1853448275862069,383710.0,292313.0,0.04612871324078221,0.0030121048318709313
SOM,2000,0.004310344827586207,0.20689655172413793,262.0,353155.0,0.0,0.0006453579840358896
SSD,2000,0.0,0.04741379310344827,0.0,139916.0,0.0,0.0006437768240343349
SYR,2000,0.021551724137931036,0.3017241379310345,190001.0,159873.0,0.0,0.00222039076560054
THA,2000,0.05603448275862069,0.2672413793103448,185313.0,312184.0,0.004456355426183013,0.0012968548390477183
TUN,2000,0.06896551724137931,0.1724137931034483,14669.0,217448.0,0.0,0.0008611692458673493
YEM,2000,0.03879310344827586,0.125,50156.0,164273.0,2.1738319152112257e-05,0.0008259131620986014
ARM,2000,0.05603448275862069,0.1810344827586207,312669.0,427201.0,0.0,0.001261305112382777
AUT,2000,0.1853448275862069,0.2629310344827586,479411.0,223375.0,0.009738766980146292,0.004343639770839398
BGR,2000,0.5948275862068966,0.23275862068965517,24068.0,374490.0,0.0,0.0008722606635921408
BOL,2000,0.5344827586206896,0.13793103448275862,44377.0,139540.0,0.0,0.002215132691348988
BRA,2000,0.4439655172413793,0.3275862068965517,312717.0,470562.0,0.02812938498283326,0.005526535582070213
CRI,2000,0.5775862068965517,0.13793103448275862,148893.0,14254.0,0.0042607105538140025,0.002509041609646972
CUB,2000,0.15086206896551724,0.2543103448275862,8839.0,541085.0,0.0,0.0007825103514835793
CYP,2000,0.5775862068965517,0.10344827586206896,45018.0,33386.0,0.0,0.0014435119857477959
CZE,2000,0.1939655172413793,0.1896551724137931,230718.0,357150.0,0.009282262277951933,0.0019822018412642734
DZA,2000,0.08620689655172414,0.23706896551724138,108951.0,691389.0,0.004304187192118227,0.00185554803541192
ECU,2000,0.20689655172413793,0.15517241379310345,49043.0,255736.0,0.0,0.001857704159696756
EST,2000,0.11637931034482758,0.13793103448275862,148430.0,59139.0,0.0,0.0011107185623060339
GTM,2000,0.21120689655172414,0.14224137931034483,26878.0,252314.0,0.004325925511270339,0.001292887199633629
HND,2000,0.1810344827586207,0.13793103448275862,13834.0,160376.0,0.004978075085833707,0.0015177191806245124
HRV,2000,0.21982758620689655,0.16810344827586207,286264.0,639469.0,0.0002608598298253471,0.0018208071375364922
HUN,2000,0.6724137931034483,0.21551724137931033,155074.0,167419.0,0.0,0.0020258181146394355
IRL,2000,0.11206896551724138,0.24137931034482757,178166.0,443286.0,0.0,0.006063584353615524
IRN,2000,0.030172413793103446,0.27586206896551724,1104518.0,370296.0,0.006304112554112554,0.0012639083634158434
ISR,2000,0.2672413793103448,0.23275862068965517,871992.0,143828.0,0.07404071503209435,0.010268084468162091
JPN,2000,0.2543103448275862,0.36637931034482757,866852.0,491784.0,0.014108169129720854,0.0068260331847368365
KOR,2000,0.06034482758620689,0.3189655172413793,57917.0,1025915.0,0.0,0.0012879723595842088
LAO,2000,0.02586206896551724,0.09913793103448276,8579.0,178305.0,0.0,0.0006578017278556324
LTU,2000,0.3879310344827586,0.1724137931034483,108141.0,161674.0,0.0,0.0010792021373242661
MEX,2000,0.3318965517241379,0.22413793103448276,256348.0,4196160.0,0.03788989028213167,0.023186614865350192
MNE,2000,0.125,0.06034482758620689,43832.0,55610.0,0.0,0.0009091118773559294
NOR,2000,0.8275862068965517,0.17672413793103448,142088.0,48757.0,0.0,0.006157065224707674
NZL,2000,0.20689655172413793,0.25,332154.0,223376.0,0.03682471264367816,0.01603341663158396
PAN,2000,0.36637931034482757,0.14655172413793102,40767.0,100212.0,0.0,0.0018603923071705383
POL,2000,0.2629310344827586,0.3189655172413793,468554.0,1414127.0,0.013651664427526498,0.0038449170725107402
PRI,2000,0.1939655172413793,0.1336206896551724,181231.0,624248.0,0.03608560979250635,0.016827506644214694
PRK,2000,0.08620689655172414,0.12068965517241378,16004.0,15759.0,0.0,0.0007393252784577478
PRY,2000,0.07327586206896551,0.12931034482758622,82295.0,209332.0,0.0003478131064337961,0.002406887721064437
ROU,2000,0.12068965517241378,0.27155172413793105,60415.0,650666.0,0.004325925511270339,0.0010224587447931885
RUS,2000,0.1810344827586207,0.41810344827586204,5898617.0,5187858.0,0.14953789744738022,0.016993594987440627
SEN,2000,0.10775862068965517,0.20689655172413793,91437.0,146783.0,0.07160602328705777,0.0028901182052900112
SLV,2000,0.2025862068965517,0.15086206896551724,16745.0,440385.0,0.0,0.001126327964543871
SRB,2000,0.16810344827586207,0.15517241379310345,762686.0,241728.0,0.017716730108971488,0.0030765879540897312
SVK,2000,0.47413793103448276,0.15948275862068964,65013.0,191818.0,0.0,0.0012180344727503885
SVN,2000,0.4051724137931034,0.125,97620.0,63705.0,0.0049563367666815945,0.001475387936206405
TWN,2000,0.09913793103448276,0.06896551724137931,250402.0,303783.0,0.0,0.0016731186971697097
UKR,2000,0.12931034482758622,0.3189655172413793,2934853.0,2937374.0,0.014847271980892671,0.009082348246163708
AZE,2000,0.08189655172413793,0.15086206896551724,261137.0,683063.0,0.004282448872966115,0.0013029310974323536
GEO,2000,0.1939655172413793,0.15086206896551724,41020.0,469042.0,0.0,0.000764889405611733
KAZ,2000,0.12068965517241378,0.16810344827586207,958255.0,1796686.0,0.007282336915957606,0.0037529349320113304
TKM,2000,0.04741379310344827,0.12068965517241378,115215.0,166712.0,0.0,0.0009535839386974812
ASM,2000,0.04310344827586207,0.021551724137931036,11621.0,1030.0,0.0,0.0012736683646858223
FJI,2000,0.06034482758620689,0.10344827586206896,5363.0,50178.0,0.01406469249141663,0.0015226490232343069
TKL,2000,0.017241379310344827,0.017241379310344827,113.0,214.0,0.0,0.0006545371518609988
TON,2000,0.021551724137931036,0.05172413793103448,499.0,14114.0,0.0,0.0006554856540872989
VNM,2000,0.021551724137931036,0.24137931034482757,23581.0,912989.0,0.004304187192118227,0.0007349032837398518
WSM,2000,0.09051724137931035,0.06034482758620689,2748.0,40162.0,0.0,0.0020290568597692922
ATG,2000,0.22413793103448276,0.08620689655172414,12588.0,4577.0,2.1738319152112257e-05,0.002466717569789274
BHS,2000,0.28879310344827586,0.10344827586206896,16835.0,1098.0,0.0049563367666815945,0.0017973206433957185
BLZ,2000,0.06465517241379311,0.09051724137931035,17365.0,2039.0,0.0,0.0008350500337147015
BMU,2000,0.14224137931034483,0.05172413793103448,8085.0,263.0,0.0,0.001119948597955508
BRB,2000,0.06034482758620689,0.125,12670.0,10556.0,0.00491286012837737,0.0014602997962354014
GHA,2000,0.1853448275862069,0.20689655172413793,87655.0,223950.0,0.005086766681594268,0.001561901059386149
GLP,2000,0.10344827586206896,0.03879310344827586,40732.0,5317.0,8.695327660844903e-05,0.006710431308937806
GUF,2000,0.06896551724137931,0.04741379310344827,35741.0,2046.0,0.009760505299298403,0.004574678435385222
LCA,2000,0.24137931034482757,0.09482758620689655,3489.0,9735.0,0.0,0.001496027608781746
MTQ,2000,0.06465517241379311,0.04741379310344827,28209.0,7408.0,0.0049563367666815945,0.007021448245149748
TCA,2000,0.02586206896551724,0.01293103448275862,3760.0,319.0,0.0,0.0009934345241429388
TTO,2000,0.06896551724137931,0.15086206896551724,20399.0,158950.0,0.009304000597104047,0.001693881160789412
VGB,2000,0.09051724137931035,0.05603448275862069,5152.0,2302.0,0.0,0.0012641775486206845
BDI,2000,0.030172413793103446,0.12068965517241378,57491.0,391391.0,0.00471721525600836,0.001187834098565238
BEN,2000,0.04310344827586207,0.11637931034482758,56315.0,148177.0,4.3476638304224514e-05,0.0012709398873015166
BFA,2000,0.034482758620689655,0.08189655172413793,252591.0,520325.0,0.008151869682042097,0.007103178098621098
BIH,2000,0.05603448275862069,0.1336206896551724,42719.0,844403.0,0.00423897223466189,0.0009556331927775093
BLR,2000,0.23706896551724138,0.16379310344827586,608895.0,904804.0,0.0,0.0025129879736062663
BRN,2000,0.08189655172413793,0.034482758620689655,42065.0,22658.0,0.0,0.0009098137925452826
BTN,2000,0.09913793103448276,0.04310344827586207,5383.0,58609.0,0.0,0.0006693415783252261
BWA,2000,0.14224137931034483,0.06465517241379311,20485.0,8457.0,0.0,0.0010923967053974909
CAF,2000,0.09913793103448276,0.06034482758620689,41978.0,22638.0,0.0014782057023436336,0.001139339015738837
CMR,2000,0.01293103448275862,0.15948275862068964,85160.0,64594.0,0.0034563927451858488,0.0016233210158754282
COK,2000,0.04310344827586207,0.02586206896551724,1208.0,10202.0,0.0,0.0007624982325754678
CYM,2000,0.23706896551724138,0.030172413793103446,9467.0,70.0,0.0,0.0011357253355135162
DJI,2000,0.01293103448275862,0.03879310344827586,44930.0,1670.0,0.0,0.0007414677423093029
FIN,2000,0.6724137931034483,0.1939655172413793,35078.0,144268.0,0.0,0.002321315662279954
FLK,2000,0.030172413793103446,0.008620689655172414,414.0,456.0,0.0,0.000899987262287637
GAB,2000,0.14224137931034483,0.08189655172413793,89465.0,9965.0,0.0,0.0020949125678507334
GIB,2000,0.01293103448275862,0.02586206896551724,3563.0,276.0,0.0,0.0007025786753224691
GMB,2000,0.030172413793103446,0.09051724137931035,83276.0,8636.0,0.0,0.0020569930734343853
GUM,2000,0.04741379310344827,0.030172413793103446,34210.0,1010.0,0.019716655470965818,0.008672705077313375
HKG,2000,0.125,0.11637931034482758,1189928.0,391911.0,0.00721712195850127,0.005812374493317024
IMN,2000,0.034482758620689655,0.01293103448275862,19386.0,353.0,0.0049563367666815945,0.0016270308643568678
IRQ,2000,0.09482758620689655,0.24137931034482757,73734.0,357933.0,0.0046737386177041354,0.0012883981560678237
ISL,2000,0.5431034482758621,0.09482758620689655,8685.0,5896.0,0.0,0.0010773732789286672
KEN,2000,0.05603448275862069,0.1724137931034483,319386.0,146521.0,0.03799858187789223,0.003781823759479869
KGZ,2000,0.09913793103448276,0.11637931034482758,222038.0,305953.0,0.0,0.0013053521214244144
KHM,2000,0.11206896551724138,0.10344827586206896,71752.0,165071.0,0.00010869159576056128,0.0008431094022738877
KIR,2000,0.030172413793103446,0.04741379310344827,888.0,2034.0,0.004391140468726676,0.001423543844214864
LBR,2000,0.10775862068965517,0.11206896551724138,61833.0,140999.0,0.0,0.0015304879380532675
LBY,2000,0.3706896551724138,0.15948275862068964,198486.0,40101.0,0.0,0.004239309623604491
LSO,2000,0.06465517241379311,0.05172413793103448,1755.0,51138.0,0.0,0.0006985822239550393
LUX,2000,0.3318965517241379,0.11206896551724138,70269.0,17202.0,0.0,0.0019843249156134236
LVA,2000,0.4051724137931034,0.15517241379310345,252546.0,98317.0,0.0,0.0014647863483907024
MAC,2000,0.021551724137931036,0.034482758620689655,124672.0,42171.0,0.0,0.0009572013427810708
MCO,2000,0.008620689655172414,0.04310344827586207,6075.0,8248.0,0.0,0.0007873062323995066
MDA,2000,0.1336206896551724,0.1724137931034483,146844.0,282769.0,0.008673589341692791,0.0010462310459541334
MDG,2000,0.017241379310344827,0.10344827586206896,7515.0,66343.0,0.00828229959695477,0.0008446101609470582
MDV,2000,0.09482758620689655,0.030172413793103446,11704.0,349.0,0.0,0.000692310907192017
MLI,2000,0.09913793103448276,0.14224137931034483,65895.0,295871.0,0.026107721301686822,0.0024978114976099627
MLT,2000,0.3577586206896552,0.08620689655172414,11130.0,30971.0,0.0,0.0014982992804498242
MMR,2000,0.017241379310344827,0.10775862068965517,40111.0,329529.0,0.0,0.0007428816151443897
MNG,2000,0.11637931034482758,0.10344827586206896,3273.0,47214.0,0.0,0.0006692213426145894
MUS,2000,0.09482758620689655,0.09482758620689655,9386.0,43501.0,0.0,0.0006950047643402771
MWI,2000,0.05172413793103448,0.07327586206896551,96564.0,68356.0,0.004695476936856248,0.0021617082991126015
MYS,2000,0.09051724137931035,0.19827586206896552,614859.0,628513.0,0.015260300044782805,0.0037841314600028696
NCL,2000,0.06896551724137931,0.02586206896551724,21207.0,2530.0,0.014216860725481416,0.0049252874825859334
NIU,2000,0.030172413793103446,0.021551724137931036,190.0,3079.0,0.0,0.0006786864909164388
NRU,2000,0.034482758620689655,0.017241379310344827,1016.0,810.0,0.00856489774593223,0.0010956454792548501
OMN,2000,0.04310344827586207,0.06034482758620689,128479.0,5191.0,0.0,0.0011019818125100119
PNG,2000,0.09051724137931035,0.05172413793103448,9903.0,14355.0,0.0042607105538140025,0.0018585199202237228
PYF,2000,0.08189655172413793,0.030172413793103446,10759.0,2059.0,0.0,0.0028079111805759107
REU,2000,0.021551724137931036,0.030172413793103446,42198.0,1581.0,0.0049563367666815945,0.0027150336584373363
SGP,2000,0.04310344827586207,0.1724137931034483,713649.0,97565.0,0.008499682788475892,0.004881791678831029
SLB,2000,0.06465517241379311,0.034482758620689655,1631.0,1199.0,0.0,0.001150661594642612
SLE,2000,0.11637931034482758,0.10775862068965517,43313.0,232708.0,0.004695476936856248,0.0017694066372175978
SWZ,2000,0.07327586206896551,0.05172413793103448,12179.0,9214.0,0.0,0.0009095926566102189
SYC,2000,0.11206896551724138,0.06034482758620689,2505.0,7506.0,0.0,0.0006731289752625358
TGO,2000,0.12931034482758622,0.10775862068965517,59758.0,129883.0,4.3476638304224514e-05,0.001310269390866611
TLS,2000,0.06465517241379311,0.02586206896551724,4861.0,72471.0,0.0,0.0007397889331944174
TUV,2000,0.021551724137931036,0.03879310344827586,71.0,615.0,0.0,0.0006735417180744612
TZA,2000,0.11637931034482758,0.14655172413793102,463938.0,95568.0,0.03391177787729512,0.00327180575061745
UGA,2000,0.05603448275862069,0.1336206896551724,273223.0,226883.0,0.033737871324078225,0.0034873826632465816
VUT,2000,0.03879310344827586,0.05172413793103448,673.0,2969.0,0.0,0.000857844602774519
ZWE,2000,0.02586206896551724,0.125,155537.0,155839.0,0.051585031347962385,0.0032509558296976195
MRT,2000,0.15086206896551724,0.08620689655172414,25397.0,34845.0,0.0,0.0010554949913812867
NER,2000,0.05603448275862069,0.11637931034482758,59298.0,75221.0,0.0037824675324675326,0.0011512074180556765
GNB,2000,0.04741379310344827,0.07327586206896551,9526.0,31017.0,0.0,0.0009551663921004371
SMR,2000,0.03879310344827586,0.017241379310344827,1790.0,1463.0,0.0,0.0006688163131512315
CHI,2000,0.017241379310344827,0.017241379310344827,33371.0,153.0,0.0,0.001255068968460945
VAT,2000,0.0,0.008620689655172414,0.0,22.0,0.0,0.0006437768240343349
GNQ,2000,0.02586206896551724,0.03879310344827586,1783.0,29821.0,0.0,0.0007004557871403609
COM,2000,0.021551724137931036,0.05172413793103448,6550.0,34211.0,0.008043178086281536,0.001365309025059175
GRL,2000,0.06465517241379311,0.034482758620689655,1942.0,7681.0,0.0,0.0008408132745784299
LIE,2000,0.13793103448275862,0.030172413793103446,7442.0,25.0,0.0,0.0007999681930289479
FRO,2000,0.09482758620689655,0.021551724137931036,1586.0,6729.0,0.0,0.0007947280204528898
SHN,2000,0.008620689655172414,0.017241379310344827,41.0,120.0,0.0,0.0006446733103631916
SPM,2000,0.01293103448275862,0.01293103448275862,615.0,32.0,0.0,0.0006685603067727942
WLF,2000,0.021551724137931036,0.021551724137931036,977.0,3693.0,0.0,0.00164645670707772
ESH,2000,0.030172413793103446,0.01293103448275862,1396.0,74918.0,0.0,0.0006712383977355395
FSM,2000,0.05172413793103448,0.017241379310344827,464.0,4597.0,0.0,0.0012631533402525244
MHL,2000,0.02586206896551724,0.01293103448275862,655.0,227.0,0.0,0.0007266644817940592
MNP,2000,0.05172413793103448,0.017241379310344827,21750.0,1289.0,0.0,0.006722513909733862
PLW,2000,0.034482758620689655,0.021551724137931036,2295.0,1482.0,0.004282448872966115,0.0020989076238331476
MYT,2000,0.01293103448275862,0.008620689655172414,21701.0,3238.0,0.0,0.0013229913555652055
BES,2005,0.0,0.034482758620689655,0.0,1706.0,0.0,0.0006437768240343349
ABW,2005,0.09482758620689655,0.06896551724137931,16887.0,2991.0,0.014803795342588447,0.002944663099568187
CHN,2005,0.41810344827586204,0.6077586206896551,319349.0,3684471.0,0.13653838259441708,0.007389474238921835
COL,2005,0.23275862068965517,0.23706896551724138,51040.0,994988.0,0.030955366472607854,0.0029235040398584277
CUW,2005,0.1853448275862069,0.05172413793103448,24672.0,2137.0,0.004978075085833707,0.00349055202879121
DMA,2005,0.14224137931034483,0.125,1879.0,11730.0,0.004304187192118227,0.0009458149127954956
DOM,2005,0.40948275862068967,0.22844827586206895,145510.0,554218.0,0.004195495596357666,0.003758214074620598
GRD,2005,0.06465517241379311,0.09482758620689655,2348.0,13436.0,0.0,0.0007590933719640938
GUY,2005,0.06896551724137931,0.16379310344827586,4602.0,204518.0,0.004304187192118227,0.0007686910841501438
HTI,2005,0.09051724137931035,0.1939655172413793,6706.0,458636.0,0.012956038214658905,0.0008131503928272417
IND,2005,0.1724137931034483,0.5258620689655172,2778940.0,3547134.0,0.11114802582474997,0.010298967549772145
JAM,2005,0.09051724137931035,0.2025862068965517,10800.0,499602.0,0.018260188087774295,0.0017686264413466833
NIC,2005,0.22844827586206895,0.14655172413793102,16285.0,285012.0,4.3476638304224514e-05,0.0014747187232429992
NLD,2005,0.1724137931034483,0.375,711491.0,277573.0,0.028825011195700852,0.007007307290394837
PER,2005,0.22413793103448276,0.23706896551724138,35272.0,479725.0,0.0,0.0015778384595669167
PHL,2005,0.03879310344827586,0.3879310344827586,40582.0,2294899.0,0.008434467831019556,0.0021173291576567707
PRT,2005,0.5474137931034483,0.28448275862068967,391943.0,786865.0,0.03908549783549784,0.007474131090555975
SUR,2005,0.017241379310344827,0.09913793103448276,8993.0,129567.0,0.008586636065084342,0.0006973871607097178
SXM,2005,0.14224137931034483,0.034482758620689655,6256.0,857.0,0.0,0.0027345366955528576
TUR,2005,0.1896551724137931,0.33620689655172414,669109.0,1232141.0,0.005695439617853412,0.006793397473196457
USA,2005,0.2543103448275862,0.6939655172413793,17785492.0,1151660.0,0.5455883340797134,0.12931029928724094
VCT,2005,0.06465517241379311,0.09913793103448276,2108.0,15018.0,0.0,0.001037113247744628
VEN,2005,0.4870689655172414,0.22844827586206895,538213.0,239566.0,0.04243319898492313,0.005515736423381355
PAK,2005,0.034482758620689655,0.3448275862068966,1462858.0,1247478.0,0.005695439617853412,0.0031017409330592717
AFG,2005,0.01293103448275862,0.25,29203.0,1769485.0,0.004173757277205554,0.0007259113262560075
TJK,2005,0.15086206896551724,0.125,158884.0,251159.0,0.0027390282131661446,0.0011098948257408326
UZB,2005,0.04310344827586207,0.17672413793103448,697174.0,937675.0,0.0,0.0024044372979652884
CIV,2005,0.04310344827586207,0.15948275862068964,913563.0,355156.0,0.02319478653530378,0.007602837234904163
AGO,2005,0.05603448275862069,0.15086206896551724,25972.0,334567.0,0.0002608598298253471,0.0009593083530461926
COD,2005,0.030172413793103446,0.21551724137931033,254191.0,512906.0,0.015173346768174355,0.0019859498782239804
COG,2005,0.09051724137931035,0.14655172413793102,142464.0,79176.0,0.0015434206597999703,0.0013975470630696789
CPV,2005,0.15086206896551724,0.09051724137931035,5734.0,48674.0,0.004304187192118227,0.0008715190711895465
GIN,2005,0.12068965517241378,0.15948275862068964,100324.0,147956.0,0.012934299895506794,0.0017228107340171695
MOZ,2005,0.06896551724137931,0.12931034482758622,128711.0,246717.0,0.004695476936856248,0.0025078327184637392
NAM,2005,0.35344827586206895,0.06465517241379311,48541.0,24102.0,0.0,0.0015172489248189295
RWA,2005,0.021551724137931036,0.1336206896551724,202193.0,149111.0,0.02232525376921929,0.0020808028112144364
STP,2005,0.02586206896551724,0.03879310344827586,1659.0,15013.0,0.0,0.0006714026899397282
TCD,2005,0.04310344827586207,0.11637931034482758,187426.0,93058.0,0.009956150171667413,0.0021588717542380294
ZAF,2005,0.5129310344827586,0.2974137931034483,509940.0,307703.0,0.03986807732497388,0.00926626064338338
ZMB,2005,0.125,0.11637931034482758,112169.0,68512.0,0.000499981340498582,0.001295090096591712
CAN,2005,0.5560344827586207,0.49137931034482757,3117018.0,685564.0,0.05349800343334826,0.04590610333930065
AIA,2005,0.03879310344827586,0.04741379310344827,1631.0,860.0,0.0,0.0016747674074679127
GBR,2005,0.15086206896551724,0.603448275862069,2314277.0,2135347.0,0.3907462867592178,0.04863656493992852
KNA,2005,0.05603448275862069,0.09482758620689655,1551.0,6355.0,4.3476638304224514e-05,0.002068510427187199
MSR,2005,0.04310344827586207,0.04310344827586207,499.0,1417.0,0.0,0.0007088014726183929
VIR,2005,0.08620689655172414,0.06034482758620689,28865.0,1488.0,0.02880327287654874,0.006889744418159951
ALB,2005,0.02586206896551724,0.15517241379310345,27988.0,357759.0,0.004282448872966115,0.001309886190323383
GRC,2005,0.9051724137931034,0.24137931034482757,603030.0,368128.0,0.014695103746827885,0.009706858052417985
ITA,2005,0.6120689655172413,0.4525862068965517,1735735.0,1288941.0,0.031259702940737426,0.025354205688877245
MKD,2005,0.08189655172413793,0.14655172413793102,73645.0,211605.0,0.00010869159576056128,0.0009985414560724705
ARG,2005,0.3103448275862069,0.2672413793103448,867601.0,407086.0,0.03695514255859084,0.010884198425979796
AND,2005,0.07758620689655173,0.021551724137931036,22904.0,232.0,0.0,0.0011951684746544621
AUS,2005,0.8448275862068966,0.40086206896551724,2458602.0,172340.0,0.15810279519331244,0.05518324188284991
BEL,2005,0.3577586206896552,0.3103448275862069,597767.0,202729.0,0.006347589192416779,0.009712787973778498
CHE,2005,0.1939655172413793,0.3189655172413793,808470.0,243992.0,0.004304187192118227,0.012059360892210633
CHL,2005,0.40948275862068967,0.20689655172413793,117689.0,214340.0,0.004978075085833707,0.003468102470417729
DEU,2005,0.11637931034482758,0.5258620689655172,3689738.0,2227689.0,0.2773157374234961,0.023251187691111834
DNK,2005,0.7758620689655172,0.23275862068965517,209706.0,57163.0,0.023390431407672788,0.006781831813663226
ESP,2005,0.2025862068965517,0.3706896551724138,1993015.0,597053.0,0.10403959546200926,0.02056582584339964
FRA,2005,0.22844827586206895,0.5732758620689655,3218363.0,972649.0,0.2692290826989103,0.03235108863853393
MAR,2005,0.07758620689655173,0.23706896551724138,22242.0,1008975.0,0.0,0.0010943941633772755
SWE,2005,0.23706896551724138,0.2629310344827586,499584.0,80552.0,0.015347253321391254,0.009357320811361917
URY,2005,0.07327586206896551,0.1724137931034483,41270.0,129454.0,0.0,0.0014754783790890762
ARE,2005,0.14224137931034483,0.1336206896551724,837924.0,39574.0,0.0,0.0046025179084821215
BGD,2005,0.07327586206896551,0.22413793103448276,419680.0,1962384.0,0.08286647260785192,0.004920677549244417
BHR,2005,0.14224137931034483,0.08620689655172414,105778.0,17424.0,0.0,0.001294133932821617
EGY,2005,0.30603448275862066,0.28879310344827586,126143.0,659032.0,0.06528017241379311,0.002565795385934013
ERI,2005,0.09051724137931035,0.14224137931034483,6455.0,130823.0,0.0,0.0006880054692979461
ETH,2005,0.04741379310344827,0.20689655172413793,77507.0,245153.0,0.020651403194506646,0.0012219482200739682
IDN,2005,0.08620689655172414,0.27155172413793105,40427.0,1332690.0,0.009260523958799822,0.0022801366288390697
JOR,2005,0.034482758620689655,0.1810344827586207,957674.0,165614.0,0.0008695327660844902,0.005940022649460823
KWT,2005,0.13793103448275862,0.11637931034482758,434865.0,33410.0,0.0,0.0030720186623508245
LBN,2005,0.030172413793103446,0.3146551724137931,204222.0,215715.0,0.024759945514255862,0.0016477584168570199
LKA,2005,0.21120689655172414,0.22413793103448276,17398.0,426772.0,0.0049563367666815945,0.0012524702838574305
NGA,2005,0.03879310344827586,0.3232758620689655,363650.0,337122.0,0.01984708538587849,0.0032321393346187288
NPL,2005,0.02586206896551724,0.1810344827586207,426391.0,499103.0,0.0049563367666815945,0.0020861221037843545
PSE,2005,0.06034482758620689,0.1896551724137931,138591.0,1490668.0,0.12214761531571877,0.009703910232718221
QAT,2005,0.14224137931034483,0.08620689655172414,121366.0,6551.0,0.0,0.0021129433926853937
SAU,2005,0.08189655172413793,0.1810344827586207,1607963.0,42672.0,0.0,0.006920706461946272
SDN,2005,0.06034482758620689,0.1939655172413793,250304.0,462430.0,0.07545370577698164,0.0026612149765147357
SOM,2005,0.008620689655172414,0.21120689655172414,548.0,331019.0,0.0,0.000646100467490452
SSD,2005,0.0,0.04310344827586207,0.0,102389.0,0.0,0.0006437768240343349
SYR,2005,0.021551724137931036,0.30603448275862066,382997.0,232977.0,6.521495745633678e-05,0.0020942988184970623
THA,2005,0.05603448275862069,0.2672413793103448,595588.0,357212.0,0.007521458426630841,0.0025693951441568613
TUN,2005,0.06896551724137931,0.1810344827586207,13854.0,232470.0,0.0,0.0008281642906258186
YEM,2005,0.034482758620689655,0.125,57320.0,196286.0,0.0,0.0007948059527909337
ARM,2005,0.06034482758620689,0.1810344827586207,253861.0,352649.0,0.0,0.0010794560892216551
AUT,2005,0.1853448275862069,0.2629310344827586,547315.0,221254.0,0.0048259068517689215,0.004679586012999741
BGR,2005,0.6982758620689655,0.23706896551724138,33561.0,427602.0,0.0,0.0010144341196845679
BOL,2005,0.6508620689655172,0.14224137931034483,50752.0,235003.0,0.0,0.0018754522053999498
BRA,2005,0.4482758620689655,0.3275862068965517,292842.0,627745.0,0.02232525376921929,0.005305351444103535
CRI,2005,0.5775862068965517,0.1336206896551724,161430.0,15974.0,0.0042607105538140025,0.0021502838048680227
CUB,2005,0.15086206896551724,0.25862068965517243,5711.0,567187.0,0.0,0.000746197502005524
CYP,2005,0.5818965517241379,0.10344827586206896,68879.0,34574.0,0.0,0.0018280614224649944
CZE,2005,0.1939655172413793,0.1939655172413793,261080.0,378663.0,0.009282262277951933,0.0020774011555332967
DZA,2005,0.08620689655172414,0.24137931034482757,86130.0,753071.0,0.009260523958799822,0.0016410308242345675
ECU,2005,0.20689655172413793,0.15517241379310345,68721.0,469466.0,0.0,0.0019572830352961234
EST,2005,0.11637931034482758,0.14224137931034483,139219.0,62276.0,0.0,0.0010596555543645688
GTM,2005,0.21120689655172414,0.14224137931034483,31159.0,318858.0,0.004304187192118227,0.0012618116872710591
HND,2005,0.1810344827586207,0.13793103448275862,13386.0,227109.0,0.004978075085833707,0.0013427192251601692
HRV,2005,0.30603448275862066,0.1724137931034483,275037.0,531655.0,0.016912412300343335,0.0018514861616708508
HUN,2005,0.6724137931034483,0.22413793103448276,188161.0,175993.0,0.0,0.002179761335430499
IRL,2005,0.11206896551724138,0.25,256304.0,416319.0,0.0,0.007132299238579442
IRN,2005,0.030172413793103446,0.2801724137931034,1142153.0,403917.0,0.0,0.0011341896340690016
ISR,2005,0.28879310344827586,0.23706896551724138,804696.0,145238.0,0.10497434318555009,0.009216043373217823
JPN,2005,0.2543103448275862,0.36637931034482757,1052742.0,480141.0,0.013651664427526498,0.006695715219884439
KOR,2005,0.06034482758620689,0.3232758620689655,77959.0,1083983.0,0.0,0.001308509302696143
LAO,2005,0.02586206896551724,0.10344827586206896,7797.0,245561.0,0.0,0.0006562578889549427
LTU,2005,0.39655172413793105,0.17672413793103448,104074.0,157414.0,0.0,0.0010820166734335156
MEX,2005,0.3318965517241379,0.22844827586206895,341097.0,5043952.0,0.013477757874309599,0.026541343971587583
MNE,2005,0.125,0.06465517241379311,43832.0,53536.0,0.0,0.0008991594111828176
NOR,2005,0.8275862068965517,0.1810344827586207,180098.0,51928.0,0.0,0.005740931669897977
NZL,2005,0.20689655172413793,0.25,420521.0,253175.0,0.046346096432303335,0.01757146194423064
PAN,2005,0.375,0.14655172413793102,53615.0,99049.0,0.0,0.0018657745238891625
POL,2005,0.2672413793103448,0.3232758620689655,419158.0,1565137.0,0.009369215554560382,0.003565282700007261
PRI,2005,0.1939655172413793,0.1336206896551724,177691.0,727654.0,0.033955254515599345,0.013898584729370467
PRK,2005,0.08620689655172414,0.125,18637.0,16905.0,0.0,0.0007441309626613263
PRY,2005,0.07327586206896551,0.125,78383.0,270181.0,0.00021738319152112256,0.0018115706929295494
ROU,2005,0.12068965517241378,0.28448275862068967,59131.0,1034448.0,2.1738319152112257e-05,0.001033668770927704
RUS,2005,0.1810344827586207,0.41810344827586204,5846190.0,5055674.0,0.14551630840423946,0.014897174230603652
SEN,2005,0.10775862068965517,0.21120689655172414,93916.0,163926.0,0.033585703090013436,0.002825399440435696
SLV,2005,0.2025862068965517,0.15086206896551724,18933.0,533142.0,0.0,0.0010762680044284773
SRB,2005,0.16810344827586207,0.16379310344827586,590973.0,257951.0,0.00017390655321689806,0.002853964113307762
SVK,2005,0.47844827586206895,0.15948275862068964,71755.0,201403.0,0.0,0.0012584088767070385
SVN,2005,0.3922413793103448,0.125,97300.0,55834.0,0.0,0.0014625977108078385
TWN,2005,0.09913793103448276,0.06896551724137931,375442.0,326985.0,0.0008260561277802658,0.0017258098755942647
UKR,2005,0.12931034482758622,0.3232758620689655,2677951.0,2966887.0,0.03399873115390357,0.0075288388713775295
AZE,2005,0.08189655172413793,0.15086206896551724,149226.0,633142.0,0.004282448872966115,0.0010172221136169844
GEO,2005,0.1939655172413793,0.15948275862068964,38372.0,428790.0,0.0,0.0007463597835838084
IRQ,2005,0.09482758620689655,0.2543103448275862,39292.0,539847.0,0.00013042991491267356,0.0009572971754984202
KAZ,2005,0.12068965517241378,0.1810344827586207,975755.0,1935548.0,0.007999701447977311,0.003441095599718557
TKM,2005,0.04741379310344827,0.125,110280.0,196202.0,0.0,0.0009035741709454812
ASM,2005,0.04310344827586207,0.021551724137931036,11398.0,1022.0,0.0,0.0011405591826803754
FJI,2005,0.06034482758620689,0.11206896551724138,5112.0,61951.0,0.017716730108971488,0.0014783735523009338
TKL,2005,0.017241379310344827,0.021551724137931036,120.0,279.0,0.0,0.0006566599549155804
TON,2005,0.021551724137931036,0.05603448275862069,575.0,15679.0,0.0,0.0006547853726050675
VNM,2005,0.021551724137931036,0.25,21815.0,1111291.0,0.004304187192118227,0.0007186138101692092
WSM,2005,0.09051724137931035,0.06465517241379311,2608.0,43369.0,0.0049563367666815945,0.0018196125339801292
ATG,2005,0.22413793103448276,0.09482758620689655,13525.0,4360.0,2.1738319152112257e-05,0.0027685801491755943
BHS,2005,0.3232758620689655,0.10344827586206896,21619.0,1027.0,0.0049563367666815945,0.001983661833433791
BLZ,2005,0.06465517241379311,0.09482758620689655,19834.0,2276.0,0.0,0.0008466862643597543
BMU,2005,0.15086206896551724,0.06465517241379311,8245.0,318.0,0.0,0.001001212642849286
BRB,2005,0.09051724137931035,0.125,11911.0,10863.0,0.0,0.0013607846723357035
GHA,2005,0.1853448275862069,0.21551724137931033,131618.0,290832.0,0.0017390655321689805,0.0017578812318898996
GLP,2005,0.10344827586206896,0.03879310344827586,45019.0,5051.0,4.3476638304224514e-05,0.008281150228801513
GUF,2005,0.06896551724137931,0.04741379310344827,41743.0,2135.0,0.00491286012837737,0.005264415782549376
LCA,2005,0.24137931034482757,0.10344827586206896,4113.0,9687.0,0.0,0.0015934018572673794
MTQ,2005,0.06465517241379311,0.04741379310344827,30250.0,7523.0,0.004978075085833707,0.008862850517947028
TCA,2005,0.02586206896551724,0.017241379310344827,4042.0,596.0,0.0,0.0009644780192300345
TTO,2005,0.06896551724137931,0.15086206896551724,21943.0,163904.0,0.012564748469920884,0.0016746383260378475
VGB,2005,0.09051724137931035,0.05603448275862069,5903.0,2074.0,0.0,0.001423805337097087
BDI,2005,0.030172413793103446,0.12068965517241378,89666.0,247226.0,0.000586934617107031,0.0013675820637040906
BEN,2005,0.04310344827586207,0.12931034482758622,117773.0,218344.0,2.1738319152112257e-05,0.0015705293222410327
BFA,2005,0.034482758620689655,0.08189655172413793,291748.0,577854.0,0.004086804000597104,0.005305379910470727
BIH,2005,0.05603448275862069,0.13793103448275862,24386.0,777673.0,0.0,0.0008238228362403088
BLR,2005,0.23706896551724138,0.16810344827586207,599896.0,838542.0,0.0,0.002281791240531415
BRN,2005,0.08189655172413793,0.034482758620689655,42745.0,23402.0,0.0,0.0009119270637173206
BTN,2005,0.09913793103448276,0.04741379310344827,6835.0,57420.0,0.0,0.0006709600418350177
BWA,2005,0.14224137931034483,0.06896551724137931,31378.0,9875.0,0.0,0.0011264387711769157
CAF,2005,0.09913793103448276,0.07327586206896551,32724.0,61732.0,0.0,0.001015292159927829
CMR,2005,0.09482758620689655,0.15948275862068964,108791.0,85631.0,0.005195458277354829,0.0020994078550061316
COK,2005,0.04310344827586207,0.02586206896551724,1393.0,10515.0,0.0,0.0008437615714039575
CYM,2005,0.23706896551724138,0.034482758620689655,10130.0,85.0,0.0,0.0011114402307710154
DJI,2005,0.01293103448275862,0.03879310344827586,38504.0,916.0,0.0,0.0007214341137380008
FIN,2005,0.728448275862069,0.19827586206896552,62024.0,138751.0,0.0,0.002693836315208831
FLK,2005,0.030172413793103446,0.008620689655172414,467.0,465.0,0.0049563367666815945,0.0009445350147864715
GAB,2005,0.14224137931034483,0.09051724137931035,96589.0,19924.0,0.0007391028511718168,0.0019755577918591045
GIB,2005,0.01293103448275862,0.02586206896551724,3841.0,263.0,0.0,0.000724818500099121
GMB,2005,0.030172413793103446,0.09051724137931035,83592.0,9144.0,0.0,0.0018440796728839293
GUM,2005,0.04741379310344827,0.030172413793103446,34756.0,868.0,0.019607963875205255,0.010312167004631506
HKG,2005,0.125,0.11637931034482758,1399752.0,407738.0,0.002347738468428124,0.005893320651944645
IMN,2005,0.034482758620689655,0.01293103448275862,20217.0,367.0,0.0049563367666815945,0.001817415021278298
ISL,2005,0.5948275862068966,0.09482758620689655,13079.0,6840.0,0.0,0.0011083875678166146
KEN,2005,0.05603448275862069,0.17672413793103448,343807.0,174155.0,0.03175968428123601,0.003162431298795211
KGZ,2005,0.09913793103448276,0.125,177470.0,343042.0,0.0,0.001126227480887895
KHM,2005,0.11206896551724138,0.10344827586206896,54474.0,227303.0,0.0,0.0008495090945827594
KIR,2005,0.030172413793103446,0.04741379310344827,1015.0,2026.0,0.004391140468726676,0.0014218106891206543
LBR,2005,0.10775862068965517,0.11637931034482758,33191.0,181938.0,0.0007173645320197045,0.0012857785296687863
LBY,2005,0.3706896551724138,0.15948275862068964,179727.0,40480.0,0.0,0.003500510471932867
LSO,2005,0.06465517241379311,0.05172413793103448,1787.0,67818.0,0.0,0.0006887449567444468
LUX,2005,0.3318965517241379,0.11206896551724138,75544.0,18582.0,0.0,0.0020483731088053077
LVA,2005,0.3706896551724138,0.15517241379310345,221980.0,98631.0,0.0,0.0013430949845733542
MAC,2005,0.021551724137931036,0.034482758620689655,141297.0,47733.0,0.0,0.0009642955855955811
MCO,2005,0.008620689655172414,0.04310344827586207,5820.0,9853.0,0.0,0.0007861481072162173
MDA,2005,0.1336206896551724,0.17672413793103448,103891.0,325092.0,0.004304187192118227,0.0009019441825042602
MDG,2005,0.017241379310344827,0.10775862068965517,8284.0,81011.0,0.0042607105538140025,0.0008361054705492577
MDV,2005,0.09482758620689655,0.034482758620689655,17072.0,795.0,0.0,0.0007000313159477895
MLI,2005,0.09913793103448276,0.15948275862068964,106329.0,338614.0,0.04173757277205553,0.0030233426613740094
MLT,2005,0.3577586206896552,0.08620689655172414,12479.0,30356.0,0.0,0.0014964112616457745
MMR,2005,0.017241379310344827,0.11206896551724138,33687.0,568063.0,0.0,0.0007125278691096533
MNG,2005,0.11637931034482758,0.10775862068965517,3604.0,49302.0,0.0,0.0006843584902144628
MUS,2005,0.09482758620689655,0.09913793103448276,10094.0,49255.0,0.0,0.0006992267345489406
MWI,2005,0.05172413793103448,0.07758620689655173,92376.0,86802.0,0.005195458277354829,0.0017871618995570137
MYS,2005,0.10344827586206896,0.2025862068965517,878043.0,691364.0,0.015999402895954622,0.004070991963325428
NCL,2005,0.06896551724137931,0.02586206896551724,23371.0,2614.0,0.014216860725481416,0.004636028924506044
NIU,2005,0.030172413793103446,0.021551724137931036,200.0,2920.0,0.0,0.0006803781668444309
NRU,2005,0.034482758620689655,0.017241379310344827,956.0,912.0,0.0,0.0010699926461589788
OMN,2005,0.04310344827586207,0.05603448275862069,142907.0,6365.0,0.0,0.0010634391986704575
PNG,2005,0.09051724137931035,0.05172413793103448,11676.0,15093.0,0.0042607105538140025,0.001799711711249206
PYF,2005,0.08189655172413793,0.030172413793103446,11833.0,1271.0,0.0,0.0027486955095679787
REU,2005,0.021551724137931036,0.030172413793103446,48395.0,1446.0,0.0049563367666815945,0.002934443766412797
SGP,2005,0.04310344827586207,0.1724137931034483,791668.0,107497.0,0.0,0.005103177513016804
SLB,2005,0.06465517241379311,0.04741379310344827,1239.0,1368.0,0.0,0.0009648747213085077
SLE,2005,0.12931034482758622,0.10775862068965517,69185.0,46174.0,0.0,0.00130678785674405
SWZ,2005,0.07327586206896551,0.05603448275862069,12361.0,12711.0,0.0,0.000879673991165598
SYC,2005,0.11206896551724138,0.06034482758620689,2985.0,10216.0,0.0,0.0006766729791696007
TGO,2005,0.12931034482758622,0.11206896551724138,90154.0,199693.0,4.3476638304224514e-05,0.0013913720230058317
TLS,2005,0.06465517241379311,0.02586206896551724,5040.0,20816.0,0.0,0.0007402026233613374
TUV,2005,0.021551724137931036,0.04310344827586207,67.0,591.0,0.0,0.0006721834652518261
TZA,2005,0.11637931034482758,0.14655172413793102,279789.0,99147.0,0.0006304112554112555,0.0025358574337694235
UGA,2005,0.05603448275862069,0.13793103448275862,287218.0,236900.0,0.052150227645917306,0.002861666749551903
VUT,2005,0.03879310344827586,0.05603448275862069,907.0,3130.0,0.0,0.0009074375281293374
ZWE,2005,0.02586206896551724,0.12931034482758622,137401.0,255959.0,0.020064468577399613,0.002700071915857005
MRT,2005,0.15086206896551724,0.09051724137931035,24753.0,30413.0,0.0,0.0009898852571543332
NER,2005,0.05603448275862069,0.12068965517241378,60463.0,116000.0,0.003717252575011196,0.0011000444170825184
GNB,2005,0.04741379310344827,0.07758620689655173,9882.0,34979.0,0.00856489774593223,0.000910535318678532
LIE,2005,0.1896551724137931,0.02586206896551724,9271.0,29.0,0.0,0.0008937570284113897
SMR,2005,0.03879310344827586,0.017241379310344827,1836.0,1334.0,0.0,0.0006716449904934136
CHI,2005,0.017241379310344827,0.017241379310344827,36210.0,148.0,0.0,0.0012952221819196902
VAT,2005,0.0,0.008620689655172414,0.0,28.0,0.0,0.0006437768240343349
GNQ,2005,0.02586206896551724,0.05603448275862069,2542.0,37568.0,0.0,0.000720064189724327
COM,2005,0.021551724137931036,0.05603448275862069,6221.0,46749.0,0.009912673533363189,0.0014299879325546648
GRL,2005,0.06465517241379311,0.034482758620689655,2037.0,8100.0,0.0,0.0008420969752840609
FRO,2005,0.125,0.021551724137931036,2032.0,6452.0,0.0,0.0008202184810400622
SHN,2005,0.008620689655172414,0.017241379310344827,67.0,123.0,0.0,0.0006451675622538152
SPM,2005,0.01293103448275862,0.01293103448275862,540.0,38.0,0.0,0.0006647056203286189
WLF,2005,0.021551724137931036,0.021551724137931036,1059.0,3810.0,0.0,0.0016196340089648076
ESH,2005,0.030172413793103446,0.01293103448275862,1601.0,59227.0,0.0,0.0006707968497893192
FSM,2005,0.05172413793103448,0.017241379310344827,452.0,5573.0,6.521495745633678e-05,0.0014107567447781471
MHL,2005,0.02586206896551724,0.01293103448275862,838.0,218.0,0.0,0.0007437823152903872
MNP,2005,0.05172413793103448,0.017241379310344827,20525.0,1292.0,0.0,0.008715153613402419
PLW,2005,0.034482758620689655,0.017241379310344827,2312.0,1433.0,0.004325925511270339,0.0029340150798961738
MYT,2005,0.01293103448275862,0.008620689655172414,31271.0,3331.0,0.0,0.0014232780998458892
BES,2010,0.0,0.034482758620689655,0.0,1631.0,0.0,0.0006437768240343349
ABW,2010,0.09482758620689655,0.06465517241379311,18233.0,3864.0,0.014869010300044784,0.0032909929574847247
CHN,2010,0.41810344827586204,0.6077586206896551,383931.0,4838378.0,0.24646906254664877,0.007948179207581034
COL,2010,0.23275862068965517,0.24137931034482757,55549.0,1387713.0,0.028629366323331844,0.002821405375115678
CUW,2010,0.1853448275862069,0.05172413793103448,20217.0,2617.0,0.004999813404985819,0.0033722928297035357
DMA,2010,0.14224137931034483,0.12931034482758622,3143.0,11677.0,0.004325925511270339,0.0009664568991888391
DOM,2010,0.40948275862068967,0.22844827586206895,152220.0,694975.0,0.004086804000597104,0.0028143086508838674
GRD,2010,0.06465517241379311,0.09482758620689655,2455.0,12317.0,0.0,0.0007566601376804169
GUY,2010,0.06896551724137931,0.1724137931034483,3386.0,222474.0,0.004304187192118227,0.0007209149552296515
HTI,2010,0.09051724137931035,0.19827586206896552,7034.0,578661.0,0.012869084938050456,0.0008018589248466524
IND,2010,0.17672413793103448,0.5301724137931034,2655010.0,4509033.0,0.11962597029407375,0.01027793784431176
JAM,2010,0.09051724137931035,0.21551724137931033,10444.0,566040.0,0.013412542916853263,0.001666590163485096
NIC,2010,0.22844827586206895,0.15517241379310345,17300.0,322439.0,0.004978075085833707,0.0015574803479787248
NLD,2010,0.1724137931034483,0.3793103448275862,772047.0,294902.0,0.0289119644723093,0.007393473562567861
PER,2010,0.22413793103448276,0.24137931034482757,47766.0,669684.0,0.0,0.0016380313123836839
PHL,2010,0.03879310344827586,0.3922413793103448,39421.0,2853226.0,0.012651701746529334,0.0020299246741043034
PRT,2010,0.5387931034482758,0.28879310344827586,389685.0,831724.0,0.027412020450813555,0.006003431498652796
SUR,2010,0.017241379310344827,0.09913793103448276,10596.0,133015.0,0.008586636065084342,0.000699717191771294
SXM,2010,0.14224137931034483,0.034482758620689655,12532.0,873.0,2.1738319152112257e-05,0.004106284374342896
TUR,2010,0.1896551724137931,0.34051724137931033,710629.0,1281379.0,0.017955851619644723,0.0070544898924443196
USA,2010,0.2543103448275862,0.6939655172413793,20309381.0,1368472.0,0.5547619047619048,0.1270107490268741
VCT,2010,0.06465517241379311,0.10344827586206896,2136.0,15560.0,0.0,0.001092123722984196
VEN,2010,0.4870689655172414,0.24137931034482757,671019.0,295797.0,0.04019415211225556,0.0054442692485529584
PAK,2010,0.034482758620689655,0.34913793103448276,1866803.0,1457665.0,0.008890972533213913,0.0026242148050190147
AFG,2010,0.01293103448275862,0.25862068965517243,31874.0,2351542.0,0.004608523660247799,0.0007165428828621619
TJK,2010,0.15086206896551724,0.12931034482758622,157851.0,233107.0,0.0,0.001045973716828661
UZB,2010,0.04310344827586207,0.17672413793103448,620879.0,983055.0,0.0,0.0020168674972352255
CIV,2010,0.04310344827586207,0.15948275862068964,970224.0,459734.0,0.039650694133452756,0.008870847014603363
AGO,2010,0.05603448275862069,0.15948275862068964,32461.0,291881.0,0.0003043364681295716,0.0009932556817223936
COD,2010,0.030172413793103446,0.22413793103448276,224080.0,623531.0,0.01549942155545604,0.0017890001506667822
COG,2010,0.09051724137931035,0.15948275862068964,187785.0,83220.0,0.00023912151067323484,0.0016629747958148418
CPV,2010,0.13793103448275862,0.09051724137931035,6339.0,53190.0,0.004304187192118227,0.0008757855045318104
GIN,2010,0.12068965517241378,0.16379310344827586,67495.0,164980.0,0.004456355426183013,0.0017305245877870493
MOZ,2010,0.06896551724137931,0.13793103448275862,147292.0,249860.0,0.013608187789222273,0.002259578736461084
NAM,2010,0.34913793103448276,0.06465517241379311,46845.0,22238.0,0.0048259068517689215,0.0014006469442009095
RWA,2010,0.021551724137931036,0.14224137931034483,204361.0,173251.0,0.017281963725929245,0.0017661151601698654
STP,2010,0.02586206896551724,0.034482758620689655,1308.0,15843.0,0.0,0.0006651485183691873
TCD,2010,0.04310344827586207,0.125,224278.0,85943.0,0.039324619346171076,0.00218026312288962
ZAF,2010,0.5129310344827586,0.30603448275862066,684678.0,358790.0,0.06854092028660995,0.008938611449443374
ZMB,2010,0.125,0.12068965517241378,65271.0,69352.0,2.1738319152112257e-05,0.00122057103384584
CAN,2010,0.5560344827586207,0.4956896551724138,3645755.0,668726.0,0.05567183534855949,0.04663045596467272
AIA,2010,0.03879310344827586,0.04310344827586207,1768.0,825.0,0.0,0.0016322403896941986
GBR,2010,0.15086206896551724,0.603448275862069,3001792.0,2240392.0,0.35200860203015377,0.0497026962918978
KNA,2010,0.05603448275862069,0.09913793103448276,1678.0,6177.0,6.521495745633678e-05,0.001997498096964116
MSR,2010,0.04310344827586207,0.04741379310344827,517.0,1515.0,0.0,0.0007088472629506807
VIR,2010,0.08620689655172414,0.06034482758620689,29465.0,1556.0,0.014195122406329305,0.006299845407979627
ALB,2010,0.02586206896551724,0.15948275862068964,22820.0,464464.0,0.004173757277205554,0.0012040100317805389
GRC,2010,0.814655172413793,0.24568965517241378,680418.0,340905.0,0.013260374682788477,0.009669175724998452
ITA,2010,0.6120689655172413,0.4568965517241379,2563868.0,1249003.0,0.0411506381549485,0.025759247115910884
MKD,2010,0.08189655172413793,0.15086206896551724,74805.0,212971.0,4.3476638304224514e-05,0.0009467445015301074
ARG,2010,0.3103448275862069,0.2672413793103448,967899.0,435013.0,0.038542039856695035,0.009789820727740628
AND,2010,0.07758620689655173,0.021551724137931036,23383.0,596.0,0.0,0.0011991308878189447
AUS,2010,0.8491379310344828,0.40948275862068967,2957042.0,182973.0,0.13199507389162562,0.05833464649276566
BEL,2010,0.3577586206896552,0.3146551724137931,729944.0,216372.0,0.007260598596805494,0.010182053677774592
CHE,2010,0.1939655172413793,0.3232758620689655,882309.0,255408.0,0.004304187192118227,0.012316422986195924
CHL,2010,0.40948275862068967,0.21551724137931033,186374.0,223873.0,0.004999813404985819,0.003749055181988939
DEU,2010,0.11637931034482758,0.5258620689655172,4111516.0,2301789.0,0.26792478354978355,0.022942306363685463
DNK,2010,0.7887931034482758,0.23275862068965517,255067.0,58558.0,0.023455646365129125,0.007274186852021412
ESP,2010,0.2025862068965517,0.375,2927106.0,600691.0,0.10395264218540082,0.023160439118368466
FRA,2010,0.22844827586206895,0.5732758620689655,3448399.0,1057021.0,0.2542079041648007,0.03261585281744787
MAR,2010,0.07758620689655173,0.24568965517241378,29296.0,1239802.0,0.0,0.001228920780795753
SWE,2010,0.23706896551724138,0.2629310344827586,602123.0,92952.0,0.01836887968353486,0.010016963452952107
URY,2010,0.07327586206896551,0.1724137931034483,38932.0,137966.0,0.0,0.0013800263213536953
ARE,2010,0.14224137931034483,0.14224137931034483,1627861.0,51721.0,0.0003695514255859084,0.007016397641258378
BGD,2010,0.07327586206896551,0.23275862068965517,522781.0,2009440.0,0.09012707120465742,0.005137178859630095
BHR,2010,0.14224137931034483,0.08620689655172414,166193.0,19974.0,0.0,0.0016013145822974205
EGY,2010,0.30603448275862066,0.30603448275862066,141592.0,902107.0,0.0004565047021943574,0.002394102736630153
ERI,2010,0.09051724137931035,0.14224137931034483,6258.0,131420.0,0.0,0.0006803085374873796
ETH,2010,0.04741379310344827,0.21120689655172414,101726.0,331465.0,0.09201830497089118,0.0011793059523393865
IDN,2010,0.08620689655172414,0.2801724137931034,42778.0,1632034.0,0.016847197342886998,0.0021697291309322577
JOR,2010,0.034482758620689655,0.1853448275862069,1609748.0,209691.0,0.0010651776384535006,0.006764027656829213
KWT,2010,0.13793103448275862,0.11637931034482758,678875.0,45661.0,0.0,0.004174327507394581
LBN,2010,0.034482758620689655,0.3103448275862069,213971.0,237535.0,0.027803310195551576,0.0015264197162292064
LKA,2010,0.21120689655172414,0.23706896551724138,17351.0,516983.0,0.00923878563964771,0.0014910637066598647
NGA,2010,0.03879310344827586,0.3318965517241379,371504.0,441869.0,0.062345499328257954,0.0037418263155265374
NPL,2010,0.02586206896551724,0.1810344827586207,380338.0,683439.0,0.01339080459770115,0.0017875338536805232
PSE,2010,0.06034482758620689,0.1896551724137931,137099.0,1534792.0,0.04997639573070608,0.008779563178662306
QAT,2010,0.14224137931034483,0.08189655172413793,254822.0,7742.0,0.0,0.0019747964431290096
SAU,2010,0.08189655172413793,0.1939655172413793,1915173.0,56735.0,0.0002608598298253471,0.006438392522278925
SDN,2010,0.06465517241379311,0.20689655172413793,290529.0,437372.0,0.08464901477832514,0.002829863745377279
SOM,2010,0.008620689655172414,0.22413793103448276,12845.0,571393.0,0.012695178384833559,0.000682649343320437
SSD,2010,0.05172413793103448,0.05172413793103448,110477.0,159091.0,0.002434691745036573,0.001252749035097297
SYR,2010,0.021551724137931036,0.3189655172413793,791013.0,582229.0,0.00028259814897745934,0.002153053269560416
THA,2010,0.05603448275862069,0.27586206896551724,1005862.0,428536.0,0.00789100985221675,0.0033028075797650967
TUN,2010,0.07327586206896551,0.1853448275862069,17034.0,248736.0,0.0,0.0009925572431553108
YEM,2010,0.04310344827586207,0.12931034482758622,115203.0,346829.0,6.521495745633678e-05,0.0008319354737696886
ARM,2010,0.06034482758620689,0.1853448275862069,108410.0,363172.0,0.0,0.0008588000330370644
AUT,2010,0.1853448275862069,0.2672413793103448,628191.0,220328.0,0.008130131362889984,0.0048583845266303325
BGR,2010,0.6982758620689655,0.24568965517241378,41622.0,494420.0,0.0,0.0010680836121346152
BOL,2010,0.5689655172413793,0.15517241379310345,57045.0,343708.0,0.0,0.0018783722718961299
BRA,2010,0.4482758620689655,0.3318965517241379,268136.0,742689.0,0.005565009702940738,0.00455247292807659
CRI,2010,0.5775862068965517,0.14655172413793102,202982.0,17646.0,0.004282448872966115,0.0026766707567711786
CUB,2010,0.15086206896551724,0.2672413793103448,3709.0,678179.0,0.0,0.0007074794370201118
CYP,2010,0.5818965517241379,0.10775862068965517,105262.0,35981.0,0.0,0.0023701645709330206
CZE,2010,0.19827586206896552,0.19827586206896552,318027.0,384669.0,0.009260523958799822,0.002212623131539548
DZA,2010,0.08620689655172414,0.25,98735.0,786194.0,0.0046737386177041354,0.001511246924624015
ECU,2010,0.20689655172413793,0.16379310344827586,174205.0,574362.0,0.0,0.002220421750959628
EST,2010,0.47844827586206895,0.15086206896551724,130212.0,63558.0,0.0003478131064337961,0.0010489561846402516
GTM,2010,0.21120689655172414,0.15517241379310345,35439.0,385903.0,0.00856489774593223,0.001237665624500854
HND,2010,0.1810344827586207,0.14224137931034483,12939.0,295992.0,0.0,0.001183609014063633
HRV,2010,0.30603448275862066,0.1810344827586207,295204.0,457449.0,0.018825384385729213,0.0021209523220498015
HUN,2010,0.6724137931034483,0.22413793103448276,221189.0,196889.0,0.0,0.002285279262841616
IRL,2010,0.11206896551724138,0.2543103448275862,330715.0,403973.0,0.0,0.00655845991412782
IRN,2010,0.030172413793103446,0.2974137931034483,1221564.0,473766.0,0.0003043364681295716,0.0009994736719382419
ISR,2010,0.28879310344827586,0.25,756164.0,141679.0,0.03023800194058815,0.008537384673973166
JPN,2010,0.2543103448275862,0.375,1185190.0,500690.0,0.021412244364830572,0.006279312492884945
KOR,2010,0.06034482758620689,0.33620689655172414,237255.0,1195726.0,0.0,0.0024175331822120253
LAO,2010,0.02586206896551724,0.10344827586206896,11423.0,298628.0,0.0,0.0006667882645296384
LTU,2010,0.375,0.1810344827586207,91146.0,198537.0,0.0,0.0010617397349021115
MEX,2010,0.3318965517241379,0.22844827586206895,469856.0,5647673.0,0.012782131661442007,0.030850078083666847
MNE,2010,0.125,0.07758620689655173,46659.0,54822.0,0.0,0.0009035695332648059
NOR,2010,0.8663793103448276,0.1853448275862069,253628.0,53899.0,0.0,0.0066028583891281165
NZL,2010,0.20689655172413793,0.25862068965517243,470911.0,300715.0,0.04654174130467234,0.017836054729309807
PAN,2010,0.3793103448275862,0.15517241379310345,76382.0,101298.0,0.0,0.0021488518899893403
POL,2010,0.2672413793103448,0.3232758620689655,379657.0,2024156.0,0.00915183236303926,0.0032610586330107235
PRI,2010,0.1939655172413793,0.125,152969.0,811698.0,0.01934710404537991,0.009565575745178714
PRK,2010,0.08620689655172414,0.1336206896551724,21262.0,20318.0,0.0,0.0007472819863799428
PRY,2010,0.07327586206896551,0.12931034482758622,74833.0,388173.0,0.0,0.001570872688927138
ROU,2010,0.12068965517241378,0.28879310344827586,63918.0,1584390.0,2.1738319152112257e-05,0.0012469904563456968
RUS,2010,0.1810344827586207,0.41810344827586204,5601666.0,4989592.0,0.13592970965815795,0.01292746173342529
SEN,2010,0.10775862068965517,0.21982758620689655,99135.0,184317.0,0.04269405881474847,0.0028477074561581352
SLV,2010,0.2025862068965517,0.15517241379310345,21122.0,677683.0,0.0,0.0010504680298920864
SRB,2010,0.16810344827586207,0.17672413793103448,486951.0,313040.0,0.009369215554560382,0.0028054156807413265
SVK,2010,0.49137931034482757,0.15948275862068964,79132.0,218310.0,0.0,0.0013068421483441617
SVN,2010,0.5689655172413793,0.12931034482758622,104823.0,53742.0,0.0,0.0013937029132448948
TWN,2010,0.09913793103448276,0.06896551724137931,421388.0,362351.0,0.002086878638602777,0.0016449471733147852
UKR,2010,0.12931034482758622,0.3232758620689655,2551750.0,2914242.0,0.03512912374981341,0.006431759333082272
AZE,2010,0.08189655172413793,0.15517241379310345,131387.0,483646.0,0.0,0.0009241376916911193
GEO,2010,0.1939655172413793,0.15948275862068964,39321.0,390865.0,0.0,0.0007367181295016306
IRQ,2010,0.09482758620689655,0.25862068965517243,32731.0,1261348.0,0.0,0.0008748360440613691
KAZ,2010,0.12068965517241378,0.1896551724137931,1008026.0,2002839.0,0.010412654873861771,0.0031412918852566814
TKM,2010,0.04741379310344827,0.125,105501.0,218013.0,0.0,0.0008520937972769082
ASM,2010,0.04310344827586207,0.021551724137931036,11177.0,1129.0,0.0,0.001027907553714771
FJI,2010,0.06034482758620689,0.11206896551724138,5411.0,72847.0,0.017781945066427825,0.0015081622866221778
TKL,2010,0.017241379310344827,0.017241379310344827,215.0,326.0,0.0,0.0006709016449018258
TON,2010,0.021551724137931036,0.05172413793103448,610.0,17032.0,0.0,0.0006535271733345343
VNM,2010,0.021551724137931036,0.25862068965517243,27469.0,1216280.0,0.004304187192118227,0.0007307403922897188
WSM,2010,0.09051724137931035,0.06465517241379311,2311.0,45259.0,0.004978075085833707,0.0015246038385159188
ATG,2010,0.22413793103448276,0.10344827586206896,14434.0,4432.0,0.0,0.0026785874465507353
BHS,2010,0.3189655172413793,0.10775862068965517,26403.0,952.0,0.0,0.0018242232576339132
BLZ,2010,0.06465517241379311,0.09482758620689655,22311.0,2670.0,0.0,0.0008511863742147674
BMU,2010,0.15086206896551724,0.05603448275862069,8392.0,372.0,0.0,0.0009490157300744189
BRB,2010,0.09051724137931035,0.12931034482758622,11129.0,10940.0,0.0,0.0011920219497946688
GHA,2010,0.1853448275862069,0.21982758620689655,130082.0,349167.0,8.695327660844903e-05,0.002000149144979204
GLP,2010,0.10344827586206896,0.03879310344827586,49297.0,6155.0,0.009977888490819526,0.007684666499191578
GUF,2010,0.06896551724137931,0.03879310344827586,47735.0,2216.0,0.0,0.004389367630604762
LCA,2010,0.23706896551724138,0.10344827586206896,4395.0,10285.0,0.0,0.0015148788843502674
MTQ,2010,0.06465517241379311,0.04741379310344827,32291.0,7670.0,0.005021551724137931,0.0077125698973267015
TCA,2010,0.02586206896551724,0.021551724137931036,6399.0,1171.0,0.0,0.0008908503511785913
TTO,2010,0.06896551724137931,0.15948275862068964,21517.0,175533.0,0.008651851022540678,0.0015059947722877516
VGB,2010,0.09051724137931035,0.06034482758620689,7404.0,2527.0,0.0,0.0013061410040036006
BDI,2010,0.030172413793103446,0.11637931034482758,115874.0,142633.0,0.0,0.001294785774589255
BEN,2010,0.04310344827586207,0.125,149416.0,237992.0,0.0042607105538140025,0.001866166166431549
BFA,2010,0.034482758620689655,0.08620689655172414,330898.0,643205.0,0.0,0.005597755721580743
BIH,2010,0.05603448275862069,0.14224137931034483,19772.0,763522.0,0.0,0.0007924185412763155
BLR,2010,0.23706896551724138,0.1724137931034483,590897.0,766396.0,0.0,0.0020625230268728253
BRN,2010,0.08189655172413793,0.034482758620689655,43426.0,24436.0,0.0,0.0008908550996966692
BTN,2010,0.09913793103448276,0.04741379310344827,8287.0,43234.0,0.0,0.0006713090199104505
BWA,2010,0.13793103448275862,0.06896551724137931,37140.0,9471.0,0.0,0.001028256973775891
CAF,2010,0.09913793103448276,0.08189655172413793,32120.0,116696.0,0.0,0.001004086950334992
CMR,2010,0.09482758620689655,0.16810344827586207,126208.0,111399.0,0.011303925959098373,0.0020276820992291243
COK,2010,0.04310344827586207,0.021551724137931036,1573.0,10545.0,0.0,0.0009601805861006364
CYM,2010,0.23706896551724138,0.034482758620689655,11717.0,117.0,0.0,0.0011019290493839173
DJI,2010,0.01293103448275862,0.03879310344827586,45924.0,960.0,0.0,0.0007031706131557137
FIN,2010,0.728448275862069,0.19827586206896552,80231.0,131538.0,0.0,0.002898320587521066
FLK,2010,0.030172413793103446,0.01293103448275862,604.0,220.0,0.004978075085833707,0.0010474048365845176
GAB,2010,0.14224137931034483,0.09482758620689655,109719.0,18868.0,0.00023912151067323484,0.0020902615429167315
GIB,2010,0.01293103448275862,0.02586206896551724,4118.0,251.0,0.0,0.0007323267967523961
GMB,2010,0.030172413793103446,0.09482758620689655,85569.0,10262.0,0.0,0.0017642073352576594
GUM,2010,0.04741379310344827,0.02586206896551724,35294.0,653.0,0.019716655470965818,0.009781497707441843
HKG,2010,0.125,0.11637931034482758,1612911.0,439352.0,0.009738766980146292,0.005854450494801201
IMN,2010,0.034482758620689655,0.01293103448275862,20898.0,420.0,0.004978075085833707,0.001719378418717136
ISL,2010,0.5948275862068966,0.10344827586206896,17191.0,8199.0,0.0,0.0011414287305801275
KEN,2010,0.05603448275862069,0.1939655172413793,452065.0,199106.0,0.022107870577698165,0.0025948220521350464
KGZ,2010,0.09913793103448276,0.12931034482758622,134647.0,370731.0,0.0,0.0009773065625281311
KHM,2010,0.11206896551724138,0.12068965517241378,37195.0,301261.0,0.0,0.0007883811903410004
KIR,2010,0.030172413793103446,0.04741379310344827,1146.0,1770.0,0.004325925511270339,0.0012285219397372938
LBR,2010,0.10775862068965517,0.11637931034482758,40218.0,95621.0,0.0,0.0012864210730605665
LBY,2010,0.3706896551724138,0.17672413793103448,195889.0,48642.0,0.00021738319152112256,0.0032297511894164863
LSO,2010,0.06465517241379311,0.04310344827586207,1820.0,82801.0,0.0,0.0006819386934789274
LUX,2010,0.3318965517241379,0.11637931034482758,81594.0,19769.0,0.0,0.0020336157772935376
LVA,2010,0.3706896551724138,0.15517241379310345,189111.0,101223.0,0.0,0.00121848571352171
MAC,2010,0.021551724137931036,0.034482758620689655,153440.0,53634.0,0.0,0.0009352668314646418
MCO,2010,0.008620689655172414,0.04741379310344827,5651.0,13468.0,0.0,0.0007748570443795751
MDA,2010,0.1336206896551724,0.1810344827586207,76662.0,385983.0,0.004304187192118227,0.0008329315055484204
MDG,2010,0.017241379310344827,0.11206896551724138,9150.0,88884.0,0.0042607105538140025,0.0008288145103966154
MDV,2010,0.09482758620689655,0.03879310344827586,11627.0,1439.0,0.0,0.0006805958501804474
MLI,2010,0.24137931034482757,0.16810344827586207,154192.0,370189.0,0.04688955441110614,0.006021817173397887
MLT,2010,0.35344827586206895,0.08189655172413793,15668.0,29099.0,0.0,0.0013909738216802024
MMR,2010,0.017241379310344827,0.12068965517241378,30467.0,955047.0,0.0,0.0006935580774900114
MNG,2010,0.10775862068965517,0.10775862068965517,3996.0,57958.0,0.0,0.0006979243882909085
MUS,2010,0.09482758620689655,0.11206896551724138,10902.0,56471.0,0.0,0.0007037578435960822
MWI,2010,0.05172413793103448,0.07327586206896551,92917.0,101448.0,0.0,0.00157696369551255
MYS,2010,0.11206896551724138,0.21120689655172414,1072478.0,893387.0,0.009977888490819526,0.0041746517124236805
NCL,2010,0.06896551724137931,0.02586206896551724,25532.0,2562.0,0.009282262277951933,0.0028185372666445063
NIU,2010,0.030172413793103446,0.021551724137931036,239.0,2774.0,0.0,0.0006723950161564086
NRU,2010,0.03879310344827586,0.017241379310344827,249.0,1027.0,0.0,0.0007035354930965735
OMN,2010,0.04310344827586207,0.06034482758620689,173010.0,6642.0,0.0,0.0010789839901871124
PNG,2010,0.09051724137931035,0.04310344827586207,11547.0,16683.0,0.004347663830422451,0.001552666070283902
PYF,2010,0.08189655172413793,0.034482758620689655,11685.0,614.0,0.0,0.001973326678074324
REU,2010,0.021551724137931036,0.02586206896551724,51971.0,1402.0,0.004978075085833707,0.002931928557360423
SGP,2010,0.04310344827586207,0.1853448275862069,1140221.0,119943.0,0.0,0.006116135360768575
SLB,2010,0.06465517241379311,0.04310344827586207,937.0,1543.0,0.0,0.000799095947831561
SLE,2010,0.125,0.10775862068965517,35251.0,28611.0,0.0,0.001060122048177052
SWZ,2010,0.07327586206896551,0.05603448275862069,12955.0,16999.0,0.0,0.0008622198944336066
SYC,2010,0.11206896551724138,0.05603448275862069,3482.0,11374.0,0.0,0.0006760607634540469
TGO,2010,0.12931034482758622,0.11206896551724138,115514.0,201231.0,2.1738319152112257e-05,0.0015813573483317604
TLS,2010,0.06465517241379311,0.02586206896551724,5049.0,21908.0,0.0,0.0007380100315395208
TUV,2010,0.021551724137931036,0.04741379310344827,68.0,479.0,0.0,0.0006724887378006633
TZA,2010,0.11637931034482758,0.16379310344827586,151775.0,103196.0,0.0009130094043887148,0.0019182638911669537
UGA,2010,0.05603448275862069,0.14655172413793102,239155.0,296680.0,0.04454181594267802,0.0021715923017890087
VUT,2010,0.03879310344827586,0.06034482758620689,1096.0,3242.0,0.0,0.0008848504977013565
ZWE,2010,0.02586206896551724,0.1336206896551724,123124.0,434884.0,0.012782131661442007,0.0022338509644704058
MRT,2010,0.15517241379310345,0.09482758620689655,28582.0,31558.0,0.00028259814897745934,0.0009496824707329297
NER,2010,0.05603448275862069,0.11637931034482758,61503.0,129743.0,0.0,0.0012448892845892093
GNB,2010,0.04741379310344827,0.07327586206896551,10412.0,38658.0,0.008630112703388567,0.0008841014231666062
LIE,2010,0.4267241379310345,0.030172413793103446,11406.0,47.0,0.0,0.0009713579927817704
SMR,2010,0.03879310344827586,0.021551724137931036,1991.0,1238.0,0.0,0.0006751996441926679
CHI,2010,0.017241379310344827,0.017241379310344827,39056.0,199.0,0.0,0.0012905932851640734
VAT,2010,0.0,0.008620689655172414,0.0,39.0,0.0,0.0006437768240343349
GNQ,2010,0.02586206896551724,0.06034482758620689,3296.0,43628.0,0.0,0.0007386122623937281
COM,2010,0.021551724137931036,0.05603448275862069,5894.0,55739.0,0.009934411852515302,0.001402972372223115
GRL,2010,0.06896551724137931,0.034482758620689655,1884.0,8914.0,0.0,0.0008273694751210884
FRO,2010,0.12931034482758622,0.02586206896551724,2274.0,7044.0,0.0,0.0008395857890130072
SHN,2010,0.008620689655172414,0.017241379310344827,93.0,180.0,0.0,0.000645581514311158
SPM,2010,0.01293103448275862,0.01293103448275862,478.0,48.0,0.0,0.0006615691976687639
WLF,2010,0.021551724137931036,0.017241379310344827,1033.0,3935.0,0.0,0.0012108950919900489
ESH,2010,0.030172413793103446,0.01293103448275862,1809.0,80238.0,0.0,0.0006719666440525185
FSM,2010,0.05172413793103448,0.021551724137931036,440.0,6190.0,4.3476638304224514e-05,0.0014888314336838969
MHL,2010,0.02586206896551724,0.01293103448275862,1073.0,191.0,0.0,0.000764800345802684
MNP,2010,0.05172413793103448,0.01293103448275862,13172.0,1250.0,0.0,0.007527493424516753
PLW,2010,0.034482758620689655,0.021551724137931036,2230.0,1227.0,0.004325925511270339,0.0031923431238049327
MYT,2010,0.01293103448275862,0.008620689655172414,37464.0,3227.0,0.0,0.0014324988487032914
BES,2015,0.0,0.03879310344827586,0.0,1755.0,0.0,0.0006437768240343349
ABW,2015,0.09482758620689655,0.08189655172413793,19198.0,4797.0,0.014869010300044784,0.0030708404151630403
CHN,2015,0.41810344827586204,0.6077586206896551,451420.0,5760394.0,0.19371016196447233,0.008131392546802995
COL,2015,0.23275862068965517,0.24568965517241378,61963.0,1489260.0,0.01606461785341096,0.0026705246855832296
CUW,2015,0.1853448275862069,0.05603448275862069,21869.0,2864.0,0.004999813404985819,0.003173876007737591
DMA,2015,0.14224137931034483,0.1336206896551724,3101.0,11928.0,0.004304187192118227,0.000956197185700988
DOM,2015,0.40948275862068967,0.23706896551724138,192137.0,828458.0,0.009412692192864607,0.0022961808012229796
GRD,2015,0.06465517241379311,0.09913793103448276,2481.0,12595.0,0.0,0.0007431016581289618
GUY,2015,0.06896551724137931,0.1724137931034483,3576.0,235107.0,0.004304187192118227,0.0007171770463195187
HTI,2015,0.09051724137931035,0.21120689655172414,7376.0,694805.0,0.01289082325720257,0.0007940442472791037
IND,2015,0.1853448275862069,0.5258620689655172,2569178.0,5299065.0,0.10901767054784298,0.008413174641353232
JAM,2015,0.09051724137931035,0.21982758620689655,10218.0,611681.0,0.00847794446932378,0.001583162791819632
NIC,2015,0.22844827586206895,0.16379310344827586,18578.0,350807.0,0.009912673533363189,0.001511537907173669
NLD,2015,0.1724137931034483,0.3793103448275862,823861.0,293438.0,0.02889022615315719,0.008116828752588068
PER,2015,0.22413793103448276,0.24137931034482757,69871.0,701776.0,0.0,0.0018479079865047303
PHL,2015,0.03879310344827586,0.38362068965517243,30313.0,3416422.0,0.01271691670398567,0.0013877999279067392
PRT,2015,0.5517241379310345,0.28879310344827586,464479.0,868216.0,0.02669465591879385,0.006595755673375503
SUR,2015,0.017241379310344827,0.10344827586206896,11491.0,130863.0,0.008586636065084342,0.0007053592338541339
SXM,2015,0.14224137931034483,0.034482758620689655,13088.0,919.0,0.0,0.003783769446739733
TUR,2015,0.1896551724137931,0.34051724137931033,1697574.0,1296917.0,0.03908549783549784,0.00813710026228113
USA,2015,0.2543103448275862,0.6896551724137931,22302618.0,1456748.0,0.5487186520376176,0.12850510874517185
VCT,2015,0.06465517241379311,0.11206896551724138,2150.0,16875.0,0.0,0.0010391977795799004
VEN,2015,0.48275862068965514,0.24137931034482757,700915.0,402601.0,0.04169409613375131,0.005098482124887115
PAK,2015,0.034482758620689655,0.3448275862068966,1622930.0,1820658.0,0.012825608299746232,0.0018676517542560577
AFG,2015,0.01293103448275862,0.2672413793103448,139534.0,2428980.0,0.00856489774593223,0.0007899056183951037
TJK,2015,0.15086206896551724,0.12931034482758622,156288.0,227175.0,0.0,0.0009785145541502795
UZB,2015,0.04310344827586207,0.1810344827586207,586492.0,975293.0,0.0,0.0017699416168043196
CIV,2015,0.04310344827586207,0.1724137931034483,1026889.0,520303.0,0.06647577996715928,0.007673888881305557
AGO,2015,0.05603448275862069,0.16379310344827586,63650.0,261293.0,0.0012825608299746232,0.0011148525768861555
COD,2015,0.034482758620689655,0.24137931034482757,391537.0,751708.0,0.032477048813255714,0.002379531456624991
COG,2015,0.09051724137931035,0.16810344827586207,172616.0,100092.0,0.0003478131064337961,0.0016553421974925219
CPV,2015,0.13793103448275862,0.10344827586206896,6603.0,63814.0,0.004304187192118227,0.0008496385031057176
GIN,2015,0.5129310344827586,0.15948275862068964,48426.0,182515.0,0.02860762800417973,0.0019887764743711416
MOZ,2015,0.06896551724137931,0.14655172413793102,156844.0,261851.0,0.009869196895058965,0.002103775283055943
NAM,2015,0.34913793103448276,0.08189655172413793,45730.0,21460.0,0.0,0.001319581905404659
RWA,2015,0.021551724137931036,0.15517241379310345,254527.0,253122.0,0.029933665472458577,0.001898525908776495
STP,2015,0.02586206896551724,0.04310344827586207,1163.0,18020.0,0.0,0.0006594809641391073
TCD,2015,0.04310344827586207,0.125,245183.0,81800.0,0.0491286012837737,0.001425627356153871
ZAF,2015,0.5129310344827586,0.30603448275862066,878930.0,396333.0,0.043867928048962536,0.008839324309690363
ZMB,2015,0.125,0.13793103448275862,58219.0,65726.0,0.0,0.001100729246782203
CAN,2015,0.5560344827586207,0.49137931034482757,4134516.0,686431.0,0.052737162263024336,0.047766750538997704
AIA,2015,0.03879310344827586,0.04310344827586207,1889.0,748.0,0.0,0.0015000265721081582
GBR,2015,0.15086206896551724,0.603448275862069,3371406.0,2229939.0,0.30403213166144205,0.04844769093675763
KNA,2015,0.05603448275862069,0.09482758620689655,1714.0,6507.0,0.0,0.0017566598545114844
MSR,2015,0.04310344827586207,0.05172413793103448,541.0,1584.0,0.0,0.0006964627327564936
VIR,2015,0.08620689655172414,0.06034482758620689,29486.0,1675.0,0.01415164576802508,0.005410718001385979
ALB,2015,0.02586206896551724,0.16379310344827586,22493.0,488986.0,2.1738319152112257e-05,0.0011496906325144537
GRC,2015,0.7887931034482758,0.24137931034482757,672395.0,363410.0,0.009282262277951933,0.00921733533554638
ITA,2015,0.6120689655172413,0.4568965517241379,3001101.0,1277896.0,0.039346357665323184,0.025891614056603934
MKD,2015,0.08189655172413793,0.15517241379310345,75337.0,217176.0,2.1738319152112257e-05,0.0009351069677341725
ARG,2015,0.3103448275862069,0.27586206896551724,926653.0,447735.0,0.039237666069562624,0.008686817266829449
AND,2015,0.06034482758620689,0.03879310344827586,19190.0,730.0,0.0,0.0010335240482318955
BEL,2015,0.3577586206896552,0.3103448275862069,840799.0,231626.0,0.012477795193312435,0.010664246276988015
CHL,2015,0.40948275862068967,0.23275862068965517,295272.0,216629.0,0.004999813404985819,0.004336658762776295
DEU,2015,0.11637931034482758,0.5258620689655172,4732302.0,2253314.0,0.2880327287654874,0.026044541245987807
ESP,2015,0.2025862068965517,0.3706896551724138,2861383.0,670024.0,0.10362656739811912,0.021381711716532987
FRA,2015,0.22844827586206895,0.5689655172413793,3751751.0,1152833.0,0.2516427825048515,0.0326601234526025
MAR,2015,0.07758620689655173,0.25,38238.0,1369150.0,0.0,0.0013453276049705668
URY,2015,0.07327586206896551,0.1810344827586207,40216.0,130384.0,0.0,0.0013088848043991584
ARE,2015,0.14224137931034483,0.13793103448275862,2122877.0,58613.0,0.0006956262128675922,0.006535933772667316
BGD,2015,0.07327586206896551,0.23706896551724138,540151.0,2175601.0,0.09234437975817286,0.005144770116130706
BHR,2015,0.14224137931034483,0.09051724137931035,192985.0,21518.0,0.0,0.0014518788825702389
EGY,2015,0.12931034482758622,0.3103448275862069,122051.0,1191473.0,0.0004130280638901329,0.0008679226692237065
ERI,2015,0.09051724137931035,0.16379310344827586,6035.0,218123.0,0.0,0.0006789061733704315
ETH,2015,0.05172413793103448,0.21982758620689655,394452.0,452015.0,0.122191091954023,0.0017863493782978867
IDN,2015,0.10775862068965517,0.27586206896551724,59131.0,1859789.0,0.016803720704582775,0.0019083383928288188
JOR,2015,0.034482758620689655,0.1853448275862069,1855017.0,248702.0,0.0003478131064337961,0.005248111973760544
KWT,2015,0.14224137931034483,0.12068965517241378,925513.0,52280.0,0.0,0.003859473763361384
LBN,2015,0.034482758620689655,0.3189655172413793,871154.0,259051.0,0.0,0.0019620991269636776
LKA,2015,0.21120689655172414,0.23275862068965517,18021.0,573719.0,0.004978075085833707,0.0014210052517425935
NGA,2015,0.03879310344827586,0.33620689655172414,485855.0,636943.0,0.0748450328407225,0.004142198078188316
NPL,2015,0.02586206896551724,0.19827586206896552,347545.0,869081.0,0.01339080459770115,0.0014280069479517144
PSE,2015,0.06034482758620689,0.19827586206896552,137244.0,1748088.0,0.05256325570980744,0.00759211953303053
QAT,2015,0.14224137931034483,0.08620689655172414,387220.0,8596.0,0.0,0.001845493458776763
SAU,2015,0.08189655172413793,0.1896551724137931,2648986.0,65475.0,0.0012173458725182865,0.00529339172289743
SDN,2015,0.06465517241379311,0.23275862068965517,298089.0,825658.0,0.09925716524854457,0.0020951416753033168
SOM,2015,0.01293103448275862,0.23275862068965517,9727.0,806249.0,0.004304187192118227,0.000669987686230391
SSD,2015,0.05603448275862069,0.08189655172413793,412174.0,429684.0,0.04795473204955964,0.0019050096451641923
SYR,2015,0.021551724137931036,0.3318965517241379,378843.0,2726698.0,0.035846488281833115,0.0017792351744897285
THA,2015,0.05603448275862069,0.27155172413793105,1121317.0,543923.0,0.00578239289446186,0.0036548316876884902
TUN,2015,0.07327586206896551,0.1853448275862069,22024.0,270077.0,0.0,0.0010304329303651796
YEM,2015,0.04741379310344827,0.14655172413793102,162817.0,606267.0,6.521495745633678e-05,0.0008030685680426229
ARM,2015,0.06034482758620689,0.1810344827586207,94358.0,340431.0,2.1738319152112257e-05,0.0008188874373899304
AUS,2015,0.8491379310344828,0.4051724137931034,3422601.0,198013.0,0.13684271906254666,0.06188469392257167
AUT,2015,0.1853448275862069,0.2672413793103448,727795.0,221192.0,0.0,0.005387567465825029
BGR,2015,0.7155172413793104,0.25,63587.0,555219.0,0.0,0.001326980565827801
BOL,2015,0.5689655172413793,0.16379310344827586,66531.0,345567.0,0.0,0.0019464838862151535
BRA,2015,0.46120689655172414,0.3275862068965517,257848.0,774473.0,0.0048041685326168084,0.004394838766468616
CHE,2015,0.1939655172413793,0.3189655172413793,1005023.0,259889.0,0.004325925511270339,0.013297579107336947
CRI,2015,0.5775862068965517,0.15086206896551724,207046.0,20088.0,0.00923878563964771,0.0026609997913537367
CUB,2015,0.14224137931034483,0.2672413793103448,2402.0,783788.0,0.0,0.0006795497754545603
CYP,2015,0.5818965517241379,0.10775862068965517,97985.0,37238.0,0.0,0.0021399514546581663
CZE,2015,0.19827586206896552,0.1939655172413793,323008.0,362160.0,0.009282262277951933,0.0023080114235351605
DNK,2015,0.8103448275862069,0.22844827586206895,305482.0,58517.0,0.027890263472160025,0.007974258629200984
DZA,2015,0.08620689655172414,0.2543103448275862,108981.0,827164.0,0.00471721525600836,0.001456397076364093
ECU,2015,0.20689655172413793,0.16810344827586207,159620.0,556429.0,0.0,0.00195458703313594
EST,2015,0.5387931034482758,0.15086206896551724,114631.0,68658.0,0.0041085423197492164,0.0010112159874083944
GTM,2015,0.21120689655172414,0.15517241379310345,38061.0,462465.0,0.008499682788475892,0.001234223437650151
HND,2015,0.1810344827586207,0.15086206896551724,18118.0,381022.0,0.0,0.0012462351364202246
HRV,2015,0.30603448275862066,0.1853448275862069,298430.0,430133.0,0.021738319152112256,0.002081626441180596
HUN,2015,0.7370689655172413,0.22413793103448276,227523.0,230635.0,0.0,0.00231583239785043
IRL,2015,0.11206896551724138,0.2543103448275862,356451.0,384143.0,0.0,0.006507384896606362
IRN,2015,0.030172413793103446,0.2974137931034483,1233798.0,542610.0,0.004499832064487237,0.0010211141901449172
ISR,2015,0.2801724137931034,0.25,811014.0,144023.0,0.04010719883564712,0.008754956073632799
JPN,2015,0.2543103448275862,0.3706896551724138,1374634.0,530741.0,0.005065028362442156,0.01081445604059244
KOR,2015,0.06034482758620689,0.3275862068965517,501352.0,1191864.0,0.0,0.0033678004609741605
LAO,2015,0.02586206896551724,0.10344827586206896,15051.0,319336.0,0.0,0.000675737392201304
LTU,2015,0.4525862068965517,0.1810344827586207,78512.0,224459.0,0.0,0.001046672120390179
MEX,2015,0.3318965517241379,0.23275862068965517,526267.0,5842657.0,0.017651515151515154,0.03099520961372116
MNE,2015,0.125,0.08189655172413793,43045.0,55702.0,0.0,0.0008774583978585402
NOR,2015,0.8879310344827586,0.1810344827586207,353114.0,55180.0,0.00047824302134646967,0.007831186202787905
NZL,2015,0.20689655172413793,0.25862068965517243,553511.0,328539.0,0.05138938647559338,0.01884692396330558
PAN,2015,0.3793103448275862,0.16379310344827586,89602.0,100765.0,0.0,0.0022368434354286025
POL,2015,0.2672413793103448,0.3232758620689655,364180.0,2255122.0,0.008673589341692791,0.0040812083664788276
PRI,2015,0.1939655172413793,0.125,138212.0,882374.0,0.0,0.008142569705165435
PRK,2015,0.08620689655172414,0.14655172413793102,23273.0,25084.0,0.0,0.0007524079111080602
PRY,2015,0.07327586206896551,0.14655172413793102,73125.0,380171.0,0.0,0.0014660167741688602
ROU,2015,0.11637931034482758,0.2974137931034483,93213.0,1906524.0,2.1738319152112257e-05,0.0017815164246262809
RUS,2015,0.1810344827586207,0.41810344827586204,4524884.0,4995065.0,0.13095163457232423,0.010697281781331868
SEN,2015,0.10775862068965517,0.22844827586206895,102343.0,208682.0,0.03484652560083595,0.0029959018329892085
SLV,2015,0.2025862068965517,0.15517241379310345,21992.0,762776.0,0.0,0.0010344881108712552
SRB,2015,0.16810344827586207,0.1896551724137931,435662.0,391013.0,0.005195458277354829,0.0027271598252287107
SVK,2015,0.6551724137931034,0.15948275862068964,88564.0,220447.0,0.0,0.0014954402317172493
SVN,2015,0.6293103448275862,0.13793103448275862,103144.0,53150.0,0.0,0.0012657639080106797
SWE,2015,0.23706896551724138,0.25,712192.0,99236.0,0.01693415061949545,0.010901924151741786
TWN,2015,0.09913793103448276,0.06896551724137931,566200.0,428461.0,0.0037389908941633083,0.0017389024852608223
UKR,2015,0.12931034482758622,0.3189655172413793,2557238.0,2634521.0,0.02310783325869533,0.005712335127729132
AZE,2015,0.08189655172413793,0.15948275862068964,115569.0,399834.0,0.0,0.0008909287888550948
GEO,2015,0.1939655172413793,0.16379310344827586,41264.0,329956.0,0.0,0.0007341890870952927
IRQ,2015,0.09482758620689655,0.2629310344827586,139301.0,745451.0,0.000499981340498582,0.0008627191235739122
KAZ,2015,0.11637931034482758,0.1896551724137931,1055685.0,1789531.0,0.014955963576653233,0.0030145369709008787
TKM,2015,0.04741379310344827,0.12931034482758622,102945.0,207265.0,0.0,0.0008247102266972764
ASM,2015,0.04310344827586207,0.021551724137931036,11228.0,1187.0,0.0,0.0009704558059861511
FJI,2015,0.06034482758620689,0.11206896551724138,5510.0,83117.0,0.017760206747275714,0.0014524336329974842
TKL,2015,0.017241379310344827,0.01293103448275862,235.0,370.0,0.0,0.0006730679154212989
TON,2015,0.021551724137931036,0.05603448275862069,519.0,19305.0,0.0,0.0006507678190846995
VNM,2015,0.017241379310344827,0.2629310344827586,32717.0,1404274.0,0.004304187192118227,0.0007793822884337256
WSM,2015,0.09051724137931035,0.07758620689655173,1926.0,49689.0,0.004978075085833707,0.001313032851130502
ATG,2015,0.22413793103448276,0.12068965517241378,15356.0,6486.0,0.024520824003582627,0.002485539375280719
BHS,2015,0.3189655172413793,0.11206896551724138,28815.0,990.0,0.0,0.0018110872253600657
BLZ,2015,0.06465517241379311,0.09051724137931035,26464.0,3010.0,0.0,0.0008724464035378906
BMU,2015,0.14655172413793102,0.05603448275862069,8663.0,423.0,0.0,0.000946392783860142
BRB,2015,0.09051724137931035,0.1336206896551724,11684.0,10731.0,0.0,0.0011379657996594592
GHA,2015,0.1853448275862069,0.22413793103448276,159654.0,415008.0,2.1738319152112257e-05,0.002062573091575786
GLP,2015,0.10344827586206896,0.03879310344827586,49394.0,7018.0,0.009956150171667413,0.008026023800030094
GUF,2015,0.06896551724137931,0.03879310344827586,50697.0,2459.0,0.0,0.003688392619210894
LCA,2015,0.22413793103448276,0.10775862068965517,4199.0,11217.0,0.0,0.0013496755811908184
MTQ,2015,0.06465517241379311,0.04741379310344827,38594.0,6833.0,0.004999813404985819,0.007994247634806478
TCA,2015,0.02586206896551724,0.021551724137931036,8798.0,1316.0,0.0,0.0009044263080397856
TTO,2015,0.06896551724137931,0.1724137931034483,21975.0,180591.0,0.008608374384236454,0.001457821594000317
VGB,2015,0.09051724137931035,0.06034482758620689,8523.0,2720.0,0.0,0.0012640141559923366
BDI,2015,0.030172413793103446,0.125,137768.0,222469.0,0.0038694208090759817,0.0013334862450305215
BEN,2015,0.04310344827586207,0.13793103448275862,175337.0,288912.0,0.003804205851619645,0.0018858213757018403
BFA,2015,0.034482758620689655,0.09051724137931035,346007.0,706887.0,0.0,0.004660494305610251
BIH,2015,0.05603448275862069,0.14655172413793102,19656.0,764179.0,0.0,0.0007815043875344439
BLR,2015,0.23706896551724138,0.1724137931034483,586846.0,636454.0,0.0,0.0019073752383702383
BRN,2015,0.08189655172413793,0.034482758620689655,44107.0,25388.0,0.0,0.0008731298032331703
BTN,2015,0.09913793103448276,0.05172413793103448,7080.0,23518.0,0.0,0.0006658168052767651
BWA,2015,0.13793103448275862,0.07758620689655173,40357.0,8798.0,0.0,0.0010198769571299977
CAF,2015,0.09913793103448276,0.09482758620689655,27861.0,327561.0,0.0,0.0008870051495756363
CMR,2015,0.09482758620689655,0.19827586206896552,247339.0,140821.0,0.00915183236303926,0.0019369520158545683
COK,2015,0.04310344827586207,0.021551724137931036,1750.0,10611.0,0.0,0.0009397583568218884
CYM,2015,0.23706896551724138,0.04310344827586207,12752.0,184.0,0.0,0.0011150294877954076
DJI,2015,0.01293103448275862,0.04741379310344827,50468.0,918.0,0.0,0.0006979852501312855
FIN,2015,0.7543103448275862,0.19827586206896552,118622.0,125210.0,2.1738319152112257e-05,0.0031631298729266413
FLK,2015,0.030172413793103446,0.017241379310344827,670.0,110.0,0.0,0.001060348064163248
GAB,2015,0.14224137931034483,0.09482758620689655,131980.0,23388.0,0.00023912151067323484,0.002082899424899209
GIB,2015,0.01293103448275862,0.02586206896551724,4337.0,260.0,0.0,0.0007286219132291857
GMB,2015,0.030172413793103446,0.09913793103448276,88810.0,11325.0,0.0,0.0017412135654056749
GUM,2015,0.04741379310344827,0.02586206896551724,35633.0,599.0,0.014760318704284223,0.009304527412381242
HKG,2015,0.125,0.11206896551724138,1695991.0,500573.0,0.010086580086580088,0.005682459132807175
IMN,2015,0.034482758620689655,0.017241379310344827,18621.0,372.0,0.0,0.0015391049327458514
ISL,2015,0.625,0.09913793103448276,19861.0,9699.0,0.0,0.0012358399488564484
KEN,2015,0.05603448275862069,0.2025862068965517,525331.0,238426.0,0.01567332810867294,0.0025398351265878165
KGZ,2015,0.09913793103448276,0.125,119267.0,337279.0,0.0,0.000909914835220465
KHM,2015,0.11206896551724138,0.12068965517241378,32874.0,328531.0,0.0,0.0007581801415310496
KIR,2015,0.030172413793103446,0.04741379310344827,1161.0,2130.0,0.009260523958799822,0.00121413405258804
LBR,2015,0.10775862068965517,0.125,45770.0,75819.0,0.0,0.0013104461937659372
LBY,2015,0.3706896551724138,0.1853448275862069,221993.0,57187.0,0.005173719958202717,0.00305686976179588
LSO,2015,0.06465517241379311,0.04741379310344827,2536.0,102467.0,0.0,0.0006931445339508728
LUX,2015,0.3318965517241379,0.11637931034482758,122568.0,21768.0,0.0,0.0027030729247869206
LVA,2015,0.46551724137931033,0.15948275862068964,161405.0,96917.0,0.0,0.001105175918752392
MAC,2015,0.021551724137931036,0.034482758620689655,176698.0,62591.0,0.0,0.0009217741415039623
MCO,2015,0.008620689655172414,0.05172413793103448,6951.0,14558.0,0.0,0.0007931754219907394
MDA,2015,0.1336206896551724,0.1853448275862069,55239.0,412542.0,0.0,0.0008124226159695569
MDG,2015,0.017241379310344827,0.11206896551724138,10111.0,102120.0,0.004282448872966115,0.0007915309013188511
MDV,2015,0.09482758620689655,0.04310344827586207,6190.0,1559.0,0.0,0.0006621624306440052
MLI,2015,0.24137931034482757,0.1724137931034483,190252.0,463684.0,0.047824302134646966,0.0061579076337063155
MLT,2015,0.3577586206896552,0.09051724137931035,23612.0,27224.0,0.0,0.0018227776410598357
MMR,2015,0.017241379310344827,0.125,28973.0,1126209.0,0.0,0.000680279260852446
MNG,2015,0.10775862068965517,0.10775862068965517,6309.0,64054.0,0.0,0.0007266458098865407
MUS,2015,0.09482758620689655,0.12068965517241378,11924.0,61297.0,0.0,0.0007031947819175708
MWI,2015,0.05172413793103448,0.09051724137931035,85418.0,116267.0,0.0,0.0013810992151480732
MYS,2015,0.11206896551724138,0.21120689655172414,1323566.0,1045059.0,0.009064879086430812,0.0042118258503166415
NCL,2015,0.06896551724137931,0.030172413793103446,30352.0,2622.0,0.009282262277951933,0.00286489847777367
NIU,2015,0.030172413793103446,0.021551724137931036,240.0,2699.0,0.0,0.0006702069680287077
NRU,2015,0.03879310344827586,0.02586206896551724,389.0,1100.0,0.0,0.00072128488184074
OMN,2015,0.04310344827586207,0.06034482758620689,284218.0,7609.0,0.0,0.0011776298220764507
PNG,2015,0.09051724137931035,0.05603448275862069,11803.0,18740.0,0.004304187192118227,0.0015289878897890373
PYF,2015,0.08189655172413793,0.034482758620689655,11777.0,734.0,0.0,0.0019462929955809912
REU,2015,0.021551724137931036,0.02586206896551724,53997.0,1398.0,0.004978075085833707,0.002658980982853925
SGP,2015,0.04310344827586207,0.1853448275862069,1362017.0,130394.0,0.0,0.006636534142556452
SLB,2015,0.06465517241379311,0.05603448275862069,868.0,1756.0,0.0,0.0007732341992276612
SLE,2015,0.12931034482758622,0.10775862068965517,25391.0,27891.0,0.0,0.0009397173034633162
SWZ,2015,0.07327586206896551,0.06034482758620689,12792.0,14115.0,0.0,0.0008409069450243629
SYC,2015,0.11206896551724138,0.06896551724137931,3681.0,11724.0,0.0,0.0006738999529418536
TGO,2015,0.12931034482758622,0.11637931034482758,125987.0,243285.0,0.0,0.0015778385884725379
TLS,2015,0.06465517241379311,0.02586206896551724,2923.0,30833.0,0.0,0.0007080344825191345
TUV,2015,0.021551724137931036,0.05172413793103448,71.0,487.0,0.0,0.0006682037790173645
TZA,2015,0.11637931034482758,0.1724137931034483,173485.0,107076.0,0.00017390655321689806,0.0017683184796842243
UGA,2015,0.06034482758620689,0.15517241379310345,409895.0,312934.0,0.04265058217644425,0.0023305432016145957
VUT,2015,0.03879310344827586,0.06465517241379311,1163.0,2908.0,0.0,0.0008913381303038649
ZWE,2015,0.02586206896551724,0.14655172413793102,125804.0,563239.0,0.004391140468726676,0.002062665608027153
MRT,2015,0.15517241379310345,0.10344827586206896,70159.0,31154.0,0.00023912151067323484,0.001384179603877749
NER,2015,0.05603448275862069,0.11637931034482758,126337.0,148600.0,0.00047824302134646967,0.0016375609306490894
GNB,2015,0.04741379310344827,0.09051724137931035,11141.0,42559.0,0.008586636065084342,0.0008864554811200184
LIE,2015,0.49137931034482757,0.04741379310344827,12126.0,46.0,0.0,0.001008832791255353
SMR,2015,0.03879310344827586,0.030172413793103446,2157.0,1147.0,0.0,0.0006763814569491068
WLF,2015,0.021551724137931036,0.02586206896551724,1000.0,5982.0,0.0,0.0011589434076616663
CHI,2015,0.017241379310344827,0.017241379310344827,41335.0,157.0,0.0,0.0013175938280776084
VAT,2015,0.0,0.01293103448275862,0.0,63.0,0.0,0.0006437768240343349
GNQ,2015,0.02586206896551724,0.06034482758620689,4069.0,53545.0,0.0,0.0007467799368536144
COM,2015,0.021551724137931036,0.05603448275862069,5828.0,99791.0,0.0049563367666815945,0.0013224749306184917
GRL,2015,0.07327586206896551,0.034482758620689655,1943.0,9672.0,0.0,0.0008407021439061744
FRO,2015,0.12931034482758622,0.030172413793103446,2548.0,7430.0,0.0,0.0008715194225971009
SHN,2015,0.008620689655172414,0.01293103448275862,103.0,194.0,0.0,0.000645690647167243
SPM,2015,0.01293103448275862,0.008620689655172414,463.0,49.0,0.0,0.0006602794620896745
ESH,2015,0.030172413793103446,0.02586206896551724,2036.0,87191.0,0.0,0.0006748859702752261
FSM,2015,0.05172413793103448,0.02586206896551724,434.0,6136.0,2.1738319152112257e-05,0.001430067484084143
MHL,2015,0.02586206896551724,0.017241379310344827,1145.0,191.0,0.0,0.0007581140273967976
MNP,2015,0.05172413793103448,0.01293103448275862,11852.0,1236.0,0.0,0.006961738127287842
PLW,2015,0.034482758620689655,0.02586206896551724,1896.0,1196.0,0.004304187192118227,0.0028214801959588155
MYT,2015,0.01293103448275862,0.008620689655172414,42824.0,3346.0,0.0,0.0011846849000447346
BES,2020,0.0,0.034482758620689655,0.0,1965.0,0.0,0.0006437768240343349
ABW,2020,0.09482758620689655,0.07327586206896551,28352.0,8750.0,0.014890748619196896,0.002803254655624271
CHN,2020,0.41810344827586204,0.6077586206896551,632840.0,6283457.0,0.1511247947454844,0.008286055626317552
COL,2020,0.23275862068965517,0.24568965517241378,963535.0,1734076.0,0.004173757277205554,0.0036908862809891547
CUW,2020,0.1853448275862069,0.05172413793103448,31924.0,3791.0,0.004999813404985819,0.002926439204669024
DMA,2020,0.13793103448275862,0.12931034482758622,3154.0,11829.0,0.004304187192118227,0.0009253125998699378
DOM,2020,0.40948275862068967,0.22844827586206895,217428.0,953957.0,0.014521197193610988,0.00218981286000115
GRD,2020,0.06465517241379311,0.10344827586206896,2715.0,11959.0,0.0,0.0007435772070889536
GUY,2020,0.06896551724137931,0.1724137931034483,16368.0,230460.0,0.025586001642036126,0.0007273490167223244
HTI,2020,0.09051724137931035,0.21120689655172414,7702.0,797183.0,0.012825608299746232,0.0007780545077744743
IND,2020,0.1853448275862069,0.5344827586206896,2468825.0,5861144.0,0.1360384012539185,0.007857221187398842
JAM,2020,0.09051724137931035,0.21551724137931033,10418.0,657994.0,0.009260523958799822,0.001536060455508075
NIC,2020,0.22844827586206895,0.16810344827586207,19480.0,398261.0,0.009890935214211078,0.0014836248791209837
NLD,2020,0.1724137931034483,0.38362068965517243,999076.0,295726.0,0.024803422152560085,0.010222066258842172
PER,2020,0.22413793103448276,0.24137931034482757,627633.0,777552.0,0.005086766681594268,0.0026239852649438114
PHL,2020,0.03879310344827586,0.3922413793103448,21513.0,3683767.0,0.012782131661442007,0.0007876069481844843
PRT,2020,0.5517241379310345,0.28879310344827586,519866.0,836734.0,0.02158615091804747,0.0066980621501474035
SUR,2020,0.017241379310344827,0.10344827586206896,12629.0,138700.0,0.0,0.0007177774225170437
SXM,2020,0.14224137931034483,0.034482758620689655,13799.0,992.0,0.0,0.0033761920294955988
TUR,2020,0.1896551724137931,0.3448275862068966,3108608.0,1343922.0,0.04554177862367518,0.011232032597173189
USA,2020,0.2543103448275862,0.6896551724137931,23394583.0,1519603.0,0.4633087960889685,0.11985506110875868
VCT,2020,0.06465517241379311,0.11206896551724138,2149.0,17067.0,0.0,0.0009659924656502047
VEN,2020,0.4698275862068965,0.24137931034482757,671217.0,2801235.0,0.10956112852664578,0.004685921444245916
PAK,2020,0.034482758620689655,0.34913793103448276,1430179.0,1880250.0,0.0166732907896701,0.0015482286904637287
AFG,2020,0.01293103448275862,0.2672413793103448,55332.0,2599061.0,0.008325776235258995,0.0006902695333926742
TJK,2020,0.15086206896551724,0.1336206896551724,156686.0,219485.0,0.0,0.0009190429921957638
UZB,2020,0.04310344827586207,0.1853448275862069,580384.0,1006882.0,0.0,0.00158578625446113
CIV,2020,0.04310344827586207,0.1724137931034483,1083552.0,567095.0,0.049737274220032844,0.00693974648080516
AGO,2020,0.05603448275862069,0.16379310344827586,65922.0,274746.0,0.0017608038513210929,0.001098253653937949
COD,2020,0.034482758620689655,0.25,469560.0,944087.0,0.03623777802657113,0.0023532832216176898
COG,2020,0.09051724137931035,0.16810344827586207,172424.0,109866.0,0.0,0.0015180410858669393
CPV,2020,0.13793103448275862,0.09913793103448276,6959.0,72227.0,0.004304187192118227,0.000831156637962644
GIN,2020,0.40948275862068967,0.16379310344827586,46169.0,199622.0,0.028672842961636066,0.0017927305189153549
MOZ,2020,0.06896551724137931,0.14655172413793102,164754.0,272150.0,0.009173570682191372,0.0020117391128714537
NAM,2020,0.34913793103448276,0.07327586206896551,49174.0,21327.0,0.0,0.0013470711447945852
RWA,2020,0.021551724137931036,0.15086206896551724,250265.0,249398.0,0.00693452380952381,0.0018203028495387523
STP,2020,0.02586206896551724,0.04741379310344827,1036.0,19743.0,0.0,0.00065555899878231
TCD,2020,0.04310344827586207,0.1336206896551724,290722.0,96651.0,0.041650619495447086,0.0014982188676310065
ZAF,2020,0.5129310344827586,0.30603448275862066,1007337.0,447797.0,0.07045389237199583,0.008940683709630158
ZMB,2020,0.125,0.1336206896551724,80788.0,61621.0,0.0,0.0012007997937853907
CAN,2020,0.5560344827586207,0.4956896551724138,4295045.0,684372.0,0.03908549783549784,0.041671908980218164
AIA,2020,0.03879310344827586,0.03879310344827586,1965.0,736.0,0.0,0.0014504746955110374
GBR,2020,0.15086206896551724,0.6077586206896551,3783454.0,2277790.0,0.3333353858784894,0.04872471496918244
KNA,2020,0.05603448275862069,0.09051724137931035,1760.0,6894.0,0.0,0.0016917712713669123
MSR,2020,0.04310344827586207,0.04741379310344827,554.0,1627.0,0.0,0.0006942838145100514
VIR,2020,0.08620689655172414,0.06034482758620689,29493.0,1702.0,0.005043290043290044,0.004971664759993351
ALB,2020,0.02586206896551724,0.16810344827586207,21066.0,534438.0,2.1738319152112257e-05,0.0010851304667968602
GRC,2020,0.7413793103448276,0.24568965517241378,697817.0,374356.0,0.004325925511270339,0.008807846314827582
ITA,2020,0.6120689655172413,0.46120689655172414,3307739.0,1321362.0,0.03888985296312883,0.026140901243957657
MKD,2020,0.08189655172413793,0.15517241379310345,75659.0,238248.0,0.0,0.0009453382928587281
ARG,2020,0.3103448275862069,0.27586206896551724,942211.0,505260.0,0.03630299298402747,0.007853985987491223
AND,2020,0.06034482758620689,0.034482758620689655,20523.0,859.0,0.0,0.001042876287801036
BEL,2020,0.3577586206896552,0.3146551724137931,944321.0,252209.0,0.013977739214808181,0.011313455451998335
CHL,2020,0.40948275862068967,0.22844827586206895,705129.0,221574.0,0.010064841767427975,0.005522802491023819
DEU,2020,0.11637931034482758,0.5301724137931034,5570467.0,2227633.0,0.26590311986863713,0.03020726835346616
ESP,2020,0.2025862068965517,0.375,3510308.0,750732.0,0.18688432975070907,0.022619412664270835
FRA,2020,0.22844827586206895,0.5689655172413793,4022314.0,1213227.0,0.2475994551425586,0.032767227495049206
MAR,2020,0.07758620689655173,0.2543103448275862,41308.0,1566995.0,0.0,0.0013445584391547762
URY,2020,0.07327586206896551,0.1810344827586207,53905.0,133407.0,0.0,0.001337838870665715
ARE,2020,0.14224137931034483,0.14655172413793102,2225313.0,69474.0,0.0003695514255859084,0.006484684020594088
BGD,2020,0.07327586206896551,0.2543103448275862,793339.0,2233139.0,0.12297367144349904,0.006404513742412505
BHR,2020,0.14224137931034483,0.09051724137931035,198539.0,28468.0,0.0,0.0014048597909062633
EGY,2020,0.3103448275862069,0.3103448275862069,259443.0,1292700.0,0.0003912897447380206,0.002165946020382813
ERI,2020,0.09051724137931035,0.16810344827586207,5173.0,309934.0,0.0,0.0006712095482714451
ETH,2020,0.05172413793103448,0.21982758620689655,420243.0,524332.0,0.10371352067472758,0.0014426784145005582
IDN,2020,0.11206896551724138,0.2801724137931034,133672.0,1615378.0,0.02080357142857143,0.0018402372543307047
JOR,2020,0.034482758620689655,0.1853448275862069,2088542.0,262235.0,0.0001521682340647858,0.0049176966345521695
KWT,2020,0.14224137931034483,0.1336206896551724,984500.0,58191.0,0.0,0.003878680468894017
LBN,2020,0.034482758620689655,0.3146551724137931,761726.0,278577.0,0.0,0.0016808514148977892
LKA,2020,0.21120689655172414,0.24137931034482757,18066.0,641720.0,0.0,0.0013729245407956428
NGA,2020,0.03879310344827586,0.3448275862068966,535124.0,821174.0,0.06575841543513958,0.004209380642565441
NPL,2020,0.02586206896551724,0.19827586206896552,335269.0,1011371.0,0.025259926854754443,0.0013005061211599285
PSE,2020,0.06034482758620689,0.20689655172413793,136912.0,1875369.0,0.043976619644723096,0.006895180375000458
QAT,2020,0.14224137931034483,0.09482758620689655,478121.0,9415.0,0.0,0.0018362906952458
SAU,2020,0.08189655172413793,0.2025862068965517,2674763.0,90095.0,0.004652000298552023,0.0050464473399919685
SDN,2020,0.06465517241379311,0.22413793103448276,679163.0,911358.0,0.08669241677862369,0.0024209709027174916
SOM,2020,0.01293103448275862,0.22844827586206895,16427.0,781432.0,0.012303888640095538,0.0006741542602248938
SSD,2020,0.05603448275862069,0.08620689655172414,437820.0,1208576.0,0.0507154985818779,0.0021062192091460905
SYR,2020,0.021551724137931036,0.3318965517241379,404488.0,4013171.0,0.02745549708911778,0.001657153612787855
THA,2020,0.05603448275862069,0.2801724137931034,1215923.0,664274.0,0.005347626511419615,0.0036539369622208837
TUN,2020,0.07327586206896551,0.1896551724137931,23137.0,298952.0,0.0,0.0009907226789333556
YEM,2020,0.04741379310344827,0.15086206896551724,147574.0,640505.0,6.521495745633678e-05,0.0007855085510211639
ARM,2020,0.06034482758620689,0.1896551724137931,97375.0,317228.0,2.1738319152112257e-05,0.0008194411652493157
AUS,2020,0.8491379310344828,0.40948275862068967,3894367.0,201605.0,0.13203855052992985,0.06475045060385937
AUT,2020,0.1853448275862069,0.2672413793103448,836870.0,226583.0,0.004891121809225258,0.006321109537742691
BGR,2020,0.7068965517241379,0.24568965517241378,92585.0,626613.0,0.0,0.0017235616209471767
BOL,2020,0.5689655172413793,0.16379310344827586,76268.0,403828.0,0.0,0.0019121030952018532
BRA,2020,0.46120689655172414,0.3275862068965517,347294.0,1023063.0,0.0005434579788028064,0.0042570411888881495
CHE,2020,0.1939655172413793,0.3232758620689655,1091641.0,263962.0,0.004304187192118227,0.014010731283436708
CRI,2020,0.5775862068965517,0.15948275862068964,249053.0,22149.0,0.00923878563964771,0.0027604358066465363
CUB,2020,0.14224137931034483,0.2672413793103448,1601.0,872273.0,0.0,0.0006648827276257375
CYP,2020,0.5775862068965517,0.10775862068965517,103174.0,39469.0,0.0,0.0021461466537672563
CZE,2020,0.19827586206896552,0.19827586206896552,321546.0,341364.0,0.009282262277951933,0.0023709319329077118
DNK,2020,0.8232758620689655,0.23275862068965517,357273.0,57431.0,0.024912113748320648,0.008615550233086355
DZA,2020,0.08620689655172414,0.2543103448275862,114084.0,866740.0,0.004586785341095686,0.0014004792704753162
ECU,2020,0.20689655172413793,0.17672413793103448,367143.0,577456.0,0.0,0.002128977151672337
EST,2020,0.5301724137931034,0.15086206896551724,112501.0,65121.0,0.003891159128228094,0.0010749938438833146
GTM,2020,0.21120689655172414,0.15517241379310345,43235.0,559167.0,0.008543159426780116,0.0012482746071849353
HND,2020,0.1810344827586207,0.15517241379310345,18504.0,555858.0,0.0,0.0011488474433638124
HRV,2020,0.30603448275862066,0.1853448275862069,280372.0,432008.0,0.017086318853560233,0.002042581593332111
HUN,2020,0.75,0.22413793103448276,265863.0,257358.0,0.0,0.0028327125050566573
IRL,2020,0.11206896551724138,0.2543103448275862,413314.0,346733.0,0.0,0.00720015217903783
IRN,2020,0.030172413793103446,0.2974137931034483,1272505.0,678419.0,0.004304187192118227,0.0009534299294623261
ISR,2020,0.3017241379310345,0.2543103448275862,876254.0,144668.0,0.0370638341543514,0.008704702021441347
JPN,2020,0.2543103448275862,0.375,1658700.0,524935.0,0.00013042991491267356,0.009986879109456115
KOR,2020,0.06034482758620689,0.3318965517241379,683013.0,1130312.0,8.695327660844903e-05,0.0037974556853560843
LAO,2020,0.02586206896551724,0.10775862068965517,16099.0,349704.0,0.0,0.0006757030779088428
LTU,2020,0.4439655172413793,0.1810344827586207,72031.0,234246.0,0.0,0.0011358700236597332
MEX,2020,0.33620689655172414,0.22844827586206895,642302.0,5562762.0,0.012803869980594119,0.029139080445414103
MNE,2020,0.125,0.08620689655172414,42511.0,52566.0,0.0,0.0008736332077380303
NOR,2020,0.875,0.1853448275862069,409024.0,61826.0,0.005130243319898493,0.008123999015331769
NZL,2020,0.20689655172413793,0.25862068965517243,651336.0,330405.0,0.04652000298552023,0.021080042476738718
PAN,2020,0.375,0.15948275862068964,145645.0,101234.0,0.0,0.0023664346556257774
POL,2020,0.2672413793103448,0.3232758620689655,394010.0,2315723.0,0.01434729064039409,0.006160293850950157
PRI,2020,0.1939655172413793,0.11637931034482758,127360.0,973000.0,0.0,0.006907391387644828
PRK,2020,0.08620689655172414,0.13793103448275862,23775.0,23426.0,0.0,0.0007472702810220464
PRY,2020,0.07327586206896551,0.14224137931034483,79040.0,403510.0,0.0,0.001373543281331581
ROU,2020,0.11637931034482758,0.29310344827586204,150704.0,2203645.0,0.003804205851619645,0.0028108612453567345
RUS,2020,0.1810344827586207,0.41810344827586204,3624111.0,5141892.0,0.12753871846544262,0.008739293942891253
SEN,2020,0.11206896551724138,0.22413793103448276,105787.0,244304.0,0.04769387221973429,0.002729783669995469
SLV,2020,0.2025862068965517,0.16810344827586207,22339.0,845555.0,0.0,0.0009976866429970647
SRB,2020,0.16810344827586207,0.1810344827586207,403792.0,433456.0,0.005043290043290044,0.0027738756471456794
SVK,2020,0.6379310344827586,0.15948275862068964,96566.0,217793.0,0.0,0.001681738673594592
SVN,2020,0.6120689655172413,0.13793103448275862,114940.0,46107.0,0.0,0.00126097750656771
SWE,2020,0.23706896551724138,0.2543103448275862,870993.0,103168.0,0.01976013210927004,0.0114180322916472
TWN,2020,0.09913793103448276,0.06896551724137931,663844.0,429168.0,0.0016955888938647561,0.0018083571133016782
UKR,2020,0.12931034482758622,0.3232758620689655,2599991.0,2482106.0,0.019021029258098225,0.005066028635373104
AZE,2020,0.08189655172413793,0.15948275862068964,102760.0,378106.0,0.0,0.0008726800038351001
GEO,2020,0.1939655172413793,0.16810344827586207,42582.0,283947.0,0.0,0.0007295934473455465
IRQ,2020,0.09482758620689655,0.2672413793103448,152572.0,1047589.0,0.00021738319152112256,0.000863974967449893
KAZ,2020,0.11637931034482758,0.1939655172413793,1136711.0,1620387.0,0.013999477533960294,0.002839773064654161
TKM,2020,0.04741379310344827,0.1336206896551724,100682.0,236126.0,0.0,0.0007998600260949864
ASM,2020,0.04310344827586207,0.021551724137931036,11265.0,1412.0,0.0,0.0009288975915389946
FJI,2020,0.06034482758620689,0.10344827586206896,5633.0,88921.0,0.017738468428123603,0.001401966822687875
TKL,2020,0.017241379310344827,0.01293103448275862,245.0,338.0,0.0,0.0006722869687035508
TON,2020,0.021551724137931036,0.05603448275862069,485.0,21855.0,0.0,0.0006494667003928112
VNM,2020,0.017241379310344827,0.2629310344827586,38050.0,1713520.0,0.004325925511270339,0.0007993559706105081
WSM,2020,0.08620689655172414,0.06896551724137931,1793.0,54746.0,0.004978075085833707,0.001187553046028375
ATG,2020,0.21982758620689655,0.11206896551724138,16017.0,6554.0,0.01962970219435737,0.002388229431052244
BLZ,2020,0.06465517241379311,0.09051724137931035,30014.0,3365.0,0.0,0.0008707011717697805
BMU,2020,0.14655172413793102,0.06034482758620689,8993.0,525.0,0.0,0.000921034719922618
BRB,2020,0.09051724137931035,0.125,11787.0,10077.0,0.0,0.0010960917019241373
GHA,2020,0.1853448275862069,0.22844827586206895,182930.0,462958.0,0.000586934617107031,0.002019501189229064
GLP,2020,0.10344827586206896,0.03879310344827586,49334.0,7256.0,0.009956150171667413,0.007638129539254722
GUF,2020,0.06896551724137931,0.03879310344827586,56975.0,2452.0,0.0,0.0038347135353815594
LCA,2020,0.1853448275862069,0.09913793103448276,3994.0,11549.0,0.0,0.0012376325744409525
MTQ,2020,0.06465517241379311,0.04741379310344827,38279.0,7051.0,0.004999813404985819,0.007642005210511045
TCA,2020,0.02586206896551724,0.021551724137931036,9959.0,1442.0,0.0,0.000916198184760221
TTO,2020,0.06896551724137931,0.1724137931034483,36647.0,175111.0,0.008651851022540678,0.0013940110126330978
VGB,2020,0.09051724137931035,0.05603448275862069,9658.0,3105.0,0.0,0.0012969897816123522
BDI,2020,0.030172413793103446,0.13793103448275862,158981.0,274371.0,0.004130280638901329,0.001376238184182353
BEN,2020,0.04310344827586207,0.13793103448275862,188352.0,312969.0,4.3476638304224514e-05,0.0018294191016191813
BFA,2020,0.034482758620689655,0.09482758620689655,355377.0,771095.0,0.0,0.004120174480819357
BHS,2020,0.3189655172413793,0.10775862068965517,30832.0,1019.0,0.0,0.0017572064407254619
BIH,2020,0.05603448275862069,0.13793103448275862,18672.0,789529.0,0.0,0.0007780553181208599
BLR,2020,0.22413793103448276,0.1724137931034483,578283.0,541500.0,0.0,0.001745597876115553
BRN,2020,0.08189655172413793,0.03879310344827586,48050.0,26267.0,0.0,0.0008670622123176067
BTN,2020,0.09913793103448276,0.05603448275862069,7430.0,26189.0,0.0,0.0006636074807869604
BWA,2020,0.13793103448275862,0.08189655172413793,43083.0,8459.0,0.0,0.0010289311211643794
CAF,2020,0.10344827586206896,0.09913793103448276,30881.0,395526.0,0.00028259814897745934,0.0008854700366908905
CMR,2020,0.09482758620689655,0.19827586206896552,285244.0,180557.0,0.009890935214211078,0.0018726086444973246
COK,2020,0.04310344827586207,0.021551724137931036,1924.0,10452.0,0.0,0.0009468573534372716
CYM,2020,0.23706896551724138,0.03879310344827586,14134.0,268.0,0.0,0.0011259803219657218
DJI,2020,0.01293103448275862,0.05172413793103448,53843.0,1038.0,0.0,0.0006953717124880682
FIN,2020,0.7413793103448276,0.1939655172413793,146775.0,117490.0,2.1738319152112257e-05,0.0034865621959685256
FLK,2020,0.030172413793103446,0.01293103448275862,826.0,58.0,0.0,0.0010831025744975958
GAB,2020,0.14224137931034483,0.09913793103448276,145354.0,29585.0,0.00028259814897745934,0.002038929958393016
GIB,2020,0.01293103448275862,0.021551724137931036,4388.0,247.0,0.0,0.000726837652642915
GMB,2020,0.030172413793103446,0.10344827586206896,99393.0,12554.0,0.0,0.0016258125697231642
GUM,2020,0.04741379310344827,0.02586206896551724,37686.0,615.0,0.014803795342588447,0.009181085017173433
HKG,2020,0.125,0.11206896551724138,1824407.0,569574.0,0.010890897895208241,0.005719612316777464
IMN,2020,0.034482758620689655,0.008620689655172414,18965.0,431.0,0.0,0.0015158352402062536
ISL,2020,0.6293103448275862,0.09913793103448276,29521.0,10566.0,0.0,0.0013842795396073243
KEN,2020,0.05603448275862069,0.20689655172413793,486876.0,252655.0,0.01743413195999403,0.002495287235890654
KGZ,2020,0.09913793103448276,0.1336206896551724,116124.0,315884.0,0.0,0.0008838680873830485
KHM,2020,0.11206896551724138,0.125,35261.0,357559.0,0.0,0.0007473328805982265
KIR,2020,0.030172413793103446,0.05172413793103448,1244.0,2636.0,0.009282262277951933,0.0012071739226864717
LBR,2020,0.10775862068965517,0.1336206896551724,35361.0,73421.0,0.00021738319152112256,0.0011061941424181949
LBY,2020,0.36637931034482757,0.1853448275862069,232740.0,67562.0,0.0001521682340647858,0.0028066342096502786
LSO,2020,0.06465517241379311,0.04741379310344827,3398.0,125786.0,0.0,0.0007059725495404984
LUX,2020,0.7629310344827586,0.11637931034482758,144587.0,22723.0,0.0,0.0029744641238043136
LVA,2020,0.3922413793103448,0.15948275862068964,142386.0,90978.0,0.0,0.0010655024640784639
MAC,2020,0.021551724137931036,0.034482758620689655,189587.0,76276.0,0.0,0.0009153352355955535
MCO,2020,0.008620689655172414,0.05172413793103448,7114.0,17155.0,0.0,0.0007906126495066147
MDA,2020,0.1336206896551724,0.1853448275862069,32473.0,451461.0,0.0,0.0007865343858708079
MDG,2020,0.017241379310344827,0.11206896551724138,11212.0,115381.0,0.004282448872966115,0.0007862049053419352
MDV,2020,0.09051724137931035,0.030172413793103446,6750.0,1578.0,0.0,0.0006611987807966606
MLI,2020,0.24137931034482757,0.17672413793103448,226661.0,489482.0,0.04543308702791462,0.0062903361639724065
MLT,2020,0.3577586206896552,0.09051724137931035,47309.0,24790.0,0.0,0.003002752227673813
MMR,2020,0.017241379310344827,0.1336206896551724,30214.0,1390698.0,0.0,0.0006778296383171945
MNG,2020,0.10344827586206896,0.11206896551724138,6770.0,80652.0,0.0,0.00072842483860962
MUS,2020,0.09482758620689655,0.12068965517241378,12054.0,63373.0,0.0,0.0007023503277263925
MWI,2020,0.05172413793103448,0.08620689655172414,82419.0,142071.0,0.00491286012837737,0.0013018842695765866
MYS,2020,0.11206896551724138,0.21551724137931033,998162.0,1194847.0,0.03191185251530079,0.003708298696973547
NCL,2020,0.06896551724137931,0.030172413793103446,32357.0,2594.0,0.009282262277951933,0.002768403731263569
NIU,2020,0.030172413793103446,0.021551724137931036,241.0,2647.0,0.0,0.0006687708428643992
NRU,2020,0.03879310344827586,0.02586206896551724,421.0,1195.0,0.0,0.0007134297300402604
OMN,2020,0.04310344827586207,0.07327586206896551,328004.0,7860.0,0.0,0.0012533652102178139
PNG,2020,0.09051724137931035,0.06034482758620689,11754.0,18998.0,0.004304187192118227,0.0015420863729685378
PYF,2020,0.08189655172413793,0.03879310344827586,11783.0,847.0,0.0,0.0019062849428918551
REU,2020,0.021551724137931036,0.02586206896551724,55928.0,1383.0,0.0,0.0026759200484536526
SGP,2020,0.04310344827586207,0.1853448275862069,1404787.0,137843.0,0.0,0.006243465699670356
SLB,2020,0.06465517241379311,0.04741379310344827,836.0,2017.0,0.0,0.0007569255318972041
SLE,2020,0.12068965517241378,0.11206896551724138,22988.0,29894.0,0.0,0.0008601130130742687
SWZ,2020,0.07327586206896551,0.06465517241379311,13118.0,10000.0,0.0,0.0008242955975370843
SYC,2020,0.11206896551724138,0.07327586206896551,3732.0,11937.0,0.0,0.000672091715600346
TGO,2020,0.12931034482758622,0.12068965517241378,126249.0,268299.0,0.0,0.0015006155723670785
TLS,2020,0.06465517241379311,0.030172413793103446,2862.0,45693.0,0.0,0.0007079782329444924
TUV,2020,0.01293103448275862,0.03879310344827586,74.0,521.0,0.0,0.0006650437317753002
TZA,2020,0.11637931034482758,0.17672413793103448,194933.0,106347.0,0.0001521682340647858,0.0016797109957042496
UGA,2020,0.06034482758620689,0.16379310344827586,916445.0,294872.0,0.01984708538587849,0.00282025736191971
VUT,2020,0.03879310344827586,0.05603448275862069,1184.0,3581.0,0.0,0.0008924031547067107
ZWE,2020,0.02586206896551724,0.15086206896551724,129165.0,656896.0,0.004456355426183013,0.0019857584055963415
MRT,2020,0.15517241379310345,0.11206896551724138,76621.0,36801.0,0.0003695514255859084,0.001395044255425304
NER,2020,0.05603448275862069,0.12068965517241378,176991.0,158332.0,0.004217233915509778,0.0018199404460457341
GNB,2020,0.04741379310344827,0.09051724137931035,8466.0,46452.0,0.008586636065084342,0.0007920426014137928
LIE,2020,0.4525862068965517,0.04741379310344827,13195.0,42.0,0.0,0.001062508908838136
SMR,2020,0.03879310344827586,0.030172413793103446,2345.0,1390.0,0.0,0.000678426752530966
CHI,2020,0.017241379310344827,0.01293103448275862,42224.0,167.0,0.0,0.0013313344822627072
VAT,2020,0.0,0.008620689655172414,0.0,139.0,0.0,0.0006437768240343349
GNQ,2020,0.02586206896551724,0.07327586206896551,4883.0,59078.0,0.0,0.0007577915238967094
COM,2020,0.021551724137931036,0.06465517241379311,5793.0,138358.0,0.004978075085833707,0.00132396661193149
GRL,2020,0.07327586206896551,0.02586206896551724,1960.0,10086.0,0.0,0.0008628330443149515
FRO,2020,0.12931034482758622,0.017241379310344827,3043.0,6860.0,0.0,0.000930696198741107
SHN,2020,0.008620689655172414,0.01293103448275862,108.0,228.0,0.0,0.0006457114029890609
SPM,2020,0.01293103448275862,0.008620689655172414,449.0,52.0,0.0,0.0006583415614035343
WLF,2020,0.021551724137931036,0.017241379310344827,997.0,6374.0,0.0,0.0011366373553488695
ESH,2020,0.030172413793103446,0.02586206896551724,2126.0,91516.0,0.0,0.000670828204984573
FSM,2020,0.05172413793103448,0.017241379310344827,427.0,6462.0,2.1738319152112257e-05,0.001389456465916085
MHL,2020,0.02586206896551724,0.017241379310344827,1150.0,192.0,0.0,0.0007424672459882713
MNP,2020,0.05172413793103448,0.01293103448275862,11952.0,1310.0,0.0,0.006767574191660179
PLW,2020,0.034482758620689655,0.02586206896551724,2151.0,1233.0,0.004304187192118227,0.0029441223163532045
MYT,2020,0.01293103448275862,0.008620689655172414,58692.0,3462.0,0.0,0.001227085111917644
BES,2025,0.0,0.034482758620689655,0.0,2205.9817944096762,0.0,0.0006437768240343349
ABW,2025,0.09482758620689655,0.06896551724137931,64112.039359904025,19350.30585280094,0.004978075085833707,0.002257234535286653
CHN,2025,0.41810344827586204,0.6077586206896551,1147581.5759346813,7197262.25513052,0.09290957605612779,0.008468923198147774
COL,2025,0.23275862068965517,0.24568965517241378,47703805.88799164,2162516.1710129916,0.0019129720853858787,0.004155052183915168
CUW,2025,0.1853448275862069,0.05172413793103448,99441.9365016168,7859.330467777756,0.004999813404985819,0.0026507886999962618
DMA,2025,0.13793103448275862,0.12931034482758622,3212.9506087693335,12039.331241164888,0.004304187192118227,0.0008885789443614758
DOM,2025,0.40948275862068967,0.22844827586206895,388587.45548148185,1118377.741688466,0.00847794446932378,0.0019653369393932306
GRD,2025,0.06465517241379311,0.09913793103448276,2971.2398598423238,11376.19075301687,0.0,0.0007412619576547194
GUY,2025,0.06896551724137931,0.16810344827586207,322294.4563404623,226182.54883954048,0.025564263322884015,0.0007160459707253103
HTI,2025,0.09051724137931035,0.20689655172413793,8042.900636357426,1810698.152711901,0.008586636065084342,0.0007666534270726433
IND,2025,0.1853448275862069,0.5258620689655172,2378427.6699731727,6676739.449512229,0.1640590946409912,0.007073682286259588
JAM,2025,0.09051724137931035,0.21120689655172414,10622.400534445913,709818.5049062005,0.009304000597104047,0.0014704234974591438
NIC,2025,0.22844827586206895,0.15948275862068964,20431.213112091038,498656.9114183779,0.009890935214211078,0.0014184756092306978
NLD,2025,0.1724137931034483,0.3793103448275862,1483419.9871814547,302927.3436580846,0.024868637110016422,0.012666149160953283
PER,2025,0.22413793103448276,0.24137931034482757,24758025.747734826,877507.2746252657,0.004891121809225258,0.0028637372185312624
PHL,2025,0.03879310344827586,0.38362068965517243,20679.118076319162,4002991.7025282513,0.01271691670398567,0.0006899760050762225
PRT,2025,0.5517241379310345,0.28879310344827586,614603.6989599616,823030.163665291,0.020586188237050308,0.00695613551785045
SUR,2025,0.017241379310344827,0.09913793103448276,13879.701180550586,149551.47194195498,0.0,0.0007329078580818141
SXM,2025,0.14224137931034483,0.034482758620689655,14550.204768475234,1077.5019710440072,0.0,0.0028282816429489686
TUR,2025,0.1896551724137931,0.33620689655172414,6447257.7765226,1403343.4534376694,0.03541172189879087,0.016071158160839975
USA,2025,0.2543103448275862,0.6853448275862069,24914710.759393267,1617097.4227145286,0.33127024555903867,0.10977856276464011
VCT,2025,0.06465517241379311,0.10775862068965517,2149.242478467436,17303.11148593783,0.0,0.0008862147976538324
VEN,2025,0.4698275862068965,0.24137931034482757,642788.7770406608,94539189.05290602,0.12084331616659204,0.00398316797824192
PAK,2025,0.034482758620689655,0.34051724137931033,1260320.5348573031,2047529.1224889853,0.01184738393790118,0.0012720408902143422
AFG,2025,0.01293103448275862,0.2629310344827586,22014.931450326694,3174918.9250554335,0.004217233915509778,0.0006574798625661521
TJK,2025,0.15086206896551724,0.12931034482758622,157088.8256796706,218284.32150122666,0.0,0.0007729895566538404
UZB,2025,0.04310344827586207,0.1810344827586207,574339.616498974,1112822.4617044982,0.0,0.001067672525677537
CIV,2025,0.04310344827586207,0.16810344827586207,1146951.741366918,628836.8329576522,0.0214557210031348,0.006128418499284544
AGO,2025,0.05603448275862069,0.15948275862068964,101466.11184485143,289802.18084892805,0.0017173272130168683,0.0013275920293665288
COD,2025,0.034482758620689655,0.24137931034482757,857525.1420908754,1313712.8670349368,0.05238934915659054,0.0024005101437853575
COG,2025,0.09051724137931035,0.16379310344827586,172232.27102248673,121941.42625374309,0.0,0.001368329127325743
CPV,2025,0.13793103448275862,0.09913793103448276,7340.004085282719,93121.7867472172,0.004304187192118227,0.000807468729298349
GIN,2025,0.40948275862068967,0.15948275862068964,44079.774254887634,225856.64831261206,0.031629254366323335,0.0016252958357564696
MOZ,2025,0.06896551724137931,0.14224137931034483,173484.4037522646,284004.51202041464,0.010934374533512465,0.001931890233722883
NAM,2025,0.34913793103448276,0.06465517241379311,52932.28654440197,21291.14050942977,0.0,0.0013749482056065337
RWA,2025,0.021551724137931036,0.14655172413793102,246074.36700571905,250397.8824864887,0.0049563367666815945,0.0017273805878563326
STP,2025,0.02586206896551724,0.03879310344827586,923.0232192554272,21483.826072253214,0.0,0.0006520664151075557
TCD,2025,0.04310344827586207,0.125,347189.2986110146,149346.7374964129,0.042867965367965374,0.0014210651392068652
ZAF,2025,0.5129310344827586,0.3017241379310345,1202032.7069992502,516046.7573695222,0.06978000447828035,0.009265229284871845
ZMB,2025,0.125,0.12931034482758622,116216.12598628017,59087.13641823688,0.0,0.00132519394814625
CAN,2025,0.5560344827586207,0.49137931034482757,4568047.338536243,686422.9213055357,0.02484689879086431,0.0354846711000816
AIA,2025,0.03879310344827586,0.03879310344827586,2044.0787148242503,741.2913053515198,0.0,0.0013344497055259702
GBR,2025,0.15086206896551724,0.603448275862069,4506120.370646738,2431824.57546814,0.3605517614569339,0.04847913309184255
KNA,2025,0.05603448275862069,0.09051724137931035,1807.6493146963962,7526.988741121616,0.0,0.0015442580277065959
MSR,2025,0.04310344827586207,0.04741379310344827,569.7470876002222,1675.781276090916,0.0,0.0006898328175902745
VIR,2025,0.08620689655172414,0.06034482758620689,29500.226750563594,1817.6905804080932,0.004978075085833707,0.004324775560659165
ALB,2025,0.02586206896551724,0.16379310344827586,19729.568743366544,603854.9496133493,8.695327660844903e-05,0.0010206321989441461
GRC,2025,0.7370689655172413,0.24137931034482757,1048687.775918418,394951.72873506026,0.0044128787878787885,0.008503715339758834
ITA,2025,0.6120689655172413,0.4568965517241379,3701301.510447991,1425853.1109406878,0.04243319898492313,0.02591789265012721
MKD,2025,0.08189655172413793,0.15517241379310345,75982.83555865241,266001.1062119268,4.3476638304224514e-05,0.0009642224369425197
ARG,2025,0.3103448275862069,0.27586206896551724,1094152.955963885,578684.8998826267,0.018064543215405286,0.006959473644803503
AND,2025,0.06034482758620689,0.021551724137931036,21948.97897265199,972.7646169874874,0.0,0.0010363359547402237
BEL,2025,0.3577586206896552,0.3103448275862069,1109386.1804714412,278468.4976966611,0.02397736602477982,0.012049207242396498
CHL,2025,0.40948275862068967,0.22844827586206895,2916240.939003687,229961.7858995585,4.3476638304224514e-05,0.006862060606622054
DEU,2025,0.11637931034482758,0.5258620689655172,7192806.175666296,2222209.8203404946,0.2505558665472459,0.03481534936133555
ESP,2025,0.2025862068965517,0.3706896551724138,4665179.416658045,875825.5194851896,0.17562388042991492,0.023677142533591045
FRA,2025,0.22844827586206895,0.5646551724137931,4376852.240253871,1284642.2830835816,0.24888201597253323,0.03196882355946925
MAR,2025,0.07758620689655173,0.25,44733.55010151337,2279983.2403323525,0.0,0.0013029923992882839
URY,2025,0.07327586206896551,0.17672413793103448,237182.79839367297,137471.1787899522,0.0,0.0013359940292522235
ARE,2025,0.14224137931034483,0.1336206896551724,2332691.9159957306,89184.90434998348,0.0,0.006853440244121525
BGD,2025,0.07327586206896551,0.23706896551724138,1165242.6483784553,2339939.3483886532,0.1445163457232423,0.007550892670641904
BHR,2025,0.14224137931034483,0.08189655172413793,204277.48604173656,38578.725274206554,0.0,0.0013985321285980507
EGY,2025,0.12931034482758622,0.3103448275862069,10312972.452330733,1470488.250355873,0.11347402597402598,0.01055107567792465
ERI,2025,0.09051724137931035,0.16379310344827586,4434.262018979386,507257.5419839742,0.0,0.0006652248655353856
ETH,2025,0.05172413793103448,0.21120689655172414,476464.6614697356,630258.8219206987,0.027129422301836098,0.0010749857593514566
IDN,2025,0.10775862068965517,0.27155172413793105,2400563.1553458674,1551246.0774033703,0.046780862815345575,0.0033721234385467903
JOR,2025,0.034482758620689655,0.1810344827586207,2357206.3956735986,1565310.99665505,0.008064916405433647,0.004553436046362639
KWT,2025,0.14224137931034483,0.12068965517241378,1049213.9618192494,81117.92627691398,0.0,0.0043684804408526
LBN,2025,0.034482758620689655,0.3146551724137931,676307.9587063214,1054488.0423329682,0.0,0.0014188365179130446
LKA,2025,0.21120689655172414,0.23275862068965517,18112.5092596542,766221.9201545035,0.00923878563964771,0.0013073865979067246
NGA,2025,0.03879310344827586,0.33620689655172414,598685.7030333788,1130641.6876585283,0.06356284520077624,0.004104724384890718
NPL,2025,0.02586206896551724,0.1939655172413793,323426.81555384217,1318290.802615156,0.05080245185848634,0.0011456815658875794
PSE,2025,0.06034482758620689,0.19827586206896552,136585.2255185323,2102093.765190889,0.033694394685773996,0.005834500048335146
QAT,2025,0.14224137931034483,0.08620689655172414,658074.4541291251,10667.882912765366,0.0,0.0020139029717262487
SAU,2025,0.08189655172413793,0.1896551724137931,2702561.3627473395,161650.13783270612,0.007630150022391403,0.0048392027908317255
SDN,2025,0.06465517241379311,0.21982758620689655,1831330.354550087,1022930.4398195464,0.10062667935512763,0.0022948924926095406
SOM,2025,0.01293103448275862,0.22413793103448276,28600.474971911593,929046.5807150946,0.012956038214658905,0.0006770869586327049
SSD,2025,0.05603448275862069,0.07758620689655173,465159.08432699775,4513535.156805516,0.06295417226451709,0.0021653900066933547
SYR,2025,0.021551724137931036,0.3275862068965517,431924.4525977254,7052701.471128722,0.016847197342886998,0.0014477958745190015
THA,2025,0.05603448275862069,0.27155172413793105,1323022.7809774901,922554.6482265057,0.010760467980295568,0.003530201486302063
TUN,2025,0.07327586206896551,0.1853448275862069,24308.376719816348,335419.14839507476,0.0,0.0008256829552594015
YEM,2025,0.04741379310344827,0.14655172413793102,133758.25569459572,774655.7200628301,0.0,0.0007623669379081863
ARM,2025,0.06034482758620689,0.1810344827586207,108084.03913181202,298811.8723039187,0.0,0.0008178242228226852
AUS,2025,0.8491379310344828,0.4051724137931034,4625621.695206932,211510.79820953353,0.1369514106583072,0.06605219099295155
AUT,2025,0.1853448275862069,0.2672413793103448,1000140.9400889581,237011.29297098992,0.004891121809225258,0.007422811865692977
BGR,2025,0.6896551724137931,0.24568965517241378,145790.15018985257,746679.3699534269,0.0,0.00247729304748016
BOL,2025,0.5689655172413793,0.15948275862068964,101394.28938161027,512268.5952281185,0.0,0.0018331399196550512
BRA,2025,0.46120689655172414,0.3232758620689655,5757300.434045934,1407908.235182935,0.005173719958202717,0.00434052584003781
CHE,2025,0.1939655172413793,0.3189655172413793,1206642.2271249122,270643.9770332613,0.004304187192118227,0.014466588030539499
CRI,2025,0.5775862068965517,0.14655172413793102,534160.7153942371,24598.527902930535,0.00923878563964771,0.002724318887874131
CUB,2025,0.14224137931034483,0.2672413793103448,1145.7945133885642,1008755.017732102,0.0,0.0006567940139963155
CYP,2025,0.5775862068965517,0.10775862068965517,137577.4808048534,43142.73831699151,0.0,0.0022336753091485124
CZE,2025,0.19827586206896552,0.1939655172413793,325924.6294389819,323833.95158872317,0.009282262277951933,0.0023891578565451376
DNK,2025,0.8103448275862069,0.22844827586206895,440761.4061322072,57671.909874442965,0.02349912300343335,0.009087180737914473
DZA,2025,0.08620689655172414,0.2543103448275862,119550.14873064202,1027980.5840101724,0.004565047021943574,0.0012877975694650045
ECU,2025,0.20689655172413793,0.16810344827586207,12341353.015727434,603721.2712715162,0.0,0.002127064459608847
EST,2025,0.47413793103448276,0.15086206896551724,123880.17700498915,63504.26840327978,0.0009782243618450515,0.0012324164742251492
GTM,2025,0.21120689655172414,0.15086206896551724,49121.484536287426,677112.0828297611,0.00856489774593223,0.0012419825023445303
HND,2025,0.1810344827586207,0.14655172413793102,18898.692503203623,926824.837391927,0.0,0.0010475390872386726
HRV,2025,0.30603448275862066,0.1853448275862069,263408.22969295504,456820.65616910195,0.01704284221525601,0.0019425241726323623
HUN,2025,0.7155172413793104,0.22413793103448276,332828.197574533,293447.28426240105,0.0,0.003476912142777418
IRL,2025,0.11206896551724138,0.2543103448275862,514902.9793729958,325548.3617561698,0.0,0.007835445559025192
IRN,2025,0.030172413793103446,0.2974137931034483,1314984.40296392,929801.8574173718,4.3476638304224514e-05,0.0008868224489663988
ISR,2025,0.2801724137931034,0.25,993205.2891187142,138505.2241893536,0.022912188386326318,0.008289359446131926
JPN,2025,0.2543103448275862,0.3706896551724138,2429072.5783910803,525411.4958065454,0.005912822809374534,0.009127225081044976
KOR,2025,0.06034482758620689,0.3232758620689655,1095131.863815211,1088110.106332506,0.006021514405135095,0.004381222761179109
LAO,2025,0.02586206896551724,0.09913793103448276,17220.066093017507,396025.06097221025,0.0,0.0006735562515644139
LTU,2025,0.39655172413793105,0.1810344827586207,82325.01836885893,255819.9630404323,0.0,0.0012525069076342397
MEX,2025,0.3318965517241379,0.22844827586206895,915803.1847548999,5307776.457819162,0.012803869980594119,0.026532203070057082
MNE,2025,0.125,0.08189655172413793,42016.0023344708,50877.43951513022,0.0,0.000860904614860855
NOR,2025,0.8663793103448276,0.1810344827586207,489913.9484736015,75647.62477252545,0.01926015076877146,0.008183862593570715
NZL,2025,0.20689655172413793,0.25862068965517243,781922.8499217908,333128.7237625318,0.04649826466636812,0.022728635716030312
PAN,2025,0.375,0.15517241379310345,710110.5924321656,101960.84534259496,0.004978075085833707,0.0023443432194928627
POL,2025,0.2672413793103448,0.3189655172413793,527259.145137963,2396734.21003115,0.08223606135244067,0.010515567329850779
PRI,2025,0.1939655172413793,0.11637931034482758,121454.60805129618,1073024.3007231788,0.0,0.0057673238064749
PRK,2025,0.08620689655172414,0.1336206896551724,24288.27969238106,23311.206878628156,0.0,0.0007404258473928012
PRY,2025,0.07327586206896551,0.1336206896551724,85433.52950706867,440544.60905937105,2.1738319152112257e-05,0.001282331165730302
ROU,2025,0.11637931034482758,0.29310344827586204,280203.5826771657,2779865.2005670946,0.0048041685326168084,0.004952516432178544
RUS,2025,0.1810344827586207,0.41810344827586204,2920361.679243862,10999891.70945021,0.1633417301089715,0.006015174235400347
SEN,2025,0.10775862068965517,0.22413793103448276,109270.88373717199,297366.93745636847,0.04004198387819078,0.00237798198270739
SLV,2025,0.2025862068965517,0.15086206896551724,22691.68473659205,961320.6262380007,0.0,0.0009530640534907112
SRB,2025,0.16810344827586207,0.1810344827586207,378225.3282775127,491805.2602249167,0.005021551724137931,0.002791628979289121
SVK,2025,0.6336206896551724,0.15948275862068964,108117.92894466786,217981.6545856435,0.0,0.0019211571850046407
SVN,2025,0.5862068965517241,0.13793103448275862,130251.59150503667,43480.63843914032,0.0,0.0012536065430667881
SWE,2025,0.23706896551724138,0.25,1158038.2887891044,109933.67485859372,0.015390729959695478,0.011536921425188638
TWN,2025,0.09913793103448276,0.06896551724137931,787047.305623438,430562.44131303765,0.0,0.00202126962541123
UKR,2025,0.12931034482758622,0.3189655172413793,2643459.060985495,2478743.761653782,0.02195570234363338,0.002961024911232086
AZE,2025,0.08189655172413793,0.15517241379310345,92657.90059597569,401996.46602703945,0.0,0.0008460196388930331
GEO,2025,0.1939655172413793,0.16379310344827586,43946.766610488485,258557.7144443272,0.0,0.000704652716157696
IRQ,2025,0.09482758620689655,0.2629310344827586,167354.84202815118,1783772.0313093576,8.695327660844903e-05,0.0008550431111162149
KAZ,2025,0.11637931034482758,0.1896551724137931,1232001.0298190855,1553596.8828651737,0.017455870279146142,0.0021069739299618847
TKM,2025,0.04741379310344827,0.12931034482758622,98470.48020604957,393634.99366739084,0.0,0.0007329174708684317
ASM,2025,0.04310344827586207,0.021551724137931036,11302.308773660117,1969.9366643329495,0.0,0.0008873313976299444
FJI,2025,0.06034482758620689,0.09913793103448276,5759.123795664231,95350.97543349778,0.017760206747275714,0.00133737198178375
TKL,2025,0.017241379310344827,0.01293103448275862,255.4744558373808,308.769499014343,0.0,0.0006709123923050065
TON,2025,0.021551724137931036,0.05172413793103448,453.31276114764955,24806.10426655586,0.0,0.00064832127113525
VNM,2025,0.017241379310344827,0.25862068965517243,44252.30023677958,2450582.364699632,0.004304187192118227,0.0008233036542405691
WSM,2025,0.08620689655172414,0.06896551724137931,1675.545116081317,60526.695371528236,0.0,0.0010487486092016082
ATG,2025,0.21982758620689655,0.10775862068965517,16718.611105762928,6707.592535768449,0.01836887968353486,0.0021913429559315776
BLZ,2025,0.06465517241379311,0.08620689655172414,34041.3911046326,3837.635142142439,0.0,0.0008617360043108283
BMU,2025,0.14655172413793102,0.05603448275862069,9556.99474416538,725.2504395110839,0.0,0.0008928890551456092
BRB,2025,0.09051724137931035,0.12068965517241378,11891.603614615426,9616.084150618166,0.0,0.0010479118366316029
GHA,2025,0.1853448275862069,0.21982758620689655,209606.61148482206,522151.9526637484,0.004499832064487237,0.001937678596330793
GLP,2025,0.10344827586206896,0.03879310344827586,49274.265242408714,7528.473910687023,0.004999813404985819,0.007017541385032893
GUF,2025,0.06896551724137931,0.03879310344827586,64030.45184753736,2447.668256341415,0.0,0.003864813180895571
LCA,2025,0.1853448275862069,0.09913793103448276,3823.7776378597123,11915.31846741111,0.0,0.0011255622325761242
MTQ,2025,0.06465517241379311,0.04741379310344827,37966.592927918486,7402.888611171996,0.0,0.007100821144814118
TCA,2025,0.02586206896551724,0.017241379310344827,11273.287081077533,1582.3281422955074,0.0,0.0009199655104027555
TTO,2025,0.06896551724137931,0.16810344827586207,285969.26163910795,169886.35279678355,0.008608374384236454,0.0013115071706974535
VGB,2025,0.09051724137931035,0.05603448275862069,10944.297782025134,4040.1944853324694,0.0,0.0013011039848683835
BDI,2025,0.030172413793103446,0.125,183553.8085483258,347248.93527749873,0.0042607105538140025,0.0014016189503928316
BEN,2025,0.04310344827586207,0.12931034482758622,202333.10386886157,340143.3737629284,0.0,0.0017409390328643295
BFA,2025,0.034482758620689655,0.09051724137931035,365713.5662945711,841882.679448806,0.0,0.0035362292449851963
BHS,2025,0.3189655172413793,0.10344827586206896,33002.186204200734,1051.1056492712958,0.0,0.0016811038700313339
BIH,2025,0.05603448275862069,0.13793103448275862,17737.449060876872,919678.9082891726,0.0,0.0007693673815432431
BLR,2025,0.22413793103448276,0.1724137931034483,569856.3166320184,485107.1595148841,0.0,0.0012694745983759148
BRN,2025,0.08189655172413793,0.034482758620689655,52345.71425190212,27312.704647394206,0.0,0.0008250848279624092
BTN,2025,0.09913793103448276,0.04741379310344827,7801.9081363843015,33047.349560956616,0.0,0.0006607325074042319
BWA,2025,0.13793103448275862,0.07327586206896551,45993.529311443854,8320.459965627562,0.0,0.0010333533529231042
CAF,2025,0.09913793103448276,0.09482758620689655,31912.24035188212,484727.6434289338,0.0003043364681295716,0.0008532454798313039
CMR,2025,0.09482758620689655,0.19827586206896552,332234.97209035704,282501.1506518743,0.00856489774593223,0.0017281658887978142
COK,2025,0.04310344827586207,0.021551724137931036,2115.478599087931,10297.84645188731,0.0,0.0009376816358695625
CYM,2025,0.23706896551724138,0.03879310344827586,15669.08313044421,445.4408119658119,0.0,0.0011230358242779535
DJI,2025,0.01293103448275862,0.04741379310344827,57593.71232621385,2557.3125467735663,0.0,0.0006862625450891513
FIN,2025,0.7327586206896551,0.1896551724137931,194645.01683025298,111134.689172419,0.00010869159576056128,0.003746618562120934
FLK,2025,0.030172413793103446,0.008620689655172414,1019.6220991063841,38.9,0.0,0.0011037522679779486
GAB,2025,0.14224137931034483,0.09482758620689655,160085.49392829541,37869.14648812456,0.0033911777877295123,0.0019347626539687366
GIB,2025,0.01293103448275862,0.017241379310344827,4439.627318536135,237.16093117408903,0.0,0.0007208585465925743
GMB,2025,0.030172413793103446,0.09913793103448276,111237.12949787347,14665.64406401967,0.0,0.001477035326445564
GUM,2025,0.04741379310344827,0.02586206896551724,39857.33900016929,632.6237496674203,0.01482553366174056,0.008975467322632415
HKG,2025,0.125,0.11206896551724138,1962680.8368626712,657059.4728845201,0.02889022615315719,0.005637966892889019
IMN,2025,0.034482758620689655,0.008620689655172414,19315.56640835411,508.8288043478261,0.0,0.0014592155579684772
ISL,2025,0.5905172413793104,0.09913793103448276,47477.11592256622,12446.140689434704,0.0,0.0015875304953908295
KEN,2025,0.05603448275862069,0.19827586206896552,469763.1474579055,270321.3408501644,0.010238748320644872,0.0023880867097960255
KGZ,2025,0.09913793103448276,0.125,113064.01443292543,316455.41926054773,0.0,0.0008004988142798678
KHM,2025,0.11206896551724138,0.12068965517241378,37824.183767412425,408583.5470576607,0.0,0.000726143862866396
KIR,2025,0.030172413793103446,0.04741379310344827,1334.2011562210457,3317.4090090076234,0.009260523958799822,0.0011947182663449123
LBR,2025,0.10775862068965517,0.125,29482.90390535974,73558.6549499017,0.0,0.0009895286632886438
LBY,2025,0.36637931034482757,0.1810344827586207,261906.6389959962,1406299.7993214952,0.00013042991491267356,0.00230896135920477
LSO,2025,0.06465517241379311,0.04741379310344827,4553.172546997948,154600.31900313203,0.0,0.0007223181023709858
LUX,2025,0.3318965517241379,0.11637931034482758,353980.84763719095,23832.371043388343,0.0,0.0038414792274668857
LVA,2025,0.3879310344827586,0.15948275862068964,130231.43029084109,88367.0856240904,0.0,0.000999643999351603
MAC,2025,0.021551724137931036,0.034482758620689655,203416.17465107582,97275.77006081592,0.0,0.0009002426082796785
MCO,2025,0.008620689655172414,0.04741379310344827,7280.822516874711,20318.1036133121,0.0,0.0007821260330627417
MDA,2025,0.1336206896551724,0.1810344827586207,22089.79108641423,517506.1765785546,0.0,0.0007855921358153941
MDG,2025,0.017241379310344827,0.10775862068965517,12432.917378113945,130575.60688883542,0.004304187192118227,0.0007792981197004023
MDV,2025,0.09051724137931035,0.030172413793103446,7367.1046321469175,1602.6027285651828,0.0,0.0006595637491417058
MLI,2025,0.24137931034482757,0.1724137931034483,272293.3882534847,520188.471920875,0.040868040005971044,0.006164785923033816
MLT,2025,0.3577586206896552,0.09051724137931035,94796.52200586333,22908.976271487165,0.0,0.005059820646235573
MMR,2025,0.017241379310344827,0.12068965517241378,31508.164605099184,1986586.1344254364,0.0,0.000673974879466149
MNG,2025,0.10344827586206896,0.10775862068965517,7270.1727128183,114878.52542166479,0.0,0.000725792869891512
MUS,2025,0.09482758620689655,0.12068965517241378,12186.772273075974,67018.61327075292,0.0,0.0007000687610651369
MWI,2025,0.05172413793103448,0.08189655172413793,91125.00277678206,184522.50855485158,0.002847719808926706,0.001244713210121301
MYS,2025,0.11206896551724138,0.20689655172413793,832570.9298834719,3504046.0610504295,0.05475882594417077,0.0032324656301097633
NCL,2025,0.06896551724137931,0.030172413793103446,34494.77906315205,2567.274930223649,0.004325925511270339,0.0026101066131290563
NIU,2025,0.030172413793103446,0.021551724137931036,243.6647426911004,2599.6886131669467,0.0,0.0006671821266592326
NRU,2025,0.03879310344827586,0.021551724137931036,509.54067678353397,1301.2484879575507,0.0,0.0007050860420332549
OMN,2025,0.04310344827586207,0.05603448275862069,380309.5632515824,8169.845165223932,0.0,0.0013397391633279063
PNG,2025,0.09051724137931035,0.05603448275862069,11708.40083138064,19271.32813138733,0.004304187192118227,0.0015150866298562888
PYF,2025,0.08189655172413793,0.034482758620689655,11789.003795466526,1053.708684940897,0.0,0.0018350835567267794
REU,2025,0.021551724137931036,0.02586206896551724,57928.05582688236,1384.4335364986637,0.0,0.0026645939636202797
SGP,2025,0.04310344827586207,0.17672413793103448,1450472.5024328856,147097.3648601142,0.0,0.004850471090475521
SLB,2025,0.06465517241379311,0.04741379310344827,805.3062216800389,2340.704693922947,0.0,0.0007403377299189549
SLE,2025,0.12068965517241378,0.10775862068965517,21236.659481585382,32287.03258481024,0.0,0.0008003136747834321
SWZ,2025,0.07327586206896551,0.05603448275862069,13503.45835778939,7192.917560740787,0.0,0.000808935223263605
SYC,2025,0.11206896551724138,0.06465517241379311,3785.3996249902243,12162.479459842714,0.0,0.0006694948678040943
TGO,2025,0.12931034482758622,0.11637931034482758,126511.96417552546,296336.84017726016,0.0,0.0014056168341809927
TLS,2025,0.06465517241379311,0.02586206896551724,2803.2917895537184,69404.95497951734,0.0,0.0007060097499017756
TUV,2025,0.01293103448275862,0.03879310344827586,79.85555555555555,572.4975554006236,0.0,0.0006620823524012561
TZA,2025,0.11637931034482758,0.1724137931034483,223240.43476550834,108006.48185572292,4.3476638304224514e-05,0.0015813934591906332
UGA,2025,0.06034482758620689,0.15086206896551724,2974830.054305676,281174.27924515004,0.015368991640543365,0.003206173347812472
VUT,2025,0.03879310344827586,0.05603448275862069,1205.399201537187,4755.38268114007,0.0,0.000885291517776481
ZWE,2025,0.02586206896551724,0.14224137931034483,132616.56364920107,775958.2492225989,0.009369215554560382,0.0019124184743085787
MRT,2025,0.15517241379310345,0.10344827586206896,83762.31791025295,49298.88964916893,0.0003912897447380206,0.0013757515173217325
NER,2025,0.05603448275862069,0.11637931034482758,256149.2476145502,169355.73922963484,0.004282448872966115,0.001954924996720628
GNB,2025,0.04741379310344827,0.08189655172413793,6458.058585514347,49739.76116985513,0.008586636065084342,0.0007283943077906395
LIE,2025,0.4353448275862069,0.04310344827586207,14592.538022510236,35.77056277056277,0.0,0.0011140555736462736
SMR,2025,0.03879310344827586,0.021551724137931036,2552.392937931738,1682.7060205580028,0.0,0.0006785144682172146
CHI,2025,0.017241379310344827,0.01293103448275862,43132.12325319889,179.45864661654133,0.0,0.001313043027509452
VAT,2025,0.0,0.008620689655172414,0.0,313.1967213114754,0.0,0.0006437768240343349
GNQ,2025,0.02586206896551724,0.06034482758620689,5859.862061629934,65413.82442854468,0.0,0.0007662681597911663
COM,2025,0.021551724137931036,0.05603448275862069,5758.323827026215,192057.5590286877,0.004978075085833707,0.0013113834027943276
GRL,2025,0.07327586206896551,0.02586206896551724,1980.119875900629,10526.882883862789,0.0,0.0008767575539518646
FRO,2025,0.12931034482758622,0.017241379310344827,3702.20671725731,6336.48363883472,0.0,0.0009898734166109977
SHN,2025,0.008620689655172414,0.01293103448275862,113.31645569620252,269.68942224777237,0.0,0.0006456564643300674
SPM,2025,0.01293103448275862,0.008620689655172414,435.483856700575,55.39130434782609,0.0,0.0006562445033043774
WLF,2025,0.021551724137931036,0.017241379310344827,996.5688373632794,6794.161063464837,0.0,0.0011059752041839243
ESH,2025,0.030172413793103446,0.02586206896551724,2220.131272301447,96169.76185028502,0.0,0.0006665298305009682
FSM,2025,0.05172413793103448,0.017241379310344827,420.6859143192423,6811.348402472724,2.1738319152112257e-05,0.001346517672808688
MHL,2025,0.02586206896551724,0.017241379310344827,1155.1973752664678,195.27504094666142,0.0,0.0007274163798669657
MNP,2025,0.05172413793103448,0.01293103448275862,12053.07266649227,1389.1161514782204,0.0,0.006535784294305986
PLW,2025,0.034482758620689655,0.02586206896551724,2440.7334510115707,1273.4602993519788,0.004325925511270339,0.003054281886477388
MYT,2025,0.01293103448275862,0.008620689655172414,80439.72726938139,3582.9974505098985,0.0,0.0012709188907467014
