iso3,year,louvain_community,leiden_community,gn_community,dominant_region,community_label
BES,1990,0,1,0,Latin America & Sub-Saharan Africa,Cluster 0: Latin America & Sub-Saharan Africa
ABW,1990,0,1,1,Latin America & Sub-Saharan Africa,Cluster 0: Latin America & Sub-Saharan Africa
CHN,1990,1,0,2,Latin America & Sub-Saharan Africa,Cluster 1: Latin America & Sub-Saharan Africa
COL,1990,0,1,3,Latin America & Sub-Saharan Africa,Cluster 0: Latin America & Sub-Saharan Africa
CUW,1990,0,1,4,Latin America & Sub-Saharan Africa,Cluster 0: Latin America & Sub-Saharan Africa
DMA,1990,1,0,5,Latin America & Sub-Saharan Africa,Cluster 1: Latin America & Sub-Saharan Africa
DOM,1990,0,1,6,Latin America & Sub-Saharan Africa,Cluster 0: Latin America & Sub-Saharan Africa
GRD,1990,1,0,7,Latin America & Sub-Saharan Africa,Cluster 1: Latin America & Sub-Saharan Africa
GUY,1990,0,1,8,Latin America & Sub-Saharan Africa,Cluster 0: Latin America & Sub-Saharan Africa
HTI,1990,0,1,6,Latin America & Sub-Saharan Africa,Cluster 0: Latin America & Sub-Saharan Africa
IND,1990,2,6,2,South Asia,Cluster 2: South Asia
JAM,1990,1,0,9,Latin America & Sub-Saharan Africa,Cluster 1: Latin America & Sub-Saharan Africa
NIC,1990,1,0,10,Latin America & Sub-Saharan Africa,Cluster 1: Latin America & Sub-Saharan Africa
NLD,1990,3,2,2,Pan-Europe,Cluster 3: Pan-Europe
PER,1990,0,1,11,Latin America & Sub-Saharan Africa,Cluster 0: Latin America & Sub-Saharan Africa
PHL,1990,4,3,2,Sub-Saharan Africa & Western Asia,Cluster 4: Sub-Saharan Africa & Western Asia
PRT,1990,0,1,12,Latin America & Sub-Saharan Africa,Cluster 0: Latin America & Sub-Saharan Africa
SUR,1990,3,2,2,Pan-Europe,Cluster 3: Pan-Europe
SXM,1990,0,1,13,Latin America & Sub-Saharan Africa,Cluster 0: Latin America & Sub-Saharan Africa
TUR,1990,3,2,2,Pan-Europe,Cluster 3: Pan-Europe
USA,1990,1,0,2,Latin America & Sub-Saharan Africa,Cluster 1: Latin America & Sub-Saharan Africa
VCT,1990,1,0,14,Latin America & Sub-Saharan Africa,Cluster 1: Latin America & Sub-Saharan Africa
VEN,1990,0,1,2,Latin America & Sub-Saharan Africa,Cluster 0: Latin America & Sub-Saharan Africa
PAK,1990,2,6,2,South Asia,Cluster 2: South Asia
AFG,1990,2,6,2,South Asia,Cluster 2: South Asia
TJK,1990,5,5,2,Central Asia & Western Asia,Cluster 5: Central Asia & Western Asia
UZB,1990,5,5,2,Central Asia & Western Asia,Cluster 5: Central Asia & Western Asia
CIV,1990,6,4,15,Sub-Saharan Africa,Cluster 6: Sub-Saharan Africa
AGO,1990,0,1,12,Latin America & Sub-Saharan Africa,Cluster 0: Latin America & Sub-Saharan Africa
COD,1990,4,3,16,Sub-Saharan Africa & Western Asia,Cluster 4: Sub-Saharan Africa & Western Asia
COG,1990,1,4,17,Latin America & Sub-Saharan Africa,Cluster 1: Latin America & Sub-Saharan Africa
CPV,1990,0,1,18,Latin America & Sub-Saharan Africa,Cluster 0: Latin America & Sub-Saharan Africa
GIN,1990,6,4,15,Sub-Saharan Africa,Cluster 6: Sub-Saharan Africa
MOZ,1990,0,1,12,Latin America & Sub-Saharan Africa,Cluster 0: Latin America & Sub-Saharan Africa
NAM,1990,1,0,19,Latin America & Sub-Saharan Africa,Cluster 1: Latin America & Sub-Saharan Africa
RWA,1990,4,0,20,Sub-Saharan Africa & Western Asia,Cluster 4: Sub-Saharan Africa & Western Asia
STP,1990,0,1,21,Latin America & Sub-Saharan Africa,Cluster 0: Latin America & Sub-Saharan Africa
TCD,1990,6,4,22,Sub-Saharan Africa,Cluster 6: Sub-Saharan Africa
ZAF,1990,1,0,2,Latin America & Sub-Saharan Africa,Cluster 1: Latin America & Sub-Saharan Africa
ZMB,1990,1,0,23,Latin America & Sub-Saharan Africa,Cluster 1: Latin America & Sub-Saharan Africa
CAN,1990,1,0,2,Latin America & Sub-Saharan Africa,Cluster 1: Latin America & Sub-Saharan Africa
AIA,1990,0,0,24,Latin America & Sub-Saharan Africa,Cluster 0: Latin America & Sub-Saharan Africa
GBR,1990,1,0,2,Latin America & Sub-Saharan Africa,Cluster 1: Latin America & Sub-Saharan Africa
KNA,1990,0,1,25,Latin America & Sub-Saharan Africa,Cluster 0: Latin America & Sub-Saharan Africa
MSR,1990,1,0,26,Latin America & Sub-Saharan Africa,Cluster 1: Latin America & Sub-Saharan Africa
VIR,1990,1,0,27,Latin America & Sub-Saharan Africa,Cluster 1: Latin America & Sub-Saharan Africa
ALB,1990,3,2,28,Pan-Europe,Cluster 3: Pan-Europe
GRC,1990,3,2,2,Pan-Europe,Cluster 3: Pan-Europe
ITA,1990,1,0,2,Latin America & Sub-Saharan Africa,Cluster 1: Latin America & Sub-Saharan Africa
MKD,1990,3,2,2,Pan-Europe,Cluster 3: Pan-Europe
ARG,1990,0,1,29,Latin America & Sub-Saharan Africa,Cluster 0: Latin America & Sub-Saharan Africa
AND,1990,0,1,30,Latin America & Sub-Saharan Africa,Cluster 0: Latin America & Sub-Saharan Africa
AUS,1990,3,2,2,Pan-Europe,Cluster 3: Pan-Europe
BEL,1990,0,1,2,Latin America & Sub-Saharan Africa,Cluster 0: Latin America & Sub-Saharan Africa
CHE,1990,3,2,2,Pan-Europe,Cluster 3: Pan-Europe
CHL,1990,0,1,29,Latin America & Sub-Saharan Africa,Cluster 0: Latin America & Sub-Saharan Africa
DEU,1990,3,2,2,Pan-Europe,Cluster 3: Pan-Europe
DNK,1990,3,2,31,Pan-Europe,Cluster 3: Pan-Europe
ESP,1990,0,1,2,Latin America & Sub-Saharan Africa,Cluster 0: Latin America & Sub-Saharan Africa
FRA,1990,0,1,2,Latin America & Sub-Saharan Africa,Cluster 0: Latin America & Sub-Saharan Africa
MAR,1990,0,1,2,Latin America & Sub-Saharan Africa,Cluster 0: Latin America & Sub-Saharan Africa
SWE,1990,3,2,32,Pan-Europe,Cluster 3: Pan-Europe
URY,1990,0,1,29,Latin America & Sub-Saharan Africa,Cluster 0: Latin America & Sub-Saharan Africa
ARE,1990,4,3,2,Sub-Saharan Africa & Western Asia,Cluster 4: Sub-Saharan Africa & Western Asia
BGD,1990,2,6,2,South Asia,Cluster 2: South Asia
BHR,1990,2,3,33,South Asia,Cluster 2: South Asia
EGY,1990,4,3,2,Sub-Saharan Africa & Western Asia,Cluster 4: Sub-Saharan Africa & Western Asia
ERI,1990,1,0,34,Latin America & Sub-Saharan Africa,Cluster 1: Latin America & Sub-Saharan Africa
ETH,1990,4,3,16,Sub-Saharan Africa & Western Asia,Cluster 4: Sub-Saharan Africa & Western Asia
IDN,1990,3,2,2,Pan-Europe,Cluster 3: Pan-Europe
JOR,1990,4,3,2,Sub-Saharan Africa & Western Asia,Cluster 4: Sub-Saharan Africa & Western Asia
KWT,1990,4,3,2,Sub-Saharan Africa & Western Asia,Cluster 4: Sub-Saharan Africa & Western Asia
LBN,1990,4,3,2,Sub-Saharan Africa & Western Asia,Cluster 4: Sub-Saharan Africa & Western Asia
LKA,1990,2,6,2,South Asia,Cluster 2: South Asia
NGA,1990,6,4,35,Sub-Saharan Africa,Cluster 6: Sub-Saharan Africa
NPL,1990,2,6,2,South Asia,Cluster 2: South Asia
PSE,1990,4,3,2,Sub-Saharan Africa & Western Asia,Cluster 4: Sub-Saharan Africa & Western Asia
QAT,1990,3,3,36,Pan-Europe,Cluster 3: Pan-Europe
SAU,1990,4,3,2,Sub-Saharan Africa & Western Asia,Cluster 4: Sub-Saharan Africa & Western Asia
SDN,1990,4,3,2,Sub-Saharan Africa & Western Asia,Cluster 4: Sub-Saharan Africa & Western Asia
SOM,1990,4,3,16,Sub-Saharan Africa & Western Asia,Cluster 4: Sub-Saharan Africa & Western Asia
SSD,1990,4,3,16,Sub-Saharan Africa & Western Asia,Cluster 4: Sub-Saharan Africa & Western Asia
SYR,1990,4,3,37,Sub-Saharan Africa & Western Asia,Cluster 4: Sub-Saharan Africa & Western Asia
THA,1990,1,0,2,Latin America & Sub-Saharan Africa,Cluster 1: Latin America & Sub-Saharan Africa
TUN,1990,0,1,2,Latin America & Sub-Saharan Africa,Cluster 0: Latin America & Sub-Saharan Africa
YEM,1990,4,3,2,Sub-Saharan Africa & Western Asia,Cluster 4: Sub-Saharan Africa & Western Asia
ARM,1990,5,5,2,Central Asia & Western Asia,Cluster 5: Central Asia & Western Asia
AUT,1990,3,2,2,Pan-Europe,Cluster 3: Pan-Europe
BGR,1990,3,2,2,Pan-Europe,Cluster 3: Pan-Europe
BOL,1990,0,1,29,Latin America & Sub-Saharan Africa,Cluster 0: Latin America & Sub-Saharan Africa
BRA,1990,1,1,2,Latin America & Sub-Saharan Africa,Cluster 1: Latin America & Sub-Saharan Africa
CRI,1990,1,0,38,Latin America & Sub-Saharan Africa,Cluster 1: Latin America & Sub-Saharan Africa
CUB,1990,1,0,2,Latin America & Sub-Saharan Africa,Cluster 1: Latin America & Sub-Saharan Africa
CYP,1990,3,2,39,Pan-Europe,Cluster 3: Pan-Europe
CZE,1990,3,2,2,Pan-Europe,Cluster 3: Pan-Europe
DZA,1990,0,1,2,Latin America & Sub-Saharan Africa,Cluster 0: Latin America & Sub-Saharan Africa
ECU,1990,1,0,2,Latin America & Sub-Saharan Africa,Cluster 1: Latin America & Sub-Saharan Africa
EST,1990,5,5,2,Central Asia & Western Asia,Cluster 5: Central Asia & Western Asia
GTM,1990,1,0,2,Latin America & Sub-Saharan Africa,Cluster 1: Latin America & Sub-Saharan Africa
HND,1990,1,0,2,Latin America & Sub-Saharan Africa,Cluster 1: Latin America & Sub-Saharan Africa
HRV,1990,3,2,2,Pan-Europe,Cluster 3: Pan-Europe
HUN,1990,3,2,2,Pan-Europe,Cluster 3: Pan-Europe
IRL,1990,1,0,2,Latin America & Sub-Saharan Africa,Cluster 1: Latin America & Sub-Saharan Africa
IRN,1990,2,6,2,South Asia,Cluster 2: South Asia
ISR,1990,5,5,2,Central Asia & Western Asia,Cluster 5: Central Asia & Western Asia
JPN,1990,1,0,2,Latin America & Sub-Saharan Africa,Cluster 1: Latin America & Sub-Saharan Africa
KOR,1990,1,0,2,Latin America & Sub-Saharan Africa,Cluster 1: Latin America & Sub-Saharan Africa
LAO,1990,1,0,2,Latin America & Sub-Saharan Africa,Cluster 1: Latin America & Sub-Saharan Africa
LTU,1990,5,5,2,Central Asia & Western Asia,Cluster 5: Central Asia & Western Asia
MEX,1990,1,0,2,Latin America & Sub-Saharan Africa,Cluster 1: Latin America & Sub-Saharan Africa
MNE,1990,3,2,40,Pan-Europe,Cluster 3: Pan-Europe
NOR,1990,3,2,41,Pan-Europe,Cluster 3: Pan-Europe
NZL,1990,3,2,2,Pan-Europe,Cluster 3: Pan-Europe
PAN,1990,1,0,2,Latin America & Sub-Saharan Africa,Cluster 1: Latin America & Sub-Saharan Africa
POL,1990,3,2,2,Pan-Europe,Cluster 3: Pan-Europe
PRI,1990,1,0,2,Latin America & Sub-Saharan Africa,Cluster 1: Latin America & Sub-Saharan Africa
PRK,1990,1,0,42,Latin America & Sub-Saharan Africa,Cluster 1: Latin America & Sub-Saharan Africa
PRY,1990,0,1,29,Latin America & Sub-Saharan Africa,Cluster 0: Latin America & Sub-Saharan Africa
ROU,1990,3,2,2,Pan-Europe,Cluster 3: Pan-Europe
RUS,1990,5,5,2,Central Asia & Western Asia,Cluster 5: Central Asia & Western Asia
SEN,1990,6,4,43,Sub-Saharan Africa,Cluster 6: Sub-Saharan Africa
SLV,1990,1,0,2,Latin America & Sub-Saharan Africa,Cluster 1: Latin America & Sub-Saharan Africa
SRB,1990,3,2,2,Pan-Europe,Cluster 3: Pan-Europe
SVK,1990,3,2,2,Pan-Europe,Cluster 3: Pan-Europe
SVN,1990,3,2,44,Pan-Europe,Cluster 3: Pan-Europe
TWN,1990,1,0,2,Latin America & Sub-Saharan Africa,Cluster 1: Latin America & Sub-Saharan Africa
UKR,1990,5,5,2,Central Asia & Western Asia,Cluster 5: Central Asia & Western Asia
AZE,1990,5,5,2,Central Asia & Western Asia,Cluster 5: Central Asia & Western Asia
GEO,1990,5,5,2,Central Asia & Western Asia,Cluster 5: Central Asia & Western Asia
KAZ,1990,5,5,2,Central Asia & Western Asia,Cluster 5: Central Asia & Western Asia
TKM,1990,5,5,2,Central Asia & Western Asia,Cluster 5: Central Asia & Western Asia
ASM,1990,3,2,45,Pan-Europe,Cluster 3: Pan-Europe
FJI,1990,3,2,46,Pan-Europe,Cluster 3: Pan-Europe
TKL,1990,3,2,47,Pan-Europe,Cluster 3: Pan-Europe
TON,1990,3,2,48,Pan-Europe,Cluster 3: Pan-Europe
WSM,1990,3,2,49,Pan-Europe,Cluster 3: Pan-Europe
ATG,1990,1,0,50,Latin America & Sub-Saharan Africa,Cluster 1: Latin America & Sub-Saharan Africa
BHS,1990,0,1,51,Latin America & Sub-Saharan Africa,Cluster 0: Latin America & Sub-Saharan Africa
BLZ,1990,1,0,52,Latin America & Sub-Saharan Africa,Cluster 1: Latin America & Sub-Saharan Africa
BMU,1990,1,0,53,Latin America & Sub-Saharan Africa,Cluster 1: Latin America & Sub-Saharan Africa
BRB,1990,1,0,54,Latin America & Sub-Saharan Africa,Cluster 1: Latin America & Sub-Saharan Africa
GHA,1990,6,4,15,Sub-Saharan Africa,Cluster 6: Sub-Saharan Africa
GLP,1990,0,1,55,Latin America & Sub-Saharan Africa,Cluster 0: Latin America & Sub-Saharan Africa
GUF,1990,0,1,56,Latin America & Sub-Saharan Africa,Cluster 0: Latin America & Sub-Saharan Africa
LCA,1990,1,0,57,Latin America & Sub-Saharan Africa,Cluster 1: Latin America & Sub-Saharan Africa
MTQ,1990,0,1,58,Latin America & Sub-Saharan Africa,Cluster 0: Latin America & Sub-Saharan Africa
TCA,1990,0,1,59,Latin America & Sub-Saharan Africa,Cluster 0: Latin America & Sub-Saharan Africa
TTO,1990,1,0,2,Latin America & Sub-Saharan Africa,Cluster 1: Latin America & Sub-Saharan Africa
VGB,1990,1,0,60,Latin America & Sub-Saharan Africa,Cluster 1: Latin America & Sub-Saharan Africa
BDI,1990,4,0,61,Sub-Saharan Africa & Western Asia,Cluster 4: Sub-Saharan Africa & Western Asia
BEN,1990,6,4,35,Sub-Saharan Africa,Cluster 6: Sub-Saharan Africa
BFA,1990,6,4,15,Sub-Saharan Africa,Cluster 6: Sub-Saharan Africa
BIH,1990,3,2,2,Pan-Europe,Cluster 3: Pan-Europe
BLR,1990,5,5,2,Central Asia & Western Asia,Cluster 5: Central Asia & Western Asia
BRN,1990,4,3,62,Sub-Saharan Africa & Western Asia,Cluster 4: Sub-Saharan Africa & Western Asia
BTN,1990,2,6,63,South Asia,Cluster 2: South Asia
BWA,1990,1,0,64,Latin America & Sub-Saharan Africa,Cluster 1: Latin America & Sub-Saharan Africa
CAF,1990,4,3,65,Sub-Saharan Africa & Western Asia,Cluster 4: Sub-Saharan Africa & Western Asia
CMR,1990,6,4,66,Sub-Saharan Africa,Cluster 6: Sub-Saharan Africa
COK,1990,3,2,67,Pan-Europe,Cluster 3: Pan-Europe
CYM,1990,1,0,68,Latin America & Sub-Saharan Africa,Cluster 1: Latin America & Sub-Saharan Africa
DJI,1990,4,3,16,Sub-Saharan Africa & Western Asia,Cluster 4: Sub-Saharan Africa & Western Asia
FIN,1990,3,2,32,Pan-Europe,Cluster 3: Pan-Europe
FLK,1990,1,0,69,Latin America & Sub-Saharan Africa,Cluster 1: Latin America & Sub-Saharan Africa
GAB,1990,6,4,70,Sub-Saharan Africa,Cluster 6: Sub-Saharan Africa
GIB,1990,0,1,71,Latin America & Sub-Saharan Africa,Cluster 0: Latin America & Sub-Saharan Africa
GMB,1990,6,4,72,Sub-Saharan Africa,Cluster 6: Sub-Saharan Africa
GUM,1990,4,3,73,Sub-Saharan Africa & Western Asia,Cluster 4: Sub-Saharan Africa & Western Asia
HKG,1990,1,0,2,Latin America & Sub-Saharan Africa,Cluster 1: Latin America & Sub-Saharan Africa
IMN,1990,1,0,74,Latin America & Sub-Saharan Africa,Cluster 1: Latin America & Sub-Saharan Africa
IRQ,1990,2,6,2,South Asia,Cluster 2: South Asia
ISL,1990,3,2,75,Pan-Europe,Cluster 3: Pan-Europe
KEN,1990,1,0,2,Latin America & Sub-Saharan Africa,Cluster 1: Latin America & Sub-Saharan Africa
KGZ,1990,5,5,2,Central Asia & Western Asia,Cluster 5: Central Asia & Western Asia
KHM,1990,1,0,2,Latin America & Sub-Saharan Africa,Cluster 1: Latin America & Sub-Saharan Africa
KIR,1990,3,2,76,Pan-Europe,Cluster 3: Pan-Europe
LBR,1990,6,4,15,Sub-Saharan Africa,Cluster 6: Sub-Saharan Africa
LBY,1990,4,3,2,Sub-Saharan Africa & Western Asia,Cluster 4: Sub-Saharan Africa & Western Asia
LSO,1990,1,0,77,Latin America & Sub-Saharan Africa,Cluster 1: Latin America & Sub-Saharan Africa
LUX,1990,0,1,78,Latin America & Sub-Saharan Africa,Cluster 0: Latin America & Sub-Saharan Africa
LVA,1990,5,5,2,Central Asia & Western Asia,Cluster 5: Central Asia & Western Asia
MAC,1990,1,0,79,Latin America & Sub-Saharan Africa,Cluster 1: Latin America & Sub-Saharan Africa
MCO,1990,0,1,80,Latin America & Sub-Saharan Africa,Cluster 0: Latin America & Sub-Saharan Africa
MDA,1990,5,5,2,Central Asia & Western Asia,Cluster 5: Central Asia & Western Asia
MDG,1990,0,1,81,Latin America & Sub-Saharan Africa,Cluster 0: Latin America & Sub-Saharan Africa
MDV,1990,2,6,82,South Asia,Cluster 2: South Asia
MLT,1990,3,2,83,Pan-Europe,Cluster 3: Pan-Europe
MMR,1990,2,6,2,South Asia,Cluster 2: South Asia
MNG,1990,5,5,84,Central Asia & Western Asia,Cluster 5: Central Asia & Western Asia
MUS,1990,0,1,85,Latin America & Sub-Saharan Africa,Cluster 0: Latin America & Sub-Saharan Africa
MWI,1990,1,0,86,Latin America & Sub-Saharan Africa,Cluster 1: Latin America & Sub-Saharan Africa
MYS,1990,4,3,2,Sub-Saharan Africa & Western Asia,Cluster 4: Sub-Saharan Africa & Western Asia
NCL,1990,0,1,87,Latin America & Sub-Saharan Africa,Cluster 0: Latin America & Sub-Saharan Africa
NIU,1990,3,2,88,Pan-Europe,Cluster 3: Pan-Europe
NRU,1990,3,2,89,Pan-Europe,Cluster 3: Pan-Europe
OMN,1990,2,6,90,South Asia,Cluster 2: South Asia
PNG,1990,3,2,91,Pan-Europe,Cluster 3: Pan-Europe
PYF,1990,0,1,92,Latin America & Sub-Saharan Africa,Cluster 0: Latin America & Sub-Saharan Africa
REU,1990,0,1,93,Latin America & Sub-Saharan Africa,Cluster 0: Latin America & Sub-Saharan Africa
SGP,1990,4,3,94,Sub-Saharan Africa & Western Asia,Cluster 4: Sub-Saharan Africa & Western Asia
SLB,1990,3,2,95,Pan-Europe,Cluster 3: Pan-Europe
SLE,1990,6,4,96,Sub-Saharan Africa,Cluster 6: Sub-Saharan Africa
SWZ,1990,0,1,97,Latin America & Sub-Saharan Africa,Cluster 0: Latin America & Sub-Saharan Africa
SYC,1990,0,1,98,Latin America & Sub-Saharan Africa,Cluster 0: Latin America & Sub-Saharan Africa
TGO,1990,6,4,99,Sub-Saharan Africa,Cluster 6: Sub-Saharan Africa
TUV,1990,3,2,100,Pan-Europe,Cluster 3: Pan-Europe
TZA,1990,1,0,101,Latin America & Sub-Saharan Africa,Cluster 1: Latin America & Sub-Saharan Africa
UGA,1990,4,0,2,Sub-Saharan Africa & Western Asia,Cluster 4: Sub-Saharan Africa & Western Asia
VNM,1990,1,0,2,Latin America & Sub-Saharan Africa,Cluster 1: Latin America & Sub-Saharan Africa
VUT,1990,0,1,102,Latin America & Sub-Saharan Africa,Cluster 0: Latin America & Sub-Saharan Africa
ZWE,1990,1,0,2,Latin America & Sub-Saharan Africa,Cluster 1: Latin America & Sub-Saharan Africa
MRT,1990,6,4,43,Sub-Saharan Africa,Cluster 6: Sub-Saharan Africa
NER,1990,6,4,103,Sub-Saharan Africa,Cluster 6: Sub-Saharan Africa
MLI,1990,6,4,15,Sub-Saharan Africa,Cluster 6: Sub-Saharan Africa
SMR,1990,1,0,104,Latin America & Sub-Saharan Africa,Cluster 1: Latin America & Sub-Saharan Africa
LIE,1990,3,2,105,Pan-Europe,Cluster 3: Pan-Europe
GNB,1990,6,4,106,Sub-Saharan Africa,Cluster 6: Sub-Saharan Africa
CHI,1990,1,0,107,Latin America & Sub-Saharan Africa,Cluster 1: Latin America & Sub-Saharan Africa
VAT,1990,0,1,108,Latin America & Sub-Saharan Africa,Cluster 0: Latin America & Sub-Saharan Africa
GNQ,1990,6,4,109,Sub-Saharan Africa,Cluster 6: Sub-Saharan Africa
COM,1990,0,1,110,Latin America & Sub-Saharan Africa,Cluster 0: Latin America & Sub-Saharan Africa
TLS,1990,3,2,111,Pan-Europe,Cluster 3: Pan-Europe
GRL,1990,3,2,112,Pan-Europe,Cluster 3: Pan-Europe
SPM,1990,0,1,113,Latin America & Sub-Saharan Africa,Cluster 0: Latin America & Sub-Saharan Africa
FRO,1990,3,2,114,Pan-Europe,Cluster 3: Pan-Europe
SHN,1990,1,0,115,Latin America & Sub-Saharan Africa,Cluster 1: Latin America & Sub-Saharan Africa
WLF,1990,0,1,116,Latin America & Sub-Saharan Africa,Cluster 0: Latin America & Sub-Saharan Africa
ESH,1990,0,1,2,Latin America & Sub-Saharan Africa,Cluster 0: Latin America & Sub-Saharan Africa
FSM,1990,4,3,117,Sub-Saharan Africa & Western Asia,Cluster 4: Sub-Saharan Africa & Western Asia
MHL,1990,4,3,118,Sub-Saharan Africa & Western Asia,Cluster 4: Sub-Saharan Africa & Western Asia
MNP,1990,4,3,119,Sub-Saharan Africa & Western Asia,Cluster 4: Sub-Saharan Africa & Western Asia
PLW,1990,4,3,120,Sub-Saharan Africa & Western Asia,Cluster 4: Sub-Saharan Africa & Western Asia
MYT,1990,0,1,121,Latin America & Sub-Saharan Africa,Cluster 0: Latin America & Sub-Saharan Africa
BES,1995,6,0,0,Latin America & Caribbean,Cluster 6: Latin America & Caribbean
ABW,1995,6,0,1,Latin America & Caribbean,Cluster 6: Latin America & Caribbean
CHN,1995,1,1,2,Latin America & Eastern Asia,Cluster 1: Latin America & Eastern Asia
COL,1995,6,0,3,Latin America & Caribbean,Cluster 6: Latin America & Caribbean
CUW,1995,6,0,4,Latin America & Caribbean,Cluster 6: Latin America & Caribbean
DMA,1995,6,2,5,Latin America & Caribbean,Cluster 6: Latin America & Caribbean
DOM,1995,6,0,6,Latin America & Caribbean,Cluster 6: Latin America & Caribbean
GRD,1995,6,2,7,Latin America & Caribbean,Cluster 6: Latin America & Caribbean
GUY,1995,6,0,8,Latin America & Caribbean,Cluster 6: Latin America & Caribbean
HTI,1995,6,0,6,Latin America & Caribbean,Cluster 6: Latin America & Caribbean
IND,1995,0,7,2,South & Western Asia,Cluster 0: South & Western Asia
JAM,1995,1,2,9,Latin America & Eastern Asia,Cluster 1: Latin America & Eastern Asia
NIC,1995,1,2,10,Latin America & Eastern Asia,Cluster 1: Latin America & Eastern Asia
NLD,1995,3,1,2,Western Asia & Polynesia,Cluster 3: Western Asia & Polynesia
PER,1995,6,0,11,Latin America & Caribbean,Cluster 6: Latin America & Caribbean
PHL,1995,3,1,2,Western Asia & Polynesia,Cluster 3: Western Asia & Polynesia
PRT,1995,6,0,2,Latin America & Caribbean,Cluster 6: Latin America & Caribbean
SUR,1995,3,1,2,Western Asia & Polynesia,Cluster 3: Western Asia & Polynesia
SXM,1995,6,0,12,Latin America & Caribbean,Cluster 6: Latin America & Caribbean
TUR,1995,3,3,2,Western Asia & Polynesia,Cluster 3: Western Asia & Polynesia
USA,1995,1,2,2,Latin America & Eastern Asia,Cluster 1: Latin America & Eastern Asia
VCT,1995,6,2,13,Latin America & Caribbean,Cluster 6: Latin America & Caribbean
VEN,1995,6,0,2,Latin America & Caribbean,Cluster 6: Latin America & Caribbean
PAK,1995,0,7,2,South & Western Asia,Cluster 0: South & Western Asia
AFG,1995,0,7,2,South & Western Asia,Cluster 0: South & Western Asia
TJK,1995,2,6,2,Central Asia & Western Asia,Cluster 2: Central Asia & Western Asia
UZB,1995,2,6,2,Central Asia & Western Asia,Cluster 2: Central Asia & Western Asia
CIV,1995,4,5,14,Sub-Saharan Africa,Cluster 4: Sub-Saharan Africa
AGO,1995,6,0,2,Latin America & Caribbean,Cluster 6: Latin America & Caribbean
COD,1995,5,4,15,Sub-Saharan Africa,Cluster 5: Sub-Saharan Africa
COG,1995,5,4,16,Sub-Saharan Africa,Cluster 5: Sub-Saharan Africa
CPV,1995,6,0,17,Latin America & Caribbean,Cluster 6: Latin America & Caribbean
GIN,1995,4,5,14,Sub-Saharan Africa,Cluster 4: Sub-Saharan Africa
MOZ,1995,5,4,2,Sub-Saharan Africa,Cluster 5: Sub-Saharan Africa
NAM,1995,5,4,18,Sub-Saharan Africa,Cluster 5: Sub-Saharan Africa
RWA,1995,5,4,15,Sub-Saharan Africa,Cluster 5: Sub-Saharan Africa
STP,1995,6,4,19,Latin America & Caribbean,Cluster 6: Latin America & Caribbean
TCD,1995,4,5,20,Sub-Saharan Africa,Cluster 4: Sub-Saharan Africa
ZAF,1995,5,4,2,Sub-Saharan Africa,Cluster 5: Sub-Saharan Africa
ZMB,1995,5,4,21,Sub-Saharan Africa,Cluster 5: Sub-Saharan Africa
CAN,1995,1,2,2,Latin America & Eastern Asia,Cluster 1: Latin America & Eastern Asia
AIA,1995,6,2,22,Latin America & Caribbean,Cluster 6: Latin America & Caribbean
GBR,1995,1,2,2,Latin America & Eastern Asia,Cluster 1: Latin America & Eastern Asia
KNA,1995,6,0,23,Latin America & Caribbean,Cluster 6: Latin America & Caribbean
MSR,1995,6,2,24,Latin America & Caribbean,Cluster 6: Latin America & Caribbean
VIR,1995,1,2,25,Latin America & Eastern Asia,Cluster 1: Latin America & Eastern Asia
ALB,1995,3,3,26,Western Asia & Polynesia,Cluster 3: Western Asia & Polynesia
GRC,1995,3,3,2,Western Asia & Polynesia,Cluster 3: Western Asia & Polynesia
ITA,1995,1,3,2,Latin America & Eastern Asia,Cluster 1: Latin America & Eastern Asia
MKD,1995,3,3,2,Western Asia & Polynesia,Cluster 3: Western Asia & Polynesia
ARG,1995,6,0,2,Latin America & Caribbean,Cluster 6: Latin America & Caribbean
AND,1995,6,0,27,Latin America & Caribbean,Cluster 6: Latin America & Caribbean
AUS,1995,3,1,2,Western Asia & Polynesia,Cluster 3: Western Asia & Polynesia
BEL,1995,6,0,2,Latin America & Caribbean,Cluster 6: Latin America & Caribbean
CHE,1995,1,3,2,Latin America & Eastern Asia,Cluster 1: Latin America & Eastern Asia
CHL,1995,6,0,2,Latin America & Caribbean,Cluster 6: Latin America & Caribbean
DEU,1995,1,3,2,Latin America & Eastern Asia,Cluster 1: Latin America & Eastern Asia
DNK,1995,7,3,28,Pan-Europe,Cluster 7: Pan-Europe
ESP,1995,6,0,2,Latin America & Caribbean,Cluster 6: Latin America & Caribbean
FRA,1995,6,0,2,Latin America & Caribbean,Cluster 6: Latin America & Caribbean
MAR,1995,6,0,2,Latin America & Caribbean,Cluster 6: Latin America & Caribbean
SWE,1995,7,3,29,Pan-Europe,Cluster 7: Pan-Europe
URY,1995,6,0,2,Latin America & Caribbean,Cluster 6: Latin America & Caribbean
ARE,1995,0,7,2,South & Western Asia,Cluster 0: South & Western Asia
BGD,1995,0,7,2,South & Western Asia,Cluster 0: South & Western Asia
BHR,1995,0,7,30,South & Western Asia,Cluster 0: South & Western Asia
EGY,1995,0,7,2,South & Western Asia,Cluster 0: South & Western Asia
ERI,1995,1,3,31,Latin America & Eastern Asia,Cluster 1: Latin America & Eastern Asia
ETH,1995,5,4,2,Sub-Saharan Africa,Cluster 5: Sub-Saharan Africa
IDN,1995,3,1,2,Western Asia & Polynesia,Cluster 3: Western Asia & Polynesia
JOR,1995,3,1,2,Western Asia & Polynesia,Cluster 3: Western Asia & Polynesia
KWT,1995,0,1,2,South & Western Asia,Cluster 0: South & Western Asia
LBN,1995,3,1,2,Western Asia & Polynesia,Cluster 3: Western Asia & Polynesia
LKA,1995,0,7,2,South & Western Asia,Cluster 0: South & Western Asia
NGA,1995,4,5,14,Sub-Saharan Africa,Cluster 4: Sub-Saharan Africa
NPL,1995,0,7,2,South & Western Asia,Cluster 0: South & Western Asia
PSE,1995,3,1,2,Western Asia & Polynesia,Cluster 3: Western Asia & Polynesia
QAT,1995,3,1,32,Western Asia & Polynesia,Cluster 3: Western Asia & Polynesia
SAU,1995,3,1,2,Western Asia & Polynesia,Cluster 3: Western Asia & Polynesia
SDN,1995,5,4,33,Sub-Saharan Africa,Cluster 5: Sub-Saharan Africa
SOM,1995,5,4,2,Sub-Saharan Africa,Cluster 5: Sub-Saharan Africa
SSD,1995,5,4,15,Sub-Saharan Africa,Cluster 5: Sub-Saharan Africa
SYR,1995,3,1,2,Western Asia & Polynesia,Cluster 3: Western Asia & Polynesia
THA,1995,1,2,2,Latin America & Eastern Asia,Cluster 1: Latin America & Eastern Asia
TUN,1995,6,0,2,Latin America & Caribbean,Cluster 6: Latin America & Caribbean
YEM,1995,3,1,2,Western Asia & Polynesia,Cluster 3: Western Asia & Polynesia
ARM,1995,2,6,2,Central Asia & Western Asia,Cluster 2: Central Asia & Western Asia
AUT,1995,7,3,2,Pan-Europe,Cluster 7: Pan-Europe
BGR,1995,3,3,2,Western Asia & Polynesia,Cluster 3: Western Asia & Polynesia
BOL,1995,6,0,2,Latin America & Caribbean,Cluster 6: Latin America & Caribbean
BRA,1995,6,0,2,Latin America & Caribbean,Cluster 6: Latin America & Caribbean
CRI,1995,1,2,34,Latin America & Eastern Asia,Cluster 1: Latin America & Eastern Asia
CUB,1995,1,2,2,Latin America & Eastern Asia,Cluster 1: Latin America & Eastern Asia
CYP,1995,3,3,35,Western Asia & Polynesia,Cluster 3: Western Asia & Polynesia
CZE,1995,1,3,2,Latin America & Eastern Asia,Cluster 1: Latin America & Eastern Asia
DZA,1995,6,0,2,Latin America & Caribbean,Cluster 6: Latin America & Caribbean
ECU,1995,1,2,2,Latin America & Eastern Asia,Cluster 1: Latin America & Eastern Asia
EST,1995,2,6,2,Central Asia & Western Asia,Cluster 2: Central Asia & Western Asia
GTM,1995,1,2,2,Latin America & Eastern Asia,Cluster 1: Latin America & Eastern Asia
HND,1995,1,2,2,Latin America & Eastern Asia,Cluster 1: Latin America & Eastern Asia
HRV,1995,7,3,2,Pan-Europe,Cluster 7: Pan-Europe
HUN,1995,1,3,2,Latin America & Eastern Asia,Cluster 1: Latin America & Eastern Asia
IRL,1995,1,2,2,Latin America & Eastern Asia,Cluster 1: Latin America & Eastern Asia
IRN,1995,0,7,2,South & Western Asia,Cluster 0: South & Western Asia
ISR,1995,2,6,2,Central Asia & Western Asia,Cluster 2: Central Asia & Western Asia
JPN,1995,1,2,2,Latin America & Eastern Asia,Cluster 1: Latin America & Eastern Asia
KOR,1995,1,2,2,Latin America & Eastern Asia,Cluster 1: Latin America & Eastern Asia
LAO,1995,1,2,2,Latin America & Eastern Asia,Cluster 1: Latin America & Eastern Asia
LTU,1995,2,6,2,Central Asia & Western Asia,Cluster 2: Central Asia & Western Asia
MEX,1995,1,2,2,Latin America & Eastern Asia,Cluster 1: Latin America & Eastern Asia
MNE,1995,7,3,36,Pan-Europe,Cluster 7: Pan-Europe
NOR,1995,7,3,37,Pan-Europe,Cluster 7: Pan-Europe
NZL,1995,3,1,2,Western Asia & Polynesia,Cluster 3: Western Asia & Polynesia
PAN,1995,1,2,2,Latin America & Eastern Asia,Cluster 1: Latin America & Eastern Asia
POL,1995,1,3,2,Latin America & Eastern Asia,Cluster 1: Latin America & Eastern Asia
PRI,1995,1,2,2,Latin America & Eastern Asia,Cluster 1: Latin America & Eastern Asia
PRK,1995,1,2,38,Latin America & Eastern Asia,Cluster 1: Latin America & Eastern Asia
PRY,1995,6,0,2,Latin America & Caribbean,Cluster 6: Latin America & Caribbean
ROU,1995,1,3,2,Latin America & Eastern Asia,Cluster 1: Latin America & Eastern Asia
RUS,1995,2,6,2,Central Asia & Western Asia,Cluster 2: Central Asia & Western Asia
SEN,1995,4,5,39,Sub-Saharan Africa,Cluster 4: Sub-Saharan Africa
SLV,1995,1,2,2,Latin America & Eastern Asia,Cluster 1: Latin America & Eastern Asia
SRB,1995,7,3,2,Pan-Europe,Cluster 7: Pan-Europe
SVK,1995,1,3,2,Latin America & Eastern Asia,Cluster 1: Latin America & Eastern Asia
SVN,1995,7,3,40,Pan-Europe,Cluster 7: Pan-Europe
TWN,1995,1,2,2,Latin America & Eastern Asia,Cluster 1: Latin America & Eastern Asia
UKR,1995,2,6,2,Central Asia & Western Asia,Cluster 2: Central Asia & Western Asia
AZE,1995,2,6,2,Central Asia & Western Asia,Cluster 2: Central Asia & Western Asia
GEO,1995,2,6,2,Central Asia & Western Asia,Cluster 2: Central Asia & Western Asia
KAZ,1995,2,6,2,Central Asia & Western Asia,Cluster 2: Central Asia & Western Asia
TKM,1995,2,6,2,Central Asia & Western Asia,Cluster 2: Central Asia & Western Asia
ASM,1995,3,1,41,Western Asia & Polynesia,Cluster 3: Western Asia & Polynesia
FJI,1995,3,1,42,Western Asia & Polynesia,Cluster 3: Western Asia & Polynesia
TKL,1995,3,1,43,Western Asia & Polynesia,Cluster 3: Western Asia & Polynesia
TON,1995,3,1,44,Western Asia & Polynesia,Cluster 3: Western Asia & Polynesia
VNM,1995,1,2,2,Latin America & Eastern Asia,Cluster 1: Latin America & Eastern Asia
WSM,1995,3,1,45,Western Asia & Polynesia,Cluster 3: Western Asia & Polynesia
ATG,1995,1,2,46,Latin America & Eastern Asia,Cluster 1: Latin America & Eastern Asia
BHS,1995,6,0,47,Latin America & Caribbean,Cluster 6: Latin America & Caribbean
BLZ,1995,1,2,48,Latin America & Eastern Asia,Cluster 1: Latin America & Eastern Asia
BMU,1995,1,2,49,Latin America & Eastern Asia,Cluster 1: Latin America & Eastern Asia
BRB,1995,1,2,50,Latin America & Eastern Asia,Cluster 1: Latin America & Eastern Asia
GHA,1995,4,5,14,Sub-Saharan Africa,Cluster 4: Sub-Saharan Africa
GLP,1995,6,0,51,Latin America & Caribbean,Cluster 6: Latin America & Caribbean
GUF,1995,6,0,52,Latin America & Caribbean,Cluster 6: Latin America & Caribbean
LCA,1995,1,2,53,Latin America & Eastern Asia,Cluster 1: Latin America & Eastern Asia
MTQ,1995,6,0,54,Latin America & Caribbean,Cluster 6: Latin America & Caribbean
TCA,1995,6,0,55,Latin America & Caribbean,Cluster 6: Latin America & Caribbean
TTO,1995,1,2,2,Latin America & Eastern Asia,Cluster 1: Latin America & Eastern Asia
VGB,1995,6,2,56,Latin America & Caribbean,Cluster 6: Latin America & Caribbean
BDI,1995,5,4,15,Sub-Saharan Africa,Cluster 5: Sub-Saharan Africa
BEN,1995,4,5,14,Sub-Saharan Africa,Cluster 4: Sub-Saharan Africa
BFA,1995,4,5,14,Sub-Saharan Africa,Cluster 4: Sub-Saharan Africa
BIH,1995,7,3,2,Pan-Europe,Cluster 7: Pan-Europe
BLR,1995,2,6,2,Central Asia & Western Asia,Cluster 2: Central Asia & Western Asia
BRN,1995,3,1,57,Western Asia & Polynesia,Cluster 3: Western Asia & Polynesia
BTN,1995,0,7,2,South & Western Asia,Cluster 0: South & Western Asia
BWA,1995,5,4,58,Sub-Saharan Africa,Cluster 5: Sub-Saharan Africa
CAF,1995,5,4,59,Sub-Saharan Africa,Cluster 5: Sub-Saharan Africa
CMR,1995,4,5,60,Sub-Saharan Africa,Cluster 4: Sub-Saharan Africa
COK,1995,3,1,61,Western Asia & Polynesia,Cluster 3: Western Asia & Polynesia
CYM,1995,1,2,62,Latin America & Eastern Asia,Cluster 1: Latin America & Eastern Asia
DJI,1995,5,4,2,Sub-Saharan Africa,Cluster 5: Sub-Saharan Africa
FIN,1995,7,3,29,Pan-Europe,Cluster 7: Pan-Europe
FLK,1995,6,0,63,Latin America & Caribbean,Cluster 6: Latin America & Caribbean
GAB,1995,4,5,64,Sub-Saharan Africa,Cluster 4: Sub-Saharan Africa
GIB,1995,6,0,65,Latin America & Caribbean,Cluster 6: Latin America & Caribbean
GMB,1995,4,5,66,Sub-Saharan Africa,Cluster 4: Sub-Saharan Africa
GUM,1995,3,1,67,Western Asia & Polynesia,Cluster 3: Western Asia & Polynesia
HKG,1995,3,1,2,Western Asia & Polynesia,Cluster 3: Western Asia & Polynesia
IMN,1995,1,2,68,Latin America & Eastern Asia,Cluster 1: Latin America & Eastern Asia
IRQ,1995,0,7,2,South & Western Asia,Cluster 0: South & Western Asia
ISL,1995,7,3,69,Pan-Europe,Cluster 7: Pan-Europe
KEN,1995,5,4,2,Sub-Saharan Africa,Cluster 5: Sub-Saharan Africa
KGZ,1995,2,6,2,Central Asia & Western Asia,Cluster 2: Central Asia & Western Asia
KHM,1995,1,2,2,Latin America & Eastern Asia,Cluster 1: Latin America & Eastern Asia
KIR,1995,3,1,70,Western Asia & Polynesia,Cluster 3: Western Asia & Polynesia
LBR,1995,4,5,14,Sub-Saharan Africa,Cluster 4: Sub-Saharan Africa
LBY,1995,3,1,2,Western Asia & Polynesia,Cluster 3: Western Asia & Polynesia
LSO,1995,5,4,71,Sub-Saharan Africa,Cluster 5: Sub-Saharan Africa
LUX,1995,6,0,72,Latin America & Caribbean,Cluster 6: Latin America & Caribbean
LVA,1995,2,6,2,Central Asia & Western Asia,Cluster 2: Central Asia & Western Asia
MAC,1995,3,1,73,Western Asia & Polynesia,Cluster 3: Western Asia & Polynesia
MCO,1995,6,0,74,Latin America & Caribbean,Cluster 6: Latin America & Caribbean
MDA,1995,2,6,2,Central Asia & Western Asia,Cluster 2: Central Asia & Western Asia
MDG,1995,6,0,2,Latin America & Caribbean,Cluster 6: Latin America & Caribbean
MDV,1995,0,7,75,South & Western Asia,Cluster 0: South & Western Asia
MLT,1995,3,1,76,Western Asia & Polynesia,Cluster 3: Western Asia & Polynesia
MMR,1995,0,7,2,South & Western Asia,Cluster 0: South & Western Asia
MNG,1995,2,6,77,Central Asia & Western Asia,Cluster 2: Central Asia & Western Asia
MUS,1995,6,0,78,Latin America & Caribbean,Cluster 6: Latin America & Caribbean
MWI,1995,5,4,79,Sub-Saharan Africa,Cluster 5: Sub-Saharan Africa
MYS,1995,3,1,2,Western Asia & Polynesia,Cluster 3: Western Asia & Polynesia
NCL,1995,6,0,80,Latin America & Caribbean,Cluster 6: Latin America & Caribbean
NIU,1995,3,1,81,Western Asia & Polynesia,Cluster 3: Western Asia & Polynesia
NRU,1995,3,1,82,Western Asia & Polynesia,Cluster 3: Western Asia & Polynesia
OMN,1995,0,7,2,South & Western Asia,Cluster 0: South & Western Asia
PNG,1995,3,1,83,Western Asia & Polynesia,Cluster 3: Western Asia & Polynesia
PYF,1995,6,0,84,Latin America & Caribbean,Cluster 6: Latin America & Caribbean
REU,1995,6,0,85,Latin America & Caribbean,Cluster 6: Latin America & Caribbean
SGP,1995,3,1,86,Western Asia & Polynesia,Cluster 3: Western Asia & Polynesia
SLB,1995,3,1,87,Western Asia & Polynesia,Cluster 3: Western Asia & Polynesia
SLE,1995,4,5,14,Sub-Saharan Africa,Cluster 4: Sub-Saharan Africa
SWZ,1995,5,4,88,Sub-Saharan Africa,Cluster 5: Sub-Saharan Africa
SYC,1995,5,4,89,Sub-Saharan Africa,Cluster 5: Sub-Saharan Africa
TGO,1995,4,5,14,Sub-Saharan Africa,Cluster 4: Sub-Saharan Africa
TUV,1995,3,1,90,Western Asia & Polynesia,Cluster 3: Western Asia & Polynesia
TZA,1995,5,4,91,Sub-Saharan Africa,Cluster 5: Sub-Saharan Africa
UGA,1995,5,4,2,Sub-Saharan Africa,Cluster 5: Sub-Saharan Africa
VUT,1995,6,0,92,Latin America & Caribbean,Cluster 6: Latin America & Caribbean
ZWE,1995,5,4,2,Sub-Saharan Africa,Cluster 5: Sub-Saharan Africa
MRT,1995,4,5,39,Sub-Saharan Africa,Cluster 4: Sub-Saharan Africa
NER,1995,4,5,93,Sub-Saharan Africa,Cluster 4: Sub-Saharan Africa
MLI,1995,4,5,14,Sub-Saharan Africa,Cluster 4: Sub-Saharan Africa
GNB,1995,4,5,94,Sub-Saharan Africa,Cluster 4: Sub-Saharan Africa
SMR,1995,1,3,95,Latin America & Eastern Asia,Cluster 1: Latin America & Eastern Asia
LIE,1995,7,3,96,Pan-Europe,Cluster 7: Pan-Europe
CHI,1995,1,2,97,Latin America & Eastern Asia,Cluster 1: Latin America & Eastern Asia
VAT,1995,6,0,98,Latin America & Caribbean,Cluster 6: Latin America & Caribbean
GNQ,1995,4,5,99,Sub-Saharan Africa,Cluster 4: Sub-Saharan Africa
COM,1995,6,0,100,Latin America & Caribbean,Cluster 6: Latin America & Caribbean
TLS,1995,3,1,101,Western Asia & Polynesia,Cluster 3: Western Asia & Polynesia
GRL,1995,7,3,102,Pan-Europe,Cluster 7: Pan-Europe
FRO,1995,7,3,103,Pan-Europe,Cluster 7: Pan-Europe
SHN,1995,6,0,104,Latin America & Caribbean,Cluster 6: Latin America & Caribbean
SPM,1995,6,0,105,Latin America & Caribbean,Cluster 6: Latin America & Caribbean
WLF,1995,6,0,106,Latin America & Caribbean,Cluster 6: Latin America & Caribbean
ESH,1995,6,0,2,Latin America & Caribbean,Cluster 6: Latin America & Caribbean
FSM,1995,3,1,107,Western Asia & Polynesia,Cluster 3: Western Asia & Polynesia
MHL,1995,3,1,108,Western Asia & Polynesia,Cluster 3: Western Asia & Polynesia
MNP,1995,1,1,109,Latin America & Eastern Asia,Cluster 1: Latin America & Eastern Asia
PLW,1995,3,1,110,Western Asia & Polynesia,Cluster 3: Western Asia & Polynesia
MYT,1995,6,0,111,Latin America & Caribbean,Cluster 6: Latin America & Caribbean
BES,2000,5,5,0,Sub-Saharan Africa & Latin America,Cluster 5: Sub-Saharan Africa & Latin America
ABW,2000,5,5,1,Sub-Saharan Africa & Latin America,Cluster 5: Sub-Saharan Africa & Latin America
CHN,2000,7,0,2,Polynesia & Micronesia,Cluster 7: Polynesia & Micronesia
COL,2000,0,4,3,Latin America & Caribbean,Cluster 0: Latin America & Caribbean
CUW,2000,5,5,4,Sub-Saharan Africa & Latin America,Cluster 5: Sub-Saharan Africa & Latin America
DMA,2000,0,5,5,Latin America & Caribbean,Cluster 0: Latin America & Caribbean
DOM,2000,5,5,6,Sub-Saharan Africa & Latin America,Cluster 5: Sub-Saharan Africa & Latin America
GRD,2000,0,5,7,Latin America & Caribbean,Cluster 0: Latin America & Caribbean
GUY,2000,5,5,8,Sub-Saharan Africa & Latin America,Cluster 5: Sub-Saharan Africa & Latin America
HTI,2000,5,5,6,Sub-Saharan Africa & Latin America,Cluster 5: Sub-Saharan Africa & Latin America
IND,2000,1,8,2,South Asia,Cluster 1: South Asia
JAM,2000,7,0,9,Polynesia & Micronesia,Cluster 7: Polynesia & Micronesia
NIC,2000,0,4,10,Latin America & Caribbean,Cluster 0: Latin America & Caribbean
NLD,2000,7,0,2,Polynesia & Micronesia,Cluster 7: Polynesia & Micronesia
PER,2000,5,1,11,Sub-Saharan Africa & Latin America,Cluster 5: Sub-Saharan Africa & Latin America
PHL,2000,7,0,2,Polynesia & Micronesia,Cluster 7: Polynesia & Micronesia
PRT,2000,4,3,2,Sub-Saharan Africa,Cluster 4: Sub-Saharan Africa
SUR,2000,7,0,2,Polynesia & Micronesia,Cluster 7: Polynesia & Micronesia
SXM,2000,5,5,12,Sub-Saharan Africa & Latin America,Cluster 5: Sub-Saharan Africa & Latin America
TUR,2000,8,2,2,Pan-Europe,Cluster 8: Pan-Europe
USA,2000,0,4,2,Latin America & Caribbean,Cluster 0: Latin America & Caribbean
VCT,2000,0,5,13,Latin America & Caribbean,Cluster 0: Latin America & Caribbean
VEN,2000,0,4,2,Latin America & Caribbean,Cluster 0: Latin America & Caribbean
PAK,2000,1,8,2,South Asia,Cluster 1: South Asia
AFG,2000,1,8,2,South Asia,Cluster 1: South Asia
TJK,2000,2,6,2,Central Asia & Western Asia,Cluster 2: Central Asia & Western Asia
UZB,2000,2,6,2,Central Asia & Western Asia,Cluster 2: Central Asia & Western Asia
CIV,2000,3,7,2,Sub-Saharan Africa,Cluster 3: Sub-Saharan Africa
AGO,2000,4,3,2,Sub-Saharan Africa,Cluster 4: Sub-Saharan Africa
COD,2000,4,3,14,Sub-Saharan Africa,Cluster 4: Sub-Saharan Africa
COG,2000,4,3,15,Sub-Saharan Africa,Cluster 4: Sub-Saharan Africa
CPV,2000,4,3,16,Sub-Saharan Africa,Cluster 4: Sub-Saharan Africa
GIN,2000,3,7,2,Sub-Saharan Africa,Cluster 3: Sub-Saharan Africa
MOZ,2000,4,3,2,Sub-Saharan Africa,Cluster 4: Sub-Saharan Africa
NAM,2000,4,3,17,Sub-Saharan Africa,Cluster 4: Sub-Saharan Africa
RWA,2000,4,3,14,Sub-Saharan Africa,Cluster 4: Sub-Saharan Africa
STP,2000,4,3,18,Sub-Saharan Africa,Cluster 4: Sub-Saharan Africa
TCD,2000,5,1,19,Sub-Saharan Africa & Latin America,Cluster 5: Sub-Saharan Africa & Latin America
ZAF,2000,4,3,2,Sub-Saharan Africa,Cluster 4: Sub-Saharan Africa
ZMB,2000,4,3,20,Sub-Saharan Africa,Cluster 4: Sub-Saharan Africa
CAN,2000,7,0,2,Polynesia & Micronesia,Cluster 7: Polynesia & Micronesia
AIA,2000,5,5,21,Sub-Saharan Africa & Latin America,Cluster 5: Sub-Saharan Africa & Latin America
GBR,2000,7,0,2,Polynesia & Micronesia,Cluster 7: Polynesia & Micronesia
KNA,2000,5,5,22,Sub-Saharan Africa & Latin America,Cluster 5: Sub-Saharan Africa & Latin America
MSR,2000,0,5,23,Latin America & Caribbean,Cluster 0: Latin America & Caribbean
VIR,2000,0,5,24,Latin America & Caribbean,Cluster 0: Latin America & Caribbean
ALB,2000,8,2,25,Pan-Europe,Cluster 8: Pan-Europe
GRC,2000,8,2,2,Pan-Europe,Cluster 8: Pan-Europe
ITA,2000,8,2,2,Pan-Europe,Cluster 8: Pan-Europe
MKD,2000,8,2,2,Pan-Europe,Cluster 8: Pan-Europe
ARG,2000,5,1,2,Sub-Saharan Africa & Latin America,Cluster 5: Sub-Saharan Africa & Latin America
AND,2000,5,1,26,Sub-Saharan Africa & Latin America,Cluster 5: Sub-Saharan Africa & Latin America
AUS,2000,7,0,2,Polynesia & Micronesia,Cluster 7: Polynesia & Micronesia
BEL,2000,5,1,2,Sub-Saharan Africa & Latin America,Cluster 5: Sub-Saharan Africa & Latin America
CHE,2000,8,2,2,Pan-Europe,Cluster 8: Pan-Europe
CHL,2000,5,1,2,Sub-Saharan Africa & Latin America,Cluster 5: Sub-Saharan Africa & Latin America
DEU,2000,8,2,2,Pan-Europe,Cluster 8: Pan-Europe
DNK,2000,8,2,27,Pan-Europe,Cluster 8: Pan-Europe
ESP,2000,5,1,2,Sub-Saharan Africa & Latin America,Cluster 5: Sub-Saharan Africa & Latin America
FRA,2000,5,1,2,Sub-Saharan Africa & Latin America,Cluster 5: Sub-Saharan Africa & Latin America
MAR,2000,5,1,2,Sub-Saharan Africa & Latin America,Cluster 5: Sub-Saharan Africa & Latin America
SWE,2000,8,2,28,Pan-Europe,Cluster 8: Pan-Europe
URY,2000,5,1,2,Sub-Saharan Africa & Latin America,Cluster 5: Sub-Saharan Africa & Latin America
ARE,2000,7,0,2,Polynesia & Micronesia,Cluster 7: Polynesia & Micronesia
BGD,2000,1,8,2,South Asia,Cluster 1: South Asia
BHR,2000,1,8,29,South Asia,Cluster 1: South Asia
EGY,2000,7,0,2,Polynesia & Micronesia,Cluster 7: Polynesia & Micronesia
ERI,2000,8,2,30,Pan-Europe,Cluster 8: Pan-Europe
ETH,2000,4,3,14,Sub-Saharan Africa,Cluster 4: Sub-Saharan Africa
IDN,2000,7,0,2,Polynesia & Micronesia,Cluster 7: Polynesia & Micronesia
JOR,2000,6,9,2,Western Asia,Cluster 6: Western Asia
KWT,2000,7,0,2,Polynesia & Micronesia,Cluster 7: Polynesia & Micronesia
LBN,2000,6,9,2,Western Asia,Cluster 6: Western Asia
LKA,2000,1,8,2,South Asia,Cluster 1: South Asia
NGA,2000,3,7,2,Sub-Saharan Africa,Cluster 3: Sub-Saharan Africa
NPL,2000,1,8,2,South Asia,Cluster 1: South Asia
PSE,2000,6,9,2,Western Asia,Cluster 6: Western Asia
QAT,2000,7,0,2,Polynesia & Micronesia,Cluster 7: Polynesia & Micronesia
SAU,2000,7,0,2,Polynesia & Micronesia,Cluster 7: Polynesia & Micronesia
SDN,2000,7,0,2,Polynesia & Micronesia,Cluster 7: Polynesia & Micronesia
SOM,2000,4,3,14,Sub-Saharan Africa,Cluster 4: Sub-Saharan Africa
SSD,2000,4,3,14,Sub-Saharan Africa,Cluster 4: Sub-Saharan Africa
SYR,2000,7,0,2,Polynesia & Micronesia,Cluster 7: Polynesia & Micronesia
THA,2000,0,0,2,Latin America & Caribbean,Cluster 0: Latin America & Caribbean
TUN,2000,5,1,2,Sub-Saharan Africa & Latin America,Cluster 5: Sub-Saharan Africa & Latin America
YEM,2000,7,0,2,Polynesia & Micronesia,Cluster 7: Polynesia & Micronesia
ARM,2000,2,6,2,Central Asia & Western Asia,Cluster 2: Central Asia & Western Asia
AUT,2000,8,2,2,Pan-Europe,Cluster 8: Pan-Europe
BGR,2000,8,2,2,Pan-Europe,Cluster 8: Pan-Europe
BOL,2000,5,1,2,Sub-Saharan Africa & Latin America,Cluster 5: Sub-Saharan Africa & Latin America
BRA,2000,0,4,2,Latin America & Caribbean,Cluster 0: Latin America & Caribbean
CRI,2000,0,4,31,Latin America & Caribbean,Cluster 0: Latin America & Caribbean
CUB,2000,0,4,2,Latin America & Caribbean,Cluster 0: Latin America & Caribbean
CYP,2000,8,0,32,Pan-Europe,Cluster 8: Pan-Europe
CZE,2000,8,2,2,Pan-Europe,Cluster 8: Pan-Europe
DZA,2000,5,1,2,Sub-Saharan Africa & Latin America,Cluster 5: Sub-Saharan Africa & Latin America
ECU,2000,0,4,2,Latin America & Caribbean,Cluster 0: Latin America & Caribbean
EST,2000,2,6,2,Central Asia & Western Asia,Cluster 2: Central Asia & Western Asia
GTM,2000,0,4,2,Latin America & Caribbean,Cluster 0: Latin America & Caribbean
HND,2000,0,4,2,Latin America & Caribbean,Cluster 0: Latin America & Caribbean
HRV,2000,8,2,2,Pan-Europe,Cluster 8: Pan-Europe
HUN,2000,8,2,2,Pan-Europe,Cluster 8: Pan-Europe
IRL,2000,7,0,2,Polynesia & Micronesia,Cluster 7: Polynesia & Micronesia
IRN,2000,1,8,2,South Asia,Cluster 1: South Asia
ISR,2000,2,6,2,Central Asia & Western Asia,Cluster 2: Central Asia & Western Asia
JPN,2000,0,4,2,Latin America & Caribbean,Cluster 0: Latin America & Caribbean
KOR,2000,0,4,2,Latin America & Caribbean,Cluster 0: Latin America & Caribbean
LAO,2000,0,4,2,Latin America & Caribbean,Cluster 0: Latin America & Caribbean
LTU,2000,2,6,2,Central Asia & Western Asia,Cluster 2: Central Asia & Western Asia
MEX,2000,0,4,2,Latin America & Caribbean,Cluster 0: Latin America & Caribbean
MNE,2000,8,2,33,Pan-Europe,Cluster 8: Pan-Europe
NOR,2000,8,2,34,Pan-Europe,Cluster 8: Pan-Europe
NZL,2000,7,0,2,Polynesia & Micronesia,Cluster 7: Polynesia & Micronesia
PAN,2000,0,4,2,Latin America & Caribbean,Cluster 0: Latin America & Caribbean
POL,2000,8,2,2,Pan-Europe,Cluster 8: Pan-Europe
PRI,2000,0,4,2,Latin America & Caribbean,Cluster 0: Latin America & Caribbean
PRK,2000,0,4,35,Latin America & Caribbean,Cluster 0: Latin America & Caribbean
PRY,2000,5,1,2,Sub-Saharan Africa & Latin America,Cluster 5: Sub-Saharan Africa & Latin America
ROU,2000,8,2,2,Pan-Europe,Cluster 8: Pan-Europe
RUS,2000,2,6,2,Central Asia & Western Asia,Cluster 2: Central Asia & Western Asia
SEN,2000,5,1,2,Sub-Saharan Africa & Latin America,Cluster 5: Sub-Saharan Africa & Latin America
SLV,2000,0,4,2,Latin America & Caribbean,Cluster 0: Latin America & Caribbean
SRB,2000,8,2,2,Pan-Europe,Cluster 8: Pan-Europe
SVK,2000,8,2,2,Pan-Europe,Cluster 8: Pan-Europe
SVN,2000,8,2,2,Pan-Europe,Cluster 8: Pan-Europe
TWN,2000,0,0,2,Latin America & Caribbean,Cluster 0: Latin America & Caribbean
UKR,2000,2,6,2,Central Asia & Western Asia,Cluster 2: Central Asia & Western Asia
AZE,2000,2,6,2,Central Asia & Western Asia,Cluster 2: Central Asia & Western Asia
GEO,2000,2,6,2,Central Asia & Western Asia,Cluster 2: Central Asia & Western Asia
KAZ,2000,2,6,2,Central Asia & Western Asia,Cluster 2: Central Asia & Western Asia
TKM,2000,2,6,2,Central Asia & Western Asia,Cluster 2: Central Asia & Western Asia
ASM,2000,7,0,36,Polynesia & Micronesia,Cluster 7: Polynesia & Micronesia
FJI,2000,7,0,37,Polynesia & Micronesia,Cluster 7: Polynesia & Micronesia
TKL,2000,7,0,38,Polynesia & Micronesia,Cluster 7: Polynesia & Micronesia
TON,2000,7,0,39,Polynesia & Micronesia,Cluster 7: Polynesia & Micronesia
VNM,2000,0,4,2,Latin America & Caribbean,Cluster 0: Latin America & Caribbean
WSM,2000,7,0,40,Polynesia & Micronesia,Cluster 7: Polynesia & Micronesia
ATG,2000,0,5,41,Latin America & Caribbean,Cluster 0: Latin America & Caribbean
BHS,2000,5,5,42,Sub-Saharan Africa & Latin America,Cluster 5: Sub-Saharan Africa & Latin America
BLZ,2000,0,4,43,Latin America & Caribbean,Cluster 0: Latin America & Caribbean
BMU,2000,7,0,44,Polynesia & Micronesia,Cluster 7: Polynesia & Micronesia
BRB,2000,7,0,45,Polynesia & Micronesia,Cluster 7: Polynesia & Micronesia
GHA,2000,3,7,2,Sub-Saharan Africa,Cluster 3: Sub-Saharan Africa
GLP,2000,5,1,46,Sub-Saharan Africa & Latin America,Cluster 5: Sub-Saharan Africa & Latin America
GUF,2000,5,1,47,Sub-Saharan Africa & Latin America,Cluster 5: Sub-Saharan Africa & Latin America
LCA,2000,7,0,48,Polynesia & Micronesia,Cluster 7: Polynesia & Micronesia
MTQ,2000,5,1,49,Sub-Saharan Africa & Latin America,Cluster 5: Sub-Saharan Africa & Latin America
TCA,2000,5,5,50,Sub-Saharan Africa & Latin America,Cluster 5: Sub-Saharan Africa & Latin America
TTO,2000,0,4,2,Latin America & Caribbean,Cluster 0: Latin America & Caribbean
VGB,2000,0,5,51,Latin America & Caribbean,Cluster 0: Latin America & Caribbean
BDI,2000,4,3,52,Sub-Saharan Africa,Cluster 4: Sub-Saharan Africa
BEN,2000,3,7,2,Sub-Saharan Africa,Cluster 3: Sub-Saharan Africa
BFA,2000,3,7,2,Sub-Saharan Africa,Cluster 3: Sub-Saharan Africa
BIH,2000,8,2,2,Pan-Europe,Cluster 8: Pan-Europe
BLR,2000,2,6,2,Central Asia & Western Asia,Cluster 2: Central Asia & Western Asia
BRN,2000,7,0,53,Polynesia & Micronesia,Cluster 7: Polynesia & Micronesia
BTN,2000,1,8,2,South Asia,Cluster 1: South Asia
BWA,2000,4,3,54,Sub-Saharan Africa,Cluster 4: Sub-Saharan Africa
CAF,2000,4,3,55,Sub-Saharan Africa,Cluster 4: Sub-Saharan Africa
CMR,2000,5,1,56,Sub-Saharan Africa & Latin America,Cluster 5: Sub-Saharan Africa & Latin America
COK,2000,7,0,57,Polynesia & Micronesia,Cluster 7: Polynesia & Micronesia
CYM,2000,7,0,58,Polynesia & Micronesia,Cluster 7: Polynesia & Micronesia
DJI,2000,4,3,14,Sub-Saharan Africa,Cluster 4: Sub-Saharan Africa
FIN,2000,8,2,28,Pan-Europe,Cluster 8: Pan-Europe
FLK,2000,7,0,59,Polynesia & Micronesia,Cluster 7: Polynesia & Micronesia
GAB,2000,3,7,60,Sub-Saharan Africa,Cluster 3: Sub-Saharan Africa
GIB,2000,5,1,61,Sub-Saharan Africa & Latin America,Cluster 5: Sub-Saharan Africa & Latin America
GMB,2000,5,1,62,Sub-Saharan Africa & Latin America,Cluster 5: Sub-Saharan Africa & Latin America
GUM,2000,7,0,63,Polynesia & Micronesia,Cluster 7: Polynesia & Micronesia
HKG,2000,7,0,2,Polynesia & Micronesia,Cluster 7: Polynesia & Micronesia
IMN,2000,7,0,64,Polynesia & Micronesia,Cluster 7: Polynesia & Micronesia
IRQ,2000,1,9,2,South Asia,Cluster 1: South Asia
ISL,2000,8,2,65,Pan-Europe,Cluster 8: Pan-Europe
KEN,2000,4,3,14,Sub-Saharan Africa,Cluster 4: Sub-Saharan Africa
KGZ,2000,2,6,2,Central Asia & Western Asia,Cluster 2: Central Asia & Western Asia
KHM,2000,0,4,2,Latin America & Caribbean,Cluster 0: Latin America & Caribbean
KIR,2000,7,0,66,Polynesia & Micronesia,Cluster 7: Polynesia & Micronesia
LBR,2000,3,7,2,Sub-Saharan Africa,Cluster 3: Sub-Saharan Africa
LBY,2000,6,9,2,Western Asia,Cluster 6: Western Asia
LSO,2000,4,3,2,Sub-Saharan Africa,Cluster 4: Sub-Saharan Africa
LUX,2000,5,1,67,Sub-Saharan Africa & Latin America,Cluster 5: Sub-Saharan Africa & Latin America
LVA,2000,2,6,2,Central Asia & Western Asia,Cluster 2: Central Asia & Western Asia
MAC,2000,7,0,68,Polynesia & Micronesia,Cluster 7: Polynesia & Micronesia
MCO,2000,5,1,69,Sub-Saharan Africa & Latin America,Cluster 5: Sub-Saharan Africa & Latin America
MDA,2000,2,6,2,Central Asia & Western Asia,Cluster 2: Central Asia & Western Asia
MDG,2000,5,1,2,Sub-Saharan Africa & Latin America,Cluster 5: Sub-Saharan Africa & Latin America
MDV,2000,1,8,70,South Asia,Cluster 1: South Asia
MLI,2000,3,7,2,Sub-Saharan Africa,Cluster 3: Sub-Saharan Africa
MLT,2000,7,0,71,Polynesia & Micronesia,Cluster 7: Polynesia & Micronesia
MMR,2000,1,8,2,South Asia,Cluster 1: South Asia
MNG,2000,2,6,72,Central Asia & Western Asia,Cluster 2: Central Asia & Western Asia
MUS,2000,5,1,73,Sub-Saharan Africa & Latin America,Cluster 5: Sub-Saharan Africa & Latin America
MWI,2000,4,3,74,Sub-Saharan Africa,Cluster 4: Sub-Saharan Africa
MYS,2000,7,0,2,Polynesia & Micronesia,Cluster 7: Polynesia & Micronesia
NCL,2000,5,1,75,Sub-Saharan Africa & Latin America,Cluster 5: Sub-Saharan Africa & Latin America
NIU,2000,7,0,76,Polynesia & Micronesia,Cluster 7: Polynesia & Micronesia
NRU,2000,7,0,77,Polynesia & Micronesia,Cluster 7: Polynesia & Micronesia
OMN,2000,1,8,2,South Asia,Cluster 1: South Asia
PNG,2000,7,0,78,Polynesia & Micronesia,Cluster 7: Polynesia & Micronesia
PYF,2000,5,1,79,Sub-Saharan Africa & Latin America,Cluster 5: Sub-Saharan Africa & Latin America
REU,2000,5,1,80,Sub-Saharan Africa & Latin America,Cluster 5: Sub-Saharan Africa & Latin America
SGP,2000,7,0,81,Polynesia & Micronesia,Cluster 7: Polynesia & Micronesia
SLB,2000,7,0,82,Polynesia & Micronesia,Cluster 7: Polynesia & Micronesia
SLE,2000,3,7,2,Sub-Saharan Africa,Cluster 3: Sub-Saharan Africa
SWZ,2000,4,3,83,Sub-Saharan Africa,Cluster 4: Sub-Saharan Africa
SYC,2000,4,3,84,Sub-Saharan Africa,Cluster 4: Sub-Saharan Africa
TGO,2000,3,7,2,Sub-Saharan Africa,Cluster 3: Sub-Saharan Africa
TLS,2000,7,0,2,Polynesia & Micronesia,Cluster 7: Polynesia & Micronesia
TUV,2000,7,0,85,Polynesia & Micronesia,Cluster 7: Polynesia & Micronesia
TZA,2000,4,3,14,Sub-Saharan Africa,Cluster 4: Sub-Saharan Africa
UGA,2000,4,3,14,Sub-Saharan Africa,Cluster 4: Sub-Saharan Africa
VUT,2000,5,1,86,Sub-Saharan Africa & Latin America,Cluster 5: Sub-Saharan Africa & Latin America
ZWE,2000,4,3,2,Sub-Saharan Africa,Cluster 4: Sub-Saharan Africa
MRT,2000,5,1,87,Sub-Saharan Africa & Latin America,Cluster 5: Sub-Saharan Africa & Latin America
NER,2000,3,7,88,Sub-Saharan Africa,Cluster 3: Sub-Saharan Africa
GNB,2000,5,1,89,Sub-Saharan Africa & Latin America,Cluster 5: Sub-Saharan Africa & Latin America
SMR,2000,8,2,90,Pan-Europe,Cluster 8: Pan-Europe
CHI,2000,7,0,91,Polynesia & Micronesia,Cluster 7: Polynesia & Micronesia
VAT,2000,5,1,92,Sub-Saharan Africa & Latin America,Cluster 5: Sub-Saharan Africa & Latin America
GNQ,2000,3,7,93,Sub-Saharan Africa,Cluster 3: Sub-Saharan Africa
COM,2000,5,1,94,Sub-Saharan Africa & Latin America,Cluster 5: Sub-Saharan Africa & Latin America
GRL,2000,8,2,95,Pan-Europe,Cluster 8: Pan-Europe
LIE,2000,8,2,96,Pan-Europe,Cluster 8: Pan-Europe
FRO,2000,8,2,97,Pan-Europe,Cluster 8: Pan-Europe
SHN,2000,7,0,98,Polynesia & Micronesia,Cluster 7: Polynesia & Micronesia
SPM,2000,5,1,99,Sub-Saharan Africa & Latin America,Cluster 5: Sub-Saharan Africa & Latin America
WLF,2000,5,1,100,Sub-Saharan Africa & Latin America,Cluster 5: Sub-Saharan Africa & Latin America
ESH,2000,5,1,2,Sub-Saharan Africa & Latin America,Cluster 5: Sub-Saharan Africa & Latin America
FSM,2000,7,0,101,Polynesia & Micronesia,Cluster 7: Polynesia & Micronesia
MHL,2000,7,0,102,Polynesia & Micronesia,Cluster 7: Polynesia & Micronesia
MNP,2000,7,0,103,Polynesia & Micronesia,Cluster 7: Polynesia & Micronesia
PLW,2000,7,0,104,Polynesia & Micronesia,Cluster 7: Polynesia & Micronesia
MYT,2000,5,1,105,Sub-Saharan Africa & Latin America,Cluster 5: Sub-Saharan Africa & Latin America
BES,2005,3,7,0,Latin America & Sub-Saharan Africa,Cluster 3: Latin America & Sub-Saharan Africa
ABW,2005,3,7,1,Latin America & Sub-Saharan Africa,Cluster 3: Latin America & Sub-Saharan Africa
CHN,2005,2,3,2,Polynesia & Latin America,Cluster 2: Polynesia & Latin America
COL,2005,3,3,3,Latin America & Sub-Saharan Africa,Cluster 3: Latin America & Sub-Saharan Africa
CUW,2005,3,7,4,Latin America & Sub-Saharan Africa,Cluster 3: Latin America & Sub-Saharan Africa
DMA,2005,6,3,5,Latin America & Caribbean,Cluster 6: Latin America & Caribbean
DOM,2005,3,7,6,Latin America & Sub-Saharan Africa,Cluster 3: Latin America & Sub-Saharan Africa
GRD,2005,6,3,7,Latin America & Caribbean,Cluster 6: Latin America & Caribbean
GUY,2005,2,3,8,Polynesia & Latin America,Cluster 2: Polynesia & Latin America
HTI,2005,3,7,6,Latin America & Sub-Saharan Africa,Cluster 3: Latin America & Sub-Saharan Africa
IND,2005,5,4,2,South & South-East Asia,Cluster 5: South & South-East Asia
JAM,2005,2,0,9,Polynesia & Latin America,Cluster 2: Polynesia & Latin America
NIC,2005,6,3,10,Latin America & Caribbean,Cluster 6: Latin America & Caribbean
NLD,2005,2,0,2,Polynesia & Latin America,Cluster 2: Polynesia & Latin America
PER,2005,3,2,11,Latin America & Sub-Saharan Africa,Cluster 3: Latin America & Sub-Saharan Africa
PHL,2005,5,4,2,South & South-East Asia,Cluster 5: South & South-East Asia
PRT,2005,1,1,2,Sub-Saharan Africa,Cluster 1: Sub-Saharan Africa
SUR,2005,2,0,2,Polynesia & Latin America,Cluster 2: Polynesia & Latin America
SXM,2005,3,7,12,Latin America & Sub-Saharan Africa,Cluster 3: Latin America & Sub-Saharan Africa
TUR,2005,4,0,2,Pan-Europe,Cluster 4: Pan-Europe
USA,2005,6,3,2,Latin America & Caribbean,Cluster 6: Latin America & Caribbean
VCT,2005,6,3,13,Latin America & Caribbean,Cluster 6: Latin America & Caribbean
VEN,2005,3,3,2,Latin America & Sub-Saharan Africa,Cluster 3: Latin America & Sub-Saharan Africa
PAK,2005,5,4,2,South & South-East Asia,Cluster 5: South & South-East Asia
AFG,2005,5,4,2,South & South-East Asia,Cluster 5: South & South-East Asia
TJK,2005,0,5,2,Pan-Europe,Cluster 0: Pan-Europe
UZB,2005,0,5,2,Pan-Europe,Cluster 0: Pan-Europe
CIV,2005,8,6,2,Sub-Saharan Africa,Cluster 8: Sub-Saharan Africa
AGO,2005,1,1,2,Sub-Saharan Africa,Cluster 1: Sub-Saharan Africa
COD,2005,1,1,14,Sub-Saharan Africa,Cluster 1: Sub-Saharan Africa
COG,2005,1,1,15,Sub-Saharan Africa,Cluster 1: Sub-Saharan Africa
CPV,2005,1,1,16,Sub-Saharan Africa,Cluster 1: Sub-Saharan Africa
GIN,2005,8,6,2,Sub-Saharan Africa,Cluster 8: Sub-Saharan Africa
MOZ,2005,1,1,2,Sub-Saharan Africa,Cluster 1: Sub-Saharan Africa
NAM,2005,1,1,17,Sub-Saharan Africa,Cluster 1: Sub-Saharan Africa
RWA,2005,1,1,14,Sub-Saharan Africa,Cluster 1: Sub-Saharan Africa
STP,2005,1,1,18,Sub-Saharan Africa,Cluster 1: Sub-Saharan Africa
TCD,2005,1,1,2,Sub-Saharan Africa,Cluster 1: Sub-Saharan Africa
ZAF,2005,1,1,2,Sub-Saharan Africa,Cluster 1: Sub-Saharan Africa
ZMB,2005,1,1,14,Sub-Saharan Africa,Cluster 1: Sub-Saharan Africa
CAN,2005,2,0,2,Polynesia & Latin America,Cluster 2: Polynesia & Latin America
AIA,2005,3,3,19,Latin America & Sub-Saharan Africa,Cluster 3: Latin America & Sub-Saharan Africa
GBR,2005,2,0,2,Polynesia & Latin America,Cluster 2: Polynesia & Latin America
KNA,2005,3,3,20,Latin America & Sub-Saharan Africa,Cluster 3: Latin America & Sub-Saharan Africa
MSR,2005,6,3,21,Latin America & Caribbean,Cluster 6: Latin America & Caribbean
VIR,2005,6,3,22,Latin America & Caribbean,Cluster 6: Latin America & Caribbean
ALB,2005,4,0,23,Pan-Europe,Cluster 4: Pan-Europe
GRC,2005,4,0,2,Pan-Europe,Cluster 4: Pan-Europe
ITA,2005,4,0,2,Pan-Europe,Cluster 4: Pan-Europe
MKD,2005,4,0,2,Pan-Europe,Cluster 4: Pan-Europe
ARG,2005,3,2,2,Latin America & Sub-Saharan Africa,Cluster 3: Latin America & Sub-Saharan Africa
AND,2005,3,2,24,Latin America & Sub-Saharan Africa,Cluster 3: Latin America & Sub-Saharan Africa
AUS,2005,2,0,2,Polynesia & Latin America,Cluster 2: Polynesia & Latin America
BEL,2005,3,2,2,Latin America & Sub-Saharan Africa,Cluster 3: Latin America & Sub-Saharan Africa
CHE,2005,4,0,2,Pan-Europe,Cluster 4: Pan-Europe
CHL,2005,3,2,2,Latin America & Sub-Saharan Africa,Cluster 3: Latin America & Sub-Saharan Africa
DEU,2005,4,0,2,Pan-Europe,Cluster 4: Pan-Europe
DNK,2005,4,1,25,Pan-Europe,Cluster 4: Pan-Europe
ESP,2005,3,2,2,Latin America & Sub-Saharan Africa,Cluster 3: Latin America & Sub-Saharan Africa
FRA,2005,3,2,2,Latin America & Sub-Saharan Africa,Cluster 3: Latin America & Sub-Saharan Africa
MAR,2005,3,2,2,Latin America & Sub-Saharan Africa,Cluster 3: Latin America & Sub-Saharan Africa
SWE,2005,4,1,26,Pan-Europe,Cluster 4: Pan-Europe
URY,2005,3,2,2,Latin America & Sub-Saharan Africa,Cluster 3: Latin America & Sub-Saharan Africa
ARE,2005,5,4,2,South & South-East Asia,Cluster 5: South & South-East Asia
BGD,2005,5,4,2,South & South-East Asia,Cluster 5: South & South-East Asia
BHR,2005,5,4,2,South & South-East Asia,Cluster 5: South & South-East Asia
EGY,2005,5,4,2,South & South-East Asia,Cluster 5: South & South-East Asia
ERI,2005,4,1,27,Pan-Europe,Cluster 4: Pan-Europe
ETH,2005,1,1,2,Sub-Saharan Africa,Cluster 1: Sub-Saharan Africa
IDN,2005,2,4,2,Polynesia & Latin America,Cluster 2: Polynesia & Latin America
JOR,2005,7,1,2,Western Asia,Cluster 7: Western Asia
KWT,2005,5,4,2,South & South-East Asia,Cluster 5: South & South-East Asia
LBN,2005,7,1,2,Western Asia,Cluster 7: Western Asia
LKA,2005,5,4,2,South & South-East Asia,Cluster 5: South & South-East Asia
NGA,2005,8,6,2,Sub-Saharan Africa,Cluster 8: Sub-Saharan Africa
NPL,2005,5,4,2,South & South-East Asia,Cluster 5: South & South-East Asia
PSE,2005,7,1,2,Western Asia,Cluster 7: Western Asia
QAT,2005,5,4,28,South & South-East Asia,Cluster 5: South & South-East Asia
SAU,2005,5,4,2,South & South-East Asia,Cluster 5: South & South-East Asia
SDN,2005,1,1,2,Sub-Saharan Africa,Cluster 1: Sub-Saharan Africa
SOM,2005,1,1,14,Sub-Saharan Africa,Cluster 1: Sub-Saharan Africa
SSD,2005,1,1,2,Sub-Saharan Africa,Cluster 1: Sub-Saharan Africa
SYR,2005,7,1,2,Western Asia,Cluster 7: Western Asia
THA,2005,5,4,2,South & South-East Asia,Cluster 5: South & South-East Asia
TUN,2005,3,2,2,Latin America & Sub-Saharan Africa,Cluster 3: Latin America & Sub-Saharan Africa
YEM,2005,5,4,14,South & South-East Asia,Cluster 5: South & South-East Asia
ARM,2005,0,5,2,Pan-Europe,Cluster 0: Pan-Europe
AUT,2005,4,0,2,Pan-Europe,Cluster 4: Pan-Europe
BGR,2005,4,0,2,Pan-Europe,Cluster 4: Pan-Europe
BOL,2005,3,2,2,Latin America & Sub-Saharan Africa,Cluster 3: Latin America & Sub-Saharan Africa
BRA,2005,6,3,2,Latin America & Caribbean,Cluster 6: Latin America & Caribbean
CRI,2005,6,3,29,Latin America & Caribbean,Cluster 6: Latin America & Caribbean
CUB,2005,6,3,2,Latin America & Caribbean,Cluster 6: Latin America & Caribbean
CYP,2005,4,0,30,Pan-Europe,Cluster 4: Pan-Europe
CZE,2005,4,0,2,Pan-Europe,Cluster 4: Pan-Europe
DZA,2005,3,2,2,Latin America & Sub-Saharan Africa,Cluster 3: Latin America & Sub-Saharan Africa
ECU,2005,3,2,2,Latin America & Sub-Saharan Africa,Cluster 3: Latin America & Sub-Saharan Africa
EST,2005,0,5,2,Pan-Europe,Cluster 0: Pan-Europe
GTM,2005,6,3,2,Latin America & Caribbean,Cluster 6: Latin America & Caribbean
HND,2005,6,3,2,Latin America & Caribbean,Cluster 6: Latin America & Caribbean
HRV,2005,4,0,2,Pan-Europe,Cluster 4: Pan-Europe
HUN,2005,4,0,2,Pan-Europe,Cluster 4: Pan-Europe
IRL,2005,2,0,2,Polynesia & Latin America,Cluster 2: Polynesia & Latin America
IRN,2005,5,4,2,South & South-East Asia,Cluster 5: South & South-East Asia
ISR,2005,3,5,2,Latin America & Sub-Saharan Africa,Cluster 3: Latin America & Sub-Saharan Africa
JPN,2005,6,3,2,Latin America & Caribbean,Cluster 6: Latin America & Caribbean
KOR,2005,6,3,2,Latin America & Caribbean,Cluster 6: Latin America & Caribbean
LAO,2005,5,4,2,South & South-East Asia,Cluster 5: South & South-East Asia
LTU,2005,0,5,2,Pan-Europe,Cluster 0: Pan-Europe
MEX,2005,6,3,2,Latin America & Caribbean,Cluster 6: Latin America & Caribbean
MNE,2005,4,0,31,Pan-Europe,Cluster 4: Pan-Europe
NOR,2005,4,1,32,Pan-Europe,Cluster 4: Pan-Europe
NZL,2005,2,0,2,Polynesia & Latin America,Cluster 2: Polynesia & Latin America
PAN,2005,6,3,2,Latin America & Caribbean,Cluster 6: Latin America & Caribbean
POL,2005,4,0,2,Pan-Europe,Cluster 4: Pan-Europe
PRI,2005,6,3,2,Latin America & Caribbean,Cluster 6: Latin America & Caribbean
PRK,2005,6,3,33,Latin America & Caribbean,Cluster 6: Latin America & Caribbean
PRY,2005,3,2,2,Latin America & Sub-Saharan Africa,Cluster 3: Latin America & Sub-Saharan Africa
ROU,2005,4,0,2,Pan-Europe,Cluster 4: Pan-Europe
RUS,2005,0,5,2,Pan-Europe,Cluster 0: Pan-Europe
SEN,2005,3,2,2,Latin America & Sub-Saharan Africa,Cluster 3: Latin America & Sub-Saharan Africa
SLV,2005,6,3,2,Latin America & Caribbean,Cluster 6: Latin America & Caribbean
SRB,2005,4,0,2,Pan-Europe,Cluster 4: Pan-Europe
SVK,2005,4,0,2,Pan-Europe,Cluster 4: Pan-Europe
SVN,2005,4,0,34,Pan-Europe,Cluster 4: Pan-Europe
TWN,2005,6,3,2,Latin America & Caribbean,Cluster 6: Latin America & Caribbean
UKR,2005,0,5,2,Pan-Europe,Cluster 0: Pan-Europe
AZE,2005,0,5,2,Pan-Europe,Cluster 0: Pan-Europe
GEO,2005,0,5,2,Pan-Europe,Cluster 0: Pan-Europe
IRQ,2005,7,1,2,Western Asia,Cluster 7: Western Asia
KAZ,2005,0,5,2,Pan-Europe,Cluster 0: Pan-Europe
TKM,2005,0,5,2,Pan-Europe,Cluster 0: Pan-Europe
ASM,2005,2,0,35,Polynesia & Latin America,Cluster 2: Polynesia & Latin America
FJI,2005,2,0,36,Polynesia & Latin America,Cluster 2: Polynesia & Latin America
TKL,2005,2,0,37,Polynesia & Latin America,Cluster 2: Polynesia & Latin America
TON,2005,2,0,38,Polynesia & Latin America,Cluster 2: Polynesia & Latin America
VNM,2005,6,3,2,Latin America & Caribbean,Cluster 6: Latin America & Caribbean
WSM,2005,2,0,39,Polynesia & Latin America,Cluster 2: Polynesia & Latin America
ATG,2005,6,3,40,Latin America & Caribbean,Cluster 6: Latin America & Caribbean
BHS,2005,3,7,41,Latin America & Sub-Saharan Africa,Cluster 3: Latin America & Sub-Saharan Africa
BLZ,2005,6,3,42,Latin America & Caribbean,Cluster 6: Latin America & Caribbean
BMU,2005,2,0,43,Polynesia & Latin America,Cluster 2: Polynesia & Latin America
BRB,2005,2,0,44,Polynesia & Latin America,Cluster 2: Polynesia & Latin America
GHA,2005,8,6,2,Sub-Saharan Africa,Cluster 8: Sub-Saharan Africa
GLP,2005,3,2,45,Latin America & Sub-Saharan Africa,Cluster 3: Latin America & Sub-Saharan Africa
GUF,2005,2,2,46,Polynesia & Latin America,Cluster 2: Polynesia & Latin America
LCA,2005,2,0,47,Polynesia & Latin America,Cluster 2: Polynesia & Latin America
MTQ,2005,3,2,48,Latin America & Sub-Saharan Africa,Cluster 3: Latin America & Sub-Saharan Africa
TCA,2005,3,7,49,Latin America & Sub-Saharan Africa,Cluster 3: Latin America & Sub-Saharan Africa
TTO,2005,6,3,2,Latin America & Caribbean,Cluster 6: Latin America & Caribbean
VGB,2005,6,3,50,Latin America & Caribbean,Cluster 6: Latin America & Caribbean
BDI,2005,1,1,51,Sub-Saharan Africa,Cluster 1: Sub-Saharan Africa
BEN,2005,8,6,2,Sub-Saharan Africa,Cluster 8: Sub-Saharan Africa
BFA,2005,8,6,2,Sub-Saharan Africa,Cluster 8: Sub-Saharan Africa
BIH,2005,4,0,2,Pan-Europe,Cluster 4: Pan-Europe
BLR,2005,0,5,2,Pan-Europe,Cluster 0: Pan-Europe
BRN,2005,5,4,52,South & South-East Asia,Cluster 5: South & South-East Asia
BTN,2005,5,4,2,South & South-East Asia,Cluster 5: South & South-East Asia
BWA,2005,1,1,53,Sub-Saharan Africa,Cluster 1: Sub-Saharan Africa
CAF,2005,1,1,54,Sub-Saharan Africa,Cluster 1: Sub-Saharan Africa
CMR,2005,3,2,2,Latin America & Sub-Saharan Africa,Cluster 3: Latin America & Sub-Saharan Africa
COK,2005,2,0,55,Polynesia & Latin America,Cluster 2: Polynesia & Latin America
CYM,2005,2,0,56,Polynesia & Latin America,Cluster 2: Polynesia & Latin America
DJI,2005,1,1,57,Sub-Saharan Africa,Cluster 1: Sub-Saharan Africa
FIN,2005,4,1,26,Pan-Europe,Cluster 4: Pan-Europe
FLK,2005,3,0,58,Latin America & Sub-Saharan Africa,Cluster 3: Latin America & Sub-Saharan Africa
GAB,2005,8,6,59,Sub-Saharan Africa,Cluster 8: Sub-Saharan Africa
GIB,2005,2,0,60,Polynesia & Latin America,Cluster 2: Polynesia & Latin America
GMB,2005,3,2,61,Latin America & Sub-Saharan Africa,Cluster 3: Latin America & Sub-Saharan Africa
GUM,2005,5,4,62,South & South-East Asia,Cluster 5: South & South-East Asia
HKG,2005,2,4,2,Polynesia & Latin America,Cluster 2: Polynesia & Latin America
IMN,2005,2,0,63,Polynesia & Latin America,Cluster 2: Polynesia & Latin America
ISL,2005,4,1,64,Pan-Europe,Cluster 4: Pan-Europe
KEN,2005,1,1,14,Sub-Saharan Africa,Cluster 1: Sub-Saharan Africa
KGZ,2005,0,5,2,Pan-Europe,Cluster 0: Pan-Europe
KHM,2005,5,3,2,South & South-East Asia,Cluster 5: South & South-East Asia
KIR,2005,2,0,65,Polynesia & Latin America,Cluster 2: Polynesia & Latin America
LBR,2005,8,6,2,Sub-Saharan Africa,Cluster 8: Sub-Saharan Africa
LBY,2005,7,1,2,Western Asia,Cluster 7: Western Asia
LSO,2005,1,1,2,Sub-Saharan Africa,Cluster 1: Sub-Saharan Africa
LUX,2005,3,2,66,Latin America & Sub-Saharan Africa,Cluster 3: Latin America & Sub-Saharan Africa
LVA,2005,0,5,2,Pan-Europe,Cluster 0: Pan-Europe
MAC,2005,2,4,67,Polynesia & Latin America,Cluster 2: Polynesia & Latin America
MCO,2005,3,2,68,Latin America & Sub-Saharan Africa,Cluster 3: Latin America & Sub-Saharan Africa
MDA,2005,0,5,2,Pan-Europe,Cluster 0: Pan-Europe
MDG,2005,3,2,2,Latin America & Sub-Saharan Africa,Cluster 3: Latin America & Sub-Saharan Africa
MDV,2005,5,4,69,South & South-East Asia,Cluster 5: South & South-East Asia
MLI,2005,8,6,2,Sub-Saharan Africa,Cluster 8: Sub-Saharan Africa
MLT,2005,2,0,70,Polynesia & Latin America,Cluster 2: Polynesia & Latin America
MMR,2005,5,4,2,South & South-East Asia,Cluster 5: South & South-East Asia
MNG,2005,0,5,71,Pan-Europe,Cluster 0: Pan-Europe
MUS,2005,3,2,72,Latin America & Sub-Saharan Africa,Cluster 3: Latin America & Sub-Saharan Africa
MWI,2005,1,1,73,Sub-Saharan Africa,Cluster 1: Sub-Saharan Africa
MYS,2005,5,4,2,South & South-East Asia,Cluster 5: South & South-East Asia
NCL,2005,3,2,74,Latin America & Sub-Saharan Africa,Cluster 3: Latin America & Sub-Saharan Africa
NIU,2005,2,0,75,Polynesia & Latin America,Cluster 2: Polynesia & Latin America
NRU,2005,2,0,76,Polynesia & Latin America,Cluster 2: Polynesia & Latin America
OMN,2005,5,4,2,South & South-East Asia,Cluster 5: South & South-East Asia
PNG,2005,2,0,77,Polynesia & Latin America,Cluster 2: Polynesia & Latin America
PYF,2005,3,2,78,Latin America & Sub-Saharan Africa,Cluster 3: Latin America & Sub-Saharan Africa
REU,2005,3,2,79,Latin America & Sub-Saharan Africa,Cluster 3: Latin America & Sub-Saharan Africa
SGP,2005,5,0,80,South & South-East Asia,Cluster 5: South & South-East Asia
SLB,2005,2,0,81,Polynesia & Latin America,Cluster 2: Polynesia & Latin America
SLE,2005,8,6,82,Sub-Saharan Africa,Cluster 8: Sub-Saharan Africa
SWZ,2005,1,1,83,Sub-Saharan Africa,Cluster 1: Sub-Saharan Africa
SYC,2005,1,1,84,Sub-Saharan Africa,Cluster 1: Sub-Saharan Africa
TGO,2005,8,6,2,Sub-Saharan Africa,Cluster 8: Sub-Saharan Africa
TLS,2005,2,4,85,Polynesia & Latin America,Cluster 2: Polynesia & Latin America
TUV,2005,2,0,86,Polynesia & Latin America,Cluster 2: Polynesia & Latin America
TZA,2005,1,1,14,Sub-Saharan Africa,Cluster 1: Sub-Saharan Africa
UGA,2005,1,1,14,Sub-Saharan Africa,Cluster 1: Sub-Saharan Africa
VUT,2005,3,2,87,Latin America & Sub-Saharan Africa,Cluster 3: Latin America & Sub-Saharan Africa
ZWE,2005,1,1,2,Sub-Saharan Africa,Cluster 1: Sub-Saharan Africa
MRT,2005,3,2,88,Latin America & Sub-Saharan Africa,Cluster 3: Latin America & Sub-Saharan Africa
NER,2005,8,6,2,Sub-Saharan Africa,Cluster 8: Sub-Saharan Africa
GNB,2005,3,2,89,Latin America & Sub-Saharan Africa,Cluster 3: Latin America & Sub-Saharan Africa
LIE,2005,4,0,90,Pan-Europe,Cluster 4: Pan-Europe
SMR,2005,4,0,91,Pan-Europe,Cluster 4: Pan-Europe
CHI,2005,2,0,92,Polynesia & Latin America,Cluster 2: Polynesia & Latin America
VAT,2005,3,2,93,Latin America & Sub-Saharan Africa,Cluster 3: Latin America & Sub-Saharan Africa
GNQ,2005,8,6,94,Sub-Saharan Africa,Cluster 8: Sub-Saharan Africa
COM,2005,3,2,95,Latin America & Sub-Saharan Africa,Cluster 3: Latin America & Sub-Saharan Africa
GRL,2005,4,1,96,Pan-Europe,Cluster 4: Pan-Europe
FRO,2005,4,1,97,Pan-Europe,Cluster 4: Pan-Europe
SHN,2005,3,0,98,Latin America & Sub-Saharan Africa,Cluster 3: Latin America & Sub-Saharan Africa
SPM,2005,3,2,99,Latin America & Sub-Saharan Africa,Cluster 3: Latin America & Sub-Saharan Africa
WLF,2005,3,2,100,Latin America & Sub-Saharan Africa,Cluster 3: Latin America & Sub-Saharan Africa
ESH,2005,3,2,2,Latin America & Sub-Saharan Africa,Cluster 3: Latin America & Sub-Saharan Africa
FSM,2005,5,4,101,South & South-East Asia,Cluster 5: South & South-East Asia
MHL,2005,5,3,102,South & South-East Asia,Cluster 5: South & South-East Asia
MNP,2005,5,3,103,South & South-East Asia,Cluster 5: South & South-East Asia
PLW,2005,5,4,104,South & South-East Asia,Cluster 5: South & South-East Asia
MYT,2005,3,2,105,Latin America & Sub-Saharan Africa,Cluster 3: Latin America & Sub-Saharan Africa
BES,2010,3,7,0,Caribbean,Cluster 3: Caribbean
ABW,2010,3,7,1,Caribbean,Cluster 3: Caribbean
CHN,2010,7,3,2,South-Eastern Asia & Western Asia,Cluster 7: South-Eastern Asia & Western Asia
COL,2010,5,3,3,Latin America & Caribbean,Cluster 5: Latin America & Caribbean
CUW,2010,3,7,4,Caribbean,Cluster 3: Caribbean
DMA,2010,3,7,5,Caribbean,Cluster 3: Caribbean
DOM,2010,3,7,6,Caribbean,Cluster 3: Caribbean
GRD,2010,5,3,7,Latin America & Caribbean,Cluster 5: Latin America & Caribbean
GUY,2010,9,7,8,Pan-Europe,Cluster 9: Pan-Europe
HTI,2010,3,7,6,Caribbean,Cluster 3: Caribbean
IND,2010,7,5,2,South-Eastern Asia & Western Asia,Cluster 7: South-Eastern Asia & Western Asia
JAM,2010,3,0,9,Caribbean,Cluster 3: Caribbean
NIC,2010,5,3,10,Latin America & Caribbean,Cluster 5: Latin America & Caribbean
NLD,2010,9,2,2,Pan-Europe,Cluster 9: Pan-Europe
PER,2010,6,1,11,Sub-Saharan Africa & Latin America,Cluster 6: Sub-Saharan Africa & Latin America
PHL,2010,7,0,2,South-Eastern Asia & Western Asia,Cluster 7: South-Eastern Asia & Western Asia
PRT,2010,2,1,2,Sub-Saharan Africa,Cluster 2: Sub-Saharan Africa
SUR,2010,9,2,2,Pan-Europe,Cluster 9: Pan-Europe
SXM,2010,3,7,12,Caribbean,Cluster 3: Caribbean
TUR,2010,9,2,2,Pan-Europe,Cluster 9: Pan-Europe
USA,2010,5,3,2,Latin America & Caribbean,Cluster 5: Latin America & Caribbean
VCT,2010,5,3,13,Latin America & Caribbean,Cluster 5: Latin America & Caribbean
VEN,2010,5,3,2,Latin America & Caribbean,Cluster 5: Latin America & Caribbean
PAK,2010,4,5,2,South Asia,Cluster 4: South Asia
AFG,2010,4,5,2,South Asia,Cluster 4: South Asia
TJK,2010,0,6,14,Pan-Europe,Cluster 0: Pan-Europe
UZB,2010,0,6,14,Pan-Europe,Cluster 0: Pan-Europe
CIV,2010,1,8,2,Sub-Saharan Africa,Cluster 1: Sub-Saharan Africa
AGO,2010,2,1,2,Sub-Saharan Africa,Cluster 2: Sub-Saharan Africa
COD,2010,2,0,2,Sub-Saharan Africa,Cluster 2: Sub-Saharan Africa
COG,2010,2,0,15,Sub-Saharan Africa,Cluster 2: Sub-Saharan Africa
CPV,2010,2,1,16,Sub-Saharan Africa,Cluster 2: Sub-Saharan Africa
GIN,2010,1,8,2,Sub-Saharan Africa,Cluster 1: Sub-Saharan Africa
MOZ,2010,2,0,2,Sub-Saharan Africa,Cluster 2: Sub-Saharan Africa
NAM,2010,2,0,17,Sub-Saharan Africa,Cluster 2: Sub-Saharan Africa
RWA,2010,2,0,2,Sub-Saharan Africa,Cluster 2: Sub-Saharan Africa
STP,2010,2,1,18,Sub-Saharan Africa,Cluster 2: Sub-Saharan Africa
TCD,2010,2,0,2,Sub-Saharan Africa,Cluster 2: Sub-Saharan Africa
ZAF,2010,2,0,2,Sub-Saharan Africa,Cluster 2: Sub-Saharan Africa
ZMB,2010,2,0,19,Sub-Saharan Africa,Cluster 2: Sub-Saharan Africa
CAN,2010,9,0,2,Pan-Europe,Cluster 9: Pan-Europe
AIA,2010,3,7,20,Caribbean,Cluster 3: Caribbean
GBR,2010,9,0,2,Pan-Europe,Cluster 9: Pan-Europe
KNA,2010,3,7,21,Caribbean,Cluster 3: Caribbean
MSR,2010,5,7,22,Latin America & Caribbean,Cluster 5: Latin America & Caribbean
VIR,2010,5,3,23,Latin America & Caribbean,Cluster 5: Latin America & Caribbean
ALB,2010,0,2,24,Pan-Europe,Cluster 0: Pan-Europe
GRC,2010,0,2,2,Pan-Europe,Cluster 0: Pan-Europe
ITA,2010,9,1,2,Pan-Europe,Cluster 9: Pan-Europe
MKD,2010,9,2,2,Pan-Europe,Cluster 9: Pan-Europe
ARG,2010,6,1,2,Sub-Saharan Africa & Latin America,Cluster 6: Sub-Saharan Africa & Latin America
AND,2010,6,1,25,Sub-Saharan Africa & Latin America,Cluster 6: Sub-Saharan Africa & Latin America
AUS,2010,7,4,2,South-Eastern Asia & Western Asia,Cluster 7: South-Eastern Asia & Western Asia
BEL,2010,6,1,2,Sub-Saharan Africa & Latin America,Cluster 6: Sub-Saharan Africa & Latin America
CHE,2010,9,2,2,Pan-Europe,Cluster 9: Pan-Europe
CHL,2010,6,1,2,Sub-Saharan Africa & Latin America,Cluster 6: Sub-Saharan Africa & Latin America
DEU,2010,9,2,2,Pan-Europe,Cluster 9: Pan-Europe
DNK,2010,9,2,26,Pan-Europe,Cluster 9: Pan-Europe
ESP,2010,6,1,2,Sub-Saharan Africa & Latin America,Cluster 6: Sub-Saharan Africa & Latin America
FRA,2010,6,1,2,Sub-Saharan Africa & Latin America,Cluster 6: Sub-Saharan Africa & Latin America
MAR,2010,6,1,2,Sub-Saharan Africa & Latin America,Cluster 6: Sub-Saharan Africa & Latin America
SWE,2010,9,2,2,Pan-Europe,Cluster 9: Pan-Europe
URY,2010,6,1,2,Sub-Saharan Africa & Latin America,Cluster 6: Sub-Saharan Africa & Latin America
ARE,2010,7,5,2,South-Eastern Asia & Western Asia,Cluster 7: South-Eastern Asia & Western Asia
BGD,2010,7,5,2,South-Eastern Asia & Western Asia,Cluster 7: South-Eastern Asia & Western Asia
BHR,2010,7,5,2,South-Eastern Asia & Western Asia,Cluster 7: South-Eastern Asia & Western Asia
EGY,2010,7,5,2,South-Eastern Asia & Western Asia,Cluster 7: South-Eastern Asia & Western Asia
ERI,2010,9,2,27,Pan-Europe,Cluster 9: Pan-Europe
ETH,2010,2,0,2,Sub-Saharan Africa,Cluster 2: Sub-Saharan Africa
IDN,2010,7,5,2,South-Eastern Asia & Western Asia,Cluster 7: South-Eastern Asia & Western Asia
JOR,2010,8,9,2,Western Asia,Cluster 8: Western Asia
KWT,2010,7,5,2,South-Eastern Asia & Western Asia,Cluster 7: South-Eastern Asia & Western Asia
LBN,2010,8,9,2,Western Asia,Cluster 8: Western Asia
LKA,2010,7,5,2,South-Eastern Asia & Western Asia,Cluster 7: South-Eastern Asia & Western Asia
NGA,2010,1,8,2,Sub-Saharan Africa,Cluster 1: Sub-Saharan Africa
NPL,2010,7,5,2,South-Eastern Asia & Western Asia,Cluster 7: South-Eastern Asia & Western Asia
PSE,2010,8,9,2,Western Asia,Cluster 8: Western Asia
QAT,2010,7,5,2,South-Eastern Asia & Western Asia,Cluster 7: South-Eastern Asia & Western Asia
SAU,2010,7,0,2,South-Eastern Asia & Western Asia,Cluster 7: South-Eastern Asia & Western Asia
SDN,2010,2,0,2,Sub-Saharan Africa,Cluster 2: Sub-Saharan Africa
SOM,2010,2,0,2,Sub-Saharan Africa,Cluster 2: Sub-Saharan Africa
SSD,2010,2,0,2,Sub-Saharan Africa,Cluster 2: Sub-Saharan Africa
SYR,2010,8,9,2,Western Asia,Cluster 8: Western Asia
THA,2010,7,4,2,South-Eastern Asia & Western Asia,Cluster 7: South-Eastern Asia & Western Asia
TUN,2010,6,1,2,Sub-Saharan Africa & Latin America,Cluster 6: Sub-Saharan Africa & Latin America
YEM,2010,7,0,2,South-Eastern Asia & Western Asia,Cluster 7: South-Eastern Asia & Western Asia
ARM,2010,0,6,14,Pan-Europe,Cluster 0: Pan-Europe
AUT,2010,9,2,2,Pan-Europe,Cluster 9: Pan-Europe
BGR,2010,9,2,2,Pan-Europe,Cluster 9: Pan-Europe
BOL,2010,6,1,2,Sub-Saharan Africa & Latin America,Cluster 6: Sub-Saharan Africa & Latin America
BRA,2010,5,1,2,Latin America & Caribbean,Cluster 5: Latin America & Caribbean
CRI,2010,5,3,28,Latin America & Caribbean,Cluster 5: Latin America & Caribbean
CUB,2010,5,3,2,Latin America & Caribbean,Cluster 5: Latin America & Caribbean
CYP,2010,0,0,29,Pan-Europe,Cluster 0: Pan-Europe
CZE,2010,9,2,2,Pan-Europe,Cluster 9: Pan-Europe
DZA,2010,6,1,2,Sub-Saharan Africa & Latin America,Cluster 6: Sub-Saharan Africa & Latin America
ECU,2010,6,1,2,Sub-Saharan Africa & Latin America,Cluster 6: Sub-Saharan Africa & Latin America
EST,2010,0,6,14,Pan-Europe,Cluster 0: Pan-Europe
GTM,2010,5,3,2,Latin America & Caribbean,Cluster 5: Latin America & Caribbean
HND,2010,5,3,2,Latin America & Caribbean,Cluster 5: Latin America & Caribbean
HRV,2010,9,2,2,Pan-Europe,Cluster 9: Pan-Europe
HUN,2010,9,2,2,Pan-Europe,Cluster 9: Pan-Europe
IRL,2010,9,0,2,Pan-Europe,Cluster 9: Pan-Europe
IRN,2010,4,5,2,South Asia,Cluster 4: South Asia
ISR,2010,6,1,2,Sub-Saharan Africa & Latin America,Cluster 6: Sub-Saharan Africa & Latin America
JPN,2010,5,3,2,Latin America & Caribbean,Cluster 5: Latin America & Caribbean
KOR,2010,5,3,2,Latin America & Caribbean,Cluster 5: Latin America & Caribbean
LAO,2010,7,4,2,South-Eastern Asia & Western Asia,Cluster 7: South-Eastern Asia & Western Asia
LTU,2010,0,6,14,Pan-Europe,Cluster 0: Pan-Europe
MEX,2010,5,3,2,Latin America & Caribbean,Cluster 5: Latin America & Caribbean
MNE,2010,9,2,30,Pan-Europe,Cluster 9: Pan-Europe
NOR,2010,9,2,31,Pan-Europe,Cluster 9: Pan-Europe
NZL,2010,7,4,2,South-Eastern Asia & Western Asia,Cluster 7: South-Eastern Asia & Western Asia
PAN,2010,5,3,2,Latin America & Caribbean,Cluster 5: Latin America & Caribbean
POL,2010,9,2,2,Pan-Europe,Cluster 9: Pan-Europe
PRI,2010,5,3,2,Latin America & Caribbean,Cluster 5: Latin America & Caribbean
PRK,2010,5,3,32,Latin America & Caribbean,Cluster 5: Latin America & Caribbean
PRY,2010,6,1,2,Sub-Saharan Africa & Latin America,Cluster 6: Sub-Saharan Africa & Latin America
ROU,2010,9,1,2,Pan-Europe,Cluster 9: Pan-Europe
RUS,2010,0,6,14,Pan-Europe,Cluster 0: Pan-Europe
SEN,2010,6,1,2,Sub-Saharan Africa & Latin America,Cluster 6: Sub-Saharan Africa & Latin America
SLV,2010,5,3,2,Latin America & Caribbean,Cluster 5: Latin America & Caribbean
SRB,2010,9,2,2,Pan-Europe,Cluster 9: Pan-Europe
SVK,2010,9,2,2,Pan-Europe,Cluster 9: Pan-Europe
SVN,2010,9,2,33,Pan-Europe,Cluster 9: Pan-Europe
TWN,2010,7,3,2,South-Eastern Asia & Western Asia,Cluster 7: South-Eastern Asia & Western Asia
UKR,2010,0,6,2,Pan-Europe,Cluster 0: Pan-Europe
AZE,2010,0,6,14,Pan-Europe,Cluster 0: Pan-Europe
GEO,2010,0,6,14,Pan-Europe,Cluster 0: Pan-Europe
IRQ,2010,8,9,2,Western Asia,Cluster 8: Western Asia
KAZ,2010,0,6,14,Pan-Europe,Cluster 0: Pan-Europe
TKM,2010,0,6,14,Pan-Europe,Cluster 0: Pan-Europe
ASM,2010,7,4,34,South-Eastern Asia & Western Asia,Cluster 7: South-Eastern Asia & Western Asia
FJI,2010,7,4,35,South-Eastern Asia & Western Asia,Cluster 7: South-Eastern Asia & Western Asia
TKL,2010,7,4,36,South-Eastern Asia & Western Asia,Cluster 7: South-Eastern Asia & Western Asia
TON,2010,7,4,37,South-Eastern Asia & Western Asia,Cluster 7: South-Eastern Asia & Western Asia
VNM,2010,5,3,2,Latin America & Caribbean,Cluster 5: Latin America & Caribbean
WSM,2010,7,4,38,South-Eastern Asia & Western Asia,Cluster 7: South-Eastern Asia & Western Asia
ATG,2010,5,3,39,Latin America & Caribbean,Cluster 5: Latin America & Caribbean
BHS,2010,3,7,40,Caribbean,Cluster 3: Caribbean
BLZ,2010,5,3,41,Latin America & Caribbean,Cluster 5: Latin America & Caribbean
BMU,2010,9,0,42,Pan-Europe,Cluster 9: Pan-Europe
BRB,2010,9,0,43,Pan-Europe,Cluster 9: Pan-Europe
GHA,2010,1,8,2,Sub-Saharan Africa,Cluster 1: Sub-Saharan Africa
GLP,2010,6,1,44,Sub-Saharan Africa & Latin America,Cluster 6: Sub-Saharan Africa & Latin America
GUF,2010,9,7,45,Pan-Europe,Cluster 9: Pan-Europe
LCA,2010,9,0,46,Pan-Europe,Cluster 9: Pan-Europe
MTQ,2010,6,1,47,Sub-Saharan Africa & Latin America,Cluster 6: Sub-Saharan Africa & Latin America
TCA,2010,3,7,48,Caribbean,Cluster 3: Caribbean
TTO,2010,5,3,2,Latin America & Caribbean,Cluster 5: Latin America & Caribbean
VGB,2010,5,3,49,Latin America & Caribbean,Cluster 5: Latin America & Caribbean
BDI,2010,2,0,50,Sub-Saharan Africa,Cluster 2: Sub-Saharan Africa
BEN,2010,1,8,2,Sub-Saharan Africa,Cluster 1: Sub-Saharan Africa
BFA,2010,1,8,2,Sub-Saharan Africa,Cluster 1: Sub-Saharan Africa
BIH,2010,9,2,2,Pan-Europe,Cluster 9: Pan-Europe
BLR,2010,0,6,14,Pan-Europe,Cluster 0: Pan-Europe
BRN,2010,7,4,51,South-Eastern Asia & Western Asia,Cluster 7: South-Eastern Asia & Western Asia
BTN,2010,7,5,52,South-Eastern Asia & Western Asia,Cluster 7: South-Eastern Asia & Western Asia
BWA,2010,2,0,53,Sub-Saharan Africa,Cluster 2: Sub-Saharan Africa
CAF,2010,2,0,2,Sub-Saharan Africa,Cluster 2: Sub-Saharan Africa
CMR,2010,2,0,2,Sub-Saharan Africa,Cluster 2: Sub-Saharan Africa
COK,2010,7,4,54,South-Eastern Asia & Western Asia,Cluster 7: South-Eastern Asia & Western Asia
CYM,2010,3,0,55,Caribbean,Cluster 3: Caribbean
DJI,2010,2,0,56,Sub-Saharan Africa,Cluster 2: Sub-Saharan Africa
FIN,2010,9,2,2,Pan-Europe,Cluster 9: Pan-Europe
FLK,2010,9,0,57,Pan-Europe,Cluster 9: Pan-Europe
GAB,2010,1,8,58,Sub-Saharan Africa,Cluster 1: Sub-Saharan Africa
GIB,2010,9,0,59,Pan-Europe,Cluster 9: Pan-Europe
GMB,2010,6,1,60,Sub-Saharan Africa & Latin America,Cluster 6: Sub-Saharan Africa & Latin America
GUM,2010,7,0,61,South-Eastern Asia & Western Asia,Cluster 7: South-Eastern Asia & Western Asia
HKG,2010,7,0,2,South-Eastern Asia & Western Asia,Cluster 7: South-Eastern Asia & Western Asia
IMN,2010,9,0,62,Pan-Europe,Cluster 9: Pan-Europe
ISL,2010,9,2,63,Pan-Europe,Cluster 9: Pan-Europe
KEN,2010,2,0,2,Sub-Saharan Africa,Cluster 2: Sub-Saharan Africa
KGZ,2010,0,6,14,Pan-Europe,Cluster 0: Pan-Europe
KHM,2010,7,4,2,South-Eastern Asia & Western Asia,Cluster 7: South-Eastern Asia & Western Asia
KIR,2010,7,4,64,South-Eastern Asia & Western Asia,Cluster 7: South-Eastern Asia & Western Asia
LBR,2010,1,8,65,Sub-Saharan Africa,Cluster 1: Sub-Saharan Africa
LBY,2010,8,9,2,Western Asia,Cluster 8: Western Asia
LSO,2010,2,0,2,Sub-Saharan Africa,Cluster 2: Sub-Saharan Africa
LUX,2010,6,1,66,Sub-Saharan Africa & Latin America,Cluster 6: Sub-Saharan Africa & Latin America
LVA,2010,0,6,14,Pan-Europe,Cluster 0: Pan-Europe
MAC,2010,7,0,67,South-Eastern Asia & Western Asia,Cluster 7: South-Eastern Asia & Western Asia
MCO,2010,6,1,68,Sub-Saharan Africa & Latin America,Cluster 6: Sub-Saharan Africa & Latin America
MDA,2010,0,6,14,Pan-Europe,Cluster 0: Pan-Europe
MDG,2010,6,1,2,Sub-Saharan Africa & Latin America,Cluster 6: Sub-Saharan Africa & Latin America
MDV,2010,7,5,69,South-Eastern Asia & Western Asia,Cluster 7: South-Eastern Asia & Western Asia
MLI,2010,1,8,2,Sub-Saharan Africa,Cluster 1: Sub-Saharan Africa
MLT,2010,7,4,70,South-Eastern Asia & Western Asia,Cluster 7: South-Eastern Asia & Western Asia
MMR,2010,7,4,2,South-Eastern Asia & Western Asia,Cluster 7: South-Eastern Asia & Western Asia
MNG,2010,0,6,71,Pan-Europe,Cluster 0: Pan-Europe
MUS,2010,6,1,72,Sub-Saharan Africa & Latin America,Cluster 6: Sub-Saharan Africa & Latin America
MWI,2010,2,0,73,Sub-Saharan Africa,Cluster 2: Sub-Saharan Africa
MYS,2010,7,4,2,South-Eastern Asia & Western Asia,Cluster 7: South-Eastern Asia & Western Asia
NCL,2010,6,1,74,Sub-Saharan Africa & Latin America,Cluster 6: Sub-Saharan Africa & Latin America
NIU,2010,7,4,75,South-Eastern Asia & Western Asia,Cluster 7: South-Eastern Asia & Western Asia
NRU,2010,7,4,76,South-Eastern Asia & Western Asia,Cluster 7: South-Eastern Asia & Western Asia
OMN,2010,7,5,2,South-Eastern Asia & Western Asia,Cluster 7: South-Eastern Asia & Western Asia
PNG,2010,7,4,77,South-Eastern Asia & Western Asia,Cluster 7: South-Eastern Asia & Western Asia
PYF,2010,6,1,78,Sub-Saharan Africa & Latin America,Cluster 6: Sub-Saharan Africa & Latin America
REU,2010,6,1,79,Sub-Saharan Africa & Latin America,Cluster 6: Sub-Saharan Africa & Latin America
SGP,2010,7,4,80,South-Eastern Asia & Western Asia,Cluster 7: South-Eastern Asia & Western Asia
SLB,2010,7,4,81,South-Eastern Asia & Western Asia,Cluster 7: South-Eastern Asia & Western Asia
SLE,2010,1,8,82,Sub-Saharan Africa,Cluster 1: Sub-Saharan Africa
SWZ,2010,2,0,83,Sub-Saharan Africa,Cluster 2: Sub-Saharan Africa
SYC,2010,2,0,84,Sub-Saharan Africa,Cluster 2: Sub-Saharan Africa
TGO,2010,1,8,2,Sub-Saharan Africa,Cluster 1: Sub-Saharan Africa
TLS,2010,7,5,85,South-Eastern Asia & Western Asia,Cluster 7: South-Eastern Asia & Western Asia
TUV,2010,7,4,86,South-Eastern Asia & Western Asia,Cluster 7: South-Eastern Asia & Western Asia
TZA,2010,2,0,87,Sub-Saharan Africa,Cluster 2: Sub-Saharan Africa
UGA,2010,2,0,2,Sub-Saharan Africa,Cluster 2: Sub-Saharan Africa
VUT,2010,6,1,88,Sub-Saharan Africa & Latin America,Cluster 6: Sub-Saharan Africa & Latin America
ZWE,2010,2,0,2,Sub-Saharan Africa,Cluster 2: Sub-Saharan Africa
MRT,2010,6,1,89,Sub-Saharan Africa & Latin America,Cluster 6: Sub-Saharan Africa & Latin America
NER,2010,1,8,90,Sub-Saharan Africa,Cluster 1: Sub-Saharan Africa
GNB,2010,6,1,91,Sub-Saharan Africa & Latin America,Cluster 6: Sub-Saharan Africa & Latin America
LIE,2010,9,2,92,Pan-Europe,Cluster 9: Pan-Europe
SMR,2010,9,1,93,Pan-Europe,Cluster 9: Pan-Europe
CHI,2010,9,0,94,Pan-Europe,Cluster 9: Pan-Europe
VAT,2010,6,1,95,Sub-Saharan Africa & Latin America,Cluster 6: Sub-Saharan Africa & Latin America
GNQ,2010,1,8,96,Sub-Saharan Africa,Cluster 1: Sub-Saharan Africa
COM,2010,6,1,97,Sub-Saharan Africa & Latin America,Cluster 6: Sub-Saharan Africa & Latin America
GRL,2010,9,2,98,Pan-Europe,Cluster 9: Pan-Europe
FRO,2010,9,2,99,Pan-Europe,Cluster 9: Pan-Europe
SHN,2010,9,0,100,Pan-Europe,Cluster 9: Pan-Europe
SPM,2010,6,1,101,Sub-Saharan Africa & Latin America,Cluster 6: Sub-Saharan Africa & Latin America
WLF,2010,6,1,102,Sub-Saharan Africa & Latin America,Cluster 6: Sub-Saharan Africa & Latin America
ESH,2010,6,1,2,Sub-Saharan Africa & Latin America,Cluster 6: Sub-Saharan Africa & Latin America
FSM,2010,7,0,103,South-Eastern Asia & Western Asia,Cluster 7: South-Eastern Asia & Western Asia
MHL,2010,7,3,104,South-Eastern Asia & Western Asia,Cluster 7: South-Eastern Asia & Western Asia
MNP,2010,7,0,105,South-Eastern Asia & Western Asia,Cluster 7: South-Eastern Asia & Western Asia
PLW,2010,7,0,106,South-Eastern Asia & Western Asia,Cluster 7: South-Eastern Asia & Western Asia
MYT,2010,6,1,107,Sub-Saharan Africa & Latin America,Cluster 6: Sub-Saharan Africa & Latin America
BES,2015,3,0,0,Caribbean,Cluster 3: Caribbean
ABW,2015,3,0,1,Caribbean,Cluster 3: Caribbean
CHN,2015,1,2,2,South & Western Asia,Cluster 1: South & Western Asia
COL,2015,5,0,3,Latin America & Caribbean,Cluster 5: Latin America & Caribbean
CUW,2015,3,0,4,Caribbean,Cluster 3: Caribbean
DMA,2015,5,3,5,Latin America & Caribbean,Cluster 5: Latin America & Caribbean
DOM,2015,3,0,6,Caribbean,Cluster 3: Caribbean
GRD,2015,5,3,7,Latin America & Caribbean,Cluster 5: Latin America & Caribbean
GUY,2015,6,0,8,Latin America & Sub-Saharan Africa,Cluster 6: Latin America & Sub-Saharan Africa
HTI,2015,3,0,6,Caribbean,Cluster 3: Caribbean
IND,2015,1,2,2,South & Western Asia,Cluster 1: South & Western Asia
JAM,2015,3,3,9,Caribbean,Cluster 3: Caribbean
NIC,2015,5,3,10,Latin America & Caribbean,Cluster 5: Latin America & Caribbean
NLD,2015,6,0,2,Latin America & Sub-Saharan Africa,Cluster 6: Latin America & Sub-Saharan Africa
PER,2015,6,0,11,Latin America & Sub-Saharan Africa,Cluster 6: Latin America & Sub-Saharan Africa
PHL,2015,1,2,2,South & Western Asia,Cluster 1: South & Western Asia
PRT,2015,7,0,2,Sub-Saharan Africa,Cluster 7: Sub-Saharan Africa
SUR,2015,6,0,2,Latin America & Sub-Saharan Africa,Cluster 6: Latin America & Sub-Saharan Africa
SXM,2015,3,0,12,Caribbean,Cluster 3: Caribbean
TUR,2015,8,6,2,Pan-Europe,Cluster 8: Pan-Europe
USA,2015,5,3,2,Latin America & Caribbean,Cluster 5: Latin America & Caribbean
VCT,2015,5,3,13,Latin America & Caribbean,Cluster 5: Latin America & Caribbean
VEN,2015,5,0,2,Latin America & Caribbean,Cluster 5: Latin America & Caribbean
PAK,2015,1,2,2,South & Western Asia,Cluster 1: South & Western Asia
AFG,2015,1,2,2,South & Western Asia,Cluster 1: South & Western Asia
TJK,2015,0,1,2,Pan-Europe,Cluster 0: Pan-Europe
UZB,2015,0,1,2,Pan-Europe,Cluster 0: Pan-Europe
CIV,2015,2,7,14,Sub-Saharan Africa,Cluster 2: Sub-Saharan Africa
AGO,2015,7,0,2,Sub-Saharan Africa,Cluster 7: Sub-Saharan Africa
COD,2015,7,4,2,Sub-Saharan Africa,Cluster 7: Sub-Saharan Africa
COG,2015,7,4,15,Sub-Saharan Africa,Cluster 7: Sub-Saharan Africa
CPV,2015,7,0,16,Sub-Saharan Africa,Cluster 7: Sub-Saharan Africa
GIN,2015,2,7,14,Sub-Saharan Africa,Cluster 2: Sub-Saharan Africa
MOZ,2015,7,4,2,Sub-Saharan Africa,Cluster 7: Sub-Saharan Africa
NAM,2015,7,4,17,Sub-Saharan Africa,Cluster 7: Sub-Saharan Africa
RWA,2015,7,4,2,Sub-Saharan Africa,Cluster 7: Sub-Saharan Africa
STP,2015,7,0,18,Sub-Saharan Africa,Cluster 7: Sub-Saharan Africa
TCD,2015,7,4,2,Sub-Saharan Africa,Cluster 7: Sub-Saharan Africa
ZAF,2015,7,4,2,Sub-Saharan Africa,Cluster 7: Sub-Saharan Africa
ZMB,2015,7,4,19,Sub-Saharan Africa,Cluster 7: Sub-Saharan Africa
CAN,2015,1,2,2,South & Western Asia,Cluster 1: South & Western Asia
AIA,2015,3,0,20,Caribbean,Cluster 3: Caribbean
GBR,2015,4,1,2,Pan-Europe,Cluster 4: Pan-Europe
KNA,2015,3,0,21,Caribbean,Cluster 3: Caribbean
MSR,2015,5,3,22,Latin America & Caribbean,Cluster 5: Latin America & Caribbean
VIR,2015,5,3,23,Latin America & Caribbean,Cluster 5: Latin America & Caribbean
ALB,2015,0,1,24,Pan-Europe,Cluster 0: Pan-Europe
GRC,2015,0,1,2,Pan-Europe,Cluster 0: Pan-Europe
ITA,2015,4,1,2,Pan-Europe,Cluster 4: Pan-Europe
MKD,2015,4,1,25,Pan-Europe,Cluster 4: Pan-Europe
ARG,2015,6,0,2,Latin America & Sub-Saharan Africa,Cluster 6: Latin America & Sub-Saharan Africa
AND,2015,6,0,26,Latin America & Sub-Saharan Africa,Cluster 6: Latin America & Sub-Saharan Africa
BEL,2015,6,0,2,Latin America & Sub-Saharan Africa,Cluster 6: Latin America & Sub-Saharan Africa
CHL,2015,6,0,2,Latin America & Sub-Saharan Africa,Cluster 6: Latin America & Sub-Saharan Africa
DEU,2015,4,1,2,Pan-Europe,Cluster 4: Pan-Europe
ESP,2015,6,0,2,Latin America & Sub-Saharan Africa,Cluster 6: Latin America & Sub-Saharan Africa
FRA,2015,6,0,2,Latin America & Sub-Saharan Africa,Cluster 6: Latin America & Sub-Saharan Africa
MAR,2015,6,0,2,Latin America & Sub-Saharan Africa,Cluster 6: Latin America & Sub-Saharan Africa
URY,2015,6,0,2,Latin America & Sub-Saharan Africa,Cluster 6: Latin America & Sub-Saharan Africa
ARE,2015,1,2,2,South & Western Asia,Cluster 1: South & Western Asia
BGD,2015,1,2,2,South & Western Asia,Cluster 1: South & Western Asia
BHR,2015,1,2,2,South & Western Asia,Cluster 1: South & Western Asia
EGY,2015,1,2,2,South & Western Asia,Cluster 1: South & Western Asia
ERI,2015,8,6,27,Pan-Europe,Cluster 8: Pan-Europe
ETH,2015,7,4,2,Sub-Saharan Africa,Cluster 7: Sub-Saharan Africa
IDN,2015,1,2,2,South & Western Asia,Cluster 1: South & Western Asia
JOR,2015,8,6,2,Pan-Europe,Cluster 8: Pan-Europe
KWT,2015,1,2,2,South & Western Asia,Cluster 1: South & Western Asia
LBN,2015,8,6,2,Pan-Europe,Cluster 8: Pan-Europe
LKA,2015,1,2,2,South & Western Asia,Cluster 1: South & Western Asia
NGA,2015,2,7,14,Sub-Saharan Africa,Cluster 2: Sub-Saharan Africa
NPL,2015,1,2,2,South & Western Asia,Cluster 1: South & Western Asia
PSE,2015,8,6,2,Pan-Europe,Cluster 8: Pan-Europe
QAT,2015,1,2,2,South & Western Asia,Cluster 1: South & Western Asia
SAU,2015,1,2,2,South & Western Asia,Cluster 1: South & Western Asia
SDN,2015,7,4,2,Sub-Saharan Africa,Cluster 7: Sub-Saharan Africa
SOM,2015,7,4,2,Sub-Saharan Africa,Cluster 7: Sub-Saharan Africa
SSD,2015,7,4,2,Sub-Saharan Africa,Cluster 7: Sub-Saharan Africa
SYR,2015,8,6,2,Pan-Europe,Cluster 8: Pan-Europe
THA,2015,9,5,2,Polynesia & South-Eastern Asia,Cluster 9: Polynesia & South-Eastern Asia
TUN,2015,6,0,2,Latin America & Sub-Saharan Africa,Cluster 6: Latin America & Sub-Saharan Africa
YEM,2015,1,2,2,South & Western Asia,Cluster 1: South & Western Asia
ARM,2015,0,1,28,Pan-Europe,Cluster 0: Pan-Europe
AUS,2015,9,5,2,Polynesia & South-Eastern Asia,Cluster 9: Polynesia & South-Eastern Asia
AUT,2015,4,1,2,Pan-Europe,Cluster 4: Pan-Europe
BGR,2015,8,6,2,Pan-Europe,Cluster 8: Pan-Europe
BOL,2015,6,0,2,Latin America & Sub-Saharan Africa,Cluster 6: Latin America & Sub-Saharan Africa
BRA,2015,5,0,2,Latin America & Caribbean,Cluster 5: Latin America & Caribbean
CHE,2015,4,1,2,Pan-Europe,Cluster 4: Pan-Europe
CRI,2015,5,3,29,Latin America & Caribbean,Cluster 5: Latin America & Caribbean
CUB,2015,5,3,2,Latin America & Caribbean,Cluster 5: Latin America & Caribbean
CYP,2015,0,1,30,Pan-Europe,Cluster 0: Pan-Europe
CZE,2015,4,1,2,Pan-Europe,Cluster 4: Pan-Europe
DNK,2015,4,6,31,Pan-Europe,Cluster 4: Pan-Europe
DZA,2015,6,0,2,Latin America & Sub-Saharan Africa,Cluster 6: Latin America & Sub-Saharan Africa
ECU,2015,6,0,2,Latin America & Sub-Saharan Africa,Cluster 6: Latin America & Sub-Saharan Africa
EST,2015,0,1,2,Pan-Europe,Cluster 0: Pan-Europe
GTM,2015,5,3,2,Latin America & Caribbean,Cluster 5: Latin America & Caribbean
HND,2015,5,3,2,Latin America & Caribbean,Cluster 5: Latin America & Caribbean
HRV,2015,4,1,2,Pan-Europe,Cluster 4: Pan-Europe
HUN,2015,4,1,2,Pan-Europe,Cluster 4: Pan-Europe
IRL,2015,4,1,2,Pan-Europe,Cluster 4: Pan-Europe
IRN,2015,1,2,2,South & Western Asia,Cluster 1: South & Western Asia
ISR,2015,0,1,2,Pan-Europe,Cluster 0: Pan-Europe
JPN,2015,5,3,2,Latin America & Caribbean,Cluster 5: Latin America & Caribbean
KOR,2015,5,3,2,Latin America & Caribbean,Cluster 5: Latin America & Caribbean
LAO,2015,9,5,2,Polynesia & South-Eastern Asia,Cluster 9: Polynesia & South-Eastern Asia
LTU,2015,4,1,2,Pan-Europe,Cluster 4: Pan-Europe
MEX,2015,5,3,2,Latin America & Caribbean,Cluster 5: Latin America & Caribbean
MNE,2015,4,1,32,Pan-Europe,Cluster 4: Pan-Europe
NOR,2015,4,6,33,Pan-Europe,Cluster 4: Pan-Europe
NZL,2015,9,5,2,Polynesia & South-Eastern Asia,Cluster 9: Polynesia & South-Eastern Asia
PAN,2015,5,3,2,Latin America & Caribbean,Cluster 5: Latin America & Caribbean
POL,2015,4,1,2,Pan-Europe,Cluster 4: Pan-Europe
PRI,2015,5,3,2,Latin America & Caribbean,Cluster 5: Latin America & Caribbean
PRK,2015,5,3,34,Latin America & Caribbean,Cluster 5: Latin America & Caribbean
PRY,2015,6,0,2,Latin America & Sub-Saharan Africa,Cluster 6: Latin America & Sub-Saharan Africa
ROU,2015,4,1,2,Pan-Europe,Cluster 4: Pan-Europe
RUS,2015,0,1,2,Pan-Europe,Cluster 0: Pan-Europe
SEN,2015,6,0,2,Latin America & Sub-Saharan Africa,Cluster 6: Latin America & Sub-Saharan Africa
SLV,2015,5,3,2,Latin America & Caribbean,Cluster 5: Latin America & Caribbean
SRB,2015,4,1,2,Pan-Europe,Cluster 4: Pan-Europe
SVK,2015,4,1,2,Pan-Europe,Cluster 4: Pan-Europe
SVN,2015,4,1,35,Pan-Europe,Cluster 4: Pan-Europe
SWE,2015,8,6,2,Pan-Europe,Cluster 8: Pan-Europe
TWN,2015,5,3,2,Latin America & Caribbean,Cluster 5: Latin America & Caribbean
UKR,2015,0,1,2,Pan-Europe,Cluster 0: Pan-Europe
AZE,2015,0,1,2,Pan-Europe,Cluster 0: Pan-Europe
GEO,2015,0,1,2,Pan-Europe,Cluster 0: Pan-Europe
IRQ,2015,8,6,2,Pan-Europe,Cluster 8: Pan-Europe
KAZ,2015,0,1,2,Pan-Europe,Cluster 0: Pan-Europe
TKM,2015,0,1,2,Pan-Europe,Cluster 0: Pan-Europe
ASM,2015,9,5,36,Polynesia & South-Eastern Asia,Cluster 9: Polynesia & South-Eastern Asia
FJI,2015,9,5,37,Polynesia & South-Eastern Asia,Cluster 9: Polynesia & South-Eastern Asia
TKL,2015,9,5,38,Polynesia & South-Eastern Asia,Cluster 9: Polynesia & South-Eastern Asia
TON,2015,9,5,39,Polynesia & South-Eastern Asia,Cluster 9: Polynesia & South-Eastern Asia
VNM,2015,5,3,2,Latin America & Caribbean,Cluster 5: Latin America & Caribbean
WSM,2015,9,5,40,Polynesia & South-Eastern Asia,Cluster 9: Polynesia & South-Eastern Asia
ATG,2015,5,3,41,Latin America & Caribbean,Cluster 5: Latin America & Caribbean
BHS,2015,3,0,42,Caribbean,Cluster 3: Caribbean
BLZ,2015,5,3,43,Latin America & Caribbean,Cluster 5: Latin America & Caribbean
BMU,2015,4,3,44,Pan-Europe,Cluster 4: Pan-Europe
BRB,2015,1,2,45,South & Western Asia,Cluster 1: South & Western Asia
GHA,2015,2,7,14,Sub-Saharan Africa,Cluster 2: Sub-Saharan Africa
GLP,2015,6,0,46,Latin America & Sub-Saharan Africa,Cluster 6: Latin America & Sub-Saharan Africa
GUF,2015,6,0,47,Latin America & Sub-Saharan Africa,Cluster 6: Latin America & Sub-Saharan Africa
LCA,2015,1,2,48,South & Western Asia,Cluster 1: South & Western Asia
MTQ,2015,6,0,49,Latin America & Sub-Saharan Africa,Cluster 6: Latin America & Sub-Saharan Africa
TCA,2015,3,0,50,Caribbean,Cluster 3: Caribbean
TTO,2015,5,3,2,Latin America & Caribbean,Cluster 5: Latin America & Caribbean
VGB,2015,5,3,51,Latin America & Caribbean,Cluster 5: Latin America & Caribbean
BDI,2015,7,4,2,Sub-Saharan Africa,Cluster 7: Sub-Saharan Africa
BEN,2015,2,7,14,Sub-Saharan Africa,Cluster 2: Sub-Saharan Africa
BFA,2015,2,7,14,Sub-Saharan Africa,Cluster 2: Sub-Saharan Africa
BIH,2015,4,1,2,Pan-Europe,Cluster 4: Pan-Europe
BLR,2015,0,1,2,Pan-Europe,Cluster 0: Pan-Europe
BRN,2015,1,2,52,South & Western Asia,Cluster 1: South & Western Asia
BTN,2015,1,2,53,South & Western Asia,Cluster 1: South & Western Asia
BWA,2015,7,4,54,Sub-Saharan Africa,Cluster 7: Sub-Saharan Africa
CAF,2015,7,4,2,Sub-Saharan Africa,Cluster 7: Sub-Saharan Africa
CMR,2015,7,4,2,Sub-Saharan Africa,Cluster 7: Sub-Saharan Africa
COK,2015,9,5,55,Polynesia & South-Eastern Asia,Cluster 9: Polynesia & South-Eastern Asia
CYM,2015,3,3,56,Caribbean,Cluster 3: Caribbean
DJI,2015,7,4,57,Sub-Saharan Africa,Cluster 7: Sub-Saharan Africa
FIN,2015,8,6,2,Pan-Europe,Cluster 8: Pan-Europe
FLK,2015,4,1,58,Pan-Europe,Cluster 4: Pan-Europe
GAB,2015,2,7,59,Sub-Saharan Africa,Cluster 2: Sub-Saharan Africa
GIB,2015,4,1,60,Pan-Europe,Cluster 4: Pan-Europe
GMB,2015,6,0,61,Latin America & Sub-Saharan Africa,Cluster 6: Latin America & Sub-Saharan Africa
GUM,2015,1,2,62,South & Western Asia,Cluster 1: South & Western Asia
HKG,2015,1,2,2,South & Western Asia,Cluster 1: South & Western Asia
IMN,2015,4,1,63,Pan-Europe,Cluster 4: Pan-Europe
ISL,2015,4,6,64,Pan-Europe,Cluster 4: Pan-Europe
KEN,2015,7,4,2,Sub-Saharan Africa,Cluster 7: Sub-Saharan Africa
KGZ,2015,0,1,2,Pan-Europe,Cluster 0: Pan-Europe
KHM,2015,9,5,2,Polynesia & South-Eastern Asia,Cluster 9: Polynesia & South-Eastern Asia
KIR,2015,9,5,65,Polynesia & South-Eastern Asia,Cluster 9: Polynesia & South-Eastern Asia
LBR,2015,2,7,66,Sub-Saharan Africa,Cluster 2: Sub-Saharan Africa
LBY,2015,8,6,2,Pan-Europe,Cluster 8: Pan-Europe
LSO,2015,7,4,2,Sub-Saharan Africa,Cluster 7: Sub-Saharan Africa
LUX,2015,6,0,67,Latin America & Sub-Saharan Africa,Cluster 6: Latin America & Sub-Saharan Africa
LVA,2015,0,1,68,Pan-Europe,Cluster 0: Pan-Europe
MAC,2015,1,2,69,South & Western Asia,Cluster 1: South & Western Asia
MCO,2015,6,0,70,Latin America & Sub-Saharan Africa,Cluster 6: Latin America & Sub-Saharan Africa
MDA,2015,0,1,2,Pan-Europe,Cluster 0: Pan-Europe
MDG,2015,6,0,2,Latin America & Sub-Saharan Africa,Cluster 6: Latin America & Sub-Saharan Africa
MDV,2015,1,2,71,South & Western Asia,Cluster 1: South & Western Asia
MLI,2015,2,7,14,Sub-Saharan Africa,Cluster 2: Sub-Saharan Africa
MLT,2015,9,5,72,Polynesia & South-Eastern Asia,Cluster 9: Polynesia & South-Eastern Asia
MMR,2015,9,5,2,Polynesia & South-Eastern Asia,Cluster 9: Polynesia & South-Eastern Asia
MNG,2015,0,1,73,Pan-Europe,Cluster 0: Pan-Europe
MUS,2015,6,0,74,Latin America & Sub-Saharan Africa,Cluster 6: Latin America & Sub-Saharan Africa
MWI,2015,7,4,75,Sub-Saharan Africa,Cluster 7: Sub-Saharan Africa
MYS,2015,1,2,2,South & Western Asia,Cluster 1: South & Western Asia
NCL,2015,6,0,76,Latin America & Sub-Saharan Africa,Cluster 6: Latin America & Sub-Saharan Africa
NIU,2015,9,5,77,Polynesia & South-Eastern Asia,Cluster 9: Polynesia & South-Eastern Asia
NRU,2015,9,5,78,Polynesia & South-Eastern Asia,Cluster 9: Polynesia & South-Eastern Asia
OMN,2015,1,2,2,South & Western Asia,Cluster 1: South & Western Asia
PNG,2015,9,5,79,Polynesia & South-Eastern Asia,Cluster 9: Polynesia & South-Eastern Asia
PYF,2015,6,0,80,Latin America & Sub-Saharan Africa,Cluster 6: Latin America & Sub-Saharan Africa
REU,2015,6,0,81,Latin America & Sub-Saharan Africa,Cluster 6: Latin America & Sub-Saharan Africa
SGP,2015,1,2,82,South & Western Asia,Cluster 1: South & Western Asia
SLB,2015,9,5,83,Polynesia & South-Eastern Asia,Cluster 9: Polynesia & South-Eastern Asia
SLE,2015,2,7,84,Sub-Saharan Africa,Cluster 2: Sub-Saharan Africa
SWZ,2015,7,4,85,Sub-Saharan Africa,Cluster 7: Sub-Saharan Africa
SYC,2015,7,4,86,Sub-Saharan Africa,Cluster 7: Sub-Saharan Africa
TGO,2015,2,7,14,Sub-Saharan Africa,Cluster 2: Sub-Saharan Africa
TLS,2015,1,2,87,South & Western Asia,Cluster 1: South & Western Asia
TUV,2015,9,5,88,Polynesia & South-Eastern Asia,Cluster 9: Polynesia & South-Eastern Asia
TZA,2015,7,4,89,Sub-Saharan Africa,Cluster 7: Sub-Saharan Africa
UGA,2015,7,4,2,Sub-Saharan Africa,Cluster 7: Sub-Saharan Africa
VUT,2015,6,0,90,Latin America & Sub-Saharan Africa,Cluster 6: Latin America & Sub-Saharan Africa
ZWE,2015,7,4,2,Sub-Saharan Africa,Cluster 7: Sub-Saharan Africa
MRT,2015,6,0,91,Latin America & Sub-Saharan Africa,Cluster 6: Latin America & Sub-Saharan Africa
NER,2015,2,7,14,Sub-Saharan Africa,Cluster 2: Sub-Saharan Africa
GNB,2015,6,0,92,Latin America & Sub-Saharan Africa,Cluster 6: Latin America & Sub-Saharan Africa
LIE,2015,4,1,93,Pan-Europe,Cluster 4: Pan-Europe
SMR,2015,4,1,94,Pan-Europe,Cluster 4: Pan-Europe
WLF,2015,6,0,95,Latin America & Sub-Saharan Africa,Cluster 6: Latin America & Sub-Saharan Africa
CHI,2015,4,1,96,Pan-Europe,Cluster 4: Pan-Europe
VAT,2015,6,0,97,Latin America & Sub-Saharan Africa,Cluster 6: Latin America & Sub-Saharan Africa
GNQ,2015,2,7,98,Sub-Saharan Africa,Cluster 2: Sub-Saharan Africa
COM,2015,6,0,2,Latin America & Sub-Saharan Africa,Cluster 6: Latin America & Sub-Saharan Africa
GRL,2015,4,6,99,Pan-Europe,Cluster 4: Pan-Europe
FRO,2015,4,6,100,Pan-Europe,Cluster 4: Pan-Europe
SHN,2015,4,1,101,Pan-Europe,Cluster 4: Pan-Europe
SPM,2015,6,0,102,Latin America & Sub-Saharan Africa,Cluster 6: Latin America & Sub-Saharan Africa
ESH,2015,6,0,2,Latin America & Sub-Saharan Africa,Cluster 6: Latin America & Sub-Saharan Africa
FSM,2015,1,2,103,South & Western Asia,Cluster 1: South & Western Asia
MHL,2015,1,3,104,South & Western Asia,Cluster 1: South & Western Asia
MNP,2015,1,2,105,South & Western Asia,Cluster 1: South & Western Asia
PLW,2015,1,2,106,South & Western Asia,Cluster 1: South & Western Asia
MYT,2015,6,0,107,Latin America & Sub-Saharan Africa,Cluster 6: Latin America & Sub-Saharan Africa
BES,2020,0,4,0,Latin America & Caribbean,Cluster 0: Latin America & Caribbean
ABW,2020,0,4,1,Latin America & Caribbean,Cluster 0: Latin America & Caribbean
CHN,2020,4,0,2,South & South-East Asia,Cluster 4: South & South-East Asia
COL,2020,0,4,2,Latin America & Caribbean,Cluster 0: Latin America & Caribbean
CUW,2020,0,4,3,Latin America & Caribbean,Cluster 0: Latin America & Caribbean
DMA,2020,2,4,4,Latin America & Caribbean,Cluster 2: Latin America & Caribbean
DOM,2020,0,4,5,Latin America & Caribbean,Cluster 0: Latin America & Caribbean
GRD,2020,2,5,6,Latin America & Caribbean,Cluster 2: Latin America & Caribbean
GUY,2020,0,4,7,Latin America & Caribbean,Cluster 0: Latin America & Caribbean
HTI,2020,0,4,5,Latin America & Caribbean,Cluster 0: Latin America & Caribbean
IND,2020,4,0,2,South & South-East Asia,Cluster 4: South & South-East Asia
JAM,2020,0,4,8,Latin America & Caribbean,Cluster 0: Latin America & Caribbean
NIC,2020,2,5,9,Latin America & Caribbean,Cluster 2: Latin America & Caribbean
NLD,2020,6,7,2,Pan-Europe,Cluster 6: Pan-Europe
PER,2020,0,4,2,Latin America & Caribbean,Cluster 0: Latin America & Caribbean
PHL,2020,4,0,2,South & South-East Asia,Cluster 4: South & South-East Asia
PRT,2020,1,3,2,Sub-Saharan Africa,Cluster 1: Sub-Saharan Africa
SUR,2020,6,7,2,Pan-Europe,Cluster 6: Pan-Europe
SXM,2020,0,4,10,Latin America & Caribbean,Cluster 0: Latin America & Caribbean
TUR,2020,3,7,2,Western Asia,Cluster 3: Western Asia
USA,2020,2,5,2,Latin America & Caribbean,Cluster 2: Latin America & Caribbean
VCT,2020,2,4,11,Latin America & Caribbean,Cluster 2: Latin America & Caribbean
VEN,2020,0,4,2,Latin America & Caribbean,Cluster 0: Latin America & Caribbean
PAK,2020,4,0,2,South & South-East Asia,Cluster 4: South & South-East Asia
AFG,2020,4,0,2,South & South-East Asia,Cluster 4: South & South-East Asia
TJK,2020,6,1,2,Pan-Europe,Cluster 6: Pan-Europe
UZB,2020,6,1,2,Pan-Europe,Cluster 6: Pan-Europe
CIV,2020,5,6,2,Sub-Saharan Africa,Cluster 5: Sub-Saharan Africa
AGO,2020,1,3,2,Sub-Saharan Africa,Cluster 1: Sub-Saharan Africa
COD,2020,1,3,2,Sub-Saharan Africa,Cluster 1: Sub-Saharan Africa
COG,2020,1,3,12,Sub-Saharan Africa,Cluster 1: Sub-Saharan Africa
CPV,2020,1,3,13,Sub-Saharan Africa,Cluster 1: Sub-Saharan Africa
GIN,2020,5,6,2,Sub-Saharan Africa,Cluster 5: Sub-Saharan Africa
MOZ,2020,1,3,14,Sub-Saharan Africa,Cluster 1: Sub-Saharan Africa
NAM,2020,1,3,15,Sub-Saharan Africa,Cluster 1: Sub-Saharan Africa
RWA,2020,1,3,2,Sub-Saharan Africa,Cluster 1: Sub-Saharan Africa
STP,2020,1,3,16,Sub-Saharan Africa,Cluster 1: Sub-Saharan Africa
TCD,2020,1,3,2,Sub-Saharan Africa,Cluster 1: Sub-Saharan Africa
ZAF,2020,1,3,14,Sub-Saharan Africa,Cluster 1: Sub-Saharan Africa
ZMB,2020,1,3,17,Sub-Saharan Africa,Cluster 1: Sub-Saharan Africa
CAN,2020,4,0,2,South & South-East Asia,Cluster 4: South & South-East Asia
AIA,2020,0,4,18,Latin America & Caribbean,Cluster 0: Latin America & Caribbean
GBR,2020,6,1,2,Pan-Europe,Cluster 6: Pan-Europe
KNA,2020,0,4,19,Latin America & Caribbean,Cluster 0: Latin America & Caribbean
MSR,2020,2,4,20,Latin America & Caribbean,Cluster 2: Latin America & Caribbean
VIR,2020,2,5,21,Latin America & Caribbean,Cluster 2: Latin America & Caribbean
ALB,2020,7,2,22,Sub-Saharan Africa & Latin America,Cluster 7: Sub-Saharan Africa & Latin America
GRC,2020,6,1,2,Pan-Europe,Cluster 6: Pan-Europe
ITA,2020,6,1,2,Pan-Europe,Cluster 6: Pan-Europe
MKD,2020,6,1,23,Pan-Europe,Cluster 6: Pan-Europe
ARG,2020,7,2,2,Sub-Saharan Africa & Latin America,Cluster 7: Sub-Saharan Africa & Latin America
AND,2020,7,2,24,Sub-Saharan Africa & Latin America,Cluster 7: Sub-Saharan Africa & Latin America
BEL,2020,7,2,2,Sub-Saharan Africa & Latin America,Cluster 7: Sub-Saharan Africa & Latin America
CHL,2020,7,2,2,Sub-Saharan Africa & Latin America,Cluster 7: Sub-Saharan Africa & Latin America
DEU,2020,6,1,2,Pan-Europe,Cluster 6: Pan-Europe
ESP,2020,7,2,2,Sub-Saharan Africa & Latin America,Cluster 7: Sub-Saharan Africa & Latin America
FRA,2020,7,2,2,Sub-Saharan Africa & Latin America,Cluster 7: Sub-Saharan Africa & Latin America
MAR,2020,7,2,2,Sub-Saharan Africa & Latin America,Cluster 7: Sub-Saharan Africa & Latin America
URY,2020,7,2,2,Sub-Saharan Africa & Latin America,Cluster 7: Sub-Saharan Africa & Latin America
ARE,2020,4,0,2,South & South-East Asia,Cluster 4: South & South-East Asia
BGD,2020,4,0,2,South & South-East Asia,Cluster 4: South & South-East Asia
BHR,2020,4,0,2,South & South-East Asia,Cluster 4: South & South-East Asia
EGY,2020,4,0,2,South & South-East Asia,Cluster 4: South & South-East Asia
ERI,2020,6,7,25,Pan-Europe,Cluster 6: Pan-Europe
ETH,2020,1,3,2,Sub-Saharan Africa,Cluster 1: Sub-Saharan Africa
IDN,2020,4,0,2,South & South-East Asia,Cluster 4: South & South-East Asia
JOR,2020,3,7,2,Western Asia,Cluster 3: Western Asia
KWT,2020,4,0,2,South & South-East Asia,Cluster 4: South & South-East Asia
LBN,2020,3,7,2,Western Asia,Cluster 3: Western Asia
LKA,2020,4,0,2,South & South-East Asia,Cluster 4: South & South-East Asia
NGA,2020,5,6,2,Sub-Saharan Africa,Cluster 5: Sub-Saharan Africa
NPL,2020,4,0,2,South & South-East Asia,Cluster 4: South & South-East Asia
PSE,2020,3,7,2,Western Asia,Cluster 3: Western Asia
QAT,2020,4,0,2,South & South-East Asia,Cluster 4: South & South-East Asia
SAU,2020,4,0,2,South & South-East Asia,Cluster 4: South & South-East Asia
SDN,2020,1,3,2,Sub-Saharan Africa,Cluster 1: Sub-Saharan Africa
SOM,2020,1,3,2,Sub-Saharan Africa,Cluster 1: Sub-Saharan Africa
SSD,2020,1,3,2,Sub-Saharan Africa,Cluster 1: Sub-Saharan Africa
SYR,2020,3,7,2,Western Asia,Cluster 3: Western Asia
THA,2020,4,0,2,South & South-East Asia,Cluster 4: South & South-East Asia
TUN,2020,7,2,2,Sub-Saharan Africa & Latin America,Cluster 7: Sub-Saharan Africa & Latin America
YEM,2020,4,0,2,South & South-East Asia,Cluster 4: South & South-East Asia
ARM,2020,6,1,2,Pan-Europe,Cluster 6: Pan-Europe
AUS,2020,4,0,2,South & South-East Asia,Cluster 4: South & South-East Asia
AUT,2020,6,1,2,Pan-Europe,Cluster 6: Pan-Europe
BGR,2020,3,7,2,Western Asia,Cluster 3: Western Asia
BOL,2020,7,2,2,Sub-Saharan Africa & Latin America,Cluster 7: Sub-Saharan Africa & Latin America
BRA,2020,2,2,2,Latin America & Caribbean,Cluster 2: Latin America & Caribbean
CHE,2020,6,1,2,Pan-Europe,Cluster 6: Pan-Europe
CRI,2020,2,5,26,Latin America & Caribbean,Cluster 2: Latin America & Caribbean
CUB,2020,2,5,2,Latin America & Caribbean,Cluster 2: Latin America & Caribbean
CYP,2020,6,1,27,Pan-Europe,Cluster 6: Pan-Europe
CZE,2020,6,1,2,Pan-Europe,Cluster 6: Pan-Europe
DNK,2020,6,1,28,Pan-Europe,Cluster 6: Pan-Europe
DZA,2020,7,2,2,Sub-Saharan Africa & Latin America,Cluster 7: Sub-Saharan Africa & Latin America
ECU,2020,7,2,2,Sub-Saharan Africa & Latin America,Cluster 7: Sub-Saharan Africa & Latin America
EST,2020,6,1,2,Pan-Europe,Cluster 6: Pan-Europe
GTM,2020,2,5,2,Latin America & Caribbean,Cluster 2: Latin America & Caribbean
HND,2020,2,5,2,Latin America & Caribbean,Cluster 2: Latin America & Caribbean
HRV,2020,6,1,2,Pan-Europe,Cluster 6: Pan-Europe
HUN,2020,6,1,2,Pan-Europe,Cluster 6: Pan-Europe
IRL,2020,6,1,2,Pan-Europe,Cluster 6: Pan-Europe
IRN,2020,4,0,2,South & South-East Asia,Cluster 4: South & South-East Asia
ISR,2020,6,1,2,Pan-Europe,Cluster 6: Pan-Europe
JPN,2020,2,5,2,Latin America & Caribbean,Cluster 2: Latin America & Caribbean
KOR,2020,2,5,2,Latin America & Caribbean,Cluster 2: Latin America & Caribbean
LAO,2020,4,0,2,South & South-East Asia,Cluster 4: South & South-East Asia
LTU,2020,6,1,2,Pan-Europe,Cluster 6: Pan-Europe
MEX,2020,2,5,2,Latin America & Caribbean,Cluster 2: Latin America & Caribbean
MNE,2020,6,1,29,Pan-Europe,Cluster 6: Pan-Europe
NOR,2020,6,1,30,Pan-Europe,Cluster 6: Pan-Europe
NZL,2020,4,0,2,South & South-East Asia,Cluster 4: South & South-East Asia
PAN,2020,2,5,2,Latin America & Caribbean,Cluster 2: Latin America & Caribbean
POL,2020,6,1,2,Pan-Europe,Cluster 6: Pan-Europe
PRI,2020,2,5,2,Latin America & Caribbean,Cluster 2: Latin America & Caribbean
PRK,2020,2,5,31,Latin America & Caribbean,Cluster 2: Latin America & Caribbean
PRY,2020,7,2,2,Sub-Saharan Africa & Latin America,Cluster 7: Sub-Saharan Africa & Latin America
ROU,2020,6,1,2,Pan-Europe,Cluster 6: Pan-Europe
RUS,2020,6,1,2,Pan-Europe,Cluster 6: Pan-Europe
SEN,2020,7,2,2,Sub-Saharan Africa & Latin America,Cluster 7: Sub-Saharan Africa & Latin America
SLV,2020,2,5,2,Latin America & Caribbean,Cluster 2: Latin America & Caribbean
SRB,2020,6,1,2,Pan-Europe,Cluster 6: Pan-Europe
SVK,2020,6,1,2,Pan-Europe,Cluster 6: Pan-Europe
SVN,2020,6,1,32,Pan-Europe,Cluster 6: Pan-Europe
SWE,2020,3,7,2,Western Asia,Cluster 3: Western Asia
TWN,2020,2,0,2,Latin America & Caribbean,Cluster 2: Latin America & Caribbean
UKR,2020,6,1,2,Pan-Europe,Cluster 6: Pan-Europe
AZE,2020,6,1,2,Pan-Europe,Cluster 6: Pan-Europe
GEO,2020,6,1,2,Pan-Europe,Cluster 6: Pan-Europe
IRQ,2020,3,7,2,Western Asia,Cluster 3: Western Asia
KAZ,2020,6,1,2,Pan-Europe,Cluster 6: Pan-Europe
TKM,2020,6,1,2,Pan-Europe,Cluster 6: Pan-Europe
ASM,2020,4,0,33,South & South-East Asia,Cluster 4: South & South-East Asia
FJI,2020,4,0,34,South & South-East Asia,Cluster 4: South & South-East Asia
TKL,2020,4,0,35,South & South-East Asia,Cluster 4: South & South-East Asia
TON,2020,4,0,36,South & South-East Asia,Cluster 4: South & South-East Asia
VNM,2020,2,5,2,Latin America & Caribbean,Cluster 2: Latin America & Caribbean
WSM,2020,4,0,37,South & South-East Asia,Cluster 4: South & South-East Asia
ATG,2020,2,5,38,Latin America & Caribbean,Cluster 2: Latin America & Caribbean
BLZ,2020,2,5,39,Latin America & Caribbean,Cluster 2: Latin America & Caribbean
BMU,2020,4,4,40,South & South-East Asia,Cluster 4: South & South-East Asia
BRB,2020,4,0,41,South & South-East Asia,Cluster 4: South & South-East Asia
GHA,2020,5,6,2,Sub-Saharan Africa,Cluster 5: Sub-Saharan Africa
GLP,2020,7,2,42,Sub-Saharan Africa & Latin America,Cluster 7: Sub-Saharan Africa & Latin America
GUF,2020,0,4,43,Latin America & Caribbean,Cluster 0: Latin America & Caribbean
LCA,2020,4,0,44,South & South-East Asia,Cluster 4: South & South-East Asia
MTQ,2020,7,2,45,Sub-Saharan Africa & Latin America,Cluster 7: Sub-Saharan Africa & Latin America
TCA,2020,0,4,46,Latin America & Caribbean,Cluster 0: Latin America & Caribbean
TTO,2020,2,5,2,Latin America & Caribbean,Cluster 2: Latin America & Caribbean
VGB,2020,2,4,47,Latin America & Caribbean,Cluster 2: Latin America & Caribbean
BDI,2020,1,3,2,Sub-Saharan Africa,Cluster 1: Sub-Saharan Africa
BEN,2020,5,6,2,Sub-Saharan Africa,Cluster 5: Sub-Saharan Africa
BFA,2020,5,6,2,Sub-Saharan Africa,Cluster 5: Sub-Saharan Africa
BHS,2020,0,4,48,Latin America & Caribbean,Cluster 0: Latin America & Caribbean
BIH,2020,6,1,2,Pan-Europe,Cluster 6: Pan-Europe
BLR,2020,6,1,2,Pan-Europe,Cluster 6: Pan-Europe
BRN,2020,4,0,49,South & South-East Asia,Cluster 4: South & South-East Asia
BTN,2020,4,0,50,South & South-East Asia,Cluster 4: South & South-East Asia
BWA,2020,1,3,51,Sub-Saharan Africa,Cluster 1: Sub-Saharan Africa
CAF,2020,1,3,2,Sub-Saharan Africa,Cluster 1: Sub-Saharan Africa
CMR,2020,1,3,2,Sub-Saharan Africa,Cluster 1: Sub-Saharan Africa
COK,2020,4,0,52,South & South-East Asia,Cluster 4: South & South-East Asia
CYM,2020,0,4,53,Latin America & Caribbean,Cluster 0: Latin America & Caribbean
DJI,2020,1,3,54,Sub-Saharan Africa,Cluster 1: Sub-Saharan Africa
FIN,2020,3,7,2,Western Asia,Cluster 3: Western Asia
FLK,2020,6,1,55,Pan-Europe,Cluster 6: Pan-Europe
GAB,2020,5,6,56,Sub-Saharan Africa,Cluster 5: Sub-Saharan Africa
GIB,2020,6,1,57,Pan-Europe,Cluster 6: Pan-Europe
GMB,2020,1,2,58,Sub-Saharan Africa,Cluster 1: Sub-Saharan Africa
GUM,2020,4,0,59,South & South-East Asia,Cluster 4: South & South-East Asia
HKG,2020,4,0,2,South & South-East Asia,Cluster 4: South & South-East Asia
IMN,2020,6,1,60,Pan-Europe,Cluster 6: Pan-Europe
ISL,2020,6,1,61,Pan-Europe,Cluster 6: Pan-Europe
KEN,2020,1,3,2,Sub-Saharan Africa,Cluster 1: Sub-Saharan Africa
KGZ,2020,6,1,2,Pan-Europe,Cluster 6: Pan-Europe
KHM,2020,4,0,2,South & South-East Asia,Cluster 4: South & South-East Asia
KIR,2020,4,0,62,South & South-East Asia,Cluster 4: South & South-East Asia
LBR,2020,5,6,63,Sub-Saharan Africa,Cluster 5: Sub-Saharan Africa
LBY,2020,3,7,2,Western Asia,Cluster 3: Western Asia
LSO,2020,1,3,14,Sub-Saharan Africa,Cluster 1: Sub-Saharan Africa
LUX,2020,7,2,64,Sub-Saharan Africa & Latin America,Cluster 7: Sub-Saharan Africa & Latin America
LVA,2020,6,1,65,Pan-Europe,Cluster 6: Pan-Europe
MAC,2020,4,0,66,South & South-East Asia,Cluster 4: South & South-East Asia
MCO,2020,7,2,67,Sub-Saharan Africa & Latin America,Cluster 7: Sub-Saharan Africa & Latin America
MDA,2020,6,1,2,Pan-Europe,Cluster 6: Pan-Europe
MDG,2020,7,2,2,Sub-Saharan Africa & Latin America,Cluster 7: Sub-Saharan Africa & Latin America
MDV,2020,4,0,68,South & South-East Asia,Cluster 4: South & South-East Asia
MLI,2020,5,6,2,Sub-Saharan Africa,Cluster 5: Sub-Saharan Africa
MLT,2020,4,0,69,South & South-East Asia,Cluster 4: South & South-East Asia
MMR,2020,4,0,2,South & South-East Asia,Cluster 4: South & South-East Asia
MNG,2020,6,1,70,Pan-Europe,Cluster 6: Pan-Europe
MUS,2020,7,2,71,Sub-Saharan Africa & Latin America,Cluster 7: Sub-Saharan Africa & Latin America
MWI,2020,1,3,14,Sub-Saharan Africa,Cluster 1: Sub-Saharan Africa
MYS,2020,4,0,2,South & South-East Asia,Cluster 4: South & South-East Asia
NCL,2020,7,2,72,Sub-Saharan Africa & Latin America,Cluster 7: Sub-Saharan Africa & Latin America
NIU,2020,4,0,73,South & South-East Asia,Cluster 4: South & South-East Asia
NRU,2020,4,0,74,South & South-East Asia,Cluster 4: South & South-East Asia
OMN,2020,4,0,2,South & South-East Asia,Cluster 4: South & South-East Asia
PNG,2020,4,0,75,South & South-East Asia,Cluster 4: South & South-East Asia
PYF,2020,7,2,76,Sub-Saharan Africa & Latin America,Cluster 7: Sub-Saharan Africa & Latin America
REU,2020,7,2,77,Sub-Saharan Africa & Latin America,Cluster 7: Sub-Saharan Africa & Latin America
SGP,2020,4,0,78,South & South-East Asia,Cluster 4: South & South-East Asia
SLB,2020,4,0,79,South & South-East Asia,Cluster 4: South & South-East Asia
SLE,2020,5,6,80,Sub-Saharan Africa,Cluster 5: Sub-Saharan Africa
SWZ,2020,1,3,81,Sub-Saharan Africa,Cluster 1: Sub-Saharan Africa
SYC,2020,1,3,82,Sub-Saharan Africa,Cluster 1: Sub-Saharan Africa
TGO,2020,5,6,2,Sub-Saharan Africa,Cluster 5: Sub-Saharan Africa
TLS,2020,4,0,83,South & South-East Asia,Cluster 4: South & South-East Asia
TUV,2020,4,0,84,South & South-East Asia,Cluster 4: South & South-East Asia
TZA,2020,1,3,85,Sub-Saharan Africa,Cluster 1: Sub-Saharan Africa
UGA,2020,1,3,2,Sub-Saharan Africa,Cluster 1: Sub-Saharan Africa
VUT,2020,7,2,86,Sub-Saharan Africa & Latin America,Cluster 7: Sub-Saharan Africa & Latin America
ZWE,2020,1,3,14,Sub-Saharan Africa,Cluster 1: Sub-Saharan Africa
MRT,2020,7,2,87,Sub-Saharan Africa & Latin America,Cluster 7: Sub-Saharan Africa & Latin America
NER,2020,5,6,2,Sub-Saharan Africa,Cluster 5: Sub-Saharan Africa
GNB,2020,1,2,88,Sub-Saharan Africa,Cluster 1: Sub-Saharan Africa
LIE,2020,6,1,89,Pan-Europe,Cluster 6: Pan-Europe
SMR,2020,6,1,90,Pan-Europe,Cluster 6: Pan-Europe
CHI,2020,6,1,91,Pan-Europe,Cluster 6: Pan-Europe
VAT,2020,7,2,92,Sub-Saharan Africa & Latin America,Cluster 7: Sub-Saharan Africa & Latin America
GNQ,2020,5,6,93,Sub-Saharan Africa,Cluster 5: Sub-Saharan Africa
COM,2020,7,2,2,Sub-Saharan Africa & Latin America,Cluster 7: Sub-Saharan Africa & Latin America
GRL,2020,6,1,94,Pan-Europe,Cluster 6: Pan-Europe
FRO,2020,6,1,95,Pan-Europe,Cluster 6: Pan-Europe
SHN,2020,6,1,96,Pan-Europe,Cluster 6: Pan-Europe
SPM,2020,7,2,97,Sub-Saharan Africa & Latin America,Cluster 7: Sub-Saharan Africa & Latin America
WLF,2020,7,2,98,Sub-Saharan Africa & Latin America,Cluster 7: Sub-Saharan Africa & Latin America
ESH,2020,7,2,2,Sub-Saharan Africa & Latin America,Cluster 7: Sub-Saharan Africa & Latin America
FSM,2020,4,0,99,South & South-East Asia,Cluster 4: South & South-East Asia
MHL,2020,4,0,100,South & South-East Asia,Cluster 4: South & South-East Asia
MNP,2020,4,0,101,South & South-East Asia,Cluster 4: South & South-East Asia
PLW,2020,4,0,102,South & South-East Asia,Cluster 4: South & South-East Asia
MYT,2020,7,2,2,Sub-Saharan Africa & Latin America,Cluster 7: Sub-Saharan Africa & Latin America
BES,2025,0,5,0,Latin America,Cluster 0: Latin America
ABW,2025,0,5,1,Latin America,Cluster 0: Latin America
CHN,2025,4,0,2,South-Eastern Asia & Polynesia,Cluster 4: South-Eastern Asia & Polynesia
COL,2025,0,5,3,Latin America,Cluster 0: Latin America
CUW,2025,0,5,4,Latin America,Cluster 0: Latin America
DMA,2025,2,0,5,Latin America & Caribbean,Cluster 2: Latin America & Caribbean
DOM,2025,2,1,3,Latin America & Caribbean,Cluster 2: Latin America & Caribbean
GRD,2025,2,0,6,Latin America & Caribbean,Cluster 2: Latin America & Caribbean
GUY,2025,0,5,3,Latin America,Cluster 0: Latin America
HTI,2025,2,1,3,Latin America & Caribbean,Cluster 2: Latin America & Caribbean
IND,2025,4,0,2,South-Eastern Asia & Polynesia,Cluster 4: South-Eastern Asia & Polynesia
JAM,2025,2,0,7,Latin America & Caribbean,Cluster 2: Latin America & Caribbean
NIC,2025,2,0,8,Latin America & Caribbean,Cluster 2: Latin America & Caribbean
NLD,2025,5,2,2,Pan-Europe,Cluster 5: Pan-Europe
PER,2025,0,5,3,Latin America,Cluster 0: Latin America
PHL,2025,4,0,2,South-Eastern Asia & Polynesia,Cluster 4: South-Eastern Asia & Polynesia
PRT,2025,3,1,9,Sub-Saharan Africa,Cluster 3: Sub-Saharan Africa
SUR,2025,5,2,10,Pan-Europe,Cluster 5: Pan-Europe
SXM,2025,2,1,11,Latin America & Caribbean,Cluster 2: Latin America & Caribbean
TUR,2025,5,2,2,Pan-Europe,Cluster 5: Pan-Europe
USA,2025,2,0,2,Latin America & Caribbean,Cluster 2: Latin America & Caribbean
VCT,2025,2,0,12,Latin America & Caribbean,Cluster 2: Latin America & Caribbean
VEN,2025,0,5,3,Latin America,Cluster 0: Latin America
PAK,2025,5,0,2,Pan-Europe,Cluster 5: Pan-Europe
AFG,2025,5,2,2,Pan-Europe,Cluster 5: Pan-Europe
TJK,2025,1,4,13,Western Asia & Central Asia,Cluster 1: Western Asia & Central Asia
UZB,2025,1,4,2,Western Asia & Central Asia,Cluster 1: Western Asia & Central Asia
CIV,2025,6,1,14,Sub-Saharan Africa,Cluster 6: Sub-Saharan Africa
AGO,2025,3,1,15,Sub-Saharan Africa,Cluster 3: Sub-Saharan Africa
COD,2025,3,3,2,Sub-Saharan Africa,Cluster 3: Sub-Saharan Africa
COG,2025,3,3,16,Sub-Saharan Africa,Cluster 3: Sub-Saharan Africa
CPV,2025,3,1,17,Sub-Saharan Africa,Cluster 3: Sub-Saharan Africa
GIN,2025,6,1,18,Sub-Saharan Africa,Cluster 6: Sub-Saharan Africa
MOZ,2025,3,3,19,Sub-Saharan Africa,Cluster 3: Sub-Saharan Africa
NAM,2025,3,3,20,Sub-Saharan Africa,Cluster 3: Sub-Saharan Africa
RWA,2025,3,3,21,Sub-Saharan Africa,Cluster 3: Sub-Saharan Africa
STP,2025,3,1,22,Sub-Saharan Africa,Cluster 3: Sub-Saharan Africa
TCD,2025,3,3,2,Sub-Saharan Africa,Cluster 3: Sub-Saharan Africa
ZAF,2025,3,3,23,Sub-Saharan Africa,Cluster 3: Sub-Saharan Africa
ZMB,2025,3,3,24,Sub-Saharan Africa,Cluster 3: Sub-Saharan Africa
CAN,2025,2,0,2,Latin America & Caribbean,Cluster 2: Latin America & Caribbean
AIA,2025,2,0,25,Latin America & Caribbean,Cluster 2: Latin America & Caribbean
GBR,2025,5,2,2,Pan-Europe,Cluster 5: Pan-Europe
KNA,2025,2,0,26,Latin America & Caribbean,Cluster 2: Latin America & Caribbean
MSR,2025,2,0,27,Latin America & Caribbean,Cluster 2: Latin America & Caribbean
VIR,2025,2,0,28,Latin America & Caribbean,Cluster 2: Latin America & Caribbean
ALB,2025,5,1,29,Pan-Europe,Cluster 5: Pan-Europe
GRC,2025,5,2,2,Pan-Europe,Cluster 5: Pan-Europe
ITA,2025,5,2,2,Pan-Europe,Cluster 5: Pan-Europe
MKD,2025,5,2,30,Pan-Europe,Cluster 5: Pan-Europe
ARG,2025,2,1,31,Latin America & Caribbean,Cluster 2: Latin America & Caribbean
AND,2025,5,1,32,Pan-Europe,Cluster 5: Pan-Europe
BEL,2025,5,1,33,Pan-Europe,Cluster 5: Pan-Europe
CHL,2025,2,1,31,Latin America & Caribbean,Cluster 2: Latin America & Caribbean
DEU,2025,5,2,2,Pan-Europe,Cluster 5: Pan-Europe
ESP,2025,5,1,2,Pan-Europe,Cluster 5: Pan-Europe
FRA,2025,5,1,2,Pan-Europe,Cluster 5: Pan-Europe
MAR,2025,5,1,2,Pan-Europe,Cluster 5: Pan-Europe
URY,2025,2,1,34,Latin America & Caribbean,Cluster 2: Latin America & Caribbean
ARE,2025,1,0,2,Western Asia & Central Asia,Cluster 1: Western Asia & Central Asia
BGD,2025,4,0,2,South-Eastern Asia & Polynesia,Cluster 4: South-Eastern Asia & Polynesia
BHR,2025,4,0,35,South-Eastern Asia & Polynesia,Cluster 4: South-Eastern Asia & Polynesia
EGY,2025,1,4,2,Western Asia & Central Asia,Cluster 1: Western Asia & Central Asia
ERI,2025,5,2,36,Pan-Europe,Cluster 5: Pan-Europe
ETH,2025,3,3,2,Sub-Saharan Africa,Cluster 3: Sub-Saharan Africa
IDN,2025,4,0,2,South-Eastern Asia & Polynesia,Cluster 4: South-Eastern Asia & Polynesia
JOR,2025,1,4,2,Western Asia & Central Asia,Cluster 1: Western Asia & Central Asia
KWT,2025,1,0,2,Western Asia & Central Asia,Cluster 1: Western Asia & Central Asia
LBN,2025,1,4,2,Western Asia & Central Asia,Cluster 1: Western Asia & Central Asia
LKA,2025,4,0,37,South-Eastern Asia & Polynesia,Cluster 4: South-Eastern Asia & Polynesia
NGA,2025,6,1,2,Sub-Saharan Africa,Cluster 6: Sub-Saharan Africa
NPL,2025,4,0,2,South-Eastern Asia & Polynesia,Cluster 4: South-Eastern Asia & Polynesia
PSE,2025,1,4,2,Western Asia & Central Asia,Cluster 1: Western Asia & Central Asia
QAT,2025,4,0,38,South-Eastern Asia & Polynesia,Cluster 4: South-Eastern Asia & Polynesia
SAU,2025,4,0,2,South-Eastern Asia & Polynesia,Cluster 4: South-Eastern Asia & Polynesia
SDN,2025,3,3,2,Sub-Saharan Africa,Cluster 3: Sub-Saharan Africa
SOM,2025,3,3,2,Sub-Saharan Africa,Cluster 3: Sub-Saharan Africa
SSD,2025,3,3,2,Sub-Saharan Africa,Cluster 3: Sub-Saharan Africa
SYR,2025,5,2,2,Pan-Europe,Cluster 5: Pan-Europe
THA,2025,4,0,2,South-Eastern Asia & Polynesia,Cluster 4: South-Eastern Asia & Polynesia
TUN,2025,5,1,2,Pan-Europe,Cluster 5: Pan-Europe
YEM,2025,4,0,2,South-Eastern Asia & Polynesia,Cluster 4: South-Eastern Asia & Polynesia
ARM,2025,1,4,39,Western Asia & Central Asia,Cluster 1: Western Asia & Central Asia
AUS,2025,4,0,2,South-Eastern Asia & Polynesia,Cluster 4: South-Eastern Asia & Polynesia
AUT,2025,5,2,40,Pan-Europe,Cluster 5: Pan-Europe
BGR,2025,5,2,2,Pan-Europe,Cluster 5: Pan-Europe
BOL,2025,2,1,31,Latin America & Caribbean,Cluster 2: Latin America & Caribbean
BRA,2025,2,1,3,Latin America & Caribbean,Cluster 2: Latin America & Caribbean
CHE,2025,5,2,2,Pan-Europe,Cluster 5: Pan-Europe
CRI,2025,2,0,41,Latin America & Caribbean,Cluster 2: Latin America & Caribbean
CUB,2025,2,0,2,Latin America & Caribbean,Cluster 2: Latin America & Caribbean
CYP,2025,3,2,42,Sub-Saharan Africa,Cluster 3: Sub-Saharan Africa
CZE,2025,5,2,2,Pan-Europe,Cluster 5: Pan-Europe
DNK,2025,5,2,43,Pan-Europe,Cluster 5: Pan-Europe
DZA,2025,5,1,2,Pan-Europe,Cluster 5: Pan-Europe
ECU,2025,5,1,2,Pan-Europe,Cluster 5: Pan-Europe
EST,2025,1,4,44,Western Asia & Central Asia,Cluster 1: Western Asia & Central Asia
GTM,2025,2,0,2,Latin America & Caribbean,Cluster 2: Latin America & Caribbean
HND,2025,2,0,2,Latin America & Caribbean,Cluster 2: Latin America & Caribbean
HRV,2025,5,2,2,Pan-Europe,Cluster 5: Pan-Europe
HUN,2025,5,2,45,Pan-Europe,Cluster 5: Pan-Europe
IRL,2025,5,2,2,Pan-Europe,Cluster 5: Pan-Europe
IRN,2025,5,2,2,Pan-Europe,Cluster 5: Pan-Europe
ISR,2025,1,1,46,Western Asia & Central Asia,Cluster 1: Western Asia & Central Asia
JPN,2025,2,0,2,Latin America & Caribbean,Cluster 2: Latin America & Caribbean
KOR,2025,2,0,2,Latin America & Caribbean,Cluster 2: Latin America & Caribbean
LAO,2025,4,0,2,South-Eastern Asia & Polynesia,Cluster 4: South-Eastern Asia & Polynesia
LTU,2025,5,2,47,Pan-Europe,Cluster 5: Pan-Europe
MEX,2025,2,0,2,Latin America & Caribbean,Cluster 2: Latin America & Caribbean
MNE,2025,5,2,48,Pan-Europe,Cluster 5: Pan-Europe
NOR,2025,5,2,49,Pan-Europe,Cluster 5: Pan-Europe
NZL,2025,4,0,2,South-Eastern Asia & Polynesia,Cluster 4: South-Eastern Asia & Polynesia
PAN,2025,2,0,50,Latin America & Caribbean,Cluster 2: Latin America & Caribbean
POL,2025,5,2,2,Pan-Europe,Cluster 5: Pan-Europe
PRI,2025,2,0,2,Latin America & Caribbean,Cluster 2: Latin America & Caribbean
PRK,2025,2,0,51,Latin America & Caribbean,Cluster 2: Latin America & Caribbean
PRY,2025,2,1,31,Latin America & Caribbean,Cluster 2: Latin America & Caribbean
ROU,2025,5,2,2,Pan-Europe,Cluster 5: Pan-Europe
RUS,2025,1,4,2,Western Asia & Central Asia,Cluster 1: Western Asia & Central Asia
SEN,2025,5,1,52,Pan-Europe,Cluster 5: Pan-Europe
SLV,2025,2,0,2,Latin America & Caribbean,Cluster 2: Latin America & Caribbean
SRB,2025,5,2,2,Pan-Europe,Cluster 5: Pan-Europe
SVK,2025,5,2,53,Pan-Europe,Cluster 5: Pan-Europe
SVN,2025,5,2,54,Pan-Europe,Cluster 5: Pan-Europe
SWE,2025,5,2,2,Pan-Europe,Cluster 5: Pan-Europe
TWN,2025,2,0,2,Latin America & Caribbean,Cluster 2: Latin America & Caribbean
UKR,2025,1,4,2,Western Asia & Central Asia,Cluster 1: Western Asia & Central Asia
AZE,2025,1,4,2,Western Asia & Central Asia,Cluster 1: Western Asia & Central Asia
GEO,2025,1,4,55,Western Asia & Central Asia,Cluster 1: Western Asia & Central Asia
IRQ,2025,5,2,2,Pan-Europe,Cluster 5: Pan-Europe
KAZ,2025,1,4,2,Western Asia & Central Asia,Cluster 1: Western Asia & Central Asia
TKM,2025,5,2,2,Pan-Europe,Cluster 5: Pan-Europe
ASM,2025,4,0,56,South-Eastern Asia & Polynesia,Cluster 4: South-Eastern Asia & Polynesia
FJI,2025,4,0,57,South-Eastern Asia & Polynesia,Cluster 4: South-Eastern Asia & Polynesia
TKL,2025,4,0,58,South-Eastern Asia & Polynesia,Cluster 4: South-Eastern Asia & Polynesia
TON,2025,4,0,59,South-Eastern Asia & Polynesia,Cluster 4: South-Eastern Asia & Polynesia
VNM,2025,2,0,2,Latin America & Caribbean,Cluster 2: Latin America & Caribbean
WSM,2025,4,0,60,South-Eastern Asia & Polynesia,Cluster 4: South-Eastern Asia & Polynesia
ATG,2025,2,0,61,Latin America & Caribbean,Cluster 2: Latin America & Caribbean
BLZ,2025,2,0,62,Latin America & Caribbean,Cluster 2: Latin America & Caribbean
BMU,2025,2,0,63,Latin America & Caribbean,Cluster 2: Latin America & Caribbean
BRB,2025,2,0,64,Latin America & Caribbean,Cluster 2: Latin America & Caribbean
GHA,2025,6,1,65,Sub-Saharan Africa,Cluster 6: Sub-Saharan Africa
GLP,2025,5,1,66,Pan-Europe,Cluster 5: Pan-Europe
GUF,2025,2,1,67,Latin America & Caribbean,Cluster 2: Latin America & Caribbean
LCA,2025,2,0,68,Latin America & Caribbean,Cluster 2: Latin America & Caribbean
MTQ,2025,5,1,69,Pan-Europe,Cluster 5: Pan-Europe
TCA,2025,2,1,70,Latin America & Caribbean,Cluster 2: Latin America & Caribbean
TTO,2025,2,0,71,Latin America & Caribbean,Cluster 2: Latin America & Caribbean
VGB,2025,2,0,72,Latin America & Caribbean,Cluster 2: Latin America & Caribbean
BDI,2025,3,3,73,Sub-Saharan Africa,Cluster 3: Sub-Saharan Africa
BEN,2025,6,1,2,Sub-Saharan Africa,Cluster 6: Sub-Saharan Africa
BFA,2025,6,1,14,Sub-Saharan Africa,Cluster 6: Sub-Saharan Africa
BHS,2025,2,1,74,Latin America & Caribbean,Cluster 2: Latin America & Caribbean
BIH,2025,5,2,2,Pan-Europe,Cluster 5: Pan-Europe
BLR,2025,1,4,2,Western Asia & Central Asia,Cluster 1: Western Asia & Central Asia
BRN,2025,4,0,75,South-Eastern Asia & Polynesia,Cluster 4: South-Eastern Asia & Polynesia
BTN,2025,4,0,76,South-Eastern Asia & Polynesia,Cluster 4: South-Eastern Asia & Polynesia
BWA,2025,3,3,77,Sub-Saharan Africa,Cluster 3: Sub-Saharan Africa
CAF,2025,3,3,2,Sub-Saharan Africa,Cluster 3: Sub-Saharan Africa
CMR,2025,3,3,2,Sub-Saharan Africa,Cluster 3: Sub-Saharan Africa
COK,2025,4,0,78,South-Eastern Asia & Polynesia,Cluster 4: South-Eastern Asia & Polynesia
CYM,2025,2,0,79,Latin America & Caribbean,Cluster 2: Latin America & Caribbean
DJI,2025,3,3,80,Sub-Saharan Africa,Cluster 3: Sub-Saharan Africa
FIN,2025,5,2,81,Pan-Europe,Cluster 5: Pan-Europe
FLK,2025,5,2,82,Pan-Europe,Cluster 5: Pan-Europe
GAB,2025,6,1,83,Sub-Saharan Africa,Cluster 6: Sub-Saharan Africa
GIB,2025,5,2,84,Pan-Europe,Cluster 5: Pan-Europe
GMB,2025,3,1,85,Sub-Saharan Africa,Cluster 3: Sub-Saharan Africa
GUM,2025,4,0,86,South-Eastern Asia & Polynesia,Cluster 4: South-Eastern Asia & Polynesia
HKG,2025,4,0,2,South-Eastern Asia & Polynesia,Cluster 4: South-Eastern Asia & Polynesia
IMN,2025,5,2,87,Pan-Europe,Cluster 5: Pan-Europe
ISL,2025,5,2,88,Pan-Europe,Cluster 5: Pan-Europe
KEN,2025,3,3,2,Sub-Saharan Africa,Cluster 3: Sub-Saharan Africa
KGZ,2025,1,4,2,Western Asia & Central Asia,Cluster 1: Western Asia & Central Asia
KHM,2025,4,0,2,South-Eastern Asia & Polynesia,Cluster 4: South-Eastern Asia & Polynesia
KIR,2025,4,0,89,South-Eastern Asia & Polynesia,Cluster 4: South-Eastern Asia & Polynesia
LBR,2025,6,1,90,Sub-Saharan Africa,Cluster 6: Sub-Saharan Africa
LBY,2025,1,4,2,Western Asia & Central Asia,Cluster 1: Western Asia & Central Asia
LSO,2025,3,3,23,Sub-Saharan Africa,Cluster 3: Sub-Saharan Africa
LUX,2025,5,1,91,Pan-Europe,Cluster 5: Pan-Europe
LVA,2025,1,4,92,Western Asia & Central Asia,Cluster 1: Western Asia & Central Asia
MAC,2025,4,0,93,South-Eastern Asia & Polynesia,Cluster 4: South-Eastern Asia & Polynesia
MCO,2025,5,1,94,Pan-Europe,Cluster 5: Pan-Europe
MDA,2025,5,2,2,Pan-Europe,Cluster 5: Pan-Europe
MDG,2025,5,1,95,Pan-Europe,Cluster 5: Pan-Europe
MDV,2025,4,0,96,South-Eastern Asia & Polynesia,Cluster 4: South-Eastern Asia & Polynesia
MLI,2025,6,1,14,Sub-Saharan Africa,Cluster 6: Sub-Saharan Africa
MLT,2025,5,2,97,Pan-Europe,Cluster 5: Pan-Europe
MMR,2025,4,0,2,South-Eastern Asia & Polynesia,Cluster 4: South-Eastern Asia & Polynesia
MNG,2025,2,0,98,Latin America & Caribbean,Cluster 2: Latin America & Caribbean
MUS,2025,5,1,99,Pan-Europe,Cluster 5: Pan-Europe
MWI,2025,3,3,100,Sub-Saharan Africa,Cluster 3: Sub-Saharan Africa
MYS,2025,4,0,2,South-Eastern Asia & Polynesia,Cluster 4: South-Eastern Asia & Polynesia
NCL,2025,5,1,101,Pan-Europe,Cluster 5: Pan-Europe
NIU,2025,4,0,102,South-Eastern Asia & Polynesia,Cluster 4: South-Eastern Asia & Polynesia
NRU,2025,4,0,103,South-Eastern Asia & Polynesia,Cluster 4: South-Eastern Asia & Polynesia
OMN,2025,4,0,104,South-Eastern Asia & Polynesia,Cluster 4: South-Eastern Asia & Polynesia
PNG,2025,4,0,105,South-Eastern Asia & Polynesia,Cluster 4: South-Eastern Asia & Polynesia
PYF,2025,5,1,106,Pan-Europe,Cluster 5: Pan-Europe
REU,2025,5,1,107,Pan-Europe,Cluster 5: Pan-Europe
SGP,2025,4,0,108,South-Eastern Asia & Polynesia,Cluster 4: South-Eastern Asia & Polynesia
SLB,2025,4,0,109,South-Eastern Asia & Polynesia,Cluster 4: South-Eastern Asia & Polynesia
SLE,2025,6,1,110,Sub-Saharan Africa,Cluster 6: Sub-Saharan Africa
SWZ,2025,3,3,111,Sub-Saharan Africa,Cluster 3: Sub-Saharan Africa
SYC,2025,3,3,112,Sub-Saharan Africa,Cluster 3: Sub-Saharan Africa
TGO,2025,6,1,113,Sub-Saharan Africa,Cluster 6: Sub-Saharan Africa
TLS,2025,4,0,114,South-Eastern Asia & Polynesia,Cluster 4: South-Eastern Asia & Polynesia
TUV,2025,4,0,115,South-Eastern Asia & Polynesia,Cluster 4: South-Eastern Asia & Polynesia
TZA,2025,3,3,116,Sub-Saharan Africa,Cluster 3: Sub-Saharan Africa
UGA,2025,3,3,117,Sub-Saharan Africa,Cluster 3: Sub-Saharan Africa
VUT,2025,4,1,118,South-Eastern Asia & Polynesia,Cluster 4: South-Eastern Asia & Polynesia
ZWE,2025,3,3,23,Sub-Saharan Africa,Cluster 3: Sub-Saharan Africa
MRT,2025,5,1,119,Pan-Europe,Cluster 5: Pan-Europe
NER,2025,6,1,120,Sub-Saharan Africa,Cluster 6: Sub-Saharan Africa
GNB,2025,3,1,121,Sub-Saharan Africa,Cluster 3: Sub-Saharan Africa
LIE,2025,5,2,122,Pan-Europe,Cluster 5: Pan-Europe
SMR,2025,5,2,123,Pan-Europe,Cluster 5: Pan-Europe
CHI,2025,5,2,124,Pan-Europe,Cluster 5: Pan-Europe
VAT,2025,2,1,125,Latin America & Caribbean,Cluster 2: Latin America & Caribbean
GNQ,2025,6,1,126,Sub-Saharan Africa,Cluster 6: Sub-Saharan Africa
COM,2025,5,1,127,Pan-Europe,Cluster 5: Pan-Europe
GRL,2025,5,2,128,Pan-Europe,Cluster 5: Pan-Europe
FRO,2025,5,2,129,Pan-Europe,Cluster 5: Pan-Europe
SHN,2025,5,2,130,Pan-Europe,Cluster 5: Pan-Europe
SPM,2025,5,1,131,Pan-Europe,Cluster 5: Pan-Europe
WLF,2025,5,1,132,Pan-Europe,Cluster 5: Pan-Europe
ESH,2025,5,1,133,Pan-Europe,Cluster 5: Pan-Europe
FSM,2025,4,0,134,South-Eastern Asia & Polynesia,Cluster 4: South-Eastern Asia & Polynesia
MHL,2025,2,0,135,Latin America & Caribbean,Cluster 2: Latin America & Caribbean
MNP,2025,4,0,136,South-Eastern Asia & Polynesia,Cluster 4: South-Eastern Asia & Polynesia
PLW,2025,4,0,137,South-Eastern Asia & Polynesia,Cluster 4: South-Eastern Asia & Polynesia
MYT,2025,5,1,138,Pan-Europe,Cluster 5: Pan-Europe
