year,n_nodes,n_edges,density,total_migrant_stock,avg_weight,max_weight,n_weakly_connected_components,largest_wcc_size,avg_clustering,avg_shortest_path_length
1990,181,6343,0.1946899938612646,63323088.0,9983.14488412423,2867854.0,1,181,0.6948439810592741,1.701903007980356
1995,181,6566,0.20153468385512585,67260109.0,10243.696162046908,3176773.0,1,181,0.7094435994385262,1.6902394106813996
2000,181,6677,0.2049416820135052,70601374.0,10573.816684139583,4130098.0,1,181,0.7096296114009756,1.6845917740945364
2005,181,6806,0.20890116635972988,76564478.0,11249.55598001763,4959003.0,1,181,0.7170332451884412,1.678084714548803
2010,181,6926,0.21258440761203193,87575667.0,12644.479786312446,5536043.0,1,181,0.7154947951973812,1.670841006752609
2015,181,7072,0.21706568446899938,96822089.0,13690.90625,5713555.0,1,181,0.7196539605518293,1.660282381829343
2020,181,7156,0.2196439533456108,103996041.0,14532.70556176635,5415408.0,1,181,0.7253823446011479,1.6583179864947821
2025,181,6975,0.21408839779005526,132207032.53666872,18954.41326690602,5642351.020833334,1,181,0.7148100057185173,1.667526089625537
