iso3,year,in_degree_centrality,out_degree_centrality,in_strength,out_strength,betweenness_centrality,pagerank,country_name,continent,un_region,income_group,louvain_community,leiden_community,gn_community,dominant_region,community_label,boundary_score,is_boundary_node,gdp_per_capita,population,unemployment,conflict_intensity,education_index,climate_vulnerability,visa_openness_index
BES,1990,0.0,0.0344827586206896,0.0,1631.0,0.0,0.0006437768240343,"Bonaire, Sint Eustatius and Saba",Americas,Caribbean,High income,0,1,0,Latin America & Sub-Saharan Africa,Cluster 0: Latin America & Sub-Saharan Africa,0.5714285714285714,True,,,,,,,
ABW,1990,0.0948275862068965,0.0603448275862068,6322.0,2585.0,0.0,0.0016393052707461,Aruba,Americas,Caribbean,High income,0,1,1,Latin America & Sub-Saharan Africa,Cluster 0: Latin America & Sub-Saharan Africa,0.5714285714285714,True,12187.5363611898,62753.0,,0.0,,,
CHN,1990,0.418103448275862,0.5862068965517241,187067.0,1890424.0,0.0924530713539334,0.0056111021276406,China,Asia,Eastern Asia,Upper middle income,1,0,2,Latin America & Sub-Saharan Africa,Cluster 1: Latin America & Sub-Saharan Africa,0.7142857142857143,True,318.50335359039,1135185000.0,2.37,0.0,4.143789768,0.4157,15.0
COL,1990,0.2327586206896551,0.2284482758620689,47178.0,539538.0,0.0134125429168532,0.0036226362694324,Colombia,Americas,Latin America,Upper middle income,0,1,3,Latin America & Sub-Saharan Africa,Cluster 0: Latin America & Sub-Saharan Africa,0.7142857142857143,True,1474.8455285342,32440069.0,10.12,501.0,6.340998417,0.4442,23.0
CUW,1990,0.1853448275862069,0.0517241379310344,24672.0,1529.0,0.0148690103000447,0.0042792224261096,Curaçao,Americas,Caribbean,High income,0,1,4,Latin America & Sub-Saharan Africa,Cluster 0: Latin America & Sub-Saharan Africa,0.5714285714285714,True,15841.2612359949,145400.0,,0.0,,,
DMA,1990,0.1422413793103448,0.1206896551724137,985.0,10537.0,0.0042172339155097,0.00078260780967,Dominica,Americas,Caribbean,Upper middle income,1,0,5,Latin America & Sub-Saharan Africa,Cluster 1: Latin America & Sub-Saharan Africa,0.8571428571428571,True,2892.9815966454,69627.0,,0.0,7.84770598,0.478,37.4
DOM,1990,0.3793103448275862,0.2155172413793103,108940.0,273427.0,0.0134342812360053,0.004302319827745,Dominican Republic,Americas,Latin America,Upper middle income,0,1,6,Latin America & Sub-Saharan Africa,Cluster 0: Latin America & Sub-Saharan Africa,0.7142857142857143,True,989.163941207659,7151166.0,6.863,0.0,5.26625239,0.4463,18.0
GRD,1990,0.0646551724137931,0.0905172413793103,1413.0,13286.0,0.0,0.0007276065328544,Grenada,Americas,Caribbean,Upper middle income,1,0,7,Latin America & Sub-Saharan Africa,Cluster 1: Latin America & Sub-Saharan Africa,0.7142857142857143,True,2782.18396873619,99957.0,,0.0,9.635296401,0.4161,43.2
GUY,1990,0.0689655172413793,0.1594827586206896,1703.0,115269.0,4.3476638304224514e-05,0.0007209395234492,Guyana,Americas,Latin America,Upper middle income,0,1,8,Latin America & Sub-Saharan Africa,Cluster 0: Latin America & Sub-Saharan Africa,0.8571428571428571,True,528.851095342994,749894.0,12.092,0.0,5.273218506,0.4866,38.2
HTI,1990,0.0905172413793103,0.1767241379310344,7859.0,231253.0,0.0128473466188983,0.0009438279933768,Haiti,Americas,Latin America,Low income,0,1,6,Latin America & Sub-Saharan Africa,Cluster 0: Latin America & Sub-Saharan Africa,0.7142857142857143,True,451.720249689216,6854441.0,7.329,0.0,2.680190065,0.5309,15.8
IND,1990,0.1637931034482758,0.5043103448275862,3425966.0,2570867.0,0.1087785490371697,0.0159489196212209,India,Asia,South Asia,Lower middle income,2,6,2,South Asia,Cluster 2: South Asia,0.8571428571428571,True,371.085936203765,864972221.0,7.641,2396.0,2.78157628,0.5537,18.0
JAM,1990,0.0905172413793103,0.1982758620689655,9324.0,339896.0,0.0141299074488729,0.0016274864090672,Jamaica,Americas,Latin America,Upper middle income,1,0,9,Latin America & Sub-Saharan Africa,Cluster 1: Latin America & Sub-Saharan Africa,0.7142857142857143,True,1929.59891905857,2379877.0,6.233,0.0,6.683423858,0.4554,41.0
NIC,1990,0.2284482758620689,0.1508620689655172,19971.0,228917.0,0.0098257202567547,0.0016083338830862,Nicaragua,Americas,Latin America,Lower middle income,1,0,10,Latin America & Sub-Saharan Africa,Cluster 1: Latin America & Sub-Saharan Africa,0.5714285714285714,True,242.508390600822,4162559.0,7.909,39.0,4.09,0.4933,54.0
NLD,1990,0.1724137931034483,0.3577586206896552,551619.0,239611.0,0.0119125988953575,0.0061917846471885,Netherlands,Europe,Western Europe,High income,3,2,2,Pan-Europe,Cluster 3: Pan-Europe,0.7142857142857143,True,21322.1944802703,14951510.0,7.285,0.0,11.09854878,0.3197,90.7
PER,1990,0.2241379310344827,0.2284482758620689,18219.0,157780.0,0.0,0.0013980828214425,Peru,Americas,Latin America,Upper middle income,0,1,11,Latin America & Sub-Saharan Africa,Cluster 0: Latin America & Sub-Saharan Africa,0.7142857142857143,True,1199.66666756615,22014771.0,4.926,1099.0,7.781378166,0.4563,29.5
PHL,1990,0.0387931034482758,0.3620689655172414,43217.0,1229596.0,0.012782131661442,0.0019116202823282,Philippines,Asia,South-Eastern Asia,Lower middle income,4,3,2,Sub-Saharan Africa & Western Asia,Cluster 4: Sub-Saharan Africa & Western Asia,0.8571428571428571,True,803.572588255813,62854666.0,3.727,1316.0,7.178850174,0.5037,23.8
PRT,1990,0.5172413793103449,0.2672413793103448,223581.0,751598.0,0.0291510859829825,0.0053498995097174,Portugal,Europe,Southern Europe,High income,0,1,12,Latin America & Sub-Saharan Africa,Cluster 0: Latin America & Sub-Saharan Africa,1.0,True,7884.61798756332,9983218.0,3.919,0.0,5.270990553,0.3691,88.6
SUR,1990,0.0172413793103448,0.0862068965517241,4871.0,105873.0,0.0043041871921182,0.000695459981398,Suriname,Americas,Latin America,Upper middle income,3,2,2,Pan-Europe,Cluster 3: Pan-Europe,0.7142857142857143,True,941.591736102188,412493.0,17.189,0.0,7.778472662,0.4194,28.8
SXM,1990,0.1422413793103448,0.0344827586206896,11419.0,595.0,0.0,0.0042150654968326,Sint Maarten,Americas,Caribbean,High income,0,1,13,Latin America & Sub-Saharan Africa,Cluster 0: Latin America & Sub-Saharan Africa,0.7142857142857143,True,26403.8143692163,28061.0,,0.0,,,
TUR,1990,0.1896551724137931,0.3189655172413793,561682.0,845437.0,0.0097822436184505,0.00576314108593,Turkey,Asia,Western Asia,Upper middle income,3,2,2,Pan-Europe,Cluster 3: Pan-Europe,0.8571428571428571,True,2689.52621921233,56015628.0,8.21,526.0,4.455356985,0.4232,37.4
USA,1990,0.2543103448275862,0.6810344827586207,10485984.0,870689.0,0.5535445588893865,0.1258515239144536,United States,Americas,Northern America,High income,1,0,2,Latin America & Sub-Saharan Africa,Cluster 1: Latin America & Sub-Saharan Africa,0.5714285714285714,True,23888.6000088133,249623000.0,6.8,0.0,12.98377037,0.3172,93.6
VCT,1990,0.0646551724137931,0.0905172413793103,1920.0,12934.0,0.0,0.0012641973141337,Saint Vincent and the Grenadines,Americas,Caribbean,Upper middle income,1,0,14,Latin America & Sub-Saharan Africa,Cluster 1: Latin America & Sub-Saharan Africa,0.7142857142857143,True,2149.73944358984,111812.0,19.77,0.0,8.738285548,0.4769,46.1
VEN,1990,0.4870689655172414,0.2155172413793103,507371.0,112495.0,0.0610412001791312,0.0077302583190209,Venezuela,Americas,Latin America,Lower middle income,0,1,2,Latin America & Sub-Saharan Africa,Cluster 0: Latin America & Sub-Saharan Africa,0.7142857142857143,True,2451.5523114567,19827010.0,9.45,0.0,5.338530064,0.3832,66.2
PAK,1990,0.0344827586206896,0.3275862068965517,2941941.0,1189760.0,0.0111082810867293,0.0077351419092701,Pakistan,Asia,South Asia,Lower middle income,2,6,2,South Asia,Cluster 2: South Asia,1.0,True,344.45547384189,116155576.0,0.596,98.0,2.291861259,0.559,15.0
AFG,1990,0.0129310344827586,0.2198275862068965,22072.0,3480708.0,0.0133473279593969,0.0007405747809921,Afghanistan,Asia,South Asia,Low income,2,6,2,South Asia,Cluster 2: South Asia,1.0,True,174.930991430166,12045660.0,7.972,1478.0,0.871961963,0.6166,15.0
TJK,1990,0.1508620689655172,0.1034482758620689,240556.0,280096.0,0.0176732534706672,0.001388855321635,Tajikistan,Asia,Central Asia,Low income,5,5,2,Central Asia & Western Asia,Cluster 5: Central Asia & Western Asia,0.5714285714285714,True,487.03612866309,5398768.0,1.823,0.0,9.306605518,0.4177,19.4
UZB,1990,0.043103448275862,0.1508620689655172,888974.0,756748.0,0.0,0.0028556603432228,Uzbekistan,Asia,Central Asia,Lower middle income,5,5,2,Central Asia & Western Asia,Cluster 5: Central Asia & Western Asia,0.5714285714285714,True,652.9376529256,20464956.0,1.9,0.0,10.0474884,0.3725,17.3
CIV,1990,0.043103448275862,0.1422413793103448,727073.0,172729.0,0.0226513285565009,0.0112627446373004,Côte d'Ivoire,Africa,Sub-Saharan Africa,Lower middle income,6,4,15,Sub-Saharan Africa,Cluster 6: Sub-Saharan Africa,1.0,True,885.647842214928,12189778.0,6.595,0.0,4.585823318,0.4876,15.0
AGO,1990,0.0560344827586206,0.1379310344827586,12588.0,408463.0,0.0085431594267801,0.0009823982648777,Angola,Africa,Sub-Saharan Africa,Lower middle income,0,1,12,Latin America & Sub-Saharan Africa,Cluster 0: Latin America & Sub-Saharan Africa,1.0,True,965.866840464665,11626360.0,16.816,2558.0,3.425696188,0.4934,15.0
COD,1990,0.0301724137931034,0.1982758620689655,343785.0,197029.0,0.0160428795342588,0.0019536294557205,DR Congo,Africa,Sub-Saharan Africa,Low income,4,3,16,Sub-Saharan Africa & Western Asia,Cluster 4: Sub-Saharan Africa & Western Asia,1.0,True,254.872656292509,36684063.0,3.272,2.0,3.516495009,0.5595,15.0
COG,1990,0.0862068965517241,0.1293103448275862,61442.0,30654.0,0.0,0.0016754157201386,Congo,Africa,Sub-Saharan Africa,Lower middle income,1,4,17,Latin America & Sub-Saharan Africa,Cluster 1: Latin America & Sub-Saharan Africa,1.0,True,1175.66709098428,2380560.0,19.911,0.0,5.860829425,0.5582,19.4
CPV,1990,0.1508620689655172,0.0775862068965517,3617.0,25595.0,0.0043041871921182,0.0008342996863291,Cabo Verde,Africa,Sub-Saharan Africa,Lower middle income,0,1,18,Latin America & Sub-Saharan Africa,Cluster 0: Latin America & Sub-Saharan Africa,1.0,True,817.442925539738,375428.0,13.527,0.0,5.314436678,0.4353,15.0
GIN,1990,0.1336206896551724,0.146551724137931,201249.0,140070.0,0.0112604493207941,0.002906576522818,Guinea,Africa,Sub-Saharan Africa,Low income,6,4,15,Sub-Saharan Africa,Cluster 6: Sub-Saharan Africa,1.0,True,604.304422702532,6434374.0,4.56,0.0,1.313318515,0.5482,26.6
MOZ,1990,0.0689655172413793,0.125,52310.0,937419.0,0.0480851619644723,0.0022571854801352,Mozambique,Africa,Sub-Saharan Africa,Low income,0,1,12,Latin America & Sub-Saharan Africa,Cluster 0: Latin America & Sub-Saharan Africa,1.0,True,191.826096861406,13094537.0,2.838,1577.0,1.598693513,0.5196,15.8
NAM,1990,0.3534482758620689,0.0560344827586206,55159.0,22333.0,8.695327660844903e-05,0.002447586351767,Namibia,Africa,Sub-Saharan Africa,Upper middle income,1,0,19,Latin America & Sub-Saharan Africa,Cluster 1: Latin America & Sub-Saharan Africa,1.0,True,2037.47589359778,1369303.0,19.14,0.0,5.704538658,0.5084,29.5
RWA,1990,0.021551724137931,0.1077586206896551,68886.0,291336.0,0.0045215703836393,0.0017044632017504,Rwanda,Africa,Sub-Saharan Africa,Low income,4,0,20,Sub-Saharan Africa & Western Asia,Cluster 4: Sub-Saharan Africa & Western Asia,1.0,True,345.773495139137,7375307.0,12.335,1126.0,1.902254862,0.6146,16.6
STP,1990,0.0258620689655172,0.0344827586206896,2567.0,7064.0,0.0,0.0007083131418867,Sao Tome and Principe,Africa,Sub-Saharan Africa,Lower middle income,0,1,21,Latin America & Sub-Saharan Africa,Cluster 0: Latin America & Sub-Saharan Africa,1.0,True,970.059625606155,122980.0,14.493,0.0,4.109171154,0.5487,15.8
TCD,1990,0.043103448275862,0.0991379310344827,31802.0,165082.0,0.0011521309150619,0.0016952381481076,Chad,Africa,Sub-Saharan Africa,Low income,6,4,22,Sub-Saharan Africa,Cluster 6: Sub-Saharan Africa,1.0,True,290.599045262191,5982833.0,0.668,1352.0,1.283289695,0.6484,15.0
ZAF,1990,0.5129310344827586,0.2887931034482758,313797.0,149930.0,0.05073723690103,0.0113431225931652,South Africa,Africa,Sub-Saharan Africa,Upper middle income,1,0,2,Latin America & Sub-Saharan Africa,Cluster 1: Latin America & Sub-Saharan Africa,1.0,True,3093.48920352334,40746268.0,23.137,0.0,6.514614789,0.4303,46.8
ZMB,1990,0.1163793103448275,0.0991379310344827,132180.0,36870.0,2.1738319152112257e-05,0.002146091553461,Zambia,Africa,Sub-Saharan Africa,Lower middle income,1,0,23,Latin America & Sub-Saharan Africa,Cluster 1: Latin America & Sub-Saharan Africa,1.0,True,422.336298804219,7786169.0,18.9,2.0,4.481160164,0.4934,32.4
CAN,1990,0.5517241379310345,0.4827586206896551,2160237.0,631436.0,0.0275424503657262,0.0482745571360445,Canada,Americas,Northern America,High income,1,0,2,Latin America & Sub-Saharan Africa,Cluster 1: Latin America & Sub-Saharan Africa,0.8571428571428571,True,21525.8611387148,27691138.0,10.316,0.0,10.74998669,0.2881,90.0
AIA,1990,0.0387931034482758,0.0474137931034482,873.0,1096.0,0.0,0.0012099266431577,Anguilla,Americas,Caribbean,High income,0,0,24,Latin America & Sub-Saharan Africa,Cluster 0: Latin America & Sub-Saharan Africa,0.7142857142857143,True,,,,,,,
GBR,1990,0.1379310344827586,0.5905172413793104,1507261.0,2017950.0,0.3448784333482609,0.0393794016492256,United Kingdom,Europe,Northern Europe,High income,1,0,2,Latin America & Sub-Saharan Africa,Cluster 1: Latin America & Sub-Saharan Africa,0.8571428571428571,True,19095.4669984608,57247586.0,8.55,44.0,9.635440148,0.2742,92.2
KNA,1990,0.0560344827586206,0.0862068965517241,769.0,5300.0,0.0,0.0013615066272939,Saint Kitts and Nevis,Americas,Latin America,High income,0,1,25,Latin America & Sub-Saharan Africa,Cluster 0: Latin America & Sub-Saharan Africa,0.7142857142857143,True,5373.44824048425,40432.0,,0.0,8.524296424,,44.6
MSR,1990,0.043103448275862,0.0387931034482758,801.0,1054.0,0.0,0.0007322170030527,Montserrat,Americas,Caribbean,Upper middle income,1,0,26,Latin America & Sub-Saharan Africa,Cluster 1: Latin America & Sub-Saharan Africa,0.7142857142857143,True,,,,,,,
VIR,1990,0.0862068965517241,0.0603448275862068,23065.0,1189.0,0.0237165061949544,0.0056311166148363,United States Virgin Islands,Americas,Caribbean,High income,1,0,27,Latin America & Sub-Saharan Africa,Cluster 1: Latin America & Sub-Saharan Africa,0.5714285714285714,True,40828.7460927775,103963.0,10.917,0.0,,,
ALB,1990,0.0258620689655172,0.1508620689655172,31240.0,78750.0,0.0042389722346618,0.0014013868222455,Albania,Europe,Eastern Europe,Upper middle income,3,2,28,Pan-Europe,Cluster 3: Pan-Europe,0.7142857142857143,True,617.230435515505,3286542.0,10.304,0.0,7.354632085,0.4467,15.0
GRC,1990,0.8405172413793104,0.2241379310344827,288101.0,421732.0,0.0183688796835348,0.0109052768734358,Greece,Europe,Southern Europe,High income,3,2,2,Pan-Europe,Cluster 3: Pan-Europe,0.7142857142857143,True,9466.66238502174,10196792.0,7.572,0.0,7.580366438,0.3471,86.4
ITA,1990,0.6120689655172413,0.4353448275862069,857580.0,1593226.0,0.0834316689058068,0.0270430218911128,Italy,Europe,Southern Europe,High income,1,0,2,Latin America & Sub-Saharan Africa,Cluster 1: Latin America & Sub-Saharan Africa,0.8571428571428571,True,20873.7834092719,56719240.0,10.097,0.0,7.439056506,0.3439,92.2
MKD,1990,0.0818965517241379,0.1293103448275862,54591.0,202461.0,0.0,0.0013661002023936,North Macedonia,Europe,Eastern Europe,Upper middle income,3,2,2,Pan-Europe,Cluster 3: Pan-Europe,0.8571428571428571,True,2277.30372314314,2063689.0,24.5,0.0,4.605396198,0.3862,15.0
ARG,1990,0.3103448275862069,0.2586206896551724,852762.0,205649.0,0.0382159650694133,0.0148446749234668,Argentina,Americas,Latin America,Upper middle income,0,1,29,Latin America & Sub-Saharan Africa,Cluster 0: Latin America & Sub-Saharan Africa,0.8571428571428571,True,4315.33403111588,32755901.0,5.44,0.0,8.126089428,0.4022,72.7
AND,1990,0.0775862068965517,0.021551724137931,17738.0,74.0,0.0,0.0009151266643406,Andorra,Europe,Western Europe,High income,0,1,30,Latin America & Sub-Saharan Africa,Cluster 0: Latin America & Sub-Saharan Africa,0.8571428571428571,True,19563.6574722488,52597.0,,0.0,9.806363724,,71.3
AUS,1990,0.8318965517241379,0.3922413793103448,1869330.0,129528.0,0.1000832213763248,0.0489409425328164,Australia,Oceania,Australia/NZ,High income,3,2,2,Pan-Europe,Cluster 3: Pan-Europe,0.7142857142857143,True,18273.561526468,17065128.0,9.586,0.0,11.22770758,0.325,86.4
BEL,1990,0.3534482758620689,0.3017241379310345,447695.0,176027.0,0.0061084676817435,0.0090706577983491,Belgium,Europe,Western Europe,High income,0,1,2,Latin America & Sub-Saharan Africa,Cluster 0: Latin America & Sub-Saharan Africa,0.8571428571428571,True,20600.3752789827,9967379.0,6.984,0.0,9.406848637,0.3597,91.4
CHE,1990,0.1939655172413793,0.3146551724137931,614022.0,208222.0,0.0043041871921182,0.009757074676746,Switzerland,Europe,Western Europe,High income,3,2,2,Pan-Europe,Cluster 3: Pan-Europe,1.0,True,40170.8696758305,6715519.0,1.818,0.0,10.53357283,0.2943,91.4
CHL,1990,0.4094827586206896,0.2112068965517241,48900.0,191533.0,0.0049780750858337,0.0032969424174774,Chile,Americas,Latin America,High income,0,1,29,Latin America & Sub-Saharan Africa,Cluster 0: Latin America & Sub-Saharan Africa,0.8571428571428571,True,2487.76829657299,13437176.0,5.23,0.0,8.387270623,0.3576,78.5
DEU,1990,0.1120689655172413,0.5258620689655172,2380955.0,2212649.0,0.3169446932377967,0.0197098294352969,Germany,Europe,Western Europe,High income,3,2,2,Pan-Europe,Cluster 3: Pan-Europe,1.0,True,22385.6778250275,79433029.0,5.316,0.0,10.3637846,0.3107,92.9
DNK,1990,0.7025862068965517,0.2284482758620689,114266.0,58903.0,0.0227600201522615,0.0061492827446502,Denmark,Europe,Northern Europe,High income,3,2,31,Pan-Europe,Cluster 3: Pan-Europe,1.0,True,26885.6994188191,5140939.0,9.099,0.0,11.47511219,0.3542,93.6
ESP,1990,0.1767241379310344,0.3534482758620689,395387.0,708742.0,0.0835620988207195,0.0104688014150039,Spain,Europe,Southern Europe,High income,0,1,2,Latin America & Sub-Saharan Africa,Cluster 0: Latin America & Sub-Saharan Africa,0.8571428571428571,True,13795.0159385128,38867322.0,15.929,0.0,5.879199312,0.3114,91.4
FRA,1990,0.2241379310344827,0.5689655172413793,2703486.0,766011.0,0.251947118972981,0.0290799127959436,France,Europe,Western Europe,High income,0,1,2,Latin America & Sub-Saharan Africa,Cluster 0: Latin America & Sub-Saharan Africa,0.8571428571428571,True,21586.4674617483,58261012.0,9.134,0.0,7.552529812,0.3102,92.2
MAR,1990,0.0775862068965517,0.2327586206896551,20714.0,587447.0,0.0,0.0011640289690169,Morocco,Africa,Northern Africa,Lower middle income,0,1,2,Latin America & Sub-Saharan Africa,Cluster 0: Latin America & Sub-Saharan Africa,0.8571428571428571,True,1229.07104492188,24375551.0,13.502,0.0,2.11,0.44,21.6
SWE,1990,0.2370689655172413,0.2629310344827586,392427.0,61968.0,0.009304000597104,0.0096455113223396,Sweden,Europe,Northern Europe,High income,3,2,32,Pan-Europe,Cluster 3: Pan-Europe,1.0,True,30549.3185706762,8558835.0,3.243,0.0,9.553979874,0.3161,92.9
URY,1990,0.0732758620689655,0.1637931034482758,47943.0,88335.0,0.0,0.0018109371838677,Uruguay,Americas,Latin America,High income,0,1,29,Latin America & Sub-Saharan Africa,Cluster 0: Latin America & Sub-Saharan Africa,0.8571428571428571,True,2995.36105663465,3104403.0,8.95,0.0,7.151282631,0.4184,71.3
ARE,1990,0.1422413793103448,0.1120689655172413,373470.0,28667.0,0.0042389722346618,0.0038701167238326,United Arab Emirates,Asia,Western Asia,High income,4,3,2,Sub-Saharan Africa & Western Asia,Cluster 4: Sub-Saharan Africa & Western Asia,1.0,True,26709.9567949611,1898220.0,1.629,0.0,5.759906188,0.4144,25.2
BGD,1990,0.0732758620689655,0.2241379310344827,356914.0,2095726.0,0.0617585647111509,0.0039086936499799,Bangladesh,Asia,South Asia,Lower middle income,2,6,2,South Asia,Cluster 2: South Asia,0.8571428571428571,True,283.053737055234,111633717.0,2.2,45.0,3.294752292,0.5872,20.2
BHR,1990,0.1422413793103448,0.0775862068965517,52060.0,5930.0,0.0,0.0011350119921044,Bahrain,Asia,Western Asia,High income,2,3,33,South Asia,Cluster 2: South Asia,0.8571428571428571,True,9342.53891401688,514797.0,1.047,0.0,5.108272499,0.4512,27.4
EGY,1990,0.3017241379310345,0.2801724137931034,54570.0,458550.0,0.0188905993431855,0.0025940347325418,Egypt,Africa,Northern Africa,Lower middle income,4,3,2,Sub-Saharan Africa & Western Asia,Cluster 4: Sub-Saharan Africa & Western Asia,1.0,True,735.982935028025,58396618.0,9.38,0.0,5.305645579,0.4503,15.0
ERI,1990,0.0905172413793103,0.0948275862068965,5107.0,74806.0,0.0,0.0006790777093638,Eritrea,Africa,Sub-Saharan Africa,Low income,1,0,34,Latin America & Sub-Saharan Africa,Cluster 1: Latin America & Sub-Saharan Africa,0.8571428571428571,True,285.402184008331,2032737.0,5.129,0.0,4.710979562,0.5974,15.0
ETH,1990,0.0301724137931034,0.1896551724137931,436282.0,818613.0,0.0284119831318107,0.0032412210268052,Ethiopia,Africa,Sub-Saharan Africa,Low income,4,3,16,Sub-Saharan Africa & Western Asia,Cluster 4: Sub-Saharan Africa & Western Asia,1.0,True,262.108971053707,47609755.0,3.284,49698.0,1.484763579,0.5992,15.0
IDN,1990,0.0689655172413793,0.2629310344827586,35869.0,696676.0,0.0092605239587998,0.002940604436228,Indonesia,Asia,South-Eastern Asia,Upper middle income,3,2,2,Pan-Europe,Cluster 3: Pan-Europe,0.7142857142857143,True,578.420121135382,183501098.0,2.617,72.0,3.219540119,0.5024,20.9
JOR,1990,0.0301724137931034,0.1637931034482758,464492.0,121565.0,0.0042389722346618,0.0074407864099502,Jordan,Asia,Western Asia,Upper middle income,4,3,2,Sub-Saharan Africa & Western Asia,Cluster 4: Sub-Saharan Africa & Western Asia,0.8571428571428571,True,1148.59005469899,3621908.0,21.439,0.0,5.005190277,0.4212,15.1
KWT,1990,0.1379310344827586,0.1163793103448275,395460.0,28090.0,0.0,0.004067133021689,Kuwait,Asia,Western Asia,High income,4,3,2,Sub-Saharan Africa & Western Asia,Cluster 4: Sub-Saharan Africa & Western Asia,1.0,True,10937.5415268808,1684819.0,0.884,1058.0,5.641944529,0.396,28.1
LBN,1990,0.0301724137931034,0.3060344827586206,171519.0,174946.0,0.0300858337065233,0.0026030451294095,Lebanon,Asia,Western Asia,Lower middle income,4,3,2,Sub-Saharan Africa & Western Asia,Cluster 4: Sub-Saharan Africa & Western Asia,0.8571428571428571,True,789.526338484738,3595175.0,8.594,700.0,7.967203308,0.4518,15.0
LKA,1990,0.1336206896551724,0.2025862068965517,17430.0,430804.0,0.0043041871921182,0.0007635602385627,Sri Lanka,Asia,South Asia,Lower middle income,2,6,2,South Asia,Cluster 2: South Asia,0.8571428571428571,True,491.213686238493,16352458.0,14.661,3622.0,8.174521818,0.4895,15.8
NGA,1990,0.0387931034482758,0.3146551724137931,131499.0,177539.0,0.0072388602776533,0.0022773438733768,Nigeria,Africa,Sub-Saharan Africa,Lower middle income,6,4,35,Sub-Saharan Africa,Cluster 6: Sub-Saharan Africa,1.0,True,556.376449130902,97120925.0,3.831,0.0,5.141990089,0.5374,25.2
NPL,1990,0.0258620689655172,0.1637931034482758,290714.0,288598.0,0.0049563367666815,0.0024502956422504,Nepal,Asia,South Asia,Lower middle income,2,6,2,South Asia,Cluster 2: South Asia,0.8571428571428571,True,185.794600449903,19524573.0,10.465,0.0,2.346687263,0.5487,15.0
PSE,1990,0.0603448275862068,0.168103448275862,144433.0,822783.0,0.0813665285863561,0.0145671344471788,Palestine,Asia,Western Asia,Lower middle income,4,3,2,Sub-Saharan Africa & Western Asia,Cluster 4: Sub-Saharan Africa & Western Asia,0.8571428571428571,True,1326.56285737146,1978248.0,10.666,0.0,7.631455183,,15.0
QAT,1990,0.1422413793103448,0.0775862068965517,63986.0,5745.0,0.0,0.0033976463618541,Qatar,Asia,Western Asia,High income,3,3,36,Pan-Europe,Cluster 3: Pan-Europe,0.7142857142857143,True,16721.6210835226,440175.0,0.87,0.0,6.414351989,0.3779,26.6
SAU,1990,0.0818965517241379,0.168103448275862,1070682.0,32397.0,0.0001521682340647,0.0083332288044317,Saudi Arabia,Asia,Western Asia,High income,4,3,2,Sub-Saharan Africa & Western Asia,Cluster 4: Sub-Saharan Africa & Western Asia,0.8571428571428571,True,11054.7495049666,10640691.0,7.316,0.0,5.574122405,0.4443,22.3
SDN,1990,0.0560344827586206,0.1594827586206896,690339.0,175906.0,0.0364551612180922,0.0052809076891364,Sudan,Africa,Sub-Saharan Africa,Low income,4,3,2,Sub-Saharan Africa & Western Asia,Cluster 4: Sub-Saharan Africa & Western Asia,1.0,True,1257.1875,22021481.0,15.619,4335.0,1.5,0.6256,15.0
SOM,1990,0.0043103448275862,0.1724137931034483,225139.0,292328.0,0.0086083743842364,0.0014016304026553,Somalia,Africa,Sub-Saharan Africa,Low income,4,3,16,Sub-Saharan Africa & Western Asia,Cluster 4: Sub-Saharan Africa & Western Asia,1.0,True,145.603501373513,7082811.0,19.003,2710.0,1.9003,0.638,15.0
SSD,1990,0.0,0.043103448275862,0.0,242288.0,0.0,0.0006437768240343,South Sudan,Africa,Sub-Saharan Africa,Low income,4,3,16,Sub-Saharan Africa & Western Asia,Cluster 4: Sub-Saharan Africa & Western Asia,1.0,True,1498.27034985194,4737633.0,12.334,0.0,5.726140022,,15.0
SYR,1990,0.0129310344827586,0.2887931034482758,121486.0,124278.0,0.0,0.0024481970216436,Syria,Asia,Western Asia,Low income,4,3,37,Sub-Saharan Africa & Western Asia,Cluster 4: Sub-Saharan Africa & Western Asia,0.7142857142857143,True,978.489616979607,12579208.0,6.75,0.0,3.780265279,0.4587,15.0
THA,1990,0.0474137931034482,0.2586206896551724,95921.0,168903.0,0.0128908232572025,0.0009974606127722,Thailand,Asia,South-Eastern Asia,Upper middle income,1,0,2,Latin America & Sub-Saharan Africa,Cluster 1: Latin America & Sub-Saharan Africa,0.7142857142857143,True,1559.11209344755,54738329.0,2.63,0.0,4.507717011,0.4427,20.9
TUN,1990,0.0646551724137931,0.1724137931034483,16089.0,203302.0,0.0,0.0008941430203682,Tunisia,Africa,Northern Africa,Lower middle income,0,1,2,Latin America & Sub-Saharan Africa,Cluster 0: Latin America & Sub-Saharan Africa,0.8571428571428571,True,1476.43160477311,8324509.0,15.935,0.0,3.466150007,0.3759,27.4
YEM,1990,0.0344827586206896,0.1120689655172413,39115.0,118653.0,0.0,0.001001374053371,Yemen,Asia,Western Asia,Low income,4,3,2,Sub-Saharan Africa & Western Asia,Cluster 4: Sub-Saharan Africa & Western Asia,0.8571428571428571,True,910.422465960748,13887862.0,8.428,0.0,0.29,0.5485,15.0
ARM,1990,0.0560344827586206,0.1594827586206896,200999.0,411341.0,0.0,0.0011710058861003,Armenia,Asia,Western Asia,Upper middle income,5,5,2,Central Asia & Western Asia,Cluster 5: Central Asia & Western Asia,0.5714285714285714,True,635.355327502517,3552128.0,1.774,0.0,9.781759786,0.4164,16.6
AUT,1990,0.1853448275862069,0.2586206896551724,340058.0,234716.0,0.0047606918943125,0.0037724911842632,Austria,Europe,Western Europe,High income,3,2,2,Pan-Europe,Cluster 3: Pan-Europe,1.0,True,21596.068219998,7677850.0,3.42,0.0,10.20033055,0.3088,90.0
BGR,1990,0.5129310344827586,0.2155172413793103,11049.0,306512.0,0.0,0.0007206700444643,Bulgaria,Europe,Eastern Europe,Upper middle income,3,2,2,Pan-Europe,Cluster 3: Pan-Europe,0.8571428571428571,True,2377.3707947508,8718289.0,11.1,0.0,6.81489869,0.3761,59.8
BOL,1990,0.4784482758620689,0.1336206896551724,35674.0,94501.0,0.0,0.0024252485058816,Bolivia,Americas,Latin America,Lower middle income,0,1,29,Latin America & Sub-Saharan Africa,Cluster 0: Latin America & Sub-Saharan Africa,0.8571428571428571,True,682.67681029538,7130142.0,2.935,0.0,5.993671061,0.4917,59.8
BRA,1990,0.4267241379310345,0.3232758620689655,362802.0,230327.0,0.0233904314076727,0.0065904326466613,Brazil,Americas,Latin America,Upper middle income,1,1,2,Latin America & Sub-Saharan Africa,Cluster 1: Latin America & Sub-Saharan Africa,0.7142857142857143,True,2581.14187449078,149143223.0,6.887,0.0,3.685384501,0.4153,71.3
CRI,1990,0.6206896551724138,0.1293103448275862,103029.0,12558.0,0.0049345984475294,0.0025050122013569,Costa Rica,Americas,Latin America,Upper middle income,1,0,38,Latin America & Sub-Saharan Africa,Cluster 1: Latin America & Sub-Saharan Africa,0.5714285714285714,True,1829.6687089559,3121706.0,5.37,0.0,6.246158944,0.4588,68.4
CUB,1990,0.1551724137931034,0.25,14918.0,429244.0,0.0,0.0008797685059005,Cuba,Americas,Latin America,Upper middle income,1,0,2,Latin America & Sub-Saharan Africa,Cluster 1: Latin America & Sub-Saharan Africa,0.5714285714285714,True,2694.31697957692,10631799.0,8.306,0.0,8.794557697,0.439,19.4
CYP,1990,0.5775862068965517,0.0991379310344827,23181.0,41796.0,0.0,0.0011113846020355,Cyprus,Europe,Western Asia,High income,3,2,39,Pan-Europe,Cluster 3: Pan-Europe,0.7142857142857143,True,9641.5751953125,788351.0,3.0,0.0,8.298367536,0.3638,81.4
CZE,1990,0.0517241379310344,0.1810344827586207,188877.0,303973.0,0.0092605239587998,0.0015144589464067,Czechia,Europe,Eastern Europe,High income,3,2,2,Pan-Europe,Cluster 3: Pan-Europe,1.0,True,3969.36733543794,10333355.0,2.27,0.0,9.10276631,0.2716,70.6
DZA,1990,0.0862068965517241,0.2327586206896551,117405.0,690190.0,0.0177819450664278,0.0024740225903216,Algeria,Africa,Northern Africa,Lower middle income,0,1,2,Latin America & Sub-Saharan Africa,Cluster 0: Latin America & Sub-Saharan Africa,0.8571428571428571,True,2445.18332740258,25375810.0,20.6,0.0,4.614607921,0.4079,16.6
ECU,1990,0.2068965517241379,0.1422413793103448,41107.0,102477.0,0.0049128601283773,0.0019090686830546,Ecuador,Americas,Latin America,Upper middle income,1,0,2,Latin America & Sub-Saharan Africa,Cluster 1: Latin America & Sub-Saharan Africa,0.7142857142857143,True,1455.00748510871,10473673.0,4.371,0.0,6.75150013,0.4738,29.5
EST,1990,0.1163793103448275,0.125,210008.0,56509.0,0.0,0.0012171800420314,Estonia,Europe,Northern Europe,High income,5,5,2,Central Asia & Western Asia,Cluster 5: Central Asia & Western Asia,0.5714285714285714,True,3134.38975345407,1569174.0,1.468,0.0,9.655532811,0.3343,65.5
GTM,1990,0.2112068965517241,0.1422413793103448,151581.0,142812.0,0.0043041871921182,0.0019718047698589,Guatemala,Americas,Latin America,Upper middle income,1,0,2,Latin America & Sub-Saharan Africa,Cluster 1: Latin America & Sub-Saharan Africa,0.5714285714285714,True,847.688561830359,9024773.0,2.197,83.0,3.192767468,0.4943,59.0
HND,1990,0.1810344827586207,0.1293103448275862,132804.0,82127.0,0.0051519816390506,0.0019011470935806,Honduras,Americas,Latin America,Lower middle income,1,0,2,Latin America & Sub-Saharan Africa,Cluster 1: Latin America & Sub-Saharan Africa,0.5714285714285714,True,749.818113552631,4980488.0,4.58,1.0,3.867753515,0.4668,57.6
HRV,1990,0.168103448275862,0.1551724137931034,226078.0,451026.0,0.0048911218092252,0.002053177836657,Croatia,Europe,Eastern Europe,High income,3,2,2,Pan-Europe,Cluster 3: Pan-Europe,1.0,True,5369.10978590681,4777368.0,11.14,0.0,6.569557049,0.3886,60.5
HUN,1990,0.521551724137931,0.2112068965517241,185218.0,166046.0,0.0,0.0017219316410209,Hungary,Europe,Eastern Europe,High income,3,2,2,Pan-Europe,Cluster 3: Pan-Europe,1.0,True,3323.53967237633,10373988.0,8.5,0.0,9.479980469,0.3691,72.7
IRL,1990,0.1120689655172413,0.2284482758620689,116778.0,503309.0,0.0,0.0042233156036381,Ireland,Europe,Northern Europe,High income,1,0,2,Latin America & Sub-Saharan Africa,Cluster 1: Latin America & Sub-Saharan Africa,0.8571428571428571,True,14031.3025675469,3513974.0,15.771,0.0,6.995905683,0.3389,92.9
IRN,1990,0.0301724137931034,0.25,1918473.0,265727.0,0.0067606172563069,0.0014216598792825,Iran,Asia,Western Asia,Lower middle income,2,6,2,South Asia,Cluster 2: South Asia,1.0,True,2137.94222739877,58380092.0,11.1,31.0,5.738566289,0.4035,15.0
ISR,1990,0.2543103448275862,0.2198275862068965,840089.0,135096.0,0.0620194245409762,0.010212753111984,Israel,Asia,Western Asia,High income,5,5,2,Central Asia & Western Asia,Cluster 5: Central Asia & Western Asia,0.8571428571428571,True,13300.0985026479,4660000.0,13.387,71.0,9.903128995,0.3314,74.9
JPN,1990,0.2543103448275862,0.3620689655172414,522215.0,393835.0,0.0003478131064337,0.004795523916194,Japan,Asia,Eastern Asia,High income,1,0,2,Latin America & Sub-Saharan Africa,Cluster 1: Latin America & Sub-Saharan Africa,0.5714285714285714,True,26344.7273187725,123478000.0,2.059,0.0,11.6402998,0.3709,92.2
KOR,1990,0.0517241379310344,0.3103448275862069,8476.0,922159.0,0.0,0.0008766319981712,South Korea,Asia,Eastern Asia,High income,1,0,2,Latin America & Sub-Saharan Africa,Cluster 1: Latin America & Sub-Saharan Africa,0.5714285714285714,True,6812.9019416767,42869283.0,2.407,0.0,9.27328968,0.389,82.8
LAO,1990,0.0258620689655172,0.0905172413793103,10732.0,153712.0,0.0,0.0006674574106964,Laos,Asia,South-Eastern Asia,Lower middle income,1,0,2,Latin America & Sub-Saharan Africa,Cluster 1: Latin America & Sub-Saharan Africa,0.7142857142857143,True,200.7349054896,4311955.0,2.497,249.0,3.365593212,0.5485,15.0
LTU,1990,0.4267241379310345,0.1508620689655172,177694.0,194347.0,0.0,0.0013096881051361,Lithuania,Europe,Northern Europe,High income,5,5,2,Central Asia & Western Asia,Cluster 5: Central Asia & Western Asia,0.7142857142857143,True,2182.69156931505,3697838.0,1.1,0.0,9.163519754,0.4008,67.7
MEX,1990,0.3318965517241379,0.2198275862068965,189668.0,1973414.0,0.0295206374085684,0.0180864520804853,Mexico,Americas,Latin America,Upper middle income,1,0,2,Latin America & Sub-Saharan Africa,Cluster 1: Latin America & Sub-Saharan Africa,0.5714285714285714,True,3154.46920349038,82820170.0,3.145,0.0,5.953360081,0.4074,70.6
MNE,1990,0.125,0.0560344827586206,43832.0,57124.0,0.0,0.0010005954014521,Montenegro,Europe,Eastern Europe,Upper middle income,3,2,40,Pan-Europe,Cluster 3: Pan-Europe,1.0,True,1627.06511911987,606372.0,30.118,0.0,10.65470982,0.3943,15.0
NOR,1990,0.6853448275862069,0.168103448275862,91499.0,50515.0,0.0,0.0054251720196785,Norway,Europe,Northern Europe,High income,3,2,41,Pan-Europe,Cluster 3: Pan-Europe,1.0,True,28137.4837293741,4241473.0,5.407,0.0,11.17730999,0.262,91.4
NZL,1990,0.2068965517241379,0.2327586206896551,261007.0,161986.0,0.0367160210479176,0.0155026603714607,New Zealand,Oceania,Australia/NZ,High income,3,2,2,Pan-Europe,Cluster 3: Pan-Europe,0.7142857142857143,True,13663.0216184298,3329800.0,10.614,0.0,10.1395211,0.3188,90.0
PAN,1990,0.3663793103448275,0.146551724137931,29508.0,91157.0,0.0,0.001682906289378,Panama,Americas,Latin America,High income,1,0,2,Latin America & Sub-Saharan Africa,Cluster 1: Latin America & Sub-Saharan Africa,0.5714285714285714,True,2620.13827266274,2455583.0,6.443,0.0,7.407239914,0.4328,59.0
POL,1990,0.2629310344827586,0.3189655172413793,619458.0,1289207.0,0.0453678720704582,0.0042019914622107,Poland,Europe,Eastern Europe,High income,3,2,2,Pan-Europe,Cluster 3: Pan-Europe,1.0,True,1731.2095094382,38110782.0,13.621,0.0,9.670923882,0.3136,76.3
PRI,1990,0.1939655172413793,0.1336206896551724,163820.0,492915.0,0.0289771794297656,0.0177378635491583,Puerto Rico,Americas,Latin America,High income,1,0,2,Latin America & Sub-Saharan Africa,Cluster 1: Latin America & Sub-Saharan Africa,0.5714285714285714,True,8652.50749222505,3537000.0,16.18,0.0,,,
PRK,1990,0.0862068965517241,0.1077586206896551,14988.0,15075.0,0.0,0.0007400597744,North Korea,Asia,Eastern Asia,Low income,1,0,42,Latin America & Sub-Saharan Africa,Cluster 1: Latin America & Sub-Saharan Africa,0.5714285714285714,True,,21112137.0,2.845,0.0,,0.5187,15.0
PRY,1990,0.0732758620689655,0.1293103448275862,90230.0,186467.0,0.0015868972981041,0.0037083329325741,Paraguay,Americas,Latin America,Upper middle income,0,1,29,Latin America & Sub-Saharan Africa,Cluster 0: Latin America & Sub-Saharan Africa,0.8571428571428571,True,1440.15829610029,4035747.0,5.1,0.0,5.684462242,0.4224,59.0
ROU,1990,0.1034482758620689,0.2672413793103448,73588.0,522868.0,0.0042824488729661,0.0010534690672578,Romania,Europe,Eastern Europe,High income,3,2,2,Pan-Europe,Cluster 3: Pan-Europe,1.0,True,1648.48522974542,23201835.0,8.23,0.0,8.498106819,0.4429,52.6
RUS,1990,0.1810344827586207,0.4008620689655172,5840598.0,7110543.0,0.1507987199582027,0.0195411458645573,Russia,Europe,Eastern Europe,Upper middle income,5,5,2,Central Asia & Western Asia,Cluster 5: Central Asia & Western Asia,0.5714285714285714,True,3494.06323242188,147969406.0,5.11,192.0,9.652386365,0.3503,25.2
SEN,1990,0.0905172413793103,0.2068965517241379,112018.0,132929.0,0.0670409762651142,0.0047960609298625,Senegal,Africa,Sub-Saharan Africa,Lower middle income,6,4,43,Sub-Saharan Africa,Cluster 6: Sub-Saharan Africa,0.8571428571428571,True,957.314337438177,7720523.0,2.861,58.0,1.997784188,0.5501,26.6
SLV,1990,0.2025862068965517,0.146551724137931,25030.0,491101.0,0.0170863188535602,0.0016598322198646,El Salvador,Americas,Latin America,Lower middle income,1,0,2,Latin America & Sub-Saharan Africa,Cluster 1: Latin America & Sub-Saharan Africa,0.5714285714285714,True,892.18271519703,5399726.0,7.53,849.0,3.729339234,0.4539,58.3
SRB,1990,0.168103448275862,0.1422413793103448,554815.0,187152.0,0.0171515338110165,0.0039090435853063,Serbia,Europe,Eastern Europe,Upper middle income,3,2,2,Pan-Europe,Cluster 3: Pan-Europe,1.0,True,2349.40645150289,7897937.0,13.371,0.0,6.295356316,0.4204,23.0
SVK,1990,0.3448275862068966,0.146551724137931,23079.0,172666.0,0.0,0.0007974812489248,Slovakia,Europe,Eastern Europe,High income,3,2,2,Pan-Europe,Cluster 3: Pan-Europe,1.0,True,3221.04590790625,5299187.0,12.1,0.0,6.867406247,0.3752,69.8
SVN,1990,0.3017241379310345,0.1120689655172413,86779.0,68171.0,0.0,0.0013256169549342,Slovenia,Europe,Eastern Europe,High income,3,2,44,Pan-Europe,Cluster 3: Pan-Europe,1.0,True,9925.14071044684,1998161.0,7.08,0.0,7.189289993,0.3537,75.6
TWN,1990,0.0991379310344827,0.0689655172413793,43825.0,193368.0,0.0,0.00130994609097,Taiwan,Asia,Eastern Asia,High income,1,0,2,Latin America & Sub-Saharan Africa,Cluster 1: Latin America & Sub-Saharan Africa,0.7142857142857143,True,,,,,,,
UKR,1990,0.1293103448275862,0.3017241379310345,3688195.0,2844253.0,0.0424766756232273,0.0102383707260531,Ukraine,Europe,Eastern Europe,Lower middle income,5,5,2,Central Asia & Western Asia,Cluster 5: Central Asia & Western Asia,0.5714285714285714,True,1563.63415527344,52054092.0,1.9,0.0,9.276183691,0.4262,23.0
AZE,1990,0.0818965517241379,0.1293103448275862,190370.0,688434.0,0.0,0.0011472338256646,Azerbaijan,Asia,Western Asia,Upper middle income,5,5,2,Central Asia & Western Asia,Cluster 5: Central Asia & Western Asia,0.5714285714285714,True,1238.27189274842,7175200.0,0.9,0.0,9.921096274,0.4462,20.2
GEO,1990,0.0818965517241379,0.1293103448275862,165034.0,549088.0,0.0085648977459322,0.001116891586926,Georgia,Asia,Western Asia,Upper middle income,5,5,2,Central Asia & Western Asia,Cluster 5: Central Asia & Western Asia,0.5714285714285714,True,1610.98027146868,4802000.0,2.7,0.0,11.80588996,0.4447,20.2
KAZ,1990,0.1163793103448275,0.146551724137931,1603941.0,1652378.0,0.0066954022988505,0.0051904745036302,Kazakhstan,Asia,Central Asia,Upper middle income,5,5,2,Central Asia & Western Asia,Cluster 5: Central Asia & Western Asia,0.5714285714285714,True,1570.00883112591,17154054.0,0.9,0.0,7.497319287,0.3609,20.2
TKM,1990,0.0474137931034482,0.0991379310344827,171474.0,138003.0,0.0,0.001111461012308,Turkmenistan,Asia,Central Asia,Upper middle income,5,5,2,Central Asia & Western Asia,Cluster 5: Central Asia & Western Asia,0.5714285714285714,True,848.155047388424,3760562.0,1.4,0.0,10.95166016,0.3989,15.0
ASM,1990,0.0387931034482758,0.021551724137931,9723.0,502.0,0.0,0.0013191690018993,American Samoa,Oceania,Polynesia,Upper middle income,3,2,45,Pan-Europe,Cluster 3: Pan-Europe,0.7142857142857143,True,8831.26975996609,46640.0,,0.0,,,
FJI,1990,0.0603448275862068,0.0991379310344827,5675.0,34026.0,0.0183471413643827,0.0016265988462971,Fiji,Oceania,Melanesia,Upper middle income,3,2,46,Pan-Europe,Cluster 3: Pan-Europe,0.7142857142857143,True,1728.94076871199,773316.0,4.618,0.0,6.602397357,0.5263,33.8
TKL,1990,0.0172413793103448,0.0172413793103448,109.0,142.0,0.0,0.0006589530588952,Tokelau,Oceania,Polynesia,Lower middle income,3,2,47,Pan-Europe,Cluster 3: Pan-Europe,0.7142857142857143,True,,,,,,,
TON,1990,0.021551724137931,0.043103448275862,416.0,10202.0,0.0,0.0006574095937832,Tonga,Oceania,Polynesia,Upper middle income,3,2,48,Pan-Europe,Cluster 3: Pan-Europe,0.7142857142857143,True,1139.0553819198,99700.0,1.348,0.0,9.118815371,0.602,33.1
WSM,1990,0.0905172413793103,0.0560344827586206,1470.0,33263.0,0.0099126735333631,0.0020638568597098,Samoa,Oceania,Polynesia,Lower middle income,3,2,49,Pan-Europe,Cluster 3: Pan-Europe,0.7142857142857143,True,743.994213008355,169042.0,2.1,0.0,10.12533396,0.5005,35.3
ATG,1990,0.2284482758620689,0.0905172413793103,5825.0,4071.0,4.3476638304224514e-05,0.0019486372221332,Antigua and Barbuda,Americas,Caribbean,High income,1,0,50,Latin America & Sub-Saharan Africa,Cluster 1: Latin America & Sub-Saharan Africa,0.5714285714285714,True,7590.75442423046,63066.0,,0.0,9.724649907,0.4883,45.4
BHS,1990,0.2887931034482758,0.0991379310344827,12256.0,1057.0,0.0049563367666815,0.0023276160099304,Bahamas,Americas,Caribbean,High income,0,1,51,Latin America & Sub-Saharan Africa,Cluster 0: Latin America & Sub-Saharan Africa,0.7142857142857143,True,11473.3008389353,275945.0,12.17,0.0,10.01280022,0.4631,51.1
BLZ,1990,0.0646551724137931,0.0732758620689655,13556.0,1958.0,0.0,0.000891721629898,Belize,Americas,Central America,Lower middle income,1,0,52,Latin America & Sub-Saharan Africa,Cluster 1: Latin America & Sub-Saharan Africa,0.5714285714285714,True,2986.46962075029,183076.0,9.647,0.0,5.451236009,0.5074,41.8
BMU,1990,0.1508620689655172,0.043103448275862,7800.0,212.0,0.0,0.0010919929862681,Bermuda,Americas,Northern America,High income,1,0,53,Latin America & Sub-Saharan Africa,Cluster 1: Latin America & Sub-Saharan Africa,0.7142857142857143,True,27665.525808301,57559.0,,0.0,,,
BRB,1990,0.0603448275862068,0.1206896551724137,11041.0,11032.0,0.0,0.0014013714023983,Barbados,Americas,Caribbean,High income,1,0,54,Latin America & Sub-Saharan Africa,Cluster 1: Latin America & Sub-Saharan Africa,0.8571428571428571,True,7781.40573306125,258582.0,22.41,0.0,8.369409254,0.3594,51.1
GHA,1990,0.1853448275862069,0.1982758620689655,75762.0,183129.0,0.0098257202567547,0.0017350090864394,Ghana,Africa,Sub-Saharan Africa,Lower middle income,6,4,15,Sub-Saharan Africa,Cluster 6: Sub-Saharan Africa,1.0,True,382.54246368354,15394648.0,3.489,1.0,5.506158276,0.4942,32.4
GLP,1990,0.1034482758620689,0.043103448275862,31153.0,4142.0,8.695327660844903e-05,0.0045762316880177,Guadeloupe,Americas,Caribbean,High income,0,1,55,Latin America & Sub-Saharan Africa,Cluster 0: Latin America & Sub-Saharan Africa,0.8571428571428571,True,,,,,,,
GUF,1990,0.0689655172413793,0.043103448275862,27250.0,1662.0,0.0098257202567547,0.0037070830209134,French Guiana,Americas,South America,High income,0,1,56,Latin America & Sub-Saharan Africa,Cluster 0: Latin America & Sub-Saharan Africa,1.0,True,,,,,,,
LCA,1990,0.2413793103448275,0.0991379310344827,1908.0,7747.0,0.0,0.0011391754333224,Saint Lucia,Americas,Latin America,Upper middle income,1,0,57,Latin America & Sub-Saharan Africa,Cluster 1: Latin America & Sub-Saharan Africa,0.8571428571428571,True,4204.57161863111,137857.0,16.521,0.0,6.565525952,0.396,45.4
MTQ,1990,0.0646551724137931,0.0517241379310344,18979.0,5330.0,0.0049780750858337,0.0046932537067756,Martinique,Americas,Caribbean,High income,0,1,58,Latin America & Sub-Saharan Africa,Cluster 0: Latin America & Sub-Saharan Africa,0.8571428571428571,True,,,,,,,
TCA,1990,0.0258620689655172,0.0129310344827586,2162.0,1275.0,0.0,0.0014422484741809,Turks and Caicos Islands,Americas,Caribbean,High income,0,1,59,Latin America & Sub-Saharan Africa,Cluster 0: Latin America & Sub-Saharan Africa,0.7142857142857143,True,24122.3028180757,11688.0,,0.0,,,
TTO,1990,0.0689655172413793,0.146551724137931,25014.0,99561.0,0.0092822622779519,0.0020617784120116,Trinidad and Tobago,Americas,Latin America,High income,1,0,2,Latin America & Sub-Saharan Africa,Cluster 1: Latin America & Sub-Saharan Africa,0.5714285714285714,True,4047.25093594674,1252208.0,18.52,39.0,7.252180099,0.4077,47.5
VGB,1990,0.0905172413793103,0.0560344827586206,3657.0,2192.0,0.0,0.0010888485909497,British Virgin Islands,Americas,Caribbean,High income,1,0,60,Latin America & Sub-Saharan Africa,Cluster 1: Latin America & Sub-Saharan Africa,0.7142857142857143,True,,15704.0,,0.0,,,
BDI,1990,0.0301724137931034,0.0991379310344827,139444.0,168590.0,6.521495745633678e-05,0.0016174035668546,Burundi,Africa,Sub-Saharan Africa,Low income,4,0,61,Sub-Saharan Africa & Western Asia,Cluster 4: Sub-Saharan Africa & Western Asia,1.0,True,202.629446176297,5587052.0,3.147,0.0,1.460590005,0.5452,15.0
BEN,1990,0.043103448275862,0.1034482758620689,32747.0,101879.0,8.695327660844903e-05,0.0012080966744493,Benin,Africa,Sub-Saharan Africa,Low income,6,4,35,Sub-Saharan Africa,Cluster 6: Sub-Saharan Africa,1.0,True,371.101604332357,5281479.0,1.637,0.0,1.458545852,0.5782,25.9
BFA,1990,0.0344827586206896,0.0775862068965517,170316.0,408662.0,0.0092605239587998,0.0079563230916111,Burkina Faso,Africa,Sub-Saharan Africa,Low income,6,4,15,Sub-Saharan Africa,Cluster 6: Sub-Saharan Africa,1.0,True,338.593759055128,9159356.0,2.467,0.0,1.469865149,0.5825,25.2
BIH,1990,0.0560344827586206,0.1206896551724137,28628.0,576745.0,0.0,0.0009284171650947,Bosnia and Herzegovina,Europe,Eastern Europe,Upper middle income,3,2,2,Pan-Europe,Cluster 3: Pan-Europe,1.0,True,1742.88262171767,4448652.0,17.55,0.0,6.119783684,0.4026,18.0
BLR,1990,0.2241379310344827,0.1422413793103448,676895.0,959003.0,0.0,0.0025505049596608,Belarus,Europe,Eastern Europe,Upper middle income,5,5,2,Central Asia & Western Asia,Cluster 5: Central Asia & Western Asia,0.5714285714285714,True,1706.64091882343,10189348.0,0.6,0.0,9.956694897,0.3686,23.0
BRN,1990,0.0818965517241379,0.0344827586206896,30984.0,15287.0,0.0,0.0009045900940572,Brunei Darussalam,Asia,South-Eastern Asia,High income,4,3,62,Sub-Saharan Africa & Western Asia,Cluster 4: Sub-Saharan Africa & Western Asia,0.8571428571428571,True,23658.7166330381,255292.0,4.7,0.0,7.51,0.429,72.7
BTN,1990,0.0991379310344827,0.0301724137931034,3988.0,14018.0,0.0,0.0006711680535717,Bhutan,Asia,South Asia,Lower middle income,2,6,63,South Asia,Cluster 2: South Asia,0.8571428571428571,True,488.327431477129,589287.0,1.381,0.0,2.359933,0.5392,15.0
BWA,1990,0.1379310344827586,0.0560344827586206,10305.0,6405.0,0.0,0.0010226760594033,Botswana,Africa,Sub-Saharan Africa,Upper middle income,1,0,64,Latin America & Sub-Saharan Africa,Cluster 1: Latin America & Sub-Saharan Africa,1.0,True,2903.15381562611,1305696.0,13.82,0.0,5.52,0.5126,34.6
CAF,1990,0.0905172413793103,0.0560344827586206,27049.0,17651.0,0.0,0.0011946552162397,Central African Republic,Africa,Sub-Saharan Africa,Low income,4,3,65,Sub-Saharan Africa & Western Asia,Cluster 4: Sub-Saharan Africa & Western Asia,1.0,True,501.656200636394,2871910.0,5.697,0.0,1.867779274,0.5595,20.2
CMR,1990,0.0129310344827586,0.1508620689655172,98345.0,43114.0,0.0131516830870279,0.0017272379159843,Cameroon,Africa,Sub-Saharan Africa,Lower middle income,6,4,66,Sub-Saharan Africa,Cluster 6: Sub-Saharan Africa,1.0,True,1086.71700937081,11331821.0,8.986,0.0,2.137418272,0.4959,18.7
COK,1990,0.043103448275862,0.0258620689655172,1121.0,9232.0,0.0,0.0007867538303123,Cook Islands,Oceania,Polynesia,High income,3,2,67,Pan-Europe,Cluster 3: Pan-Europe,0.7142857142857143,True,,,,,,,
CYM,1990,0.2241379310344827,0.0301724137931034,4693.0,60.0,0.0,0.0008764233839112,Cayman Islands,Americas,Caribbean,High income,1,0,68,Latin America & Sub-Saharan Africa,Cluster 1: Latin America & Sub-Saharan Africa,0.7142857142857143,True,76837.6699636672,25999.0,,0.0,,,
DJI,1990,0.0129310344827586,0.0344827586206896,54742.0,853.0,0.0,0.000862062959935,Djibouti,Africa,Sub-Saharan Africa,Lower middle income,4,3,16,Sub-Saharan Africa & Western Asia,Cluster 4: Sub-Saharan Africa & Western Asia,1.0,True,780.497719360725,579538.0,26.118,0.0,1.542417229,0.5093,15.0
FIN,1990,0.5258620689655172,0.1810344827586207,28042.0,150962.0,0.004847645170921,0.0028843271404432,Finland,Europe,Northern Europe,High income,3,2,32,Pan-Europe,Cluster 3: Pan-Europe,1.0,True,28366.204276071,4986431.0,6.503,0.0,9.184650421,0.2981,93.6
FLK,1990,0.0301724137931034,0.0086206896551724,355.0,149.0,0.0,0.0007530282020153,Falkland Islands,Americas,South America,High income,1,0,69,Latin America & Sub-Saharan Africa,Cluster 1: Latin America & Sub-Saharan Africa,1.0,True,,,,,,,
GAB,1990,0.1422413793103448,0.0775862068965517,53824.0,7152.0,0.0049563367666815,0.0021273376588805,Gabon,Africa,Sub-Saharan Africa,Upper middle income,6,4,70,Sub-Saharan Africa,Cluster 6: Sub-Saharan Africa,1.0,True,6050.71468999523,983734.0,17.224,0.0,4.32,0.4617,17.3
GIB,1990,0.0129310344827586,0.0172413793103448,3648.0,256.0,0.0,0.0006901187042953,Gibraltar,Europe,Southern Europe,High income,0,1,71,Latin America & Sub-Saharan Africa,Cluster 0: Latin America & Sub-Saharan Africa,1.0,True,,27200.0,,0.0,,,
GMB,1990,0.0301724137931034,0.0775862068965517,50543.0,6713.0,0.0,0.0020770702950992,Gambia,Africa,Sub-Saharan Africa,Low income,6,4,72,Sub-Saharan Africa,Cluster 6: Sub-Saharan Africa,0.8571428571428571,True,300.639895740381,1054696.0,9.778,0.0,1.395152942,0.5627,38.2
GUM,1990,0.0474137931034482,0.0258620689655172,29203.0,869.0,0.0197166554709658,0.0085283708638459,Guam,Oceania,Micronesia,High income,4,3,73,Sub-Saharan Africa & Western Asia,Cluster 4: Sub-Saharan Africa & Western Asia,0.8571428571428571,True,25631.9776108052,138610.0,3.509,0.0,,,
HKG,1990,0.125,0.1163793103448275,965196.0,261448.0,0.009695290341842,0.005474919726989,Hong Kong,Asia,Eastern Asia,High income,1,0,2,Latin America & Sub-Saharan Africa,Cluster 1: Latin America & Sub-Saharan Africa,0.8571428571428571,True,13485.6314525052,5704500.0,1.8,0.0,8.675597279,,79.2
IMN,1990,0.0344827586206896,0.0086206896551724,17531.0,350.0,0.0,0.0014985706469774,Isle of Man,Europe,Northern Europe,High income,1,0,74,Latin America & Sub-Saharan Africa,Cluster 1: Latin America & Sub-Saharan Africa,0.8571428571428571,True,11049.8949396235,68916.0,,0.0,,,
IRQ,1990,0.0948275862068965,0.2198275862068965,19098.0,278825.0,0.0,0.0009857981373523,Iraq,Asia,Western Asia,Upper middle income,2,6,2,South Asia,Cluster 2: South Asia,0.8571428571428571,True,10261.4157706888,17581206.0,8.639,1152.0,3.579930663,0.45,15.0
ISL,1990,0.4784482758620689,0.0862068965517241,5336.0,3476.0,0.0,0.0010035752843226,Iceland,Europe,Northern Europe,High income,3,2,75,Pan-Europe,Cluster 3: Pan-Europe,1.0,True,26272.2452156659,254826.0,2.548,0.0,10.51085085,0.3555,86.4
KEN,1990,0.0517241379310344,0.168103448275862,92201.0,117898.0,0.0324770488132557,0.0028231933981863,Kenya,Africa,Sub-Saharan Africa,Lower middle income,1,0,2,Latin America & Sub-Saharan Africa,Cluster 1: Latin America & Sub-Saharan Africa,1.0,True,374.458992895562,22892651.0,2.78,0.0,3.840729596,0.5368,33.1
KGZ,1990,0.0991379310344827,0.0948275862068965,354185.0,316771.0,0.0,0.0016445421769682,Kyrgyzstan,Asia,Central Asia,Lower middle income,5,5,2,Central Asia & Western Asia,Cluster 5: Central Asia & Western Asia,0.5714285714285714,True,605.798144966488,4391236.0,1.0,0.0,9.171267886,0.3712,20.2
KHM,1990,0.1120689655172413,0.1034482758620689,16648.0,133391.0,0.0085866360650843,0.0007067165809396,Cambodia,Asia,South-Eastern Asia,Lower middle income,1,0,2,Latin America & Sub-Saharan Africa,Cluster 1: Latin America & Sub-Saharan Africa,0.7142857142857143,True,190.181470036159,7374752.0,0.768,274.0,2.814247517,0.5246,15.0
KIR,1990,0.0301724137931034,0.0344827586206896,865.0,2113.0,4.3476638304224514e-05,0.0015639720921856,Kiribati,Oceania,Micronesia,Lower middle income,3,2,76,Pan-Europe,Cluster 3: Pan-Europe,0.7142857142857143,True,488.067527876014,74855.0,,0.0,7.541033476,0.6139,35.3
LBR,1990,0.1077586206896551,0.0991379310344827,31437.0,269781.0,0.0,0.0017242577257169,Liberia,Africa,Sub-Saharan Africa,Low income,6,4,15,Sub-Saharan Africa,Cluster 6: Sub-Saharan Africa,1.0,True,172.867610123278,2223667.0,2.735,347.0,2.648864266,0.5428,22.3
LBY,1990,0.3706896551724138,0.146551724137931,214368.0,39337.0,0.0021520935960591,0.0069760927311573,Libya,Africa,Northern Africa,Upper middle income,4,3,2,Sub-Saharan Africa & Western Asia,Cluster 4: Sub-Saharan Africa & Western Asia,0.8571428571428571,True,6502.27886565421,4445239.0,18.601,2.0,3.81,0.4068,15.0
LSO,1990,0.0646551724137931,0.0474137931034482,2258.0,23916.0,0.0,0.0007663101013358,Lesotho,Africa,Sub-Saharan Africa,Lower middle income,1,0,77,Latin America & Sub-Saharan Africa,Cluster 1: Latin America & Sub-Saharan Africa,1.0,True,329.563785157203,1809696.0,15.495,0.0,4.10912389,0.5107,36.7
LUX,1990,0.3318965517241379,0.1034482758620689,57518.0,16213.0,0.0,0.0018017704453267,Luxembourg,Europe,Western Europe,High income,0,1,78,Latin America & Sub-Saharan Africa,Cluster 0: Latin America & Sub-Saharan Africa,0.8571428571428571,True,33465.478207919,381850.0,1.482,0.0,8.820647886,0.3169,90.0
LVA,1990,0.4094827586206896,0.1422413793103448,355207.0,95682.0,0.0,0.0015971248635307,Latvia,Europe,Northern Europe,High income,5,5,2,Central Asia & Western Asia,Cluster 5: Central Asia & Western Asia,0.5714285714285714,True,2256.77360387054,2663151.0,2.7,0.0,9.157942743,0.3951,65.5
MAC,1990,0.021551724137931,0.043103448275862,102199.0,35286.0,0.0,0.0009951232140006,Macao,Asia,Eastern Asia,High income,1,0,79,Latin America & Sub-Saharan Africa,Cluster 1: Latin America & Sub-Saharan Africa,0.8571428571428571,True,9692.43538809962,334950.0,3.01,0.0,,,51.1
MCO,1990,0.0086206896551724,0.0387931034482758,6143.0,7960.0,0.0,0.0008125195011049,Monaco,Europe,Western Europe,High income,0,1,80,Latin America & Sub-Saharan Africa,Cluster 0: Latin America & Sub-Saharan Africa,0.8571428571428571,True,81734.8664968011,30358.0,,0.0,,,77.8
MDA,1990,0.1336206896551724,0.1508620689655172,296925.0,339888.0,0.0085648977459322,0.0014639880674792,Moldova,Europe,Eastern Europe,Lower middle income,5,5,2,Central Asia & Western Asia,Cluster 5: Central Asia & Western Asia,0.5714285714285714,True,1206.50208704977,2977912.0,1.9,0.0,9.123799733,0.4391,15.0
MDG,1990,0.0172413793103448,0.0905172413793103,7738.0,43134.0,0.0086301127033885,0.0010265501319902,Madagascar,Africa,Sub-Saharan Africa,Low income,0,1,81,Latin America & Sub-Saharan Africa,Cluster 0: Latin America & Sub-Saharan Africa,0.8571428571428571,True,326.099253221978,12055639.0,6.169,2.0,3.902890818,0.5637,18.0
MDV,1990,0.0948275862068965,0.0258620689655172,3798.0,367.0,0.0,0.0006663441240024,Maldives,Asia,South Asia,Upper middle income,2,6,82,South Asia,Cluster 2: South Asia,0.8571428571428571,True,956.763019768672,224762.0,0.788,0.0,4.590225666,0.6365,33.1
MLT,1990,0.3534482758620689,0.0689655172413793,8004.0,31511.0,0.0,0.0014331839838858,Malta,Europe,Southern Europe,High income,3,2,83,Pan-Europe,Cluster 3: Pan-Europe,0.8571428571428571,True,7192.38994693962,354170.0,6.335,0.0,6.4654826,0.3274,82.8
MMR,1990,0.0172413793103448,0.1077586206896551,54732.0,262396.0,0.0002173831915211,0.0008374214181607,Myanmar,Asia,South-Eastern Asia,Lower middle income,2,6,2,South Asia,Cluster 2: South Asia,0.8571428571428571,True,53.1225401094506,39817251.0,0.828,555.0,2.220867026,0.542,15.0
MNG,1990,0.1163793103448275,0.0818965517241379,2972.0,38822.0,0.0,0.0006681048379832,Mongolia,Asia,Eastern Asia,Lower middle income,5,5,84,Central Asia & Western Asia,Cluster 5: Central Asia & Western Asia,0.5714285714285714,True,1220.17127664137,2098710.0,5.665,0.0,8.489093305,0.4393,17.3
MUS,1990,0.0905172413793103,0.0905172413793103,1624.0,34603.0,0.0,0.0006838548902796,Mauritius,Africa,Sub-Saharan Africa,High income,0,1,85,Latin America & Sub-Saharan Africa,Cluster 0: Latin America & Sub-Saharan Africa,0.8571428571428571,True,2539.92846467452,1058775.0,9.493,0.0,5.856750011,0.4373,37.4
MWI,1990,0.0517241379310344,0.0646551724137931,562937.0,52855.0,0.0,0.0022349414532703,Malawi,Africa,Sub-Saharan Africa,Low income,1,0,86,Latin America & Sub-Saharan Africa,Cluster 1: Latin America & Sub-Saharan Africa,1.0,True,286.730598968269,9545852.0,4.9,0.0,2.277381717,0.6109,34.6
MYS,1990,0.0603448275862068,0.1939655172413793,330980.0,347018.0,0.0050650283624421,0.0030885113994904,Malaysia,Asia,South-Eastern Asia,Upper middle income,4,3,2,Sub-Saharan Africa & Western Asia,Cluster 4: Sub-Saharan Africa & Western Asia,0.8571428571428571,True,2468.69080320116,17833171.0,3.7,0.0,6.145886365,0.4029,86.4
NCL,1990,0.0689655172413793,0.021551724137931,15671.0,2115.0,0.0141951224063293,0.0044609418630024,New Caledonia,Oceania,Melanesia,High income,0,1,87,Latin America & Sub-Saharan Africa,Cluster 0: Latin America & Sub-Saharan Africa,0.8571428571428571,True,14334.6807372176,176456.0,18.124,0.0,,,
NIU,1990,0.0301724137931034,0.0172413793103448,190.0,2913.0,0.0,0.0006708717811856,Niue,Oceania,Polynesia,Upper middle income,3,2,88,Pan-Europe,Cluster 3: Pan-Europe,0.7142857142857143,True,,,,,,,
NRU,1990,0.0344827586206896,0.0172413793103448,1199.0,743.0,0.0043041871921182,0.0012160059841255,Nauru,Oceania,Micronesia,High income,3,2,89,Pan-Europe,Cluster 3: Pan-Europe,0.7142857142857143,True,5775.55347423089,9622.0,,0.0,4.769378127,0.514,31.7
OMN,1990,0.043103448275862,0.0603448275862068,83422.0,5366.0,0.0,0.0010859622865525,Oman,Asia,Western Asia,High income,2,6,90,South Asia,Cluster 2: South Asia,0.8571428571428571,True,7545.70305230441,1763954.0,4.056,0.0,5.425632031,0.4449,25.9
PNG,1990,0.0905172413793103,0.0387931034482758,13620.0,13818.0,0.004260710553814,0.0028418259992327,Papua New Guinea,Oceania,Melanesia,Lower middle income,3,2,91,Pan-Europe,Cluster 3: Pan-Europe,0.7142857142857143,True,826.317152082832,3896481.0,2.793,55.0,2.394565745,0.5503,29.5
PYF,1990,0.0818965517241379,0.0301724137931034,8786.0,1505.0,0.0,0.0025760445728119,French Polynesia,Oceania,Polynesia,High income,0,1,92,Latin America & Sub-Saharan Africa,Cluster 0: Latin America & Sub-Saharan Africa,0.8571428571428571,True,16293.1823294474,203776.0,11.591,0.0,,,
REU,1990,0.021551724137931,0.0344827586206896,20003.0,1730.0,0.0049563367666815,0.0020782807491634,Réunion,Africa,Sub-Saharan Africa,High income,0,1,93,Latin America & Sub-Saharan Africa,Cluster 0: Latin America & Sub-Saharan Africa,0.8571428571428571,True,,,,,,,
SGP,1990,0.043103448275862,0.168103448275862,377769.0,84171.0,0.0084562061501716,0.0035655165775147,Singapore,Asia,South-Eastern Asia,High income,4,3,94,Sub-Saharan Africa & Western Asia,Cluster 4: Sub-Saharan Africa & Western Asia,0.8571428571428571,True,11861.7561591366,3047132.0,2.18,0.0,6.363349915,0.3897,87.8
SLB,1990,0.0646551724137931,0.0344827586206896,1727.0,1198.0,0.0,0.0012548280281081,Solomon Islands,Oceania,Melanesia,Lower middle income,3,2,95,Pan-Europe,Cluster 3: Pan-Europe,0.7142857142857143,True,648.325212624098,331435.0,1.967,0.0,5.092110034,0.6236,38.9
SLE,1990,0.1163793103448275,0.0991379310344827,98776.0,21341.0,0.0001521682340647,0.0022399897089052,Sierra Leone,Africa,Sub-Saharan Africa,Low income,6,4,96,Sub-Saharan Africa,Cluster 6: Sub-Saharan Africa,1.0,True,154.794072467618,4196828.0,4.135,0.0,1.902686429,0.5988,33.8
SWZ,1990,0.043103448275862,0.0517241379310344,31601.0,9559.0,0.0,0.0014209999568207,Eswatini,Africa,Sub-Saharan Africa,Lower middle income,0,1,97,Latin America & Sub-Saharan Africa,Cluster 0: Latin America & Sub-Saharan Africa,1.0,True,1277.69173005665,872428.0,20.521,0.0,4.35,0.5125,33.1
SYC,1990,0.1077586206896551,0.0474137931034482,1138.0,5383.0,0.0,0.0006742821284297,Seychelles,Africa,Sub-Saharan Africa,High income,0,1,98,Latin America & Sub-Saharan Africa,Cluster 0: Latin America & Sub-Saharan Africa,1.0,True,5642.072897243,69507.0,,0.0,10.27391556,0.5012,37.4
TGO,1990,0.1293103448275862,0.0991379310344827,34517.0,93984.0,0.0,0.001247985722903,Togo,Africa,Sub-Saharan Africa,Low income,6,4,99,Sub-Saharan Africa,Cluster 6: Sub-Saharan Africa,1.0,True,619.184841877398,3714021.0,4.057,0.0,2.318533345,0.5412,25.2
TUV,1990,0.021551724137931,0.0387931034482758,112.0,571.0,0.0,0.0006862210034625,Tuvalu,Oceania,Polynesia,Upper middle income,3,2,100,Pan-Europe,Cluster 3: Pan-Europe,0.7142857142857143,True,1084.66707221699,8798.0,,0.0,7.12797794,0.5797,36.0
TZA,1990,0.1163793103448275,0.146551724137931,288452.0,92002.0,0.0359334415584415,0.0037098876367544,Tanzania,Africa,Sub-Saharan Africa,Lower middle income,1,0,101,Latin America & Sub-Saharan Africa,Cluster 1: Latin America & Sub-Saharan Africa,1.0,True,243.611557006836,26110207.0,3.6,0.0,3.329101206,0.557,29.5
UGA,1990,0.0474137931034482,0.1163793103448275,242906.0,122324.0,0.0460634982833258,0.0036200950655131,Uganda,Africa,Sub-Saharan Africa,Low income,4,0,2,Sub-Saharan Africa & Western Asia,Cluster 4: Sub-Saharan Africa & Western Asia,1.0,True,244.987168126806,17569897.0,3.448,621.0,3.175858623,0.5736,28.1
VNM,1990,0.021551724137931,0.2413793103448275,18109.0,540991.0,0.0043041871921182,0.0007208614116572,Vietnam,Asia,South-Eastern Asia,Lower middle income,1,0,2,Latin America & Sub-Saharan Africa,Cluster 1: Latin America & Sub-Saharan Africa,0.5714285714285714,True,98.7983370311401,65504552.0,2.14,0.0,4.101410613,0.5298,15.0
VUT,1990,0.0387931034482758,0.0474137931034482,711.0,2517.0,0.0,0.0009346008923401,Vanuatu,Oceania,Melanesia,Lower middle income,0,1,102,Latin America & Sub-Saharan Africa,Cluster 0: Latin America & Sub-Saharan Africa,0.8571428571428571,True,1140.59020311724,148063.0,7.976,0.0,5.575515217,0.6172,33.8
ZWE,1990,0.0258620689655172,0.125,265830.0,107017.0,0.0553674988804299,0.0031478995585909,Zimbabwe,Africa,Sub-Saharan Africa,Low income,1,0,2,Latin America & Sub-Saharan Africa,Cluster 1: Latin America & Sub-Saharan Africa,1.0,True,866.928868406131,10137281.0,4.793,0.0,5.021989402,0.4999,29.5
MRT,1990,0.1508620689655172,0.0862068965517241,53326.0,53172.0,0.0408028250485147,0.0021900624465929,Mauritania,Africa,Sub-Saharan Africa,Lower middle income,6,4,43,Sub-Saharan Africa,Cluster 6: Sub-Saharan Africa,0.8571428571428571,True,772.033092140219,1951878.0,9.971,0.0,2.267245743,0.566,28.1
NER,1990,0.0560344827586206,0.1120689655172413,55363.0,52598.0,0.0043911404687266,0.0013937619490803,Niger,Africa,Sub-Saharan Africa,Low income,6,4,103,Sub-Saharan Africa,Cluster 6: Sub-Saharan Africa,1.0,True,423.887460599302,8286059.0,1.588,0.0,0.728083218,0.6531,26.6
MLI,1990,0.0991379310344827,0.1336206896551724,70244.0,244654.0,0.0384550865800865,0.0036511420515651,Mali,Africa,Sub-Saharan Africa,Low income,6,4,15,Sub-Saharan Africa,Cluster 6: Sub-Saharan Africa,1.0,True,353.903252431339,9178830.0,1.399,457.0,0.844106169,0.6368,27.4
SMR,1990,0.0387931034482758,0.0172413793103448,1529.0,1624.0,0.0,0.000667217504338,San Marino,Europe,Southern Europe,High income,1,0,104,Latin America & Sub-Saharan Africa,Cluster 1: Latin America & Sub-Saharan Africa,0.8571428571428571,True,37600.7049136309,23475.0,,0.0,8.332661106,,78.5
LIE,1990,0.1206896551724137,0.0129310344827586,4930.0,8.0,0.0,0.0007569767684102,Liechtenstein,Europe,Western Europe,High income,3,2,105,Pan-Europe,Cluster 3: Pan-Europe,1.0,True,49457.5609343203,28742.0,,0.0,10.23800893,,83.5
GNB,1990,0.0474137931034482,0.0646551724137931,7340.0,24108.0,0.0,0.000934436762005,Guinea-Bissau,Africa,Sub-Saharan Africa,Low income,6,4,106,Sub-Saharan Africa,Cluster 6: Sub-Saharan Africa,0.8571428571428571,True,651.337640650994,973669.0,3.009,0.0,2.148568167,0.6549,23.8
CHI,1990,0.0172413793103448,0.0129310344827586,31989.0,143.0,0.0,0.0011540981129893,Channel Islands,Europe,Northern Europe,High income,1,0,107,Latin America & Sub-Saharan Africa,Cluster 1: Latin America & Sub-Saharan Africa,0.8571428571428571,True,43479.1940767689,143087.0,5.679,0.0,,,
VAT,1990,0.0,0.0043103448275862,0.0,10.0,0.0,0.0006437768240343,Holy See,Europe,Southern Europe,High income,0,1,108,Latin America & Sub-Saharan Africa,Cluster 0: Latin America & Sub-Saharan Africa,0.8571428571428571,True,,,,,,,
GNQ,1990,0.0258620689655172,0.0344827586206896,1071.0,14139.0,0.0,0.0006893294109867,Equatorial Guinea,Africa,Sub-Saharan Africa,Upper middle income,6,4,109,Sub-Saharan Africa,Cluster 6: Sub-Saharan Africa,1.0,True,236.402188376265,474274.0,6.677,0.0,6.393709877,0.4253,15.0
COM,1990,0.021551724137931,0.0474137931034482,6617.0,13361.0,0.0043041871921182,0.001232018124621,Comoros,Africa,Sub-Saharan Africa,Low income,0,1,110,Latin America & Sub-Saharan Africa,Cluster 0: Latin America & Sub-Saharan Africa,0.8571428571428571,True,903.20430581841,444596.0,4.795,0.0,2.71568799,0.5567,15.0
TLS,1990,0.0646551724137931,0.0129310344827586,3986.0,13114.0,0.0,0.0007409597124993,Timor-Leste,Asia,South-Eastern Asia,Lower middle income,3,2,111,Pan-Europe,Cluster 3: Pan-Europe,0.7142857142857143,True,168.621010199317,760345.0,3.453,0.0,3.771546767,0.5427,15.0
GRL,1990,0.0560344827586206,0.0344827586206896,2767.0,6191.0,0.0,0.0008913412549063,Greenland,Americas,Northern America,High income,3,2,112,Pan-Europe,Cluster 3: Pan-Europe,1.0,True,18326.9295023252,55600.0,,0.0,,,
SPM,1990,0.0129310344827586,0.0172413793103448,475.0,28.0,0.0,0.0006678548342887,Saint Pierre and Miquelon,Americas,Northern America,High income,0,1,113,Latin America & Sub-Saharan Africa,Cluster 0: Latin America & Sub-Saharan Africa,0.8571428571428571,True,,,,,,,
FRO,1990,0.0818965517241379,0.021551724137931,1782.0,4809.0,0.0,0.0008110549127517,Faroe Islands,Europe,Northern Europe,High income,3,2,114,Pan-Europe,Cluster 3: Pan-Europe,1.0,True,20125.3725089519,47741.0,,0.0,,,
SHN,1990,0.0086206896551724,0.0172413793103448,60.0,71.0,0.0,0.000645392319435,Saint Helena,Africa,Sub-Saharan Africa,Upper middle income,1,0,115,Latin America & Sub-Saharan Africa,Cluster 1: Latin America & Sub-Saharan Africa,1.0,True,,,,,,,
WLF,1990,0.021551724137931,0.021551724137931,664.0,2880.0,0.0,0.0014338771598281,Wallis and Futuna Islands,Oceania,Polynesia,Upper middle income,0,1,116,Latin America & Sub-Saharan Africa,Cluster 0: Latin America & Sub-Saharan Africa,0.8571428571428571,True,,,,,,,
ESH,1990,0.0301724137931034,0.0086206896551724,1175.0,75518.0,0.0,0.0006764901572398,Western Sahara,Africa,Northern Africa,Lower middle income,0,1,2,Latin America & Sub-Saharan Africa,Cluster 0: Latin America & Sub-Saharan Africa,0.8571428571428571,True,,,,,,,
FSM,1990,0.0517241379310344,0.0172413793103448,533.0,2357.0,0.0,0.0014123984627724,Micronesia,Oceania,Micronesia,Lower middle income,4,3,117,Sub-Saharan Africa & Western Asia,Cluster 4: Sub-Saharan Africa & Western Asia,0.8571428571428571,True,1459.04369201491,100888.0,,0.0,7.80353371,0.6587,15.0
MHL,1990,0.0258620689655172,0.0129310344827586,395.0,151.0,0.0,0.0007065348920271,Marshall Islands,Oceania,Micronesia,Upper middle income,4,3,118,Sub-Saharan Africa & Western Asia,Cluster 4: Sub-Saharan Africa & Western Asia,1.0,True,1758.40820990836,44629.0,,0.0,11.83640289,0.5877,25.9
MNP,1990,0.0517241379310344,0.0172413793103448,11606.0,1178.0,0.0049345984475294,0.0065780757352209,Northern Mariana Islands,Oceania,Micronesia,High income,4,3,119,Sub-Saharan Africa & Western Asia,Cluster 4: Sub-Saharan Africa & Western Asia,0.8571428571428571,True,17015.7487891715,43342.0,,0.0,,,
PLW,1990,0.0344827586206896,0.021551724137931,960.0,1586.0,0.0042824488729661,0.0014072244843667,Palau,Oceania,Micronesia,High income,4,3,120,Sub-Saharan Africa & Western Asia,Cluster 4: Sub-Saharan Africa & Western Asia,0.8571428571428571,True,6402.929615309,15259.0,,0.0,12.51425254,0.5521,15.0
MYT,1990,0.0129310344827586,0.0086206896551724,5243.0,849.0,0.0,0.0009979975299691,Mayotte,Africa,Sub-Saharan Africa,Upper middle income,0,1,121,Latin America & Sub-Saharan Africa,Cluster 0: Latin America & Sub-Saharan Africa,0.8571428571428571,True,,,,,,,
BES,1995,0.0,0.0344827586206896,0.0,1676.0,0.0,0.0006437768240343,"Bonaire, Sint Eustatius and Saba",Americas,Caribbean,High income,6,0,0,Latin America & Caribbean,Cluster 6: Latin America & Caribbean,0.5714285714285714,True,,,,,,,
ABW,1995,0.0948275862068965,0.0646551724137931,10622.0,2730.0,0.0,0.0025421099604783,Aruba,Americas,Caribbean,High income,6,0,1,Latin America & Caribbean,Cluster 6: Latin America & Caribbean,0.5714285714285714,True,16548.7173868987,79805.0,,0.0,,,
CHN,1995,0.418103448275862,0.5905172413793104,221186.0,2283631.0,0.087931500970294,0.0061919698493677,China,Asia,Eastern Asia,Upper middle income,1,1,2,Latin America & Eastern Asia,Cluster 1: Latin America & Eastern Asia,0.7142857142857143,True,612.680277898627,1204855000.0,3.0,0.0,5.036169767,0.406837482872689,15.0
COL,1995,0.2327586206896551,0.2284482758620689,50217.0,625909.0,0.0177384684281236,0.0035377902256403,Colombia,Americas,Latin America,Upper middle income,6,0,3,Latin America & Caribbean,Cluster 6: Latin America & Caribbean,0.7142857142857143,True,2583.66576349858,35804662.0,8.72,823.0,6.600705494,0.442842596681406,25.6
CUW,1995,0.1853448275862069,0.0474137931034482,24672.0,1895.0,0.0098474585759068,0.0041724839882116,Curaçao,Americas,Caribbean,High income,6,0,4,Latin America & Caribbean,Cluster 6: Latin America & Caribbean,0.5714285714285714,True,15841.2612359949,145139.0,,0.0,,,
DMA,1995,0.1422413793103448,0.1206896551724137,1297.0,11357.0,0.0042824488729661,0.000831852412286,Dominica,Americas,Caribbean,Upper middle income,6,2,5,Latin America & Caribbean,Cluster 6: Latin America & Caribbean,0.8571428571428571,True,3951.72267086358,69469.0,,0.0,7.84770598,0.474395599738554,41.6
DOM,1995,0.3793103448275862,0.2241379310344827,123951.0,392955.0,0.0141299074488729,0.0044735971904503,Dominican Republic,Americas,Latin America,Upper middle income,6,0,6,Latin America & Caribbean,Cluster 6: Latin America & Caribbean,0.7142857142857143,True,2109.16940728689,7888115.0,6.439,0.0,5.921972532,0.440610127732544,20.0
GRD,1995,0.0646551724137931,0.0991379310344827,1829.0,13415.0,0.0,0.0007428016710477,Grenada,Americas,Caribbean,Upper middle income,6,2,7,Latin America & Caribbean,Cluster 6: Latin America & Caribbean,0.7142857142857143,True,3294.26988339657,103869.0,,0.0,9.635296401,0.409505456406625,48.0
GUY,1995,0.0689655172413793,0.1594827586206896,2618.0,139706.0,0.0,0.0007433777974398,Guyana,Americas,Latin America,Upper middle income,6,0,8,Latin America & Caribbean,Cluster 6: Latin America & Caribbean,0.8571428571428571,True,819.668541584905,758388.0,11.566,0.0,5.62372786,0.482607252254836,42.4
HTI,1995,0.0905172413793103,0.1767241379310344,7454.0,325984.0,0.0128473466188983,0.0008958840436144,Haiti,Americas,Latin America,Low income,6,0,6,Latin America & Caribbean,Cluster 6: Latin America & Caribbean,0.7142857142857143,True,372.006104665125,7562546.0,7.51,0.0,3.188330189,0.528663058879269,17.6
IND,1995,0.1724137931034483,0.5086206896551724,3244800.0,2741426.0,0.1055612778026571,0.0135500292570937,India,Asia,South Asia,Lower middle income,0,7,2,South & Western Asia,Cluster 0: South & Western Asia,0.8571428571428571,True,375.17600537305,960301044.0,7.57,836.0,3.298423224,0.548878348836063,20.0
JAM,1995,0.0905172413793103,0.1982758620689655,10240.0,460978.0,0.014151645768025,0.0017313152562008,Jamaica,Americas,Latin America,Upper middle income,1,2,9,Latin America & Eastern Asia,Cluster 1: Latin America & Eastern Asia,0.7142857142857143,True,2630.84935382822,2500151.0,6.325,0.0,7.100741959,0.449463686861395,45.6
NIC,1995,0.2284482758620689,0.1508620689655172,12771.0,258493.0,0.0,0.0012970447942474,Nicaragua,Americas,Latin America,Lower middle income,1,2,10,Latin America & Eastern Asia,Cluster 1: Latin America & Eastern Asia,0.5714285714285714,True,891.779352309996,4642931.0,7.414,0.0,4.56,0.479365221011963,60.0
NLD,1995,0.1724137931034483,0.3620689655172414,589776.0,249236.0,0.0049780750858337,0.0062214797650013,Netherlands,Europe,Western Europe,High income,3,1,2,Western Asia & Polynesia,Cluster 3: Western Asia & Polynesia,0.7142857142857143,True,29301.1940492376,15459006.0,7.157,0.0,11.40982336,0.327244062758629,100.8
PER,1995,0.2241379310344827,0.2284482758620689,22075.0,255400.0,0.0,0.0014796250718631,Peru,Americas,Latin America,Upper middle income,6,0,11,Latin America & Caribbean,Cluster 6: Latin America & Caribbean,0.7142857142857143,True,2189.53431515311,24348919.0,4.708,277.0,8.071229978,0.454131788558447,32.8
PHL,1995,0.0387931034482758,0.3793103448275862,42338.0,1547919.0,0.0085648977459322,0.0020736859568325,Philippines,Asia,South-Eastern Asia,Lower middle income,3,1,2,Western Asia & Polynesia,Cluster 3: Western Asia & Polynesia,0.8571428571428571,True,1199.84171414993,70546246.0,3.68,152.0,7.373015165,0.499359161756268,26.4
PRT,1995,0.5301724137931034,0.2801724137931034,270916.0,733588.0,0.044737460815047,0.0063376616517179,Portugal,Europe,Southern Europe,High income,6,0,2,Latin America & Caribbean,Cluster 6: Latin America & Caribbean,1.0,True,11781.3618502221,10026176.0,7.064,0.0,6.135032858,0.363135571163758,98.4
SUR,1995,0.0172413793103448,0.0905172413793103,5994.0,113544.0,0.0043259255112703,0.0006944924803278,Suriname,Americas,Latin America,Upper middle income,3,1,2,Western Asia & Polynesia,Cluster 3: Western Asia & Polynesia,0.7142857142857143,True,1609.82504373206,429606.0,8.39,0.0,7.778472662,0.417626515571275,32.0
SXM,1995,0.1422413793103448,0.0344827586206896,11419.0,702.0,0.0,0.0041328527466535,Sint Maarten,Americas,Caribbean,High income,6,0,12,Latin America & Caribbean,Cluster 6: Latin America & Caribbean,0.7142857142857143,True,26403.8143692163,31772.0,,0.0,,,
TUR,1995,0.1896551724137931,0.3232758620689655,597427.0,1093074.0,0.0097822436184505,0.0056632761145664,Turkey,Asia,Western Asia,Upper middle income,3,3,2,Western Asia & Polynesia,Cluster 3: Western Asia & Polynesia,0.8571428571428571,True,3845.98997887841,61024503.0,7.644,3725.0,4.730743288,0.415230659140729,41.6
USA,1995,0.2543103448275862,0.6810344827586207,13844114.0,931064.0,0.5468056799522317,0.1334121073885824,United States,Americas,Northern America,High income,1,2,2,Latin America & Eastern Asia,Cluster 1: Latin America & Eastern Asia,0.5714285714285714,True,28690.8757013347,266278000.0,5.65,0.0,13.13735104,0.31692616602175,104.0
VCT,1995,0.0646551724137931,0.0991379310344827,1998.0,13678.0,0.0,0.0011895068353564,Saint Vincent and the Grenadines,Americas,Caribbean,Upper middle income,6,2,13,Latin America & Caribbean,Cluster 6: Latin America & Caribbean,0.7142857142857143,True,2795.36305613955,113047.0,20.005,0.0,8.738285548,0.464483392932928,51.2
VEN,1995,0.4870689655172414,0.2241379310344827,505958.0,125699.0,0.0562587699656665,0.0067753389674819,Venezuela,Americas,Latin America,Lower middle income,6,0,2,Latin America & Caribbean,Cluster 6: Latin America & Caribbean,0.7142857142857143,True,3486.98350635919,22193821.0,10.24,0.0,6.578029893,0.37929954074482,73.6
PAK,1995,0.0344827586206896,0.3318965517241379,1716493.0,1140275.0,0.0069997387669801,0.0054091851133102,Pakistan,Asia,South Asia,Lower middle income,0,7,2,South & Western Asia,Cluster 0: South & Western Asia,1.0,True,450.550279346206,134582253.0,0.611,52.0,2.784410389,0.553051752021308,15.0
AFG,1995,0.0129310344827586,0.2327586206896551,24303.0,1888242.0,0.0049128601283773,0.0007399521775456,Afghanistan,Asia,South Asia,Low income,0,7,2,South & Western Asia,Cluster 0: South & Western Asia,1.0,True,174.930991430166,17065836.0,7.868,5516.0,1.08848943,0.612511069387945,15.0
TJK,1995,0.1508620689655172,0.1120689655172413,196182.0,270397.0,0.0088692342140618,0.0012651140874076,Tajikistan,Asia,Central Asia,Low income,2,6,2,Central Asia & Western Asia,Cluster 2: Central Asia & Western Asia,0.5714285714285714,True,207.034457343036,5948584.0,3.45,368.0,10.26935781,0.41604415142597,21.6
UZB,1995,0.043103448275862,0.168103448275862,813038.0,843586.0,0.0,0.0028121154012661,Uzbekistan,Asia,Central Asia,Lower middle income,2,6,2,Central Asia & Western Asia,Cluster 2: Central Asia & Western Asia,0.5714285714285714,True,582.54213674034,22917589.0,7.8,1.0,10.0474884,0.367418297635995,19.2
CIV,1995,0.043103448275862,0.1508620689655172,793527.0,212437.0,0.0346291424093148,0.0106260025183257,Côte d'Ivoire,Africa,Sub-Saharan Africa,Lower middle income,4,5,14,Sub-Saharan Africa,Cluster 4: Sub-Saharan Africa,1.0,True,740.4730999133,14855565.0,4.1,0.0,5.619881517,0.494340247460916,15.0
AGO,1995,0.0560344827586206,0.1422413793103448,15688.0,328987.0,0.0085648977459322,0.0009868441009106,Angola,Africa,Sub-Saharan Africa,Lower middle income,6,0,2,Latin America & Caribbean,Cluster 6: Latin America & Caribbean,1.0,True,404.29481849612,13699778.0,16.978,187.0,3.425696188,0.493885446100005,15.2
COD,1995,0.0301724137931034,0.2025862068965517,864497.0,255121.0,0.0207600947902672,0.0028891084018236,DR Congo,Africa,Sub-Saharan Africa,Low income,5,4,15,Sub-Saharan Africa,Cluster 5: Sub-Saharan Africa,1.0,True,127.008078734668,44433704.0,3.285,0.0,4.563629078,0.565757004554937,15.0
COG,1995,0.0905172413793103,0.1422413793103448,92939.0,42513.0,4.3476638304224514e-05,0.0019518244518436,Congo,Africa,Sub-Saharan Africa,Lower middle income,5,4,16,Sub-Saharan Africa,Cluster 5: Sub-Saharan Africa,1.0,True,769.606794842829,2749461.0,20.226,0.0,6.755306809,0.552828896142527,21.6
CPV,1995,0.1508620689655172,0.0905172413793103,4374.0,32157.0,0.0043041871921182,0.0008411493484823,Cabo Verde,Africa,Sub-Saharan Africa,Lower middle income,6,0,17,Latin America & Caribbean,Cluster 6: Latin America & Caribbean,1.0,True,1165.13832331934,418104.0,12.883,0.0,5.314436678,0.43445696224619,15.0
GIN,1995,0.125,0.1508620689655172,386368.0,143124.0,0.0164124309598447,0.0034658299886678,Guinea,Africa,Sub-Saharan Africa,Low income,4,5,14,Sub-Saharan Africa,Cluster 4: Sub-Saharan Africa,1.0,True,713.031460558683,7553249.0,4.494,1.0,1.37776584,0.548816349151806,29.6
MOZ,1995,0.0689655172413793,0.125,71632.0,299917.0,0.024216487535453,0.0026640088229441,Mozambique,Africa,Sub-Saharan Africa,Low income,5,4,2,Sub-Saharan Africa,Cluster 5: Sub-Saharan Africa,1.0,True,191.826096861406,15960530.0,2.758,0.0,1.540909411,0.50766298207097,17.6
NAM,1995,0.3491379310344827,0.0603448275862068,52374.0,18789.0,0.0,0.0021700771672551,Namibia,Africa,Sub-Saharan Africa,Upper middle income,5,4,18,Sub-Saharan Africa,Cluster 5: Sub-Saharan Africa,1.0,True,2483.20353415161,1602170.0,21.34,0.0,5.748350143,0.501346204021838,32.8
RWA,1995,0.021551724137931,0.1293103448275862,98493.0,1064922.0,0.0274120204508135,0.0020232715047354,Rwanda,Africa,Sub-Saharan Africa,Low income,5,4,15,Sub-Saharan Africa,Cluster 5: Sub-Saharan Africa,1.0,True,227.971147849318,5674118.0,11.938,0.0,2.129228454,0.612544604971734,18.4
STP,1995,0.0258620689655172,0.0344827586206896,2332.0,9881.0,0.0,0.0007022994598438,Sao Tome and Principe,Africa,Sub-Saharan Africa,Lower middle income,6,4,19,Latin America & Caribbean,Cluster 6: Latin America & Caribbean,1.0,True,768.710751184259,134895.0,14.342,0.0,4.367413249,0.550168609620535,17.6
TCD,1995,0.043103448275862,0.1077586206896551,38668.0,107829.0,0.0020434020002985,0.0016443688990804,Chad,Africa,Sub-Saharan Africa,Low income,4,5,20,Sub-Saharan Africa,Cluster 4: Sub-Saharan Africa,1.0,True,203.964852705041,7089064.0,0.755,0.0,1.283289695,0.645606011326848,15.0
ZAF,1995,0.5129310344827586,0.293103448275862,332184.0,179802.0,0.0534110501567398,0.0100153131593371,South Africa,Africa,Sub-Saharan Africa,Upper middle income,5,4,2,Sub-Saharan Africa,Cluster 5: Sub-Saharan Africa,1.0,True,3855.6340871567,44541554.0,22.705,0.0,8.251176204,0.420095080940072,52.0
ZMB,1995,0.125,0.1077586206896551,113792.0,60486.0,0.000586934617107,0.0017278057269645,Zambia,Africa,Sub-Saharan Africa,Lower middle income,5,4,21,Sub-Saharan Africa,Cluster 5: Sub-Saharan Africa,1.0,True,433.312782642118,8785763.0,16.834,1.0,4.936194028,0.49604387411646,36.0
CAN,1995,0.5560344827586207,0.4870689655172414,2441105.0,734410.0,0.0458243767726526,0.0479816664311353,Canada,Americas,Northern America,High income,1,2,2,Latin America & Eastern Asia,Cluster 1: Latin America & Eastern Asia,0.8571428571428571,True,20679.634792669,29302311.0,9.489,0.0,11.61542435,0.287536079744662,100.0
AIA,1995,0.0387931034482758,0.0474137931034482,1148.0,1066.0,0.0,0.0013392760553135,Anguilla,Americas,Caribbean,High income,6,2,22,Latin America & Caribbean,Cluster 6: Latin America & Caribbean,0.7142857142857143,True,,,,,,,
GBR,1995,0.1422413793103448,0.5905172413793104,1681842.0,2061686.0,0.3371830683684132,0.0422344406625228,United Kingdom,Europe,Northern Europe,High income,1,2,2,Latin America & Eastern Asia,Cluster 1: Latin America & Eastern Asia,0.8571428571428571,True,23252.6157127423,58019030.0,8.694,0.0,10.0803197,0.272974836478802,102.4
KNA,1995,0.0560344827586206,0.0905172413793103,1005.0,5814.0,0.0,0.0015231486531223,Saint Kitts and Nevis,Americas,Latin America,High income,6,0,23,Latin America & Caribbean,Cluster 6: Latin America & Caribbean,0.7142857142857143,True,7406.44486096454,42326.0,,0.0,8.524296424,,49.6
MSR,1995,0.043103448275862,0.0387931034482758,643.0,1178.0,0.0,0.0007168701762614,Montserrat,Americas,Caribbean,Upper middle income,6,2,24,Latin America & Caribbean,Cluster 6: Latin America & Caribbean,0.7142857142857143,True,,,,,,,
VIR,1995,0.0862068965517241,0.0603448275862068,25642.0,1380.0,0.0288032728765487,0.0060835003048114,United States Virgin Islands,Americas,Caribbean,High income,1,2,25,Latin America & Eastern Asia,Cluster 1: Latin America & Eastern Asia,0.5714285714285714,True,40828.7460927775,107818.0,10.611,0.0,,,
ALB,1995,0.0258620689655172,0.1508620689655172,33564.0,171986.0,0.0251729735781459,0.0014352279198682,Albania,Europe,Eastern Europe,Upper middle income,3,3,26,Western Asia & Polynesia,Cluster 3: Western Asia & Polynesia,0.7142857142857143,True,911.320465445326,3187784.0,14.607,0.0,7.345239196,0.45182695756391,15.0
GRC,1995,0.8836206896551724,0.2327586206896551,412846.0,411285.0,0.0386942080907598,0.0103217562026699,Greece,Europe,Southern Europe,High income,3,3,2,Western Asia & Polynesia,Cluster 3: Western Asia & Polynesia,0.7142857142857143,True,12779.081491606,10562153.0,10.116,0.0,8.30107723,0.34405984184979,96.0
ITA,1995,0.6120689655172413,0.4396551724137931,976532.0,1517819.0,0.0430636102403343,0.025421666563409,Italy,Europe,Southern Europe,High income,1,3,2,Latin America & Eastern Asia,Cluster 1: Latin America & Eastern Asia,0.8571428571428571,True,20712.1798690324,56844303.0,11.661,0.0,8.0921424,0.346280179263349,102.4
MKD,1995,0.0818965517241379,0.1422413793103448,62929.0,206508.0,0.0210861695775488,0.0011305928519257,North Macedonia,Europe,Eastern Europe,Upper middle income,3,3,2,Western Asia & Polynesia,Cluster 3: Western Asia & Polynesia,0.8571428571428571,True,2355.24705371138,1998534.0,35.6,0.0,5.574106097,0.381889558658791,15.0
ARG,1995,0.3103448275862069,0.2586206896551724,838525.0,228854.0,0.0319335908344529,0.0135247479964962,Argentina,Americas,Latin America,Upper middle income,6,0,2,Latin America & Caribbean,Cluster 6: Latin America & Caribbean,0.8571428571428571,True,7357.6162773788,35070020.0,18.8,0.0,8.462594032,0.402014737480192,80.8
AND,1995,0.0775862068965517,0.021551724137931,18680.0,146.0,0.0,0.0009496098159359,Andorra,Europe,Western Europe,High income,6,0,27,Latin America & Caribbean,Cluster 6: Latin America & Caribbean,0.8571428571428571,True,18443.2545197741,63912.0,,0.0,9.806363724,,79.2
AUS,1995,0.8318965517241379,0.396551724137931,2064015.0,144982.0,0.1048004366323332,0.0505260519768474,Australia,Oceania,Australia/NZ,High income,3,1,2,Western Asia & Polynesia,Cluster 3: Western Asia & Polynesia,0.7142857142857143,True,20479.1748274233,18004882.0,8.473,0.0,11.33797971,0.326823263325125,96.0
BEL,1995,0.3534482758620689,0.3060344827586206,479121.0,170656.0,0.0083257762352589,0.0088538383172894,Belgium,Europe,Western Europe,High income,6,0,2,Latin America & Caribbean,Cluster 6: Latin America & Caribbean,0.8571428571428571,True,28413.8264387368,10136811.0,9.337,0.0,10.10977799,0.357881934958883,101.6
CHE,1995,0.1939655172413793,0.3146551724137931,644633.0,219717.0,0.0043041871921182,0.0095658748351089,Switzerland,Europe,Western Europe,High income,1,3,2,Latin America & Eastern Asia,Cluster 1: Latin America & Eastern Asia,1.0,True,50868.9734516769,7040687.0,3.094,0.0,10.48188699,0.293450119997046,101.6
CHL,1995,0.4094827586206896,0.2112068965517241,61270.0,197050.0,0.0049780750858337,0.0034133362466642,Chile,Americas,Latin America,High income,6,0,2,Latin America & Caribbean,Cluster 6: Latin America & Caribbean,0.8571428571428571,True,5081.4682771561,14527381.0,4.7,0.0,8.784672473,0.359629264796037,87.2
DEU,1995,0.1163793103448275,0.521551724137931,3084232.0,2765859.0,0.3410959658157934,0.022224662350132,Germany,Europe,Western Europe,High income,1,3,2,Latin America & Eastern Asia,Cluster 1: Latin America & Eastern Asia,1.0,True,31747.2449398447,81678051.0,8.158,0.0,11.41552557,0.309806792485817,103.2
DNK,1995,0.7241379310344828,0.2327586206896551,145638.0,56082.0,0.0325640020898641,0.0062581965791607,Denmark,Europe,Northern Europe,High income,7,3,28,Pan-Europe,Cluster 7: Pan-Europe,1.0,True,35321.0980773087,5233373.0,6.992,0.0,11.64894009,0.34470972760039,104.0
ESP,1995,0.2025862068965517,0.3577586206896552,552277.0,642192.0,0.0779970891177787,0.0113167716280049,Spain,Europe,Southern Europe,High income,6,0,2,Latin America & Caribbean,Cluster 6: Latin America & Caribbean,0.8571428571428571,True,15460.9110266653,39724050.0,22.675,0.0,6.860023902,0.311233792250304,101.6
FRA,1995,0.2241379310344827,0.5689655172413793,2740657.0,873309.0,0.2792069711897298,0.0288339862076612,France,Europe,Western Europe,High income,6,0,2,Latin America & Caribbean,Cluster 6: Latin America & Caribbean,0.8571428571428571,True,26791.8151982369,59541294.0,11.834,0.0,8.511590515,0.309070305843987,102.4
MAR,1995,0.0775862068965517,0.2327586206896551,19297.0,684137.0,0.0,0.0010681107614559,Morocco,Africa,Northern Africa,Lower middle income,6,0,2,Latin America & Caribbean,Cluster 6: Latin America & Caribbean,0.8571428571428571,True,1466.78820800781,26399429.0,14.054,0.0,2.66,0.436078511617363,24.0
SWE,1995,0.2370689655172413,0.2629310344827586,423162.0,65226.0,0.0048911218092252,0.0095052547069611,Sweden,Europe,Northern Europe,High income,7,3,29,Pan-Europe,Cluster 7: Pan-Europe,1.0,True,30254.0273028727,8826939.0,8.897,0.0,10.52972031,0.315964573118744,103.2
URY,1995,0.0732758620689655,0.1637931034482758,45715.0,94395.0,0.0,0.00174050038913,Uruguay,Americas,Latin America,High income,6,0,2,Latin America & Caribbean,Cluster 6: Latin America & Caribbean,0.8571428571428571,True,6050.48632253644,3189440.0,10.02,0.0,7.341849769,0.416788976356437,79.2
ARE,1995,0.1422413793103448,0.1206896551724137,489906.0,32657.0,0.0042172339155097,0.0039409066901292,United Arab Emirates,Asia,Western Asia,High income,0,7,2,South & Western Asia,Cluster 0: South & Western Asia,1.0,True,27003.1753753727,2434662.0,1.8,0.0,7.253594116,0.410901729783583,28.0
BGD,1995,0.0732758620689655,0.2241379310344827,384179.0,2130274.0,0.0682148454993282,0.0046138016742902,Bangladesh,Asia,South Asia,Lower middle income,0,7,2,South & Western Asia,Cluster 0: South & Western Asia,0.8571428571428571,True,309.458680823367,122600370.0,2.441,1.0,3.816808113,0.576220664142081,22.4
BHR,1995,0.1422413793103448,0.0818965517241379,60669.0,10601.0,0.0,0.0011237538968533,Bahrain,Asia,Western Asia,High income,0,7,30,South & Western Asia,Cluster 0: South & Western Asia,0.8571428571428571,True,11900.9317778335,558879.0,1.044,0.0,6.566768074,0.44751143302962,30.4
EGY,1995,0.3060344827586206,0.2844827586206896,61675.0,493535.0,0.0410202082400358,0.0023203468941071,Egypt,Africa,Northern Africa,Lower middle income,0,7,2,South & Western Asia,Cluster 0: South & Western Asia,1.0,True,916.326617700876,65652622.0,11.04,191.0,6.121898744,0.44764316836283,15.0
ERI,1995,0.0905172413793103,0.1206896551724137,5162.0,175581.0,0.0,0.0006908212917985,Eritrea,Africa,Sub-Saharan Africa,Low income,1,3,31,Latin America & Eastern Asia,Cluster 1: Latin America & Eastern Asia,0.8571428571428571,True,285.402184008331,2025267.0,5.349,0.0,4.710979562,0.587286669147351,16.0
ETH,1995,0.0474137931034482,0.1982758620689655,235040.0,377670.0,0.0148037953425884,0.0018800080602768,Ethiopia,Africa,Sub-Saharan Africa,Low income,5,4,2,Sub-Saharan Africa,Cluster 5: Sub-Saharan Africa,1.0,True,136.523619088963,57537335.0,3.005,25.0,1.484763579,0.596229322395663,15.0
IDN,1995,0.0603448275862068,0.2672413793103448,40675.0,867764.0,0.0092822622779519,0.0030016950504458,Indonesia,Asia,South-Eastern Asia,Upper middle income,3,1,2,Western Asia & Polynesia,Cluster 3: Western Asia & Polynesia,0.7142857142857143,True,1011.22614205568,199888057.0,4.611,0.0,4.586630762,0.49215156596441,23.2
JOR,1995,0.0344827586206896,0.1724137931034483,638829.0,131430.0,0.0041085423197492,0.0070044976954718,Jordan,Asia,Western Asia,Upper middle income,3,1,2,Western Asia & Polynesia,Cluster 3: Western Asia & Polynesia,0.8571428571428571,True,1415.71151592128,4752096.0,14.6,0.0,6.397109859,0.415892882194316,16.8
KWT,1995,0.1379310344827586,0.1206896551724137,325493.0,28817.0,0.0,0.0029834613423454,Kuwait,Asia,Western Asia,High income,0,1,2,South & Western Asia,Cluster 0: South & Western Asia,1.0,True,16168.165602374,1681513.0,0.694,0.0,5.826254877,0.393134662521706,31.2
LBN,1995,0.0301724137931034,0.3060344827586206,188018.0,177670.0,0.0160428795342588,0.0021956994417699,Lebanon,Asia,Western Asia,Lower middle income,3,1,2,Western Asia & Polynesia,Cluster 3: Western Asia & Polynesia,0.8571428571428571,True,2958.74263957462,3960735.0,8.421,0.0,7.967203308,0.444186287964736,15.0
LKA,1995,0.1767241379310344,0.2155172413793103,17434.0,355757.0,0.0,0.0008292967287511,Sri Lanka,Asia,South Asia,Lower middle income,0,7,2,South & Western Asia,Cluster 0: South & Western Asia,0.8571428571428571,True,741.838255293455,17564068.0,12.27,4755.0,9.076972237,0.481387701840353,17.6
NGA,1995,0.0387931034482758,0.3189655172413793,160000.0,205500.0,0.0092170473204955,0.0022532186803333,Nigeria,Africa,Sub-Saharan Africa,Lower middle income,4,5,14,Sub-Saharan Africa,Cluster 4: Sub-Saharan Africa,1.0,True,1271.61617353199,110819428.0,4.152,0.0,5.141990089,0.534217705720128,28.0
NPL,1995,0.0258620689655172,0.1767241379310344,451329.0,320433.0,0.0049563367666815,0.0028152335168248,Nepal,Asia,South Asia,Lower middle income,0,7,2,South & Western Asia,Cluster 0: South & Western Asia,0.8571428571428571,True,197.843001330326,22245439.0,10.473,0.0,2.602267063,0.553512904019091,16.0
PSE,1995,0.0603448275862068,0.1637931034482758,141852.0,1059335.0,0.0992136886102403,0.0126605275303462,Palestine,Asia,Western Asia,Lower middle income,3,1,2,Western Asia & Polynesia,Cluster 3: Western Asia & Polynesia,0.8571428571428571,True,1326.56285737146,2474666.0,10.714,0.0,7.631455183,,15.0
QAT,1995,0.1422413793103448,0.0818965517241379,90472.0,5699.0,0.0,0.0036878253037145,Qatar,Asia,Western Asia,High income,3,1,32,Western Asia & Polynesia,Cluster 3: Western Asia & Polynesia,0.7142857142857143,True,15822.5092848142,514325.0,0.87,0.0,7.08201688,0.375298283190275,29.6
SAU,1995,0.0818965517241379,0.1724137931034483,1191538.0,37690.0,2.1738319152112257e-05,0.0076603759036504,Saudi Arabia,Asia,Western Asia,High income,3,1,2,Western Asia & Polynesia,Cluster 3: Western Asia & Polynesia,0.8571428571428571,True,10786.4008952769,13289245.0,6.365,0.0,6.076295595,0.442272245124686,24.8
SDN,1995,0.0603448275862068,0.1810344827586207,511283.0,253712.0,0.0670192379459621,0.0042694056138238,Sudan,Africa,Sub-Saharan Africa,Low income,5,4,33,Sub-Saharan Africa,Cluster 5: Sub-Saharan Africa,1.0,True,462.585235595703,24672143.0,15.627,1000.0,1.97,0.622269121160108,15.0
SOM,1995,0.0043103448275862,0.1982758620689655,8554.0,373925.0,0.0043041871921182,0.0006799727431664,Somalia,Africa,Sub-Saharan Africa,Low income,5,4,2,Sub-Saharan Africa,Cluster 5: Sub-Saharan Africa,1.0,True,210.673254610492,7285007.0,19.585,104.0,1.9003,0.641696215239402,15.0
SSD,1995,0.0,0.043103448275862,0.0,130497.0,0.0,0.0006437768240343,South Sudan,Africa,Sub-Saharan Africa,Low income,5,4,15,Sub-Saharan Africa,Cluster 5: Sub-Saharan Africa,1.0,True,1498.27034985194,5225836.0,12.334,0.0,5.726140022,,15.0
SYR,1995,0.021551724137931,0.3017241379310345,145382.0,142775.0,0.0,0.0021093567919713,Syria,Asia,Western Asia,Low income,3,1,2,Western Asia & Polynesia,Cluster 3: Western Asia & Polynesia,0.7142857142857143,True,779.699100153744,14616801.0,7.2,0.0,4.265891297,0.445077897507283,15.0
THA,1995,0.0517241379310344,0.2629310344827586,90174.0,245134.0,0.0128908232572025,0.0009763767552235,Thailand,Asia,South-Eastern Asia,Upper middle income,1,2,2,Latin America & Eastern Asia,Cluster 1: Latin America & Eastern Asia,0.7142857142857143,True,2864.36515719866,59098232.0,1.1,0.0,5.096191816,0.444020609255219,23.2
TUN,1995,0.0646551724137931,0.168103448275862,15835.0,210417.0,0.0,0.0008413287095786,Tunisia,Africa,Northern Africa,Lower middle income,6,0,2,Latin America & Caribbean,Cluster 6: Latin America & Caribbean,0.8571428571428571,True,1968.16600944373,9161258.0,16.348,0.0,4.17352756,0.369595931490363,30.4
YEM,1995,0.0344827586206896,0.1206896551724137,44060.0,147634.0,0.0,0.0008578092516482,Yemen,Asia,Western Asia,Low income,3,1,2,Western Asia & Polynesia,Cluster 3: Western Asia & Polynesia,0.8571428571428571,True,764.414656090937,16740058.0,8.988,0.0,0.65,0.539629884702142,15.0
ARM,1995,0.0560344827586206,0.1767241379310344,315854.0,471493.0,0.0,0.0012911530027943,Armenia,Asia,Western Asia,Upper middle income,2,6,2,Central Asia & Western Asia,Cluster 2: Central Asia & Western Asia,0.5714285714285714,True,443.924860857976,3307581.0,6.7,0.0,10.13110835,0.401429554796693,18.4
AUT,1995,0.1853448275862069,0.2586206896551724,407097.0,226507.0,0.009695290341842,0.0037865837357419,Austria,Europe,Western Europe,High income,7,3,2,Pan-Europe,Cluster 7: Pan-Europe,1.0,True,30207.0674314652,7948278.0,4.345,0.0,10.65264307,0.306340542266892,100.0
BGR,1995,0.5948275862068966,0.2198275862068965,17590.0,344540.0,0.0,0.0007993197978758,Bulgaria,Europe,Eastern Europe,Upper middle income,3,3,2,Western Asia & Polynesia,Cluster 3: Western Asia & Polynesia,0.8571428571428571,True,2259.36679369328,8406067.0,11.1,0.0,8.260943413,0.374491262941731,66.4
BOL,1995,0.6379310344827586,0.1379310344827586,40213.0,116005.0,0.0,0.0023322005078673,Bolivia,Americas,Latin America,Lower middle income,6,0,2,Latin America & Caribbean,Cluster 6: Latin America & Caribbean,0.8571428571428571,True,852.754034861444,7874676.0,2.664,0.0,6.545290152,0.485828533967038,66.4
BRA,1995,0.4353448275862069,0.3232758620689655,337849.0,325079.0,0.0284337214509628,0.0061604500038755,Brazil,Americas,Latin America,Upper middle income,6,0,2,Latin America & Caribbean,Cluster 6: Latin America & Caribbean,0.7142857142857143,True,4756.74840785403,161735073.0,7.092,0.0,4.41516361,0.40620858942962,79.2
CRI,1995,0.5862068965517241,0.1293103448275862,99149.0,12489.0,0.0,0.0020825526597783,Costa Rica,Americas,Latin America,Upper middle income,1,2,34,Latin America & Eastern Asia,Cluster 1: Latin America & Eastern Asia,0.5714285714285714,True,3275.25258510331,3535176.0,5.18,0.0,6.962734944,0.438843647782135,76.0
CUB,1995,0.1551724137931034,0.25,11785.0,473439.0,0.0,0.0008294482551575,Cuba,Americas,Latin America,Upper middle income,1,2,2,Latin America & Eastern Asia,Cluster 1: Latin America & Eastern Asia,0.5714285714285714,True,2785.24442954103,10925362.0,8.27,0.0,9.533118744,0.43577551243867,21.6
CYP,1995,0.5775862068965517,0.0948275862068965,34138.0,37165.0,0.0,0.0012836174352981,Cyprus,Europe,Western Asia,High income,3,3,35,Western Asia & Polynesia,Cluster 3: Western Asia & Polynesia,0.7142857142857143,True,15261.4169921875,862695.0,2.6,0.0,9.099862814,0.364255382838896,90.4
CZE,1995,0.0775862068965517,0.1853448275862069,193560.0,336975.0,0.0092605239587998,0.0016102449930376,Czechia,Europe,Eastern Europe,High income,1,3,2,Latin America & Eastern Asia,Cluster 1: Latin America & Eastern Asia,1.0,True,5865.29460556726,10327253.0,4.082,0.0,10.04385516,0.266694197768563,78.4
DZA,1995,0.0862068965517241,0.2327586206896551,113178.0,684358.0,0.0132603746827884,0.0020905709855986,Algeria,Africa,Northern Africa,Lower middle income,6,0,2,Latin America & Caribbean,Cluster 6: Latin America & Caribbean,0.8571428571428571,True,1466.94806760415,28470191.0,31.84,3008.0,5.693170127,0.398322762929166,18.4
ECU,1995,0.2068965517241379,0.1508620689655172,44492.0,164640.0,0.0,0.0019152613309139,Ecuador,Americas,Latin America,Upper middle income,1,2,2,Latin America & Eastern Asia,Cluster 1: Latin America & Eastern Asia,0.7142857142857143,True,2108.00698245316,11590514.0,4.408,99.0,7.035832377,0.482133923799124,32.8
EST,1995,0.1163793103448275,0.1379310344827586,179219.0,57386.0,0.0,0.0011758657295809,Estonia,Europe,Northern Europe,High income,2,6,2,Central Asia & Western Asia,Cluster 2: Central Asia & Western Asia,0.5714285714285714,True,3134.38975345407,1436634.0,9.659,0.0,10.87932752,0.340788309564188,72.8
GTM,1995,0.2112068965517241,0.1379310344827586,89241.0,195300.0,0.0043476638304224,0.0015625817734908,Guatemala,Americas,Latin America,Upper middle income,1,2,2,Latin America & Eastern Asia,Cluster 1: Latin America & Eastern Asia,0.5714285714285714,True,1421.06177809796,10312996.0,2.117,27.0,3.569618711,0.486995796917923,65.6
HND,1995,0.1810344827586207,0.1336206896551724,73319.0,129534.0,0.0092605239587998,0.0016471360904004,Honduras,Americas,Latin America,Lower middle income,1,2,2,Latin America & Eastern Asia,Cluster 1: Latin America & Eastern Asia,0.5714285714285714,True,814.049075569071,5739637.0,3.24,0.0,4.266304229,0.46435117440417,64.0
HRV,1995,0.2198275862068965,0.168103448275862,336475.0,569515.0,0.0086518510225406,0.0019750006987588,Croatia,Europe,Eastern Europe,High income,7,3,2,Pan-Europe,Cluster 7: Pan-Europe,1.0,True,4929.02083885825,4620030.0,10.007,1132.0,8.088663864,0.38767835334534,67.2
HUN,1995,0.6767241379310345,0.2112068965517241,170181.0,161480.0,0.0,0.0019203074569112,Hungary,Europe,Eastern Europe,High income,1,3,2,Latin America & Eastern Asia,Cluster 1: Latin America & Eastern Asia,1.0,True,4509.41740910077,10328965.0,10.168,0.0,9.825443788,0.369410471072676,80.8
IRL,1995,0.1120689655172413,0.2327586206896551,126841.0,492614.0,0.0,0.0043461596847334,Ireland,Europe,Northern Europe,High income,1,2,2,Latin America & Eastern Asia,Cluster 1: Latin America & Eastern Asia,0.8571428571428571,True,19158.4564773907,3608841.0,11.97,0.0,8.269667387,0.337167365869832,103.2
IRN,1995,0.0301724137931034,0.2629310344827586,1321337.0,300430.0,0.0071519070010449,0.0015624625716258,Iran,Asia,Western Asia,Lower middle income,0,7,2,South & Western Asia,Cluster 0: South & Western Asia,1.0,True,1550.0095955025,62205567.0,9.904,0.0,7.152810114,0.397906984743312,15.0
ISR,1995,0.2543103448275862,0.2241379310344827,929095.0,165469.0,0.0888662486938349,0.010554435315081,Israel,Asia,Western Asia,High income,2,6,2,Central Asia & Western Asia,Cluster 2: Central Asia & Western Asia,0.8571428571428571,True,19013.94330229,5545000.0,8.782,108.0,10.23532825,0.328574530769186,83.2
JPN,1995,0.2543103448275862,0.3620689655172414,669524.0,497008.0,0.0089779258098223,0.0062487963203864,Japan,Asia,Eastern Asia,High income,1,2,2,Latin America & Eastern Asia,Cluster 1: Latin America & Eastern Asia,0.5714285714285714,True,44947.4763611465,125472000.0,3.15,0.0,11.86269975,0.369462202451391,102.4
KOR,1995,0.0603448275862068,0.3146551724137931,22125.0,972005.0,0.0,0.0010425580289417,South Korea,Asia,Eastern Asia,High income,1,2,2,Latin America & Eastern Asia,Cluster 1: Latin America & Eastern Asia,0.5714285714285714,True,13001.7205867019,45092991.0,2.063,0.0,9.997329712,0.380748897537267,92.0
LAO,1995,0.0258620689655172,0.0948275862068965,10201.0,182215.0,0.0,0.0006631499538019,Laos,Asia,South-Eastern Asia,Lower middle income,1,2,2,Latin America & Eastern Asia,Cluster 1: Latin America & Eastern Asia,0.7142857142857143,True,357.758162193406,4929409.0,2.6,0.0,3.888403808,0.540624189710998,16.0
LTU,1995,0.4094827586206896,0.168103448275862,137819.0,176518.0,0.0,0.0012035598986957,Lithuania,Europe,Northern Europe,High income,2,6,2,Central Asia & Western Asia,Cluster 2: Central Asia & Western Asia,0.7142857142857143,True,2182.69156931505,3629102.0,17.54,0.0,10.02988889,0.39564361240369,75.2
MEX,1995,0.3318965517241379,0.2241379310344827,220581.0,3231673.0,0.0231295715778474,0.0208332503534597,Mexico,Americas,Latin America,Upper middle income,1,2,2,Latin America & Eastern Asia,Cluster 1: Latin America & Eastern Asia,0.5714285714285714,True,4183.87847727479,90862455.0,7.095,0.0,6.308670044,0.403988942817951,78.4
MNE,1995,0.125,0.0646551724137931,43832.0,57470.0,0.0,0.0009265664432821,Montenegro,Europe,Eastern Europe,Upper middle income,7,3,36,Pan-Europe,Cluster 7: Pan-Europe,1.0,True,1627.06511911987,611712.0,30.196,0.0,10.65470982,0.394241566613511,15.0
NOR,1995,0.7672413793103449,0.1767241379310344,113202.0,47524.0,0.0,0.0057594649456271,Norway,Europe,Northern Europe,High income,7,3,37,Pan-Europe,Cluster 7: Pan-Europe,1.0,True,34658.6948344762,4359184.0,6.307,0.0,11.5522886,0.262314387961089,101.6
NZL,1995,0.2068965517241379,0.2456896551724137,287351.0,187238.0,0.0415854045379907,0.01597450819203,New Zealand,Oceania,Australia/NZ,High income,3,1,2,Western Asia & Polynesia,Cluster 3: Western Asia & Polynesia,0.7142857142857143,True,17400.4201848172,3673400.0,6.461,0.0,11.46675377,0.317336398368869,100.0
PAN,1995,0.3663793103448275,0.146551724137931,33929.0,84390.0,0.0,0.001718606382736,Panama,Americas,Latin America,High income,1,2,2,Latin America & Eastern Asia,Cluster 1: Latin America & Eastern Asia,0.5714285714285714,True,3513.89737854631,2724557.0,6.512,0.0,7.642814875,0.42802304067285,65.6
POL,1995,0.2629310344827586,0.3146551724137931,535767.0,1426882.0,0.0475634423048216,0.0038593653422677,Poland,Europe,Eastern Europe,High income,1,3,2,Latin America & Eastern Asia,Cluster 1: Latin America & Eastern Asia,1.0,True,3700.95956775144,38594998.0,13.695,0.0,10.60995332,0.312683101215081,84.8
PRI,1995,0.1939655172413793,0.1293103448275862,172276.0,554627.0,0.0340422077922078,0.0177195753476435,Puerto Rico,Americas,Latin America,High income,1,2,2,Latin America & Eastern Asia,Cluster 1: Latin America & Eastern Asia,0.5714285714285714,True,11579.1849969985,3683103.0,13.93,0.0,,,
PRK,1995,0.0862068965517241,0.1163793103448275,15500.0,15449.0,0.0,0.0007429551634622,North Korea,Asia,Eastern Asia,Low income,1,2,38,Latin America & Eastern Asia,Cluster 1: Latin America & Eastern Asia,0.5714285714285714,True,,22669304.0,3.114,0.0,,0.497731552250023,15.0
PRY,1995,0.0732758620689655,0.1293103448275862,86147.0,199280.0,0.0002608598298253,0.0030522826065071,Paraguay,Americas,Latin America,Upper middle income,6,0,2,Latin America & Caribbean,Cluster 6: Latin America & Caribbean,0.8571428571428571,True,1978.71514099575,4579806.0,3.4,0.0,6.184593764,0.414491818521104,65.6
ROU,1995,0.1206896551724137,0.2758620689655172,64755.0,618081.0,0.0043041871921182,0.0010242842345927,Romania,Europe,Eastern Europe,High income,1,3,2,Latin America & Eastern Asia,Cluster 1: Latin America & Eastern Asia,1.0,True,1650.04922365201,22684270.0,8.01,0.0,8.987618828,0.438380136844906,58.4
RUS,1995,0.1810344827586207,0.418103448275862,5979233.0,5932374.0,0.1650807956411404,0.0182670384061309,Russia,Europe,Eastern Europe,Upper middle income,2,6,2,Central Asia & Western Asia,Cluster 2: Central Asia & Western Asia,0.5714285714285714,True,2665.77978515625,148375787.0,9.449,1754.0,10.59487527,0.35007230323925,28.0
SEN,1995,0.1077586206896551,0.2068965517241379,120225.0,130237.0,0.0731059673085535,0.0035962353637862,Senegal,Africa,Sub-Saharan Africa,Lower middle income,4,5,39,Sub-Saharan Africa,Cluster 4: Sub-Saharan Africa,0.8571428571428571,True,714.994396357297,8848101.0,2.846,299.0,1.870652467,0.552072536595812,29.6
SLV,1995,0.2025862068965517,0.1508620689655172,20887.0,536958.0,0.0086953276608449,0.001341086594824,El Salvador,Americas,Latin America,Lower middle income,1,2,2,Latin America & Eastern Asia,Cluster 1: Latin America & Eastern Asia,0.5714285714285714,True,1548.3763038362,5762131.0,7.65,0.0,4.345768486,0.451340472158006,64.8
SRB,1995,0.168103448275862,0.1508620689655172,671474.0,219118.0,0.0220209173010897,0.0033348812363396,Serbia,Europe,Eastern Europe,Upper middle income,7,3,2,Pan-Europe,Cluster 7: Pan-Europe,1.0,True,2349.40645150289,7628264.0,13.4,0.0,6.976363414,0.419929686990166,25.6
SVK,1995,0.4051724137931034,0.1594827586206896,38765.0,181145.0,0.0,0.0009521493547896,Slovakia,Europe,Eastern Europe,High income,1,3,2,Latin America & Eastern Asia,Cluster 1: Latin America & Eastern Asia,1.0,True,3787.03820237267,5361999.0,13.109,0.0,8.401720142,0.373541693610082,77.6
SVN,1995,0.3017241379310345,0.125,82413.0,73900.0,0.0,0.0011577134031288,Slovenia,Europe,Eastern Europe,High income,7,3,40,Pan-Europe,Cluster 7: Pan-Europe,1.0,True,10738.0887611468,1989872.0,7.15,0.0,8.837802337,0.341720884034892,84.0
TWN,1995,0.0991379310344827,0.0689655172413793,103536.0,215651.0,0.0,0.0013374594989091,Taiwan,Asia,Eastern Asia,High income,1,2,2,Latin America & Eastern Asia,Cluster 1: Latin America & Eastern Asia,0.7142857142857143,True,,,,,,,
UKR,1995,0.1293103448275862,0.3146551724137931,3291422.0,2904510.0,0.0504329004329004,0.0097623675069578,Ukraine,Europe,Eastern Europe,Lower middle income,2,6,2,Central Asia & Western Asia,Cluster 2: Central Asia & Western Asia,0.5714285714285714,True,933.191772460938,51665539.0,5.62,0.0,10.18959346,0.420270606537191,25.6
AZE,1995,0.0775862068965517,0.146551724137931,286283.0,749004.0,2.1738319152112257e-05,0.0013476253596608,Azerbaijan,Asia,Western Asia,Upper middle income,2,6,2,Central Asia & Western Asia,Cluster 2: Central Asia & Western Asia,0.5714285714285714,True,314.55801908334,7684850.0,7.2,44.0,9.921096274,0.443240197281227,22.4
GEO,1995,0.0818965517241379,0.1422413793103448,84729.0,515165.0,0.004260710553814,0.0008838075027794,Georgia,Asia,Western Asia,Upper middle income,2,6,2,Central Asia & Western Asia,Cluster 2: Central Asia & Western Asia,0.5714285714285714,True,578.336923460866,4657722.0,7.6,0.0,11.80588996,0.431288923036761,22.4
KAZ,1995,0.1163793103448275,0.1637931034482758,1103086.0,1711482.0,0.0074345051500223,0.0041202675387364,Kazakhstan,Asia,Central Asia,Upper middle income,2,6,2,Central Asia & Western Asia,Cluster 2: Central Asia & Western Asia,0.5714285714285714,True,1217.79138769863,16730536.0,10.98,0.0,8.633558981,0.346484802526762,22.4
TKM,1995,0.0474137931034482,0.1077586206896551,140806.0,136585.0,0.0,0.0010267656436405,Turkmenistan,Asia,Central Asia,Upper middle income,2,6,2,Central Asia & Western Asia,Cluster 2: Central Asia & Western Asia,0.5714285714285714,True,592.247247321132,4191203.0,8.3,0.0,10.95166016,0.391035770662064,15.2
ASM,1995,0.043103448275862,0.021551724137931,10672.0,758.0,0.0,0.0013191492488733,American Samoa,Oceania,Polynesia,Upper middle income,3,1,41,Western Asia & Polynesia,Cluster 3: Western Asia & Polynesia,0.7142857142857143,True,8831.26975996609,52316.0,,0.0,,,
FJI,1995,0.0603448275862068,0.1034482758620689,5518.0,40909.0,0.0183254030452306,0.0015592977511351,Fiji,Oceania,Melanesia,Upper middle income,3,1,42,Western Asia & Polynesia,Cluster 3: Western Asia & Polynesia,0.7142857142857143,True,2466.74347815903,798746.0,4.651,0.0,7.722517338,0.527813985139779,37.6
TKL,1995,0.0172413793103448,0.0172413793103448,109.0,170.0,0.0,0.0006566941696364,Tokelau,Oceania,Polynesia,Lower middle income,3,1,43,Western Asia & Polynesia,Cluster 3: Western Asia & Polynesia,0.7142857142857143,True,,,,,,,
TON,1995,0.021551724137931,0.0517241379310344,456.0,12239.0,0.0,0.0006566187262888,Tonga,Oceania,Polynesia,Upper middle income,3,1,44,Western Asia & Polynesia,Cluster 3: Western Asia & Polynesia,0.7142857142857143,True,2084.02759539718,100225.0,1.987,0.0,10.04168343,0.595315757599537,36.8
VNM,1995,0.021551724137931,0.2327586206896551,21113.0,670059.0,0.0043259255112703,0.0007354125894736,Vietnam,Asia,South-Eastern Asia,Lower middle income,1,2,2,Latin America & Eastern Asia,Cluster 1: Latin America & Eastern Asia,0.5714285714285714,True,287.802661028593,72049940.0,1.955,0.0,4.78844894,0.517533064751055,15.0
WSM,1995,0.0905172413793103,0.0646551724137931,2101.0,35807.0,0.0049563367666815,0.0020798490568314,Samoa,Oceania,Polynesia,Lower middle income,3,1,45,Western Asia & Polynesia,Cluster 3: Western Asia & Polynesia,0.7142857142857143,True,1288.10473321401,174571.0,3.244,0.0,10.47841404,0.498375768156731,39.2
ATG,1995,0.2284482758620689,0.0905172413793103,9219.0,4305.0,2.1738319152112257e-05,0.0022478735001163,Antigua and Barbuda,Americas,Caribbean,High income,1,2,46,Latin America & Eastern Asia,Cluster 1: Latin America & Eastern Asia,0.5714285714285714,True,9034.47552907143,68189.0,,0.0,9.724649907,0.487472229718716,50.4
BHS,1995,0.2887931034482758,0.1077586206896551,14545.0,1058.0,0.0049563367666815,0.0020813144391658,Bahamas,Americas,Caribbean,High income,6,0,47,Latin America & Caribbean,Cluster 6: Latin America & Caribbean,0.7142857142857143,True,11374.6056703852,301461.0,10.83,0.0,10.52570534,0.463742577056541,56.8
BLZ,1995,0.0646551724137931,0.0905172413793103,15460.0,1977.0,0.0,0.0008557046437049,Belize,Americas,Central America,Lower middle income,1,2,48,Latin America & Eastern Asia,Cluster 1: Latin America & Eastern Asia,0.5714285714285714,True,4009.82752539849,204146.0,12.48,0.0,6.306825706,0.49424188070785,46.4
BMU,1995,0.1508620689655172,0.0474137931034482,8241.0,230.0,0.0,0.001090420073025,Bermuda,Americas,Northern America,High income,1,2,49,Latin America & Eastern Asia,Cluster 1: Latin America & Eastern Asia,0.7142857142857143,True,34115.3445553204,59526.0,,0.0,,,
BRB,1995,0.0603448275862068,0.1293103448275862,11855.0,10901.0,0.0049128601283773,0.0014181220421359,Barbados,Americas,Caribbean,High income,1,2,50,Latin America & Eastern Asia,Cluster 1: Latin America & Eastern Asia,0.8571428571428571,True,8460.47380869104,262039.0,19.66,0.0,9.021974579,0.356884170638087,56.8
GHA,1995,0.1853448275862069,0.1982758620689655,119997.0,187893.0,0.0094344305120167,0.0017612844802653,Ghana,Africa,Sub-Saharan Africa,Lower middle income,4,5,14,Sub-Saharan Africa,Cluster 4: Sub-Saharan Africa,1.0,True,371.537243033836,17399017.0,6.484,0.0,6.347221149,0.50460940777798,36.0
GLP,1995,0.1034482758620689,0.0387931034482758,35949.0,4727.0,8.695327660844903e-05,0.0055082723305808,Guadeloupe,Americas,Caribbean,High income,6,0,51,Latin America & Caribbean,Cluster 6: Latin America & Caribbean,0.8571428571428571,True,,,,,,,
GUF,1995,0.0689655172413793,0.0474137931034482,31500.0,1826.0,0.0098257202567547,0.0040451201730325,French Guiana,Americas,South America,High income,6,0,52,Latin America & Caribbean,Cluster 6: Latin America & Caribbean,1.0,True,,,,,,,
LCA,1995,0.2284482758620689,0.0948275862068965,2524.0,8732.0,0.0,0.0012404520434089,Saint Lucia,Americas,Latin America,Upper middle income,1,2,53,Latin America & Eastern Asia,Cluster 1: Latin America & Eastern Asia,0.8571428571428571,True,5147.92024022295,148208.0,15.83,0.0,7.01506577,0.380589615893263,50.4
MTQ,1995,0.0646551724137931,0.0474137931034482,23595.0,6363.0,0.0049780750858337,0.0057095283765591,Martinique,Americas,Caribbean,High income,6,0,54,Latin America & Caribbean,Cluster 6: Latin America & Caribbean,0.8571428571428571,True,,,,,,,
TCA,1995,0.0258620689655172,0.0129310344827586,2848.0,802.0,0.0,0.0012061099275941,Turks and Caicos Islands,Americas,Caribbean,High income,6,0,55,Latin America & Caribbean,Cluster 6: Latin America & Caribbean,0.7142857142857143,True,24122.3028180757,15052.0,,0.0,,,
TTO,1995,0.0689655172413793,0.1508620689655172,22759.0,100635.0,0.0092822622779519,0.0018682266370651,Trinidad and Tobago,Americas,Latin America,High income,1,2,2,Latin America & Eastern Asia,Cluster 1: Latin America & Eastern Asia,0.5714285714285714,True,4114.68908475464,1295169.0,17.22,0.0,8.098338498,0.399008098343231,52.8
VGB,1995,0.0905172413793103,0.0517241379310344,4410.0,2241.0,0.0,0.0011768221827437,British Virgin Islands,Americas,Caribbean,High income,6,2,56,Latin America & Caribbean,Cluster 6: Latin America & Caribbean,0.7142857142857143,True,,17840.0,,0.0,,,
BDI,1995,0.0301724137931034,0.1163793103448275,109810.0,270319.0,0.0,0.0011687977933245,Burundi,Africa,Sub-Saharan Africa,Low income,5,4,15,Sub-Saharan Africa,Cluster 5: Sub-Saharan Africa,1.0,True,164.915311679326,6066316.0,3.095,382.0,1.728964984,0.544364171418596,15.0
BEN,1995,0.043103448275862,0.1120689655172413,44531.0,120695.0,4.3476638304224514e-05,0.0012430282920665,Benin,Africa,Sub-Saharan Africa,Low income,4,5,14,Sub-Saharan Africa,Cluster 4: Sub-Saharan Africa,1.0,True,348.435238914394,6226773.0,1.305,0.0,1.868018019,0.576331673465284,28.8
BFA,1995,0.0344827586206896,0.0818965517241379,226665.0,460862.0,0.0083909911927153,0.0077588360499844,Burkina Faso,Africa,Sub-Saharan Africa,Low income,4,5,14,Sub-Saharan Africa,Cluster 4: Sub-Saharan Africa,1.0,True,229.092294496817,10386722.0,2.532,0.0,1.469865149,0.5837788788347,28.0
BIH,1995,0.0560344827586206,0.1336206896551724,35672.0,889151.0,0.0,0.0009220964957925,Bosnia and Herzegovina,Europe,Eastern Europe,Upper middle income,7,3,2,Pan-Europe,Cluster 7: Pan-Europe,1.0,True,502.365980975339,3715564.0,20.944,8549.0,6.119783684,0.39173880864935,20.0
BLR,1995,0.2370689655172413,0.1594827586206896,642892.0,930250.0,0.0,0.0025556333174117,Belarus,Europe,Eastern Europe,Upper middle income,2,6,2,Central Asia & Western Asia,Cluster 2: Central Asia & Western Asia,0.5714285714285714,True,1370.69991385664,10193831.0,17.7,0.0,9.956694897,0.371770725689055,25.6
BRN,1995,0.0818965517241379,0.0344827586206896,36528.0,21946.0,0.0,0.0009104074898068,Brunei Darussalam,Asia,South-Eastern Asia,High income,3,1,57,Western Asia & Polynesia,Cluster 3: Western Asia & Polynesia,0.8571428571428571,True,26443.2564746713,291195.0,5.066,0.0,8.06,0.428414004984376,80.8
BTN,1995,0.0991379310344827,0.0387931034482758,4686.0,57784.0,0.0,0.0006712998828131,Bhutan,Asia,South Asia,Lower middle income,0,7,2,South & Western Asia,Cluster 0: South & Western Asia,0.8571428571428571,True,530.103676927417,547989.0,1.4,0.0,2.359933,0.537460383991081,15.2
BWA,1995,0.1422413793103448,0.0646551724137931,14628.0,4997.0,0.0,0.00107755868787,Botswana,Africa,Sub-Saharan Africa,Upper middle income,5,4,58,Sub-Saharan Africa,Cluster 5: Sub-Saharan Africa,1.0,True,3156.18194514079,1498836.0,21.394,0.0,6.71,0.497832289051079,38.4
CAF,1995,0.0991379310344827,0.0646551724137931,36014.0,19331.0,0.0,0.0012082907508793,Central African Republic,Africa,Sub-Saharan Africa,Low income,5,4,59,Sub-Saharan Africa,Cluster 5: Sub-Saharan Africa,1.0,True,333.145863233895,3348052.0,5.871,0.0,2.203254192,0.566174271090975,22.4
CMR,1995,0.0129310344827586,0.1551724137931034,91753.0,51903.0,0.0083475145544111,0.0017586117607236,Cameroon,Africa,Sub-Saharan Africa,Lower middle income,4,5,60,Sub-Saharan Africa,Cluster 4: Sub-Saharan Africa,1.0,True,832.006674487689,13058516.0,8.598,0.0,2.556278337,0.496707266776126,20.8
COK,1995,0.043103448275862,0.0258620689655172,1164.0,8886.0,0.0,0.0007765169818381,Cook Islands,Oceania,Polynesia,High income,3,1,61,Western Asia & Polynesia,Cluster 3: Western Asia & Polynesia,0.7142857142857143,True,,,,,,,
CYM,1995,0.2327586206896551,0.0258620689655172,6295.0,62.0,0.0,0.0009794372069801,Cayman Islands,Americas,Caribbean,High income,1,2,62,Latin America & Eastern Asia,Cluster 1: Latin America & Eastern Asia,0.7142857142857143,True,76837.6699636672,32743.0,,0.0,,,
DJI,1995,0.0129310344827586,0.0387931034482758,44657.0,9991.0,0.0,0.0007296382536986,Djibouti,Africa,Sub-Saharan Africa,Lower middle income,5,4,2,Sub-Saharan Africa,Cluster 5: Sub-Saharan Africa,1.0,True,786.201866748458,633074.0,27.303,0.0,1.542417229,0.50493581610652,15.2
FIN,1995,0.6724137931034483,0.1896551724137931,29866.0,146575.0,0.004847645170921,0.002611747164326,Finland,Europe,Northern Europe,High income,7,3,29,Pan-Europe,Cluster 7: Pan-Europe,1.0,True,26246.2743214462,5107790.0,17.005,0.0,10.30248877,0.291435849947822,104.0
FLK,1995,0.0301724137931034,0.0086206896551724,343.0,316.0,0.0,0.0007477364842943,Falkland Islands,Americas,South America,High income,6,0,63,Latin America & Caribbean,Cluster 6: Latin America & Caribbean,1.0,True,,,,,,,
GAB,1995,0.1422413793103448,0.0905172413793103,72032.0,8304.0,0.0049563367666815,0.002171391094474,Gabon,Africa,Sub-Saharan Africa,Upper middle income,4,5,64,Sub-Saharan Africa,Cluster 4: Sub-Saharan Africa,1.0,True,4414.8755828572,1123213.0,17.388,0.0,5.22,0.458436304591431,19.2
GIB,1995,0.0129310344827586,0.0258620689655172,3606.0,259.0,0.0,0.0006957790223011,Gibraltar,Europe,Southern Europe,High income,6,0,65,Latin America & Caribbean,Cluster 6: Latin America & Caribbean,1.0,True,,27377.0,,0.0,,,
GMB,1995,0.0301724137931034,0.0862068965517241,67207.0,7634.0,0.0,0.002133224342904,Gambia,Africa,Sub-Saharan Africa,Low income,4,5,66,Sub-Saharan Africa,Cluster 4: Sub-Saharan Africa,0.8571428571428571,True,621.681391269646,1264313.0,10.153,0.0,2.025222012,0.559390564603626,42.4
GUM,1995,0.0474137931034482,0.0258620689655172,31708.0,956.0,0.0147820570234363,0.0083905502474664,Guam,Oceania,Micronesia,High income,3,1,67,Western Asia & Polynesia,Cluster 3: Western Asia & Polynesia,0.8571428571428571,True,25631.9776108052,150054.0,7.9,0.0,,,
HKG,1995,0.125,0.1163793103448275,1077570.0,310965.0,0.0077388416181519,0.0057299671268424,Hong Kong,Asia,Eastern Asia,High income,3,1,2,Western Asia & Polynesia,Cluster 3: Western Asia & Polynesia,0.8571428571428571,True,23497.3920767477,6156100.0,3.22,0.0,9.586832237,,88.0
IMN,1995,0.0344827586206896,0.0086206896551724,18459.0,357.0,0.0049563367666815,0.0015927865171996,Isle of Man,Europe,Northern Europe,High income,1,2,68,Latin America & Eastern Asia,Cluster 1: Latin America & Eastern Asia,0.8571428571428571,True,12896.5252829716,71513.0,,0.0,,,
IRQ,1995,0.0948275862068965,0.2284482758620689,70811.0,295008.0,0.0045867853410956,0.0013705444874742,Iraq,Asia,Western Asia,Upper middle income,0,7,2,South & Western Asia,Cluster 0: South & Western Asia,0.8571428571428571,True,619.135530927038,20825860.0,8.431,587.0,4.679721274,0.449769023081593,15.0
ISL,1995,0.5431034482758621,0.0948275862068965,7011.0,4477.0,0.0,0.0010379035925018,Iceland,Europe,Northern Europe,High income,7,3,69,Pan-Europe,Cluster 7: Pan-Europe,1.0,True,27564.569102386,267468.0,5.196,0.0,11.09478701,0.348322104812211,96.0
KEN,1995,0.0560344827586206,0.1724137931034483,247972.0,126338.0,0.0490633863263173,0.0037835130962385,Kenya,Africa,Sub-Saharan Africa,Lower middle income,5,4,2,Sub-Saharan Africa,Cluster 5: Sub-Saharan Africa,1.0,True,340.064842175429,26601751.0,2.848,0.0,4.687342034,0.533783866218428,36.8
KGZ,1995,0.0991379310344827,0.1034482758620689,294908.0,312352.0,0.0,0.0015001751191091,Kyrgyzstan,Asia,Central Asia,Lower middle income,2,6,2,Central Asia & Western Asia,Cluster 2: Central Asia & Western Asia,0.5714285714285714,True,364.250365258345,4560454.0,1.539,0.0,9.749829178,0.364596757642604,22.4
KHM,1995,0.1120689655172413,0.0991379310344827,44200.0,131309.0,0.0086301127033885,0.0007723838901199,Cambodia,Asia,South-Eastern Asia,Lower middle income,1,2,2,Latin America & Eastern Asia,Cluster 1: Latin America & Eastern Asia,0.7142857142857143,True,343.485224671585,10018497.0,0.973,694.0,3.086256571,0.52750935323963,15.0
KIR,1995,0.0301724137931034,0.043103448275862,876.0,2080.0,0.0001086915957605,0.001487842690578,Kiribati,Oceania,Micronesia,Lower middle income,3,1,70,Western Asia & Polynesia,Cluster 3: Western Asia & Polynesia,0.7142857142857143,True,844.429605862723,81234.0,,0.0,7.541033476,0.611139432867904,39.2
LBR,1995,0.1077586206896551,0.1120689655172413,88200.0,288282.0,0.0005217196596506,0.0018895239289491,Liberia,Africa,Sub-Saharan Africa,Low income,4,5,14,Sub-Saharan Africa,Cluster 4: Sub-Saharan Africa,1.0,True,62.1438140627579,2169162.0,2.588,0.0,3.158261241,0.542823227848794,24.8
LBY,1995,0.3706896551724138,0.1508620689655172,207135.0,40311.0,0.000978224361845,0.0051745387791197,Libya,Africa,Northern Africa,Upper middle income,3,1,2,Western Asia & Polynesia,Cluster 3: Western Asia & Polynesia,0.8571428571428571,True,5205.25706378741,4906843.0,19.331,2.0,4.69,0.40624351665765,15.2
LSO,1995,0.0646551724137931,0.0517241379310344,1977.0,29484.0,0.0,0.0007303288140945,Lesotho,Africa,Sub-Saharan Africa,Lower middle income,5,4,71,Sub-Saharan Africa,Cluster 5: Sub-Saharan Africa,1.0,True,513.413448796175,1951437.0,15.797,0.0,4.523563424,0.500295791151531,40.8
LUX,1995,0.3275862068965517,0.1120689655172413,63653.0,16549.0,0.0,0.0018583002181714,Luxembourg,Europe,Western Europe,High income,6,0,72,Latin America & Caribbean,Cluster 6: Latin America & Caribbean,0.8571428571428571,True,51032.349635318,408625.0,2.918,0.0,9.68886795,0.315634137794362,100.0
LVA,1995,0.4094827586206896,0.1551724137931034,303877.0,98620.0,0.0,0.0015545427094838,Latvia,Europe,Northern Europe,High income,2,6,2,Central Asia & Western Asia,Cluster 2: Central Asia & Western Asia,0.5714285714285714,True,2256.77360387054,2485056.0,19.0,0.0,10.7690623,0.388061325851765,72.8
MAC,1995,0.021551724137931,0.0344827586206896,114051.0,38467.0,0.0,0.0009992789473116,Macao,Asia,Eastern Asia,High income,3,1,73,Western Asia & Polynesia,Cluster 3: Western Asia & Polynesia,0.8571428571428571,True,17215.1178522275,409300.0,3.581,0.0,,,56.8
MCO,1995,0.0086206896551724,0.0474137931034482,6106.0,7942.0,0.0,0.0007906110612232,Monaco,Europe,Western Europe,High income,6,0,74,Latin America & Caribbean,Cluster 6: Latin America & Caribbean,0.8571428571428571,True,99032.2375054091,31609.0,,0.0,,,86.4
MDA,1995,0.1336206896551724,0.168103448275862,208294.0,314848.0,0.0086083743842364,0.0012208292810358,Moldova,Europe,Eastern Europe,Lower middle income,2,6,2,Central Asia & Western Asia,Cluster 2: Central Asia & Western Asia,0.5714285714285714,True,593.593177049161,2953200.0,5.3,0.0,9.777916401,0.4445581767613,15.0
MDG,1995,0.0172413793103448,0.0991379310344827,6790.0,53257.0,0.0085866360650843,0.0008808950297571,Madagascar,Africa,Sub-Saharan Africa,Low income,6,0,2,Latin America & Caribbean,Cluster 6: Latin America & Caribbean,0.8571428571428571,True,273.149653945976,14051275.0,6.092,1.0,3.902890818,0.561688376000934,20.0
MDV,1995,0.0948275862068965,0.0258620689655172,8925.0,346.0,0.0,0.0006868690017635,Maldives,Asia,South Asia,Upper middle income,0,7,75,South & Western Asia,Cluster 0: South & Western Asia,0.8571428571428571,True,1554.60942754604,256649.0,0.79,0.0,3.988042596,0.621575623222116,36.8
MLT,1995,0.3577586206896552,0.0818965517241379,9283.0,32357.0,0.0,0.0014853639630546,Malta,Europe,Southern Europe,High income,3,1,76,Western Asia & Polynesia,Cluster 3: Western Asia & Polynesia,0.8571428571428571,True,9828.32366424667,377419.0,6.33,0.0,7.012995448,0.326815143673269,92.0
MMR,1995,0.0172413793103448,0.1120689655172413,45899.0,265866.0,0.0001739065532168,0.0007851158299152,Myanmar,Asia,South-Eastern Asia,Lower middle income,0,7,2,South & Western Asia,Cluster 0: South & Western Asia,0.8571428571428571,True,124.14348039051,42605338.0,0.754,317.0,2.4767694,0.537432864569341,15.0
MNG,1995,0.0948275862068965,0.0905172413793103,3094.0,43463.0,0.0,0.0006683110428374,Mongolia,Asia,Eastern Asia,Lower middle income,2,6,77,Central Asia & Western Asia,Cluster 2: Central Asia & Western Asia,0.5714285714285714,True,652.67456284915,2224945.0,5.5,0.0,8.621562902,0.439773667941407,19.2
MUS,1995,0.0948275862068965,0.0905172413793103,4005.0,39528.0,0.0,0.000677434529993,Mauritius,Africa,Sub-Saharan Africa,High income,6,0,78,Latin America & Caribbean,Cluster 6: Latin America & Caribbean,0.8571428571428571,True,3648.01649622256,1122457.0,9.59,0.0,6.07652998,0.443285144605467,41.6
MWI,1995,0.0517241379310344,0.0689655172413793,100022.0,54980.0,0.0048693834900731,0.0025561886247318,Malawi,Africa,Sub-Saharan Africa,Low income,5,4,79,Sub-Saharan Africa,Cluster 5: Sub-Saharan Africa,1.0,True,200.362370007247,10150117.0,4.895,0.0,2.519063042,0.606269729278927,38.4
MYS,1995,0.0905172413793103,0.1982758620689655,470951.0,473679.0,0.0091735706821913,0.0034951812078527,Malaysia,Asia,South-Eastern Asia,Upper middle income,3,1,2,Western Asia & Polynesia,Cluster 3: Western Asia & Polynesia,0.8571428571428571,True,4363.14458333034,20330599.0,3.15,0.0,7.115298763,0.400976688707151,96.0
NCL,1995,0.0689655172413793,0.021551724137931,18440.0,2311.0,0.0092822622779519,0.0046710867951852,New Caledonia,Oceania,Melanesia,High income,6,0,80,Latin America & Caribbean,Cluster 6: Latin America & Caribbean,0.8571428571428571,True,18107.8880778022,200379.0,18.629,0.0,,,
NIU,1995,0.0301724137931034,0.021551724137931,191.0,2971.0,0.0,0.0006774567895206,Niue,Oceania,Polynesia,Upper middle income,3,1,81,Western Asia & Polynesia,Cluster 3: Western Asia & Polynesia,0.7142857142857143,True,,,,,,,
NRU,1995,0.0344827586206896,0.0172413793103448,1106.0,777.0,0.0042824488729661,0.0011502714916591,Nauru,Oceania,Micronesia,High income,3,1,82,Western Asia & Polynesia,Cluster 3: Western Asia & Polynesia,0.7142857142857143,True,3932.0910939209,10165.0,,0.0,4.769378127,0.509459804533476,35.2
OMN,1995,0.043103448275862,0.0603448275862068,110404.0,5235.0,0.0,0.0011173279556187,Oman,Asia,Western Asia,High income,0,7,2,South & Western Asia,Cluster 0: South & Western Asia,0.8571428571428571,True,7414.30279204109,2120528.0,4.167,0.0,5.425632031,0.441990041018002,28.8
PNG,1995,0.0905172413793103,0.0517241379310344,12863.0,14576.0,0.0042824488729661,0.002591574667898,Papua New Guinea,Oceania,Melanesia,Lower middle income,3,1,83,Western Asia & Polynesia,Cluster 3: Western Asia & Polynesia,0.7142857142857143,True,998.229967376131,4644278.0,2.603,29.0,3.013849989,0.551743583031196,32.8
PYF,1995,0.0818965517241379,0.0301724137931034,9870.0,1762.0,0.0,0.0027003226001776,French Polynesia,Oceania,Polynesia,High income,6,0,84,Latin America & Caribbean,Cluster 6: Latin America & Caribbean,0.8571428571428571,True,18850.3149185956,222118.0,11.941,0.0,,,
REU,1995,0.021551724137931,0.0301724137931034,30270.0,1737.0,0.0049563367666815,0.0023453954589571,Réunion,Africa,Sub-Saharan Africa,High income,6,0,85,Latin America & Caribbean,Cluster 6: Latin America & Caribbean,0.8571428571428571,True,,,,,,,
SGP,1995,0.043103448275862,0.1724137931034483,525282.0,90398.0,0.0084562061501716,0.0042654985673789,Singapore,Asia,South-Eastern Asia,High income,3,1,86,Western Asia & Polynesia,Cluster 3: Western Asia & Polynesia,0.8571428571428571,True,24914.8507020358,3524506.0,3.3,0.0,7.851910114,0.394789095613341,97.6
SLB,1995,0.0646551724137931,0.0344827586206896,1709.0,1268.0,0.0,0.001214372933138,Solomon Islands,Oceania,Melanesia,Lower middle income,3,1,87,Western Asia & Polynesia,Cluster 3: Western Asia & Polynesia,0.7142857142857143,True,1220.17919311126,384733.0,1.841,0.0,5.092110034,0.628042108911757,43.2
SLE,1995,0.125,0.1034482758620689,42103.0,212521.0,0.0051085050007463,0.0019505945252467,Sierra Leone,Africa,Sub-Saharan Africa,Low income,4,5,14,Sub-Saharan Africa,Cluster 4: Sub-Saharan Africa,1.0,True,208.351997250955,4179179.0,4.317,1472.0,2.360294557,0.600904027294724,37.6
SWZ,1995,0.0689655172413793,0.0517241379310344,12938.0,8079.0,0.0,0.0009472849288432,Eswatini,Africa,Sub-Saharan Africa,Lower middle income,5,4,88,Sub-Saharan Africa,Cluster 5: Sub-Saharan Africa,1.0,True,1750.75400773784,970433.0,21.65,0.0,4.24,0.508153771248414,36.8
SYC,1995,0.1120689655172413,0.0560344827586206,1815.0,6666.0,0.0,0.0006738108713297,Seychelles,Africa,Sub-Saharan Africa,High income,5,4,89,Sub-Saharan Africa,Cluster 5: Sub-Saharan Africa,1.0,True,7180.66832748656,75304.0,,0.0,10.27391556,0.475724362167816,41.6
TGO,1995,0.1293103448275862,0.1077586206896551,43155.0,153607.0,0.0,0.0012742371370502,Togo,Africa,Sub-Saharan Africa,Low income,4,5,14,Sub-Saharan Africa,Cluster 4: Sub-Saharan Africa,1.0,True,449.85596910209,4110450.0,3.99,2.0,2.737265119,0.532864654966556,28.0
TUV,1995,0.021551724137931,0.0387931034482758,85.0,591.0,0.0,0.000677031759747,Tuvalu,Oceania,Polynesia,Upper middle income,3,1,90,Western Asia & Polynesia,Cluster 3: Western Asia & Polynesia,0.7142857142857143,True,1284.76446104166,9280.0,,0.0,7.71184567,0.57687217900701,40.0
TZA,1995,0.1163793103448275,0.146551724137931,556108.0,101211.0,0.0151733467681743,0.0035445357053013,Tanzania,Africa,Sub-Saharan Africa,Lower middle income,5,4,91,Sub-Saharan Africa,Cluster 5: Sub-Saharan Africa,1.0,True,258.418334960938,30383497.0,3.672,0.0,3.78222887,0.556959750239065,32.8
UGA,1995,0.0517241379310344,0.1336206896551724,293757.0,150649.0,0.061389013285565,0.0038001294010693,Uganda,Africa,Sub-Saharan Africa,Low income,5,4,2,Sub-Saharan Africa,Cluster 5: Sub-Saharan Africa,1.0,True,278.520835668767,20665667.0,3.193,295.0,3.558572639,0.575797466857409,31.2
VUT,1995,0.0387931034482758,0.0474137931034482,683.0,2855.0,0.0,0.0008771182416249,Vanuatu,Oceania,Melanesia,Lower middle income,6,0,92,Latin America & Caribbean,Cluster 6: Latin America & Caribbean,0.8571428571428571,True,1491.78967004617,167137.0,8.134,0.0,5.575515217,0.609848974094159,37.6
ZWE,1995,0.0258620689655172,0.125,168990.0,133191.0,0.0326292170473205,0.003576486167629,Zimbabwe,Africa,Sub-Saharan Africa,Low income,5,4,2,Sub-Saharan Africa,Cluster 5: Sub-Saharan Africa,1.0,True,648.315259628165,10974599.0,5.566,0.0,5.777930927,0.508058762198396,32.8
MRT,1995,0.1508620689655172,0.0862068965517241,41828.0,59889.0,0.0432157784743991,0.00136710623461,Mauritania,Africa,Sub-Saharan Africa,Lower middle income,4,5,39,Sub-Saharan Africa,Cluster 4: Sub-Saharan Africa,0.8571428571428571,True,904.719170071042,2312017.0,9.766,0.0,2.653592552,0.573551098779419,31.2
NER,1995,0.0560344827586206,0.1120689655172413,71444.0,62629.0,0.0040650656814449,0.0013676952297948,Niger,Africa,Sub-Saharan Africa,Low income,4,5,93,Sub-Saharan Africa,Cluster 4: Sub-Saharan Africa,1.0,True,237.01998956862,9714529.0,1.494,34.0,0.928569902,0.652554242766951,29.6
MLI,1995,0.0991379310344827,0.1379310344827586,76453.0,317298.0,0.0436070682191371,0.0032964899768881,Mali,Africa,Sub-Saharan Africa,Low income,4,5,14,Sub-Saharan Africa,Cluster 4: Sub-Saharan Africa,1.0,True,331.193112418678,10185365.0,1.464,0.0,1.031685318,0.624534226560152,30.4
GNB,1995,0.0474137931034482,0.0689655172413793,13574.0,29329.0,0.0,0.0010803955758871,Guinea-Bissau,Africa,Sub-Saharan Africa,Low income,4,5,94,Sub-Saharan Africa,Cluster 4: Sub-Saharan Africa,0.8571428571428571,True,589.487023081945,1119949.0,3.126,0.0,2.148568167,0.652598868272002,26.4
SMR,1995,0.0387931034482758,0.0129310344827586,1668.0,1558.0,0.0,0.0006675153679653,San Marino,Europe,Southern Europe,High income,1,3,95,Latin America & Eastern Asia,Cluster 1: Latin America & Eastern Asia,0.8571428571428571,True,37600.7049136309,25158.0,,0.0,8.765410187,,87.2
LIE,1995,0.1293103448275862,0.021551724137931,6203.0,11.0,0.0,0.0007718953829476,Liechtenstein,Europe,Western Europe,High income,7,3,96,Pan-Europe,Cluster 7: Pan-Europe,1.0,True,78909.7043377718,30776.0,,0.0,10.69199222,,92.8
CHI,1995,0.0172413793103448,0.0172413793103448,31397.0,135.0,0.0,0.0011688020090928,Channel Islands,Europe,Northern Europe,High income,1,2,97,Latin America & Eastern Asia,Cluster 1: Latin America & Eastern Asia,0.8571428571428571,True,43479.1940767689,145247.0,6.974,0.0,,,
VAT,1995,0.0,0.0086206896551724,0.0,15.0,0.0,0.0006437768240343,Holy See,Europe,Southern Europe,High income,6,0,98,Latin America & Caribbean,Cluster 6: Latin America & Caribbean,0.8571428571428571,True,,,,,,,
GNQ,1995,0.0258620689655172,0.0387931034482758,1429.0,20633.0,0.0,0.0006946506656557,Equatorial Guinea,Africa,Sub-Saharan Africa,Upper middle income,4,5,99,Sub-Saharan Africa,Cluster 4: Sub-Saharan Africa,1.0,True,248.314896208855,571264.0,7.16,0.0,6.393709877,0.42909834649644,16.0
COM,1995,0.021551724137931,0.0517241379310344,6583.0,20887.0,0.0043041871921182,0.0012493097371671,Comoros,Africa,Sub-Saharan Africa,Low income,6,0,100,Latin America & Caribbean,Cluster 6: Latin America & Caribbean,0.8571428571428571,True,800.623567802959,490586.0,4.675,0.0,2.71568799,0.554275193298948,15.0
TLS,1995,0.0646551724137931,0.021551724137931,4395.0,16779.0,0.0,0.0007406684420481,Timor-Leste,Asia,South-Eastern Asia,Lower middle income,3,1,101,Western Asia & Polynesia,Cluster 3: Western Asia & Polynesia,0.7142857142857143,True,302.736982028369,868146.0,3.348,0.0,3.771546767,0.542485641878883,15.0
GRL,1995,0.0603448275862068,0.0344827586206896,2221.0,6886.0,0.0,0.000853127436557,Greenland,Americas,Northern America,High income,7,3,102,Pan-Europe,Cluster 7: Pan-Europe,1.0,True,21665.8295173116,55800.0,,0.0,,,
FRO,1995,0.0818965517241379,0.021551724137931,1275.0,6815.0,0.0,0.0007616219587296,Faroe Islands,Europe,Northern Europe,High income,7,3,103,Pan-Europe,Cluster 7: Pan-Europe,1.0,True,20669.2052425004,43611.0,,0.0,,,
SHN,1995,0.0086206896551724,0.0172413793103448,41.0,75.0,0.0,0.0006447600957408,Saint Helena,Africa,Sub-Saharan Africa,Upper middle income,6,0,104,Latin America & Caribbean,Cluster 6: Latin America & Caribbean,1.0,True,,,,,,,
SPM,1995,0.0129310344827586,0.0129310344827586,561.0,29.0,0.0,0.0006674825710741,Saint Pierre and Miquelon,Americas,Northern America,High income,6,0,105,Latin America & Caribbean,Cluster 6: Latin America & Caribbean,0.8571428571428571,True,,,,,,,
WLF,1995,0.021551724137931,0.021551724137931,816.0,3275.0,0.0,0.0015186274384285,Wallis and Futuna Islands,Oceania,Polynesia,Upper middle income,6,0,106,Latin America & Caribbean,Cluster 6: Latin America & Caribbean,0.8571428571428571,True,,,,,,,
ESH,1995,0.0301724137931034,0.0129310344827586,1285.0,75214.0,0.0,0.0006744239035358,Western Sahara,Africa,Northern Africa,Lower middle income,6,0,2,Latin America & Caribbean,Cluster 6: Latin America & Caribbean,0.8571428571428571,True,,,,,,,
FSM,1995,0.0517241379310344,0.0172413793103448,412.0,3447.0,0.0,0.0012148536708691,Micronesia,Oceania,Micronesia,Lower middle income,3,1,107,Western Asia & Polynesia,Cluster 3: Western Asia & Polynesia,0.8571428571428571,True,1995.19187154132,110230.0,,0.0,7.80353371,0.654539777214139,15.0
MHL,1995,0.0258620689655172,0.0129310344827586,509.0,176.0,0.0,0.0007124699866558,Marshall Islands,Oceania,Micronesia,Upper middle income,3,1,108,Western Asia & Polynesia,Cluster 3: Western Asia & Polynesia,1.0,True,2490.98744457796,48266.0,,0.0,11.83640289,0.579875183693631,28.8
MNP,1995,0.0517241379310344,0.0172413793103448,15725.0,1231.0,0.0,0.0061878954643417,Northern Mariana Islands,Oceania,Micronesia,High income,1,1,109,Latin America & Eastern Asia,Cluster 1: Latin America & Eastern Asia,0.8571428571428571,True,17015.7487891715,48176.0,,0.0,,,
PLW,1995,0.0344827586206896,0.021551724137931,1861.0,1470.0,0.0042824488729661,0.0019642033501505,Palau,Oceania,Micronesia,High income,3,1,110,Western Asia & Polynesia,Cluster 3: Western Asia & Polynesia,0.8571428571428571,True,7038.00523407967,17195.0,,0.0,12.51425254,0.544844322657092,15.0
MYT,1995,0.0129310344827586,0.0086206896551724,11048.0,1989.0,0.0,0.0011438222281734,Mayotte,Africa,Sub-Saharan Africa,Upper middle income,6,0,111,Latin America & Caribbean,Cluster 6: Latin America & Caribbean,0.8571428571428571,True,,,,,,,
BES,2000,0.0,0.0344827586206896,0.0,1730.0,0.0,0.0006437768240343,"Bonaire, Sint Eustatius and Saba",Americas,Caribbean,High income,5,5,0,Sub-Saharan Africa & Latin America,Cluster 5: Sub-Saharan Africa & Latin America,0.5714285714285714,True,,,,,,,
ABW,2000,0.0948275862068965,0.0646551724137931,14908.0,3014.0,0.0,0.0029611404510866,Aruba,Americas,Caribbean,High income,5,5,1,Sub-Saharan Africa & Latin America,Cluster 5: Sub-Saharan Africa & Latin America,0.5714285714285714,True,20681.0230269625,90588.0,,0.0,,,
CHN,2000,0.418103448275862,0.5948275862068966,265319.0,2920810.0,0.1434511680847887,0.0067698587204088,China,Asia,Eastern Asia,Upper middle income,7,0,2,Polynesia & Micronesia,Cluster 7: Polynesia & Micronesia,0.7142857142857143,True,969.199513696287,1262645000.0,3.26,0.0,5.928549767,0.397989771928511,15.8
COL,2000,0.2327586206896551,0.2284482758620689,50454.0,811629.0,0.0177384684281236,0.0031481590320164,Colombia,Americas,Latin America,Upper middle income,0,4,3,Latin America & Caribbean,Cluster 0: Latin America & Caribbean,0.7142857142857143,True,2555.00751039968,39089934.0,20.52,1879.0,6.862919114,0.441502442208421,28.2
CUW,2000,0.1853448275862069,0.0517241379310344,24672.0,2342.0,0.0099126735333631,0.0038424473308527,Curaçao,Americas,Caribbean,High income,5,5,4,Sub-Saharan Africa & Latin America,Cluster 5: Sub-Saharan Africa & Latin America,0.5714285714285714,True,15841.2612359949,133860.0,,0.0,,,
DMA,2000,0.1422413793103448,0.1163793103448275,1531.0,12287.0,0.0043041871921182,0.0008686506686596,Dominica,Americas,Caribbean,Upper middle income,0,5,5,Latin America & Caribbean,Cluster 0: Latin America & Caribbean,0.8571428571428571,True,4867.39896323759,68511.0,,0.0,7.84770598,0.470741404132192,45.8
DOM,2000,0.3793103448275862,0.2241379310344827,138922.0,478737.0,0.0090866174055829,0.0043682879395587,Dominican Republic,Americas,Latin America,Upper middle income,5,5,6,Sub-Saharan Africa & Latin America,Cluster 5: Sub-Saharan Africa & Latin America,0.7142857142857143,True,2831.45883638033,8584190.0,6.432,0.0,6.464990774,0.434900222419109,22.0
GRD,2000,0.0646551724137931,0.0948275862068965,2253.0,12757.0,0.0,0.0007514615640291,Grenada,Americas,Caribbean,Upper middle income,0,5,7,Latin America & Caribbean,Cluster 0: Latin America & Caribbean,0.7142857142857143,True,4839.82811114248,107451.0,,0.0,9.635296401,0.402897200128833,52.8
GUY,2000,0.0689655172413793,0.1594827586206896,3523.0,184809.0,2.1738319152112257e-05,0.0007551948863408,Guyana,Americas,Latin America,Upper middle income,5,5,8,Sub-Saharan Africa & Latin America,Cluster 5: Sub-Saharan Africa & Latin America,0.8571428571428571,True,931.796651718955,764832.0,11.917,0.0,6.013182698,0.478611861553656,46.6
HTI,2000,0.0905172413793103,0.1810344827586207,7069.0,396887.0,0.0128908232572025,0.0008513993442904,Haiti,Americas,Latin America,Low income,5,5,6,Sub-Saharan Africa & Latin America,Cluster 5: Sub-Saharan Africa & Latin America,0.7142857142857143,True,820.600046761464,8303151.0,8.443,0.0,3.73632444,0.526409210391222,19.4
IND,2000,0.1724137931034483,0.5172413793103449,3034620.0,3066254.0,0.1008223242274966,0.011186677237298,India,Asia,South Asia,Lower middle income,1,8,2,South Asia,Cluster 1: South Asia,0.8571428571428571,True,442.750218937263,1057922733.0,7.589,3015.0,4.144172769,0.544048470561385,22.0
JAM,2000,0.0905172413793103,0.2025862068965517,11157.0,476836.0,0.0183471413643827,0.0017697932834556,Jamaica,Americas,Latin America,Upper middle income,7,0,9,Polynesia & Micronesia,Cluster 7: Polynesia & Micronesia,0.7142857142857143,True,3453.09252800226,2607826.0,6.752,0.0,7.519082046,0.443493710736795,50.2
NIC,2000,0.2284482758620689,0.1508620689655172,14337.0,253997.0,4.3476638304224514e-05,0.0014642896140069,Nicaragua,Americas,Latin America,Lower middle income,0,4,10,Latin America & Caribbean,Cluster 0: Latin America & Caribbean,0.5714285714285714,True,1017.3124434882,5022633.0,7.181,0.0,5.08,0.465385366348485,66.0
NLD,2000,0.1724137931034483,0.3706896551724138,637147.0,255920.0,0.009108355724735,0.0067117134721973,Netherlands,Europe,Western Europe,High income,7,0,2,Polynesia & Micronesia,Cluster 7: Polynesia & Micronesia,0.7142857142857143,True,26225.1697734149,15925513.0,2.725,0.0,11.78549957,0.334830541540368,110.9
PER,2000,0.2198275862068965,0.2370689655172413,26703.0,339878.0,0.0,0.0015467546608608,Peru,Americas,Latin America,Upper middle income,5,1,11,Sub-Saharan Africa & Latin America,Cluster 5: Sub-Saharan Africa & Latin America,0.7142857142857143,True,1945.41338451698,26598331.0,4.959,0.0,8.363630208,0.451925555428686,36.1
PHL,2000,0.0387931034482758,0.3879310344827586,41459.0,1955618.0,0.0086301127033885,0.0021509777749263,Philippines,Asia,South-Eastern Asia,Lower middle income,7,0,2,Polynesia & Micronesia,Cluster 7: Polynesia & Micronesia,0.8571428571428571,True,1050.79273107952,79625397.0,3.77,1567.0,7.567180157,0.495019077678436,29.0
PRT,2000,0.5517241379310345,0.2758620689655172,328348.0,760005.0,0.0394115726227795,0.0070200221635244,Portugal,Europe,Southern Europe,High income,4,3,2,Sub-Saharan Africa,Cluster 4: Sub-Saharan Africa,1.0,True,11526.3720667968,10289898.0,3.806,0.0,6.793540001,0.357156141077419,108.2
SUR,2000,0.0172413793103448,0.0948275862068965,7403.0,119205.0,0.0043041871921182,0.0006941638165715,Suriname,Americas,Latin America,Upper middle income,7,0,2,Polynesia & Micronesia,Cluster 7: Polynesia & Micronesia,0.7142857142857143,True,1988.22172925433,476643.0,12.873,0.0,7.778472662,0.415851534760246,35.2
SXM,2000,0.1422413793103448,0.0344827586206896,11419.0,830.0,2.1738319152112257e-05,0.0039642898215411,Sint Maarten,Americas,Caribbean,High income,5,5,12,Sub-Saharan Africa & Latin America,Cluster 5: Sub-Saharan Africa & Latin America,0.7142857142857143,True,26403.8143692163,30773.0,,0.0,,,
TUR,2000,0.1896551724137931,0.3275862068965517,630534.0,1233500.0,0.0098039819376026,0.0060408051548137,Turkey,Asia,Western Asia,Upper middle income,8,2,2,Pan-Europe,Cluster 8: Pan-Europe,0.8571428571428571,True,4199.3798635759,65425961.0,6.495,206.0,5.448714723,0.407286243167152,45.8
USA,2000,0.2543103448275862,0.6896551724137931,16040090.0,1008380.0,0.5548271197193612,0.1345159093428968,United States,Americas,Northern America,High income,0,4,2,Latin America & Caribbean,Cluster 0: Latin America & Caribbean,0.5714285714285714,True,36329.9702595751,282162411.0,3.992,0.0,12.96360588,0.316670008240058,114.4
VCT,2000,0.0646551724137931,0.0991379310344827,2078.0,14199.0,0.0,0.0011162220007366,Saint Vincent and the Grenadines,Americas,Caribbean,Upper middle income,0,5,13,Latin America & Caribbean,Cluster 0: Latin America & Caribbean,0.7142857142857143,True,3768.95536604022,113545.0,20.8,0.0,8.738285548,0.452099557782978,56.3
VEN,2000,0.4870689655172414,0.2284482758620689,504956.0,184276.0,0.0543675361994327,0.0056553380344791,Venezuela,Americas,Latin America,Lower middle income,0,4,2,Latin America & Caribbean,Cluster 0: Latin America & Caribbean,0.7142857142857143,True,4776.2816763938,24526708.0,13.99,0.0,7.817529722,0.37538534515215,81.0
PAK,2000,0.0344827586206896,0.3405172413793103,1930523.0,1173472.0,0.0041302806389013,0.0039320290069051,Pakistan,Asia,South Asia,Lower middle income,1,8,2,South Asia,Cluster 1: South Asia,1.0,True,642.338346499898,154879127.0,0.614,225.0,3.287011542,0.547059491589213,15.0
AFG,2000,0.0129310344827586,0.2456896551724137,26535.0,2070609.0,0.0005217196596506,0.0007375231836602,Afghanistan,Asia,South Asia,Low income,1,8,2,South Asia,Cluster 1: South Asia,1.0,True,174.930991430166,20130327.0,7.897,5235.0,1.264052241,0.608398207191364,15.0
TJK,2000,0.1508620689655172,0.125,167658.0,241702.0,0.0039998507239886,0.0011732018505213,Tajikistan,Asia,Central Asia,Low income,2,6,2,Central Asia & Western Asia,Cluster 2: Central Asia & Western Asia,0.5714285714285714,True,136.925716400723,6284735.0,4.15,46.0,10.8042202,0.414429411057027,23.8
UZB,2000,0.043103448275862,0.1767241379310344,756788.0,902713.0,0.0,0.0027659658328935,Uzbekistan,Asia,Central Asia,Lower middle income,2,6,2,Central Asia & Western Asia,Cluster 2: Central Asia & Western Asia,0.5714285714285714,True,555.149231099186,24787054.0,12.301,471.0,10.0474884,0.362289872880996,21.1
CIV,2000,0.043103448275862,0.1508620689655172,856899.0,261612.0,0.0249555903866248,0.0095794916467223,Côte d'Ivoire,Africa,Sub-Saharan Africa,Lower middle income,3,7,2,Sub-Saharan Africa,Cluster 3: Sub-Saharan Africa,1.0,True,936.636541348798,17699004.0,4.835,0.0,6.387237668,0.501040548253211,15.0
AGO,2000,0.0560344827586206,0.1422413793103448,18779.0,436115.0,0.0086735893416927,0.0009282872001016,Angola,Africa,Sub-Saharan Africa,Lower middle income,4,3,2,Sub-Saharan Africa,Cluster 4: Sub-Saharan Africa,1.0,True,563.733795571487,16194869.0,16.646,1000.0,3.425696188,0.494392090171188,16.7
COD,2000,0.0301724137931034,0.1982758620689655,314586.0,402653.0,0.0205861882370503,0.0020568165194197,DR Congo,Africa,Sub-Saharan Africa,Low income,4,3,14,Sub-Saharan Africa,Cluster 4: Sub-Saharan Africa,1.0,True,377.925421481395,50507442.0,3.245,1294.0,5.141897147,0.572045107618978,15.0
COG,2000,0.0905172413793103,0.1422413793103448,149550.0,57333.0,0.0007391028511718,0.0019763598442301,Congo,Africa,Sub-Saharan Africa,Lower middle income,4,3,15,Sub-Saharan Africa,Cluster 4: Sub-Saharan Africa,1.0,True,1024.30159109181,3151345.0,19.872,0.0,7.26262234,0.547426957222818,23.8
CPV,2000,0.1508620689655172,0.0905172413793103,5114.0,39011.0,0.0043259255112703,0.0008434923315287,Cabo Verde,Africa,Sub-Saharan Africa,Lower middle income,4,3,16,Sub-Saharan Africa,Cluster 4: Sub-Saharan Africa,1.0,True,1189.51479345891,453317.0,13.024,0.0,5.314436678,0.433624939988604,15.0
GIN,2000,0.125,0.1508620689655172,277645.0,145477.0,0.0090866174055829,0.0028668094305279,Guinea,Africa,Sub-Saharan Africa,Low income,3,7,2,Sub-Saharan Africa,Cluster 3: Sub-Saharan Africa,1.0,True,518.157066924026,8428832.0,4.586,217.0,1.445638537,0.549390303114276,32.6
MOZ,2000,0.0689655172413793,0.125,86034.0,254500.0,0.0414767129422301,0.0024962545820091,Mozambique,Africa,Sub-Saharan Africa,Low income,4,3,2,Sub-Saharan Africa,Cluster 4: Sub-Saharan Africa,1.0,True,327.12623979157,18129653.0,2.832,1.0,1.752784454,0.495699743478995,19.4
NAM,2000,0.3534482758620689,0.0603448275862068,60960.0,23035.0,0.0,0.0018569820867821,Namibia,Africa,Sub-Saharan Africa,Upper middle income,4,3,17,Sub-Saharan Africa,Cluster 4: Sub-Saharan Africa,1.0,True,2156.67590512714,1818647.0,20.3,0.0,5.792175055,0.494267830155714,36.1
RWA,2000,0.021551724137931,0.125,167208.0,175507.0,0.0355421518137035,0.0021271317252447,Rwanda,Africa,Sub-Saharan Africa,Low income,4,3,14,Sub-Saharan Africa,Cluster 4: Sub-Saharan Africa,1.0,True,251.86926386091,8213931.0,11.699,155.0,2.453476442,0.610463211231247,20.2
STP,2000,0.0258620689655172,0.0387931034482758,2097.0,12850.0,0.0,0.0006950879608406,Sao Tome and Principe,Africa,Sub-Saharan Africa,Lower middle income,4,3,18,Sub-Saharan Africa,Cluster 4: Sub-Saharan Africa,1.0,True,529.089383412262,144018.0,14.4,0.0,4.641884646,0.551632618864077,19.4
TCD,2000,0.043103448275862,0.0991379310344827,45531.0,97573.0,0.0041520189580534,0.0014930327913237,Chad,Africa,Sub-Saharan Africa,Low income,5,1,19,Sub-Saharan Africa & Latin America,Cluster 5: Sub-Saharan Africa & Latin America,1.0,True,163.121663683369,8512093.0,0.796,989.0,1.283289695,0.642853283382779,15.0
ZAF,2000,0.5129310344827586,0.2887931034482758,371266.0,252803.0,0.05073723690103,0.0095028144652255,South Africa,Africa,Sub-Saharan Africa,Upper middle income,4,3,2,Sub-Saharan Africa,Cluster 4: Sub-Saharan Africa,1.0,True,3217.84693448467,47159719.0,22.788,0.0,7.257421406,0.409909039633348,57.2
ZMB,2000,0.125,0.1120689655172413,166056.0,64716.0,0.0004565047021943,0.0013911062548547,Zambia,Africa,Sub-Saharan Africa,Lower middle income,4,3,20,Sub-Saharan Africa,Cluster 4: Sub-Saharan Africa,1.0,True,359.429500988221,10017631.0,12.93,0.0,5.391227892,0.498704007347142,39.6
CAN,2000,0.5560344827586207,0.4870689655172414,2738835.0,676604.0,0.0422375541125541,0.0470947472383671,Canada,Americas,Northern America,High income,7,0,2,Polynesia & Micronesia,Cluster 7: Polynesia & Micronesia,0.8571428571428571,True,24271.0020563821,30685730.0,6.829,0.0,12.48357935,0.286942440726614,110.0
AIA,2000,0.0387931034482758,0.0474137931034482,1423.0,1044.0,0.0,0.0014351512844268,Anguilla,Americas,Caribbean,High income,5,5,21,Sub-Saharan Africa & Latin America,Cluster 5: Sub-Saharan Africa & Latin America,0.7142857142857143,True,,,,,,,
GBR,2000,0.1508620689655172,0.5991379310344828,1932023.0,2050677.0,0.3444654052843708,0.045913541598177,United Kingdom,Europe,Northern Europe,High income,7,0,2,Polynesia & Micronesia,Cluster 7: Polynesia & Micronesia,0.8571428571428571,True,28383.8761094996,58892514.0,5.558,0.0,10.69881079,0.271753689689661,112.6
KNA,2000,0.0560344827586206,0.0905172413793103,1367.0,6344.0,0.0,0.0017423170286327,Saint Kitts and Nevis,Americas,Latin America,High income,5,5,22,Sub-Saharan Africa & Latin America,Cluster 5: Sub-Saharan Africa & Latin America,0.7142857142857143,True,9319.65545093525,45248.0,,0.0,8.524296424,,54.6
MSR,2000,0.043103448275862,0.0387931034482758,482.0,1318.0,0.0,0.0006997226379776,Montserrat,Americas,Caribbean,Upper middle income,0,5,23,Latin America & Caribbean,Cluster 0: Latin America & Caribbean,0.7142857142857143,True,,,,,,,
VIR,2000,0.0862068965517241,0.0603448275862068,28290.0,1595.0,0.0288032728765487,0.0063977683427942,United States Virgin Islands,Americas,Caribbean,High income,0,5,24,Latin America & Caribbean,Cluster 0: Latin America & Caribbean,0.5714285714285714,True,40828.7460927775,108642.0,9.834,0.0,,,
ALB,2000,0.0258620689655172,0.1508620689655172,35887.0,276110.0,0.0210426929392446,0.001462698558098,Albania,Europe,Eastern Europe,Upper middle income,8,2,25,Pan-Europe,Cluster 8: Pan-Europe,0.7142857142857143,True,1160.42047054038,3089027.0,19.023,0.0,8.754172545,0.456919016196982,15.0
GRC,2000,0.8879310344827586,0.2370689655172413,551871.0,411099.0,0.0335639647708613,0.009938632806547,Greece,Europe,Southern Europe,High income,8,2,2,Pan-Europe,Cluster 8: Pan-Europe,0.7142857142857143,True,11638.2010697215,10805808.0,11.345,0.0,9.024448565,0.341028019962992,105.6
ITA,2000,0.6120689655172413,0.4439655172413793,1141145.0,1419222.0,0.0398463390058217,0.0249023033661589,Italy,Europe,Southern Europe,High income,8,2,2,Pan-Europe,Cluster 8: Pan-Europe,0.8571428571428571,True,20190.0035636084,56942108.0,10.834,0.0,8.75543276,0.348661186110748,112.6
MKD,2000,0.0818965517241379,0.146551724137931,72503.0,208998.0,0.0168471973428869,0.0010529883418534,North Macedonia,Europe,Eastern Europe,Upper middle income,8,2,2,Pan-Europe,Cluster 8: Pan-Europe,0.8571428571428571,True,1861.89899780644,2026350.0,32.2,0.0,6.680987597,0.377544770362739,15.0
ARG,2000,0.3103448275862069,0.2629310344827586,824467.0,291511.0,0.0273685438125093,0.0121566308610479,Argentina,Americas,Latin America,Upper middle income,5,1,2,Sub-Saharan Africa & Latin America,Cluster 5: Sub-Saharan Africa & Latin America,0.8571428571428571,True,7637.01489203628,37213984.0,15.0,0.0,8.799648762,0.401817508399323,88.9
AND,2000,0.0775862068965517,0.0129310344827586,19622.0,225.0,0.0,0.0009914118907425,Andorra,Europe,Western Europe,High income,5,1,26,Sub-Saharan Africa & Latin America,Cluster 5: Sub-Saharan Africa & Latin America,0.8571428571428571,True,21810.2487426174,65685.0,,0.0,9.806363724,,87.1
AUS,2000,0.8448275862068966,0.4008620689655172,2196607.0,161716.0,0.1122132034632034,0.0516180790143774,Australia,Oceania,Australia/NZ,High income,7,0,2,Polynesia & Micronesia,Cluster 7: Polynesia & Micronesia,0.7142857142857143,True,21908.9968019784,19028802.0,6.288,0.0,11.28785601,0.328628651535517,105.6
BEL,2000,0.3534482758620689,0.3103448275862069,518984.0,173023.0,0.0035216077026421,0.0091660311807609,Belgium,Europe,Western Europe,High income,5,1,2,Sub-Saharan Africa & Latin America,Cluster 5: Sub-Saharan Africa & Latin America,0.8571428571428571,True,23098.8865077401,10251250.0,6.586,0.0,10.54394023,0.356108578912374,111.8
CHE,2000,0.1939655172413793,0.3189655172413793,688927.0,230346.0,0.0043041871921182,0.0102960710905835,Switzerland,Europe,Western Europe,High income,8,2,2,Pan-Europe,Cluster 8: Pan-Europe,1.0,True,39298.0968042444,7184250.0,2.658,0.0,10.63694449,0.292590042632675,111.8
CHL,2000,0.4094827586206896,0.2068965517241379,83677.0,200343.0,0.0049780750858337,0.003408179667876,Chile,Americas,Latin America,High income,5,1,2,Sub-Saharan Africa & Latin America,Cluster 5: Sub-Saharan Africa & Latin America,0.8571428571428571,True,5052.99245766325,15503635.0,10.491,0.0,9.150700493,0.361627976961374,95.9
DEU,2000,0.1163793103448275,0.521551724137931,3389966.0,2367098.0,0.3399655732198836,0.0240420060919652,Germany,Europe,Western Europe,High income,8,2,2,Pan-Europe,Cluster 8: Pan-Europe,1.0,True,23925.8559901991,82211508.0,7.917,0.0,12.41999728,0.308919533291454,113.5
DNK,2000,0.7543103448275862,0.2327586206896551,182871.0,54802.0,0.0276511419614867,0.0066895410181916,Denmark,Europe,Northern Europe,High income,8,2,27,Pan-Europe,Cluster 8: Pan-Europe,1.0,True,30722.0251837567,5339616.0,4.476,0.0,12.47190261,0.335243582137661,114.4
ESP,2000,0.2025862068965517,0.3706896551724138,860946.0,622827.0,0.0765840983728914,0.0127937391376257,Spain,Europe,Southern Europe,High income,5,1,2,Sub-Saharan Africa & Latin America,Cluster 5: Sub-Saharan Africa & Latin America,0.8571428571428571,True,14743.2671031455,40567864.0,13.785,0.0,7.847065999,0.311064741549636,111.8
FRA,2000,0.2284482758620689,0.5732758620689655,2858493.0,910361.0,0.2639901477832512,0.0295380743837011,France,Europe,Western Europe,High income,5,1,2,Sub-Saharan Africa & Latin America,Cluster 5: Sub-Saharan Africa & Latin America,0.8571428571428571,True,22340.5939516217,60918661.0,10.218,0.0,9.470651218,0.30798866533817,112.6
MAR,2000,0.0775862068965517,0.2327586206896551,20667.0,792912.0,0.0,0.0010771110417793,Morocco,Africa,Northern Africa,Lower middle income,5,1,2,Sub-Saharan Africa & Latin America,Cluster 5: Sub-Saharan Africa & Latin America,0.8571428571428571,True,1499.107421875,28423435.0,13.58,0.0,3.26,0.432142720967652,26.4
SWE,2000,0.2370689655172413,0.2629310344827586,455297.0,73439.0,0.0086735893416927,0.0093476987113289,Sweden,Europe,Northern Europe,High income,8,2,28,Pan-Europe,Cluster 8: Pan-Europe,1.0,True,29632.5890811623,8872109.0,5.466,0.0,11.44586436,0.315868782646447,113.5
URY,2000,0.0732758620689655,0.1724137931034483,43927.0,103113.0,0.0,0.0015710655576852,Uruguay,Americas,Latin America,High income,5,1,2,Sub-Saharan Africa & Latin America,Cluster 5: Sub-Saharan Africa & Latin America,0.8571428571428571,True,6987.70098766257,3266206.0,12.627,0.0,8.313797133,0.415216449993203,87.1
ARE,2000,0.1422413793103448,0.125,632632.0,39182.0,0.0037824675324675,0.0041951521309094,United Arab Emirates,Asia,Western Asia,High income,7,0,2,Polynesia & Micronesia,Cluster 7: Polynesia & Micronesia,1.0,True,29865.5285002232,3493575.0,2.25,0.0,8.481282824,0.40739808399497,30.8
BGD,2000,0.0732758620689655,0.2241379310344827,411453.0,2091137.0,0.0677583407971339,0.0048453105503265,Bangladesh,Asia,South Asia,Lower middle income,1,8,2,South Asia,Cluster 1: South Asia,0.8571428571428571,True,396.670730249751,134544304.0,3.27,0.0,4.280857732,0.565245405781607,24.6
BHR,2000,0.1422413793103448,0.0862068965517241,70812.0,15369.0,0.0,0.0011303043217274,Bahrain,Asia,Western Asia,High income,1,8,29,South Asia,Cluster 1: South Asia,0.8571428571428571,True,14214.4836839343,637582.0,1.081,0.0,8.040552998,0.443802945138914,33.4
EGY,2000,0.3060344827586206,0.2844827586206896,74113.0,550420.0,0.0270642073443797,0.0023953576080998,Egypt,Africa,Northern Africa,Lower middle income,7,0,2,Polynesia & Micronesia,Cluster 7: Polynesia & Micronesia,1.0,True,1366.09274372613,73083284.0,8.98,0.0,6.367091942,0.444984007290404,15.0
ERI,2000,0.0905172413793103,0.1293103448275862,5217.0,252755.0,0.0,0.0006880471788399,Eritrea,Africa,Sub-Saharan Africa,Low income,8,2,30,Pan-Europe,Cluster 8: Pan-Europe,0.8571428571428571,True,314.357396753501,2247031.0,5.656,50000.0,4.710979562,0.577211483242948,17.6
ETH,2000,0.0474137931034482,0.2025862068965517,148064.0,206982.0,0.0149994402149574,0.0014695387238787,Ethiopia,Africa,Sub-Saharan Africa,Low income,4,3,14,Sub-Saharan Africa,Cluster 4: Sub-Saharan Africa,1.0,True,122.269202606069,67411494.0,3.499,50050.0,1.484763579,0.59325196143279,15.8
IDN,2000,0.0862068965517241,0.2629310344827586,108689.0,1146195.0,0.0095431221077772,0.0031514172799732,Indonesia,Asia,South-Eastern Asia,Upper middle income,7,0,2,Polynesia & Micronesia,Cluster 7: Polynesia & Micronesia,0.7142857142857143,True,763.711124950924,216077790.0,6.077,286.0,5.953721404,0.481927436978279,25.5
JOR,2000,0.0344827586206896,0.1767241379310344,785589.0,146845.0,0.0040650656814449,0.0070744467558461,Jordan,Asia,Western Asia,Upper middle income,6,9,2,Western Asia,Cluster 6: Western Asia,0.8571428571428571,True,1570.61002940477,5386945.0,13.7,0.0,7.360013131,0.410571276660786,18.5
KWT,2000,0.1379310344827586,0.1206896551724137,371305.0,31060.0,0.0,0.0029250499548923,Kuwait,Asia,Western Asia,High income,7,0,2,Polynesia & Micronesia,Cluster 7: Polynesia & Micronesia,1.0,True,19296.3471698729,1954709.0,0.8,0.0,6.215354499,0.390300569819823,34.3
LBN,2000,0.0301724137931034,0.3103448275862069,198406.0,205120.0,0.0254338334079713,0.002063729610847,Lebanon,Asia,Western Asia,Lower middle income,6,9,2,Western Asia,Cluster 6: Western Asia,0.8571428571428571,True,3986.83513941026,4329340.0,8.641,0.0,7.967203308,0.436622019619555,15.0
LKA,2000,0.2112068965517241,0.2241379310344827,17421.0,374836.0,0.0049563367666815,0.0010092690531072,Sri Lanka,Asia,South Asia,Lower middle income,1,8,2,South Asia,Cluster 1: South Asia,0.8571428571428571,True,860.199884304769,19293054.0,7.74,2525.0,10.12633319,0.473279171509937,19.4
NGA,2000,0.0387931034482758,0.3189655172413793,195401.0,243965.0,0.0209557396626362,0.0022680053267701,Nigeria,Africa,Sub-Saharan Africa,Lower middle income,3,7,2,Sub-Saharan Africa,Cluster 3: Sub-Saharan Africa,1.0,True,547.318298903379,126382494.0,3.953,0.0,5.141990089,0.53107653703819,30.8
NPL,2000,0.0258620689655172,0.1810344827586207,456936.0,359820.0,0.0049563367666815,0.0024095596434291,Nepal,Asia,South Asia,Lower middle income,1,8,2,South Asia,Cluster 1: South Asia,0.8571428571428571,True,223.830289183078,24546509.0,10.531,268.0,2.753291491,0.558320333876512,17.6
PSE,2000,0.0603448275862068,0.1767241379310344,139270.0,1255960.0,0.0896270898641588,0.012316396186441,Palestine,Asia,Western Asia,Lower middle income,6,9,2,Western Asia,Cluster 6: Western Asia,0.8571428571428571,True,1476.17185000238,2922153.0,10.625,0.0,7.631455183,,15.0
QAT,2000,0.1422413793103448,0.0862068965517241,125577.0,5714.0,0.0,0.0040544621945727,Qatar,Asia,Western Asia,High income,7,0,2,Polynesia & Micronesia,Cluster 7: Polynesia & Micronesia,0.7142857142857143,True,27535.182940934,644989.0,0.87,0.0,7.654301073,0.372706566974167,32.6
SAU,2000,0.0818965517241379,0.1724137931034483,1341200.0,44406.0,2.1738319152112257e-05,0.0074546704565274,Saudi Arabia,Asia,Western Asia,High income,7,0,2,Polynesia & Micronesia,Cluster 7: Polynesia & Micronesia,0.8571428571428571,True,11714.5623675159,16177722.0,4.57,0.0,6.668859959,0.440289294343725,27.3
SDN,2000,0.0603448275862068,0.1853448275862069,383710.0,292313.0,0.0461287132407822,0.0030121048318709,Sudan,Africa,Sub-Saharan Africa,Low income,7,0,2,Polynesia & Micronesia,Cluster 7: Polynesia & Micronesia,1.0,True,362.116882324219,27816745.0,15.595,2841.0,2.44,0.618894304851297,15.0
SOM,2000,0.0043103448275862,0.2068965517241379,262.0,353155.0,0.0,0.0006453579840358,Somalia,Africa,Sub-Saharan Africa,Low income,4,3,14,Sub-Saharan Africa,Cluster 4: Sub-Saharan Africa,1.0,True,386.119274401275,8838713.0,18.678,0.0,1.9003,0.645437316492326,15.0
SSD,2000,0.0,0.0474137931034482,0.0,139916.0,0.0,0.0006437768240343,South Sudan,Africa,Sub-Saharan Africa,Low income,4,3,14,Sub-Saharan Africa,Cluster 4: Sub-Saharan Africa,1.0,True,1498.27034985194,6032267.0,12.309,0.0,5.726140022,,15.0
SYR,2000,0.021551724137931,0.3017241379310345,190001.0,159873.0,0.0,0.0022203907656005,Syria,Asia,Western Asia,Low income,7,0,2,Polynesia & Micronesia,Cluster 7: Polynesia & Micronesia,0.7142857142857143,True,1138.18722723683,16637888.0,9.587,0.0,4.361112085,0.431421713777728,15.0
THA,2000,0.0560344827586206,0.2672413793103448,185313.0,312184.0,0.004456355426183,0.0012968548390477,Thailand,Asia,South-Eastern Asia,Upper middle income,0,0,2,Latin America & Caribbean,Cluster 0: Latin America & Caribbean,0.7142857142857143,True,2005.97694514234,63007815.0,2.389,0.0,5.66112763,0.445379934658484,25.5
TUN,2000,0.0689655172413793,0.1724137931034483,14669.0,217448.0,0.0,0.0008611692458673,Tunisia,Africa,Northern Africa,Lower middle income,5,1,2,Sub-Saharan Africa & Latin America,Cluster 5: Sub-Saharan Africa & Latin America,0.8571428571428571,True,2199.04465936314,9764935.0,14.94,0.0,4.951642868,0.363244858097207,33.4
YEM,2000,0.0387931034482758,0.125,50156.0,164273.0,2.1738319152112257e-05,0.0008259131620986,Yemen,Asia,Western Asia,Low income,7,0,2,Polynesia & Micronesia,Cluster 7: Polynesia & Micronesia,0.8571428571428571,True,493.235182634814,19624141.0,11.557,0.0,1.2,0.53080920766452,15.8
ARM,2000,0.0560344827586206,0.1810344827586207,312669.0,427201.0,0.0,0.0012613051123827,Armenia,Asia,Western Asia,Upper middle income,2,6,2,Central Asia & Western Asia,Cluster 2: Central Asia & Western Asia,0.5714285714285714,True,593.450581742282,3221100.0,11.107,0.0,10.49016104,0.386503471982725,20.2
AUT,2000,0.1853448275862069,0.2629310344827586,479411.0,223375.0,0.0097387669801462,0.0043436397708393,Austria,Europe,Western Europe,High income,8,2,2,Pan-Europe,Cluster 8: Pan-Europe,1.0,True,24487.2974685956,8011566.0,4.687,0.0,11.10574668,0.303916868932696,110.0
BGR,2000,0.5948275862068966,0.2327586206896551,24068.0,374490.0,0.0,0.0008722606635921,Bulgaria,Europe,Eastern Europe,Upper middle income,8,2,2,Pan-Europe,Cluster 8: Pan-Europe,0.8571428571428571,True,1621.3452487867,8170172.0,16.218,0.0,9.740815481,0.372886201327781,73.0
BOL,2000,0.5344827586206896,0.1379310344827586,44377.0,139540.0,0.0,0.0022151326913489,Bolivia,Americas,Latin America,Lower middle income,5,1,2,Sub-Saharan Africa & Latin America,Cluster 5: Sub-Saharan Africa & Latin America,0.8571428571428571,True,975.777060358751,8606326.0,2.439,0.0,7.102773454,0.47993735209552,73.0
BRA,2000,0.4439655172413793,0.3275862068965517,312717.0,470562.0,0.0281293849828332,0.0055265355820702,Brazil,Americas,Latin America,Upper middle income,0,4,2,Latin America & Caribbean,Cluster 0: Latin America & Caribbean,0.7142857142857143,True,3766.54811466032,174018282.0,10.889,0.0,5.272654063,0.397110242761042,87.1
CRI,2000,0.5775862068965517,0.1379310344827586,148893.0,14254.0,0.004260710553814,0.0025090416096469,Costa Rica,Americas,Latin America,Upper middle income,0,4,31,Latin America & Caribbean,Cluster 0: Latin America & Caribbean,0.5714285714285714,True,3812.75386183689,3937739.0,5.08,0.0,7.142045964,0.418867809967836,83.6
CUB,2000,0.1508620689655172,0.2543103448275862,8839.0,541085.0,0.0,0.0007825103514835,Cuba,Americas,Latin America,Upper middle income,0,4,2,Latin America & Caribbean,Cluster 0: Latin America & Caribbean,0.5714285714285714,True,2751.3817714814,11109109.0,5.45,0.0,9.998980327,0.432547301916156,23.8
CYP,2000,0.5775862068965517,0.1034482758620689,45018.0,33386.0,0.0,0.0014435119857477,Cyprus,Europe,Western Asia,High income,8,0,32,Pan-Europe,Cluster 8: Pan-Europe,0.7142857142857143,True,14388.3525390625,947667.0,4.766,0.0,9.910283724,0.364758259087173,99.4
CZE,2000,0.1939655172413793,0.1896551724137931,230718.0,357150.0,0.0092822622779519,0.0019822018412642,Czechia,Europe,Eastern Europe,High income,8,2,2,Pan-Europe,Cluster 8: Pan-Europe,1.0,True,6062.92152842793,10255063.0,8.764,0.0,10.98871212,0.26175070194586,86.2
DZA,2000,0.0862068965517241,0.2370689655172413,108951.0,691389.0,0.0043041871921182,0.0018555480354119,Algeria,Africa,Northern Africa,Lower middle income,5,1,2,Sub-Saharan Africa & Latin America,Cluster 5: Sub-Saharan Africa & Latin America,0.8571428571428571,True,1772.92869122761,30903893.0,29.77,947.0,6.607900099,0.388763263820111,20.2
ECU,2000,0.2068965517241379,0.1551724137931034,49043.0,255736.0,0.0,0.0018577041596967,Ecuador,Americas,Latin America,Upper middle income,0,4,2,Latin America & Caribbean,Cluster 0: Latin America & Caribbean,0.7142857142857143,True,1382.23421759909,12689206.0,4.8,0.0,7.320164624,0.490482454593588,36.1
EST,2000,0.1163793103448275,0.1379310344827586,148430.0,59139.0,0.0,0.001110718562306,Estonia,Europe,Northern Europe,High income,2,6,2,Central Asia & Western Asia,Cluster 2: Central Asia & Western Asia,0.5714285714285714,True,4070.60902410208,1396985.0,13.36,0.0,12.17572021,0.347257383382955,80.1
GTM,2000,0.2112068965517241,0.1422413793103448,26878.0,252314.0,0.0043259255112703,0.0012928871996336,Guatemala,Americas,Latin America,Upper middle income,0,4,2,Latin America & Caribbean,Cluster 0: Latin America & Caribbean,0.5714285714285714,True,1648.96578971559,11697592.0,2.143,0.0,3.915065683,0.479716828715696,72.2
HND,2000,0.1810344827586207,0.1379310344827586,13834.0,160376.0,0.0049780750858337,0.0015177191806245,Honduras,Americas,Latin America,Lower middle income,0,4,2,Latin America & Caribbean,Cluster 0: Latin America & Caribbean,0.5714285714285714,True,1092.56400746252,6577773.0,3.883,0.0,4.601449147,0.461945521374361,70.4
HRV,2000,0.2198275862068965,0.168103448275862,286264.0,639469.0,0.0002608598298253,0.0018208071375364,Croatia,Europe,Eastern Europe,High income,8,2,2,Pan-Europe,Cluster 8: Pan-Europe,1.0,True,4953.57515008131,4468302.0,16.064,0.0,9.620868969,0.386739308816045,73.9
HUN,2000,0.6724137931034483,0.2155172413793103,155074.0,167419.0,0.0,0.0020258181146394,Hungary,Europe,Eastern Europe,High income,8,2,2,Pan-Europe,Cluster 8: Pan-Europe,1.0,True,4629.91760812548,10210971.0,6.563,0.0,10.17090711,0.369705138693276,88.9
IRL,2000,0.1120689655172413,0.2413793103448275,178166.0,443286.0,0.0,0.0060635843536155,Ireland,Europe,Northern Europe,High income,7,0,2,Polynesia & Micronesia,Cluster 7: Polynesia & Micronesia,0.8571428571428571,True,26334.5672050501,3805174.0,4.318,0.0,9.552201688,0.335424599763907,113.5
IRN,2000,0.0301724137931034,0.2758620689655172,1104518.0,370296.0,0.0063041125541125,0.0012639083634158,Iran,Asia,Western Asia,Lower middle income,1,8,2,South Asia,Cluster 1: South Asia,1.0,True,1650.01385833785,66418659.0,11.698,40.0,8.458265952,0.392284957717561,15.0
ISR,2000,0.2672413793103448,0.2327586206896551,871992.0,143828.0,0.0740407150320943,0.010268084468162,Israel,Asia,Western Asia,High income,2,6,2,Central Asia & Western Asia,Cluster 2: Central Asia & Western Asia,0.8571428571428571,True,21690.237340061,6289000.0,11.102,104.0,10.59446257,0.325760943795057,91.5
JPN,2000,0.2543103448275862,0.3663793103448275,866852.0,491784.0,0.0141081691297208,0.0068260331847368,Japan,Asia,Eastern Asia,High income,0,4,2,Latin America & Caribbean,Cluster 0: Latin America & Caribbean,0.5714285714285714,True,39752.937397755,126843000.0,4.748,0.0,12.0850997,0.367986944634191,112.6
KOR,2000,0.0603448275862068,0.3189655172413793,57917.0,1025915.0,0.0,0.0012879723595842,South Korea,Asia,Eastern Asia,High income,0,4,2,Latin America & Caribbean,Cluster 0: Latin America & Caribbean,0.5714285714285714,True,12710.2995795579,47008111.0,4.063,0.0,10.62178993,0.372476055944394,101.2
LAO,2000,0.0258620689655172,0.0991379310344827,8579.0,178305.0,0.0,0.0006578017278556,Laos,Asia,South-Eastern Asia,Lower middle income,0,4,2,Latin America & Caribbean,Cluster 0: Latin America & Caribbean,0.7142857142857143,True,318.749852236965,5431212.0,2.045,0.0,4.247836093,0.532734526670757,17.6
LTU,2000,0.3879310344827586,0.1724137931034483,108141.0,161674.0,0.0,0.0010792021373242,Lithuania,Europe,Northern Europe,High income,2,6,2,Central Asia & Western Asia,Cluster 2: Central Asia & Western Asia,0.7142857142857143,True,3300.63634928559,3499536.0,15.931,0.0,10.95179452,0.390458043094112,82.7
MEX,2000,0.3318965517241379,0.2241379310344827,256348.0,4196160.0,0.0378898902821316,0.0231866148653501,Mexico,Americas,Latin America,Upper middle income,0,4,2,Latin America & Caribbean,Cluster 0: Latin America & Caribbean,0.5714285714285714,True,7524.0271380091,98625552.0,2.646,0.0,6.663980007,0.400597639310093,86.2
MNE,2000,0.125,0.0603448275862068,43832.0,55610.0,0.0,0.0009091118773559,Montenegro,Europe,Eastern Europe,Upper middle income,8,2,33,Pan-Europe,Cluster 8: Pan-Europe,1.0,True,1627.06511911987,604950.0,30.447,0.0,10.65470982,0.394181611280003,15.0
NOR,2000,0.8275862068965517,0.1767241379310344,142088.0,48757.0,0.0,0.0061570652247076,Norway,Europe,Northern Europe,High income,8,2,34,Pan-Europe,Cluster 8: Pan-Europe,1.0,True,37991.8907576589,4490967.0,3.458,0.0,11.92726721,0.262613544094074,111.8
NZL,2000,0.2068965517241379,0.25,332154.0,223376.0,0.0368247126436781,0.0160334166315839,New Zealand,Oceania,Australia/NZ,High income,7,0,2,Polynesia & Micronesia,Cluster 7: Polynesia & Micronesia,0.7142857142857143,True,13641.1027183822,3857700.0,6.13,0.0,12.80065899,0.315881152280605,110.0
PAN,2000,0.3663793103448275,0.146551724137931,40767.0,100212.0,0.0,0.0018603923071705,Panama,Americas,Latin America,High income,0,4,2,Latin America & Caribbean,Cluster 0: Latin America & Caribbean,0.5714285714285714,True,3975.09308659503,3010369.0,6.188,0.0,7.878389835,0.423207099528489,72.2
POL,2000,0.2629310344827586,0.3189655172413793,468554.0,1414127.0,0.0136516644275264,0.0038449170725107,Poland,Europe,Eastern Europe,High income,8,2,2,Pan-Europe,Cluster 8: Pan-Europe,1.0,True,4520.64100449111,38258629.0,14.928,0.0,11.24676639,0.311763374995077,93.3
PRI,2000,0.1939655172413793,0.1336206896551724,181231.0,624248.0,0.0360856097925063,0.0168275066442146,Puerto Rico,Americas,Latin America,High income,0,4,2,Latin America & Caribbean,Cluster 0: Latin America & Caribbean,0.5714285714285714,True,16192.1269719638,3810605.0,10.08,0.0,,,
PRK,2000,0.0862068965517241,0.1206896551724137,16004.0,15759.0,0.0,0.0007393252784577,North Korea,Asia,Eastern Asia,Low income,0,4,35,Latin America & Caribbean,Cluster 0: Latin America & Caribbean,0.5714285714285714,True,,23665910.0,3.653,0.0,,0.476774730211712,15.8
PRY,2000,0.0732758620689655,0.1293103448275862,82295.0,209332.0,0.0003478131064337,0.0024068877210644,Paraguay,Americas,Latin America,Upper middle income,5,1,2,Sub-Saharan Africa & Latin America,Cluster 5: Sub-Saharan Africa & Latin America,0.8571428571428571,True,1736.11729210765,5100868.0,7.61,0.0,6.689816388,0.406609719569926,72.2
ROU,2000,0.1206896551724137,0.271551724137931,60415.0,650666.0,0.0043259255112703,0.0010224587447931,Romania,Europe,Eastern Europe,High income,8,2,2,Pan-Europe,Cluster 8: Pan-Europe,1.0,True,1659.92904910528,22442971.0,6.969,0.0,9.480433846,0.433824562966077,64.2
RUS,2000,0.1810344827586207,0.418103448275862,5898617.0,5187858.0,0.1495378974473802,0.0169935949874406,Russia,Europe,Eastern Europe,Upper middle income,2,6,2,Central Asia & Western Asia,Cluster 2: Central Asia & Western Asia,0.5714285714285714,True,1771.59411621094,146596869.0,10.581,2907.0,12.05735805,0.349855187392098,30.8
SEN,2000,0.1077586206896551,0.2068965517241379,91437.0,146783.0,0.0716060232870577,0.00289011820529,Senegal,Africa,Sub-Saharan Africa,Lower middle income,5,1,2,Sub-Saharan Africa & Latin America,Cluster 5: Sub-Saharan Africa & Latin America,0.8571428571428571,True,603.233162455158,9968260.0,2.638,47.0,1.716278234,0.554080686833828,32.6
SLV,2000,0.2025862068965517,0.1508620689655172,16745.0,440385.0,0.0,0.0011263279645438,El Salvador,Americas,Latin America,Lower middle income,0,4,2,Latin America & Caribbean,Cluster 0: Latin America & Caribbean,0.5714285714285714,True,1982.87093542615,5943366.0,6.96,0.0,4.973632744,0.448745854640713,71.3
SRB,2000,0.168103448275862,0.1551724137931034,762686.0,241728.0,0.0177167301089714,0.0030765879540897,Serbia,Europe,Eastern Europe,Upper middle income,8,2,2,Pan-Europe,Cluster 8: Pan-Europe,1.0,True,974.725469278615,7516346.0,12.6,0.0,7.435647271,0.4194429844742,28.2
SVK,2000,0.4741379310344827,0.1594827586206896,65013.0,191818.0,0.0,0.0012180344727503,Slovakia,Europe,Eastern Europe,High income,8,2,2,Pan-Europe,Cluster 8: Pan-Europe,1.0,True,3827.72506501314,5388720.0,18.546,0.0,9.948845243,0.371882468898754,85.4
SVN,2000,0.4051724137931034,0.125,97620.0,63705.0,0.0049563367666815,0.0014753879362064,Slovenia,Europe,Eastern Europe,High income,8,2,2,Pan-Europe,Cluster 8: Pan-Europe,1.0,True,10135.7219109212,1988925.0,6.918,0.0,10.50041778,0.329748223487661,92.4
TWN,2000,0.0991379310344827,0.0689655172413793,250402.0,303783.0,0.0,0.0016731186971697,Taiwan,Asia,Eastern Asia,High income,0,0,2,Latin America & Caribbean,Cluster 0: Latin America & Caribbean,0.7142857142857143,True,,,,,,,
UKR,2000,0.1293103448275862,0.3189655172413793,2934853.0,2937374.0,0.0148472719808926,0.0090823482461637,Ukraine,Europe,Eastern Europe,Lower middle income,2,6,2,Central Asia & Western Asia,Cluster 2: Central Asia & Western Asia,0.5714285714285714,True,653.294311523438,49556660.0,11.707,0.0,10.8391293,0.414306214698736,28.2
AZE,2000,0.0818965517241379,0.1508620689655172,261137.0,683063.0,0.0042824488729661,0.0013029310974323,Azerbaijan,Asia,Western Asia,Upper middle income,2,6,2,Central Asia & Western Asia,Cluster 2: Central Asia & Western Asia,0.5714285714285714,True,655.097249579917,8048600.0,11.78,0.0,10.24885607,0.440267290835968,24.6
GEO,2000,0.1939655172413793,0.1508620689655172,41020.0,469042.0,0.0,0.0007648894056117,Georgia,Asia,Western Asia,Upper middle income,2,6,2,Central Asia & Western Asia,Cluster 2: Central Asia & Western Asia,0.5714285714285714,True,749.908534993961,4077131.0,10.82,0.0,11.80588996,0.417870366374973,24.6
KAZ,2000,0.1206896551724137,0.168103448275862,958255.0,1796686.0,0.0072823369159576,0.0037529349320113,Kazakhstan,Asia,Central Asia,Upper middle income,2,6,2,Central Asia & Western Asia,Cluster 2: Central Asia & Western Asia,0.5714285714285714,True,1180.0444563226,15501103.0,12.75,0.0,9.782702446,0.332095900544977,24.6
TKM,2000,0.0474137931034482,0.1206896551724137,115215.0,166712.0,0.0,0.0009535839386974,Turkmenistan,Asia,Central Asia,Upper middle income,2,6,2,Central Asia & Western Asia,Cluster 2: Central Asia & Western Asia,0.5714285714285714,True,633.835487638011,4582677.0,11.73,1.0,10.91987753,0.383186039815983,16.7
ASM,2000,0.043103448275862,0.021551724137931,11621.0,1030.0,0.0,0.0012736683646858,American Samoa,Oceania,Polynesia,Upper middle income,7,0,36,Polynesia & Micronesia,Cluster 7: Polynesia & Micronesia,0.7142857142857143,True,8831.26975996609,56855.0,,0.0,,,
FJI,2000,0.0603448275862068,0.1034482758620689,5363.0,50178.0,0.0140646924914166,0.0015226490232343,Fiji,Oceania,Melanesia,Upper middle income,7,0,37,Polynesia & Micronesia,Cluster 7: Polynesia & Micronesia,0.7142857142857143,True,1995.72071163264,840909.0,4.697,0.0,8.256785523,0.529313322550664,41.4
TKL,2000,0.0172413793103448,0.0172413793103448,113.0,214.0,0.0,0.0006545371518609,Tokelau,Oceania,Polynesia,Lower middle income,7,0,38,Polynesia & Micronesia,Cluster 7: Polynesia & Micronesia,0.7142857142857143,True,,,,,,,
TON,2000,0.021551724137931,0.0517241379310344,499.0,14114.0,0.0,0.0006554856540872,Tonga,Oceania,Polynesia,Upper middle income,7,0,39,Polynesia & Micronesia,Cluster 7: Polynesia & Micronesia,0.7142857142857143,True,1995.07667546271,102677.0,3.966,0.0,10.04538765,0.58862999002131,40.5
VNM,2000,0.021551724137931,0.2413793103448275,23581.0,912989.0,0.0043041871921182,0.0007349032837398,Vietnam,Asia,South-Eastern Asia,Lower middle income,0,4,2,Latin America & Caribbean,Cluster 0: Latin America & Caribbean,0.5714285714285714,True,404.029784055118,77154011.0,2.26,0.0,5.642042011,0.505260075756312,15.8
WSM,2000,0.0905172413793103,0.0603448275862068,2748.0,40162.0,0.0,0.0020290568597692,Samoa,Oceania,Polynesia,Lower middle income,7,0,40,Polynesia & Micronesia,Cluster 7: Polynesia & Micronesia,0.7142857142857143,True,1424.75240002471,181685.0,4.733,0.0,10.84380636,0.496252729195231,43.1
ATG,2000,0.2241379310344827,0.0862068965517241,12588.0,4577.0,2.1738319152112257e-05,0.0024667175697892,Antigua and Barbuda,Americas,Caribbean,High income,0,5,41,Latin America & Caribbean,Cluster 0: Latin America & Caribbean,0.5714285714285714,True,12027.4949768222,74912.0,,0.0,9.724649907,0.486678995517589,55.4
BHS,2000,0.2887931034482758,0.1034482758620689,16835.0,1098.0,0.0049563367666815,0.0017973206433957,Bahamas,Americas,Caribbean,High income,5,5,42,Sub-Saharan Africa & Latin America,Cluster 5: Sub-Saharan Africa & Latin America,0.7142857142857143,True,24940.0775086078,323835.0,7.118,0.0,11.03861046,0.464375805878004,62.5
BLZ,2000,0.0646551724137931,0.0905172413793103,17365.0,2039.0,0.0,0.0008350500337147,Belize,Americas,Central America,Lower middle income,0,4,43,Latin America & Caribbean,Cluster 0: Latin America & Caribbean,0.5714285714285714,True,4726.50675459616,240799.0,10.841,0.0,7.167532955,0.481078869918413,51.0
BMU,2000,0.1422413793103448,0.0517241379310344,8085.0,263.0,0.0,0.0011199485979555,Bermuda,Americas,Northern America,High income,7,0,44,Polynesia & Micronesia,Cluster 7: Polynesia & Micronesia,0.7142857142857143,True,56542.9569455727,61550.0,,0.0,,,
BRB,2000,0.0603448275862068,0.125,12670.0,10556.0,0.0049128601283773,0.0014602997962354,Barbados,Americas,Caribbean,High income,7,0,45,Polynesia & Micronesia,Cluster 7: Polynesia & Micronesia,0.8571428571428571,True,11674.6736471764,262063.0,9.35,0.0,8.99090004,0.354356642071039,62.5
GHA,2000,0.1853448275862069,0.2068965517241379,87655.0,223950.0,0.0050867666815942,0.0015619010593861,Ghana,Africa,Sub-Saharan Africa,Lower middle income,3,7,2,Sub-Saharan Africa,Cluster 3: Sub-Saharan Africa,1.0,True,253.746936203344,19637087.0,10.456,1.0,6.874287216,0.515009016217601,39.6
GLP,2000,0.1034482758620689,0.0387931034482758,40732.0,5317.0,8.695327660844903e-05,0.0067104313089378,Guadeloupe,Americas,Caribbean,High income,5,1,46,Sub-Saharan Africa & Latin America,Cluster 5: Sub-Saharan Africa & Latin America,0.8571428571428571,True,,,,,,,
GUF,2000,0.0689655172413793,0.0474137931034482,35741.0,2046.0,0.0097605052992984,0.0045746784353852,French Guiana,Americas,South America,High income,5,1,47,Sub-Saharan Africa & Latin America,Cluster 5: Sub-Saharan Africa & Latin America,1.0,True,,,,,,,
LCA,2000,0.2413793103448275,0.0948275862068965,3489.0,9735.0,0.0,0.0014960276087817,Saint Lucia,Americas,Latin America,Upper middle income,7,0,48,Polynesia & Micronesia,Cluster 7: Polynesia & Micronesia,0.8571428571428571,True,5879.56191426207,158616.0,16.49,0.0,7.465810525,0.365136601276209,55.4
MTQ,2000,0.0646551724137931,0.0474137931034482,28209.0,7408.0,0.0049563367666815,0.0070214482451497,Martinique,Americas,Caribbean,High income,5,1,49,Sub-Saharan Africa & Latin America,Cluster 5: Sub-Saharan Africa & Latin America,0.8571428571428571,True,,,,,,,
TCA,2000,0.0258620689655172,0.0129310344827586,3760.0,319.0,0.0,0.0009934345241429,Turks and Caicos Islands,Americas,Caribbean,High income,5,5,50,Sub-Saharan Africa & Latin America,Cluster 5: Sub-Saharan Africa & Latin America,0.7142857142857143,True,24122.3028180757,18730.0,,0.0,,,
TTO,2000,0.0689655172413793,0.1508620689655172,20399.0,158950.0,0.009304000597104,0.0016938811607894,Trinidad and Tobago,Americas,Latin America,High income,0,4,2,Latin America & Caribbean,Cluster 0: Latin America & Caribbean,0.5714285714285714,True,6178.58975559687,1319774.0,12.1,0.0,8.944496897,0.390277228898419,58.1
VGB,2000,0.0905172413793103,0.0560344827586206,5152.0,2302.0,0.0,0.0012641775486206,British Virgin Islands,Americas,Caribbean,High income,0,5,51,Latin America & Caribbean,Cluster 0: Latin America & Caribbean,0.7142857142857143,True,,20241.0,,0.0,,,
BDI,2000,0.0301724137931034,0.1206896551724137,57491.0,391391.0,0.0047172152560083,0.0011878340985652,Burundi,Africa,Sub-Saharan Africa,Low income,4,3,52,Sub-Saharan Africa,Cluster 4: Sub-Saharan Africa,1.0,True,134.537861752389,6470194.0,3.137,1529.0,1.997339964,0.543544999615066,15.8
BEN,2000,0.043103448275862,0.1163793103448275,56315.0,148177.0,4.3476638304224514e-05,0.0012709398873015,Benin,Africa,Sub-Saharan Africa,Low income,3,7,2,Sub-Saharan Africa,Cluster 3: Sub-Saharan Africa,1.0,True,487.424141384242,7221619.0,0.864,0.0,2.289848018,0.574505398211559,31.7
BFA,2000,0.0344827586206896,0.0818965517241379,252591.0,520325.0,0.008151869682042,0.007103178098621,Burkina Faso,Africa,Sub-Saharan Africa,Low income,3,7,2,Sub-Saharan Africa,Cluster 3: Sub-Saharan Africa,1.0,True,248.908526921752,11925546.0,2.687,0.0,1.469865149,0.585047265561748,30.8
BIH,2000,0.0560344827586206,0.1336206896551724,42719.0,844403.0,0.0042389722346618,0.0009556331927775,Bosnia and Herzegovina,Europe,Eastern Europe,Upper middle income,8,2,2,Pan-Europe,Cluster 8: Pan-Europe,1.0,True,1338.48059636261,4159771.0,25.446,0.0,6.119783684,0.380892934886379,22.0
BLR,2000,0.2370689655172413,0.1637931034482758,608895.0,904804.0,0.0,0.0025129879736062,Belarus,Europe,Eastern Europe,Upper middle income,2,6,2,Central Asia & Western Asia,Cluster 2: Central Asia & Western Asia,0.5714285714285714,True,1276.2880341,9979610.0,12.193,0.0,10.38081047,0.374932812960924,28.2
BRN,2000,0.0818965517241379,0.0344827586206896,42065.0,22658.0,0.0,0.0009098137925452,Brunei Darussalam,Asia,South-Eastern Asia,High income,7,0,53,Polynesia & Micronesia,Cluster 7: Polynesia & Micronesia,0.8571428571428571,True,20130.2572346624,326424.0,5.53,0.0,8.29,0.427858079533164,88.9
BTN,2000,0.0991379310344827,0.043103448275862,5383.0,58609.0,0.0,0.0006693415783252,Bhutan,Asia,South Asia,Lower middle income,1,8,2,South Asia,Cluster 1: South Asia,0.8571428571428571,True,771.924911410619,596863.0,1.655,0.0,2.359933,0.535679473248458,16.7
BWA,2000,0.1422413793103448,0.0646551724137931,20485.0,8457.0,0.0,0.0010923967053974,Botswana,Africa,Sub-Saharan Africa,Upper middle income,4,3,54,Sub-Saharan Africa,Cluster 4: Sub-Saharan Africa,1.0,True,3450.81180622992,1677382.0,15.88,0.0,7.61,0.483023181313863,42.2
CAF,2000,0.0991379310344827,0.0603448275862068,41978.0,22638.0,0.0014782057023436,0.0011393390157388,Central African Republic,Africa,Sub-Saharan Africa,Low income,4,3,55,Sub-Saharan Africa,Cluster 4: Sub-Saharan Africa,1.0,True,239.154133726071,3833416.0,5.722,0.0,2.593130448,0.572872453947789,24.6
CMR,2000,0.0129310344827586,0.1594827586206896,85160.0,64594.0,0.0034563927451858,0.0016233210158754,Cameroon,Africa,Sub-Saharan Africa,Lower middle income,5,1,56,Sub-Saharan Africa & Latin America,Cluster 5: Sub-Saharan Africa & Latin America,1.0,True,708.565731625965,14912631.0,7.533,0.0,2.981298109,0.49746774108075,22.9
COK,2000,0.043103448275862,0.0258620689655172,1208.0,10202.0,0.0,0.0007624982325754,Cook Islands,Oceania,Polynesia,High income,7,0,57,Polynesia & Micronesia,Cluster 7: Polynesia & Micronesia,0.7142857142857143,True,,,,,,,
CYM,2000,0.2370689655172413,0.0301724137931034,9467.0,70.0,0.0,0.0011357253355135,Cayman Islands,Americas,Caribbean,High income,7,0,58,Polynesia & Micronesia,Cluster 7: Polynesia & Micronesia,0.7142857142857143,True,76837.6699636672,39674.0,,0.0,,,
DJI,2000,0.0129310344827586,0.0387931034482758,44930.0,1670.0,0.0,0.0007414677423093,Djibouti,Africa,Sub-Saharan Africa,Lower middle income,4,3,14,Sub-Saharan Africa,Cluster 4: Sub-Saharan Africa,1.0,True,737.612183644052,747318.0,26.664,0.0,1.879176747,0.50058906780435,16.7
FIN,2000,0.6724137931034483,0.1939655172413793,35078.0,144268.0,0.0,0.0023213156622799,Finland,Europe,Northern Europe,High income,8,2,28,Pan-Europe,Cluster 8: Pan-Europe,1.0,True,24335.9225082659,5176209.0,11.134,0.0,11.42032711,0.284770578669513,114.4
FLK,2000,0.0301724137931034,0.0086206896551724,414.0,456.0,0.0,0.0008999872622876,Falkland Islands,Americas,South America,High income,7,0,59,Polynesia & Micronesia,Cluster 7: Polynesia & Micronesia,1.0,True,,,,,,,
GAB,2000,0.1422413793103448,0.0818965517241379,89465.0,9965.0,0.0,0.0020949125678507,Gabon,Africa,Sub-Saharan Africa,Upper middle income,3,7,60,Sub-Saharan Africa,Cluster 3: Sub-Saharan Africa,1.0,True,3982.906200928,1275572.0,17.848,2.0,6.15,0.455186413769192,21.1
GIB,2000,0.0129310344827586,0.0258620689655172,3563.0,276.0,0.0,0.0007025786753224,Gibraltar,Europe,Southern Europe,High income,5,1,61,Sub-Saharan Africa & Latin America,Cluster 5: Sub-Saharan Africa & Latin America,1.0,True,,27709.0,,0.0,,,
GMB,2000,0.0301724137931034,0.0905172413793103,83276.0,8636.0,0.0,0.0020569930734343,Gambia,Africa,Sub-Saharan Africa,Low income,5,1,62,Sub-Saharan Africa & Latin America,Cluster 5: Sub-Saharan Africa & Latin America,0.8571428571428571,True,538.054072348854,1455084.0,9.722,0.0,2.238995447,0.556102860129279,46.6
GUM,2000,0.0474137931034482,0.0301724137931034,34210.0,1010.0,0.0197166554709658,0.0086727050773133,Guam,Oceania,Micronesia,High income,7,0,63,Polynesia & Micronesia,Cluster 7: Polynesia & Micronesia,0.8571428571428571,True,25631.9776108052,160065.0,15.32,0.0,,,
HKG,2000,0.125,0.1163793103448275,1189928.0,391911.0,0.0072171219585012,0.005812374493317,Hong Kong,Asia,Eastern Asia,High income,7,0,2,Polynesia & Micronesia,Cluster 7: Polynesia & Micronesia,0.8571428571428571,True,25756.7728723704,6665000.0,4.92,0.0,10.26156406,,96.8
IMN,2000,0.0344827586206896,0.0129310344827586,19386.0,353.0,0.0049563367666815,0.0016270308643568,Isle of Man,Europe,Northern Europe,High income,7,0,64,Polynesia & Micronesia,Cluster 7: Polynesia & Micronesia,0.8571428571428571,True,21161.3963073772,75659.0,,0.0,,,
IRQ,2000,0.0948275862068965,0.2413793103448275,73734.0,357933.0,0.0046737386177041,0.0012883981560678,Iraq,Asia,Western Asia,Upper middle income,1,9,2,South Asia,Cluster 1: South Asia,0.8571428571428571,True,1980.18916038782,24424056.0,8.038,0.0,5.656066,0.449509626817547,15.0
ISL,2000,0.5431034482758621,0.0948275862068965,8685.0,5896.0,0.0,0.0010773732789286,Iceland,Europe,Northern Europe,High income,8,2,65,Pan-Europe,Cluster 8: Pan-Europe,1.0,True,32503.578963236,281205.0,1.936,0.0,11.74084404,0.341193981756126,105.6
KEN,2000,0.0560344827586206,0.1724137931034483,319386.0,146521.0,0.0379985818778922,0.0037818237594798,Kenya,Africa,Sub-Saharan Africa,Lower middle income,4,3,14,Sub-Saharan Africa,Cluster 4: Sub-Saharan Africa,1.0,True,414.626365130846,30642890.0,2.884,0.0,5.430709053,0.530739943193772,40.5
KGZ,2000,0.0991379310344827,0.1163793103448275,222038.0,305953.0,0.0,0.0013053521214244,Kyrgyzstan,Asia,Central Asia,Lower middle income,2,6,2,Central Asia & Western Asia,Cluster 2: Central Asia & Western Asia,0.5714285714285714,True,279.621738464365,4898362.0,2.143,0.0,10.34707279,0.358009809877965,24.6
KHM,2000,0.1120689655172413,0.1034482758620689,71752.0,165071.0,0.0001086915957605,0.0008431094022738,Cambodia,Asia,South-Eastern Asia,Lower middle income,0,4,2,Latin America & Caribbean,Cluster 0: Latin America & Caribbean,0.7142857142857143,True,296.426687526334,12462336.0,0.745,0.0,3.368727511,0.530449416316156,15.0
KIR,2000,0.0301724137931034,0.0474137931034482,888.0,2034.0,0.0043911404687266,0.0014235438442148,Kiribati,Oceania,Micronesia,Lower middle income,7,0,66,Polynesia & Micronesia,Cluster 7: Polynesia & Micronesia,0.7142857142857143,True,845.367240231973,88613.0,,0.0,7.541033476,0.60833012327588,43.1
LBR,2000,0.1077586206896551,0.1120689655172413,61833.0,140999.0,0.0,0.0015304879380532,Liberia,Africa,Sub-Saharan Africa,Low income,3,7,2,Sub-Saharan Africa,Cluster 3: Sub-Saharan Africa,1.0,True,298.485340578945,2928117.0,2.018,57.0,3.525027062,0.542809021986681,27.3
LBY,2000,0.3706896551724138,0.1594827586206896,198486.0,40101.0,0.0,0.0042393096236044,Libya,Africa,Northern Africa,Upper middle income,6,9,2,Western Asia,Cluster 6: Western Asia,0.8571428571428571,True,7214.10040377084,5305021.0,19.275,2.0,5.58,0.40570485124712,16.7
LSO,2000,0.0646551724137931,0.0517241379310344,1755.0,51138.0,0.0,0.000698582223955,Lesotho,Africa,Sub-Saharan Africa,Lower middle income,4,3,2,Sub-Saharan Africa,Cluster 4: Sub-Saharan Africa,1.0,True,442.779545779081,2003913.0,16.169,0.0,4.999727995,0.489915934855403,44.9
LUX,2000,0.3318965517241379,0.1120689655172413,70269.0,17202.0,0.0,0.0019843249156134,Luxembourg,Europe,Western Europe,High income,5,1,67,Sub-Saharan Africa & Latin America,Cluster 5: Sub-Saharan Africa & Latin America,0.8571428571428571,True,48659.6390968187,436300.0,2.345,0.0,10.56040277,0.314379707311848,110.0
LVA,2000,0.4051724137931034,0.1551724137931034,252546.0,98317.0,0.0,0.0014647863483907,Latvia,Europe,Northern Europe,High income,2,6,2,Central Asia & Western Asia,Cluster 2: Central Asia & Western Asia,0.5714285714285714,True,3278.17896440803,2367550.0,14.211,0.0,11.47165579,0.380994721772019,80.1
MAC,2000,0.021551724137931,0.0344827586206896,124672.0,42171.0,0.0,0.000957201342781,Macao,Asia,Eastern Asia,High income,7,0,68,Polynesia & Micronesia,Cluster 7: Polynesia & Micronesia,0.8571428571428571,True,15731.4081633771,430600.0,6.874,0.0,,,62.5
MCO,2000,0.0086206896551724,0.043103448275862,6075.0,8248.0,0.0,0.0007873062323995,Monaco,Europe,Western Europe,High income,5,1,69,Sub-Saharan Africa & Latin America,Cluster 5: Sub-Saharan Africa & Latin America,0.8571428571428571,True,81789.014508777,32455.0,,0.0,,,95.0
MDA,2000,0.1336206896551724,0.1724137931034483,146844.0,282769.0,0.0086735893416927,0.0010462310459541,Moldova,Europe,Eastern Europe,Lower middle income,2,6,2,Central Asia & Western Asia,Cluster 2: Central Asia & Western Asia,0.5714285714285714,True,440.538683980372,2924668.0,8.539,0.0,10.27414284,0.449993109654637,15.0
MDG,2000,0.0172413793103448,0.1034482758620689,7515.0,66343.0,0.0082822995969547,0.000844610160947,Madagascar,Africa,Sub-Saharan Africa,Low income,5,1,2,Sub-Saharan Africa & Latin America,Cluster 5: Sub-Saharan Africa & Latin America,0.8571428571428571,True,280.282905559649,16516338.0,5.8,2.0,3.902890818,0.559695536508706,22.0
MDV,2000,0.0948275862068965,0.0301724137931034,11704.0,349.0,0.0,0.000692310907192,Maldives,Asia,South Asia,Upper middle income,1,8,70,South Asia,Cluster 1: South Asia,0.8571428571428571,True,2213.81235053178,282019.0,1.97,0.0,3.465393139,0.606651137733582,40.5
MLI,2000,0.0991379310344827,0.1422413793103448,65895.0,295871.0,0.0261077213016868,0.0024978114976099,Mali,Africa,Sub-Saharan Africa,Low income,3,7,2,Sub-Saharan Africa,Cluster 3: Sub-Saharan Africa,1.0,True,304.652870189314,11559290.0,1.412,0.0,1.184093377,0.612225110682989,33.4
MLT,2000,0.3577586206896552,0.0862068965517241,11130.0,30971.0,0.0,0.0014982992804498,Malta,Europe,Southern Europe,High income,7,0,71,Polynesia & Micronesia,Cluster 7: Polynesia & Micronesia,0.8571428571428571,True,10348.485765125,390087.0,6.324,0.0,7.471940041,0.326237132083395,101.2
MMR,2000,0.0172413793103448,0.1077586206896551,40111.0,329529.0,0.0,0.0007428816151443,Myanmar,Asia,South-Eastern Asia,Lower middle income,1,8,2,South Asia,Cluster 1: South Asia,0.8571428571428571,True,196.619580625284,45290841.0,0.712,226.0,2.833204848,0.532874901783573,15.0
MNG,2000,0.1163793103448275,0.1034482758620689,3273.0,47214.0,0.0,0.0006692213426145,Mongolia,Asia,Eastern Asia,Lower middle income,2,6,72,Central Asia & Western Asia,Cluster 2: Central Asia & Western Asia,0.5714285714285714,True,476.02755082717,2388299.0,5.992,0.0,9.041049957,0.440266124532909,21.1
MUS,2000,0.0948275862068965,0.0948275862068965,9386.0,43501.0,0.0,0.0006950047643402,Mauritius,Africa,Sub-Saharan Africa,High income,5,1,73,Sub-Saharan Africa & Latin America,Cluster 5: Sub-Saharan Africa & Latin America,0.8571428571428571,True,3981.98343249582,1186873.0,9.125,0.0,6.296309948,0.449223682115408,45.8
MWI,2000,0.0517241379310344,0.0732758620689655,96564.0,68356.0,0.0046954769368562,0.0021617082991126,Malawi,Africa,Sub-Saharan Africa,Low income,4,3,74,Sub-Saharan Africa,Cluster 4: Sub-Saharan Africa,1.0,True,224.22415918428,11315942.0,5.045,0.0,3.0127758,0.601601429247874,42.2
MYS,2000,0.0905172413793103,0.1982758620689655,614859.0,628513.0,0.0152603000447828,0.0037841314600028,Malaysia,Asia,South-Eastern Asia,Upper middle income,7,0,2,Polynesia & Micronesia,Cluster 7: Polynesia & Micronesia,0.8571428571428571,True,4083.52874483605,22967816.0,3.0,0.0,8.416040421,0.399015748129945,105.6
NCL,2000,0.0689655172413793,0.0258620689655172,21207.0,2530.0,0.0142168607254814,0.0049252874825859,New Caledonia,Oceania,Melanesia,High income,5,1,75,Sub-Saharan Africa & Latin America,Cluster 5: Sub-Saharan Africa & Latin America,0.8571428571428571,True,15329.7297200058,223098.0,17.907,0.0,,,
NIU,2000,0.0301724137931034,0.021551724137931,190.0,3079.0,0.0,0.0006786864909164,Niue,Oceania,Polynesia,Upper middle income,7,0,76,Polynesia & Micronesia,Cluster 7: Polynesia & Micronesia,0.7142857142857143,True,,,,,,,
NRU,2000,0.0344827586206896,0.0172413793103448,1016.0,810.0,0.0085648977459322,0.0010956454792548,Nauru,Oceania,Micronesia,High income,7,0,77,Polynesia & Micronesia,Cluster 7: Polynesia & Micronesia,0.7142857142857143,True,2648.60152860938,10168.0,,0.0,4.769378127,0.504879363565865,38.7
OMN,2000,0.043103448275862,0.0603448275862068,128479.0,5191.0,0.0,0.00110198181251,Oman,Asia,Western Asia,High income,1,8,2,South Asia,Cluster 1: South Asia,0.8571428571428571,True,9753.84755185404,2282131.0,4.433,0.0,5.425632031,0.439119237378922,31.7
PNG,2000,0.0905172413793103,0.0517241379310344,9903.0,14355.0,0.004260710553814,0.0018585199202237,Papua New Guinea,Oceania,Melanesia,Lower middle income,7,0,78,Polynesia & Micronesia,Cluster 7: Polynesia & Micronesia,0.7142857142857143,True,635.957919047725,5537064.0,2.92,0.0,3.364777727,0.553235045178009,36.1
PYF,2000,0.0818965517241379,0.0301724137931034,10759.0,2059.0,0.0,0.0028079111805759,French Polynesia,Oceania,Polynesia,High income,5,1,79,Sub-Saharan Africa & Latin America,Cluster 5: Sub-Saharan Africa & Latin America,0.8571428571428571,True,14978.324104668,240337.0,11.583,0.0,,,
REU,2000,0.021551724137931,0.0301724137931034,42198.0,1581.0,0.0049563367666815,0.0027150336584373,Réunion,Africa,Sub-Saharan Africa,High income,5,1,80,Sub-Saharan Africa & Latin America,Cluster 5: Sub-Saharan Africa & Latin America,0.8571428571428571,True,,,,,,,
SGP,2000,0.043103448275862,0.1724137931034483,713649.0,97565.0,0.0084996827884758,0.004881791678831,Singapore,Asia,South-Eastern Asia,High income,7,0,81,Polynesia & Micronesia,Cluster 7: Polynesia & Micronesia,0.8571428571428571,True,23852.8389514753,4027887.0,3.7,0.0,9.205350161,0.399894492391112,107.4
SLB,2000,0.0646551724137931,0.0344827586206896,1631.0,1199.0,0.0,0.0011506615946426,Solomon Islands,Oceania,Melanesia,Lower middle income,7,0,82,Polynesia & Micronesia,Cluster 7: Polynesia & Micronesia,0.7142857142857143,True,953.17190137706,440469.0,2.446,0.0,5.092110034,0.632464063040492,47.5
SLE,2000,0.1163793103448275,0.1077586206896551,43313.0,232708.0,0.0046954769368562,0.0017694066372175,Sierra Leone,Africa,Sub-Saharan Africa,Low income,3,7,2,Sub-Saharan Africa,Cluster 3: Sub-Saharan Africa,1.0,True,143.743743239644,4423611.0,4.137,382.0,2.769733409,0.603032840180189,41.4
SWZ,2000,0.0732758620689655,0.0517241379310344,12179.0,9214.0,0.0,0.0009095926566102,Eswatini,Africa,Sub-Saharan Africa,Lower middle income,4,3,83,Sub-Saharan Africa,Cluster 4: Sub-Saharan Africa,1.0,True,1629.67038842815,1041414.0,24.547,0.0,3.86,0.503759998001521,40.5
SYC,2000,0.1120689655172413,0.0603448275862068,2505.0,7506.0,0.0,0.0006731289752625,Seychelles,Africa,Sub-Saharan Africa,High income,4,3,84,Sub-Saharan Africa,Cluster 4: Sub-Saharan Africa,1.0,True,8063.65500575169,81131.0,,0.0,10.27391556,0.450204199212802,45.8
TGO,2000,0.1293103448275862,0.1077586206896551,59758.0,129883.0,4.3476638304224514e-05,0.0013102693908666,Togo,Africa,Sub-Saharan Africa,Low income,3,7,2,Sub-Saharan Africa,Cluster 3: Sub-Saharan Africa,1.0,True,440.420399069497,4783722.0,4.162,1.0,3.086208265,0.524503383116385,30.8
TLS,2000,0.0646551724137931,0.0258620689655172,4861.0,72471.0,0.0,0.0007397889331944,Timor-Leste,Asia,South-Eastern Asia,Lower middle income,7,0,2,Polynesia & Micronesia,Cluster 7: Polynesia & Micronesia,0.7142857142857143,True,492.457669429651,745088.0,3.529,0.0,3.771546767,0.54225623721929,15.0
TUV,2000,0.021551724137931,0.0387931034482758,71.0,615.0,0.0,0.0006735417180744,Tuvalu,Oceania,Polynesia,Upper middle income,7,0,85,Polynesia & Micronesia,Cluster 7: Polynesia & Micronesia,0.7142857142857143,True,1559.22072281826,9544.0,,0.0,8.297577875,0.574060445643852,44.0
TZA,2000,0.1163793103448275,0.146551724137931,463938.0,95568.0,0.0339117778772951,0.0032718057506174,Tanzania,Africa,Sub-Saharan Africa,Lower middle income,4,3,14,Sub-Saharan Africa,Cluster 4: Sub-Saharan Africa,1.0,True,401.698150634766,34260139.0,3.129,0.0,4.226109031,0.55688902910993,36.1
UGA,2000,0.0560344827586206,0.1336206896551724,273223.0,226883.0,0.0337378713240782,0.0034873826632465,Uganda,Africa,Sub-Saharan Africa,Low income,4,3,14,Sub-Saharan Africa,Cluster 4: Sub-Saharan Africa,1.0,True,258.050338731086,24000150.0,3.531,388.0,3.943063563,0.578001085688091,34.3
VUT,2000,0.0387931034482758,0.0517241379310344,673.0,2969.0,0.0,0.0008578446027745,Vanuatu,Oceania,Melanesia,Lower middle income,5,1,86,Sub-Saharan Africa & Latin America,Cluster 5: Sub-Saharan Africa & Latin America,0.8571428571428571,True,1460.23817692229,186281.0,8.266,0.0,5.575515217,0.602533812786826,41.4
ZWE,2000,0.0258620689655172,0.125,155537.0,155839.0,0.0515850313479623,0.0032509558296976,Zimbabwe,Africa,Sub-Saharan Africa,Low income,4,3,2,Sub-Saharan Africa,Cluster 4: Sub-Saharan Africa,1.0,True,562.833757496076,11892055.0,5.685,0.0,6.546715927,0.516222435377288,36.1
MRT,2000,0.1508620689655172,0.0862068965517241,25397.0,34845.0,0.0,0.0010554949913812,Mauritania,Africa,Sub-Saharan Africa,Lower middle income,5,1,87,Sub-Saharan Africa & Latin America,Cluster 5: Sub-Saharan Africa & Latin America,0.8571428571428571,True,680.911061879778,2613441.0,10.03,0.0,3.019605317,0.581104334883587,34.3
NER,2000,0.0560344827586206,0.1163793103448275,59298.0,75221.0,0.0037824675324675,0.0011512074180556,Niger,Africa,Sub-Saharan Africa,Low income,3,7,88,Sub-Saharan Africa,Cluster 3: Sub-Saharan Africa,1.0,True,194.771959898935,11509630.0,1.427,0.0,1.160712377,0.652017137144828,32.6
GNB,2000,0.0474137931034482,0.0732758620689655,9526.0,31017.0,0.0,0.0009551663921004,Guinea-Bissau,Africa,Sub-Saharan Africa,Low income,5,1,89,Sub-Saharan Africa & Latin America,Cluster 5: Sub-Saharan Africa & Latin America,0.8571428571428571,True,316.945495037639,1234741.0,3.358,0.0,2.148568167,0.650280744204263,29.0
SMR,2000,0.0387931034482758,0.0172413793103448,1790.0,1463.0,0.0,0.0006688163131512,San Marino,Europe,Southern Europe,High income,8,2,90,Pan-Europe,Cluster 8: Pan-Europe,0.8571428571428571,True,37600.7049136309,26799.0,,0.0,9.220633693,,95.9
CHI,2000,0.0172413793103448,0.0172413793103448,33371.0,153.0,0.0,0.0012550689684609,Channel Islands,Europe,Northern Europe,High income,7,0,91,Polynesia & Micronesia,Cluster 7: Polynesia & Micronesia,0.8571428571428571,True,43479.1940767689,148110.0,5.351,0.0,,,
VAT,2000,0.0,0.0086206896551724,0.0,22.0,0.0,0.0006437768240343,Holy See,Europe,Southern Europe,High income,5,1,92,Sub-Saharan Africa & Latin America,Cluster 5: Sub-Saharan Africa & Latin America,0.8571428571428571,True,,,,,,,
GNQ,2000,0.0258620689655172,0.0387931034482758,1783.0,29821.0,0.0,0.0007004557871403,Equatorial Guinea,Africa,Sub-Saharan Africa,Upper middle income,3,7,93,Sub-Saharan Africa,Cluster 3: Sub-Saharan Africa,1.0,True,1487.3165506701,703279.0,7.444,0.0,6.393709877,0.432910534522515,17.6
COM,2000,0.021551724137931,0.0517241379310344,6550.0,34211.0,0.0080431780862815,0.0013653090250591,Comoros,Africa,Sub-Saharan Africa,Low income,5,1,94,Sub-Saharan Africa & Latin America,Cluster 5: Sub-Saharan Africa & Latin America,0.8571428571428571,True,633.309032776244,536080.0,4.4,0.0,2.71568799,0.551818379348279,15.0
GRL,2000,0.0646551724137931,0.0344827586206896,1942.0,7681.0,0.0,0.0008408132745784,Greenland,Americas,Northern America,High income,8,2,95,Pan-Europe,Cluster 8: Pan-Europe,1.0,True,19009.0774407515,56185.0,,0.0,,,
LIE,2000,0.1379310344827586,0.0301724137931034,7442.0,25.0,0.0,0.0007999681930289,Liechtenstein,Europe,Western Europe,High income,8,2,96,Pan-Europe,Cluster 8: Pan-Europe,1.0,True,76087.911114202,32645.0,,0.0,11.14676952,,102.1
FRO,2000,0.0948275862068965,0.021551724137931,1586.0,6729.0,0.0,0.0007947280204528,Faroe Islands,Europe,Northern Europe,High income,8,2,97,Pan-Europe,Cluster 8: Pan-Europe,1.0,True,23322.7593357515,45754.0,,0.0,,,
SHN,2000,0.0086206896551724,0.0172413793103448,41.0,120.0,0.0,0.0006446733103631,Saint Helena,Africa,Sub-Saharan Africa,Upper middle income,7,0,98,Polynesia & Micronesia,Cluster 7: Polynesia & Micronesia,1.0,True,,,,,,,
SPM,2000,0.0129310344827586,0.0129310344827586,615.0,32.0,0.0,0.0006685603067727,Saint Pierre and Miquelon,Americas,Northern America,High income,5,1,99,Sub-Saharan Africa & Latin America,Cluster 5: Sub-Saharan Africa & Latin America,0.8571428571428571,True,,,,,,,
WLF,2000,0.021551724137931,0.021551724137931,977.0,3693.0,0.0,0.0016464567070777,Wallis and Futuna Islands,Oceania,Polynesia,Upper middle income,5,1,100,Sub-Saharan Africa & Latin America,Cluster 5: Sub-Saharan Africa & Latin America,0.8571428571428571,True,,,,,,,
ESH,2000,0.0301724137931034,0.0129310344827586,1396.0,74918.0,0.0,0.0006712383977355,Western Sahara,Africa,Northern Africa,Lower middle income,5,1,2,Sub-Saharan Africa & Latin America,Cluster 5: Sub-Saharan Africa & Latin America,0.8571428571428571,True,,,,,,,
FSM,2000,0.0517241379310344,0.0172413793103448,464.0,4597.0,0.0,0.0012631533402525,Micronesia,Oceania,Micronesia,Lower middle income,7,0,101,Polynesia & Micronesia,Cluster 7: Polynesia & Micronesia,0.8571428571428571,True,2049.34490021777,112044.0,,0.0,7.80353371,0.650416674169183,15.0
MHL,2000,0.0258620689655172,0.0129310344827586,655.0,227.0,0.0,0.000726664481794,Marshall Islands,Oceania,Micronesia,Upper middle income,7,0,102,Polynesia & Micronesia,Cluster 7: Polynesia & Micronesia,1.0,True,2264.79114897645,50706.0,,0.0,11.83640289,0.572021529390428,31.7
MNP,2000,0.0517241379310344,0.0172413793103448,21750.0,1289.0,0.0,0.0067225139097338,Northern Mariana Islands,Oceania,Micronesia,High income,7,0,103,Polynesia & Micronesia,Cluster 7: Polynesia & Micronesia,0.8571428571428571,True,17015.7487891715,68356.0,,0.0,,,
PLW,2000,0.0344827586206896,0.021551724137931,2295.0,1482.0,0.0042824488729661,0.0020989076238331,Palau,Oceania,Micronesia,High income,7,0,104,Polynesia & Micronesia,Cluster 7: Polynesia & Micronesia,0.8571428571428571,True,7798.07510558974,19178.0,,0.0,12.51425254,0.537572347898365,15.0
MYT,2000,0.0129310344827586,0.0086206896551724,21701.0,3238.0,0.0,0.0013229913555652,Mayotte,Africa,Sub-Saharan Africa,Upper middle income,5,1,105,Sub-Saharan Africa & Latin America,Cluster 5: Sub-Saharan Africa & Latin America,0.8571428571428571,True,,,,,,,
BES,2005,0.0,0.0344827586206896,0.0,1706.0,0.0,0.0006437768240343,"Bonaire, Sint Eustatius and Saba",Americas,Caribbean,High income,3,7,0,Latin America & Sub-Saharan Africa,Cluster 3: Latin America & Sub-Saharan Africa,0.5714285714285714,True,,,,,,,
ABW,2005,0.0948275862068965,0.0689655172413793,16887.0,2991.0,0.0148037953425884,0.0029446630995681,Aruba,Americas,Caribbean,High income,3,7,1,Latin America & Sub-Saharan Africa,Cluster 3: Latin America & Sub-Saharan Africa,0.5714285714285714,True,24171.8371325422,97635.0,,0.0,,,
CHN,2005,0.418103448275862,0.6077586206896551,319349.0,3684471.0,0.136538382594417,0.0073894742389218,China,Asia,Eastern Asia,Upper middle income,2,3,2,Polynesia & Latin America,Cluster 2: Polynesia & Latin America,0.7142857142857143,True,1777.64496828464,1303720000.0,4.52,0.0,6.327514887,0.406391542814289,17.3
COL,2005,0.2327586206896551,0.2370689655172413,51040.0,994988.0,0.0309553664726078,0.0029235040398584,Colombia,Americas,Latin America,Upper middle income,3,3,3,Latin America & Sub-Saharan Africa,Cluster 3: Latin America & Sub-Saharan Africa,0.7142857142857143,True,3456.06610874512,42128977.0,11.062,1561.0,7.284200191,0.434064639774885,30.7
CUW,2005,0.1853448275862069,0.0517241379310344,24672.0,2137.0,0.0049780750858337,0.0034905520287912,Curaçao,Americas,Caribbean,High income,3,7,4,Latin America & Sub-Saharan Africa,Cluster 3: Latin America & Sub-Saharan Africa,0.5714285714285714,True,17032.3356620744,137658.0,,0.0,,,
DMA,2005,0.1422413793103448,0.125,1879.0,11730.0,0.0043041871921182,0.0009458149127954,Dominica,Americas,Caribbean,Upper middle income,6,3,5,Latin America & Caribbean,Cluster 6: Latin America & Caribbean,0.8571428571428571,True,5695.22442394675,68734.0,,0.0,8.052585492,0.45086017639807,49.9
DOM,2005,0.4094827586206896,0.2284482758620689,145510.0,554218.0,0.0041954955963576,0.0037582140746205,Dominican Republic,Americas,Latin America,Upper middle income,3,7,6,Latin America & Sub-Saharan Africa,Cluster 3: Latin America & Sub-Saharan Africa,0.7142857142857143,True,3878.31206735244,9225034.0,6.587,0.0,6.854324609,0.434757148463165,24.0
GRD,2005,0.0646551724137931,0.0948275862068965,2348.0,13436.0,0.0,0.000759093371964,Grenada,Americas,Caribbean,Upper middle income,6,3,7,Latin America & Caribbean,Cluster 6: Latin America & Caribbean,0.7142857142857143,True,6338.56011405358,109734.0,,0.0,9.635296401,0.394963980198127,57.6
GUY,2005,0.0689655172413793,0.1637931034482758,4602.0,204518.0,0.0043041871921182,0.0007686910841501,Guyana,Americas,Latin America,Upper middle income,2,3,8,Polynesia & Latin America,Cluster 2: Polynesia & Latin America,0.8571428571428571,True,1084.06541388904,760914.0,11.085,0.0,6.552184666,0.488094347887306,50.9
HTI,2005,0.0905172413793103,0.1939655172413793,6706.0,458636.0,0.0129560382146589,0.0008131503928272,Haiti,Americas,Latin America,Low income,3,7,6,Latin America & Sub-Saharan Africa,Cluster 3: Latin America & Sub-Saharan Africa,0.7142857142857143,True,775.845704056916,9061273.0,14.559,0.0,4.274355159,0.525837583303478,21.1
IND,2005,0.1724137931034483,0.5258620689655172,2778940.0,3547134.0,0.1111480258247499,0.0102989675497721,India,Asia,South Asia,Lower middle income,5,4,2,South & South-East Asia,Cluster 5: South & South-East Asia,0.8571428571428571,True,710.488080408949,1154676322.0,7.551,1382.0,4.529458673,0.531487592740426,24.0
JAM,2005,0.0905172413793103,0.2025862068965517,10800.0,499602.0,0.0182601880877742,0.0017686264413466,Jamaica,Americas,Latin America,Upper middle income,2,0,9,Polynesia & Latin America,Cluster 2: Polynesia & Latin America,0.7142857142857143,True,4184.43974867497,2687066.0,6.577,0.0,7.937422132,0.440948325843114,54.7
NIC,2005,0.2284482758620689,0.146551724137931,16285.0,285012.0,4.3476638304224514e-05,0.0014747187232429,Nicaragua,Americas,Latin America,Lower middle income,6,3,10,Latin America & Caribbean,Cluster 6: Latin America & Caribbean,0.5714285714285714,True,1183.30214010175,5342105.0,5.37,0.0,5.46,0.471298209210827,72.0
NLD,2005,0.1724137931034483,0.375,711491.0,277573.0,0.0288250111957008,0.0070073072903948,Netherlands,Europe,Western Europe,High income,2,0,2,Polynesia & Latin America,Cluster 2: Polynesia & Latin America,0.7142857142857143,True,42165.396168388,16319868.0,5.872,0.0,11.78781033,0.342100112979137,121.0
PER,2005,0.2241379310344827,0.2370689655172413,35272.0,479725.0,0.0,0.0015778384595669,Peru,Americas,Latin America,Upper middle income,3,2,11,Latin America & Sub-Saharan Africa,Cluster 3: Latin America & Sub-Saharan Africa,0.7142857142857143,True,2706.66947297608,28101180.0,4.87,0.0,7.924409866,0.445150810784917,39.4
PHL,2005,0.0387931034482758,0.3879310344827586,40582.0,2294899.0,0.0084344678310195,0.0021173291576567,Philippines,Asia,South-Eastern Asia,Lower middle income,5,4,2,South & South-East Asia,Cluster 5: South & South-East Asia,0.8571428571428571,True,1220.46018559867,88015962.0,3.795,470.0,8.65989995,0.48444398784707,31.7
PRT,2005,0.5474137931034483,0.2844827586206896,391943.0,786865.0,0.0390854978354978,0.0074741310905559,Portugal,Europe,Southern Europe,High income,1,1,2,Sub-Saharan Africa,Cluster 1: Sub-Saharan Africa,1.0,True,18780.12751241,10503330.0,7.582,0.0,7.494040012,0.351669292131555,118.1
SUR,2005,0.0172413793103448,0.0991379310344827,8993.0,129567.0,0.0085866360650843,0.0006973871607097,Suriname,Americas,Latin America,Upper middle income,2,0,2,Polynesia & Latin America,Cluster 2: Polynesia & Latin America,0.7142857142857143,True,3453.42865937765,519313.0,9.302,0.0,7.778472662,0.398274345108253,38.4
SXM,2005,0.1422413793103448,0.0344827586206896,6256.0,857.0,0.0,0.0027345366955528,Sint Maarten,Americas,Caribbean,High income,3,7,12,Latin America & Sub-Saharan Africa,Cluster 3: Latin America & Sub-Saharan Africa,0.7142857142857143,True,26403.8143692163,32057.0,,0.0,,,
TUR,2005,0.1896551724137931,0.3362068965517241,669109.0,1232141.0,0.0056954396178534,0.0067933974731964,Turkey,Asia,Western Asia,Upper middle income,4,0,2,Pan-Europe,Cluster 4: Pan-Europe,0.8571428571428571,True,7331.85429430255,69329557.0,10.636,293.0,5.973519802,0.395049414090685,49.9
USA,2005,0.2543103448275862,0.6939655172413793,17785492.0,1151660.0,0.5455883340797134,0.1293102992872409,United States,Americas,Northern America,High income,6,3,2,Latin America & Caribbean,Cluster 6: Latin America & Caribbean,0.5714285714285714,True,44123.3996470026,295516599.0,5.084,108.0,12.82981014,0.317202079106229,124.8
VCT,2005,0.0646551724137931,0.0991379310344827,2108.0,15018.0,0.0,0.0010371132477446,Saint Vincent and the Grenadines,Americas,Caribbean,Upper middle income,6,3,13,Latin America & Caribbean,Cluster 6: Latin America & Caribbean,0.7142857142857143,True,5157.39373878102,112450.0,19.461,0.0,9.312765199,0.447029118686421,61.4
VEN,2005,0.4870689655172414,0.2284482758620689,538213.0,239566.0,0.0424331989849231,0.0055157364233813,Venezuela,Americas,Latin America,Lower middle income,3,3,2,Latin America & Sub-Saharan Africa,Cluster 3: Latin America & Sub-Saharan Africa,0.7142857142857143,True,5432.4854184654,26785804.0,10.663,0.0,7.622557831,0.374290908243296,88.3
PAK,2005,0.0344827586206896,0.3448275862068966,1462858.0,1247478.0,0.0056954396178534,0.0031017409330592,Pakistan,Asia,South Asia,Lower middle income,5,4,2,South & South-East Asia,Cluster 5: South & South-East Asia,1.0,True,827.619861189926,175453212.0,0.583,0.0,4.533462403,0.534469830518449,16.3
AFG,2005,0.0129310344827586,0.25,29203.0,1769485.0,0.0041737572772055,0.000725911326256,Afghanistan,Asia,South Asia,Low income,5,4,2,South & South-East Asia,Cluster 5: South & South-East Asia,1.0,True,254.184249149336,24404567.0,7.878,1628.0,1.521544365,0.602123845251527,15.0
TJK,2005,0.1508620689655172,0.125,158884.0,251159.0,0.0027390282131661,0.0011098948257408,Tajikistan,Asia,Central Asia,Low income,0,5,2,Pan-Europe,Cluster 0: Pan-Europe,0.5714285714285714,True,333.927150941684,6924720.0,3.45,0.0,10.98564945,0.408861664112762,25.9
UZB,2005,0.043103448275862,0.1767241379310344,697174.0,937675.0,0.0,0.0024044372979652,Uzbekistan,Asia,Central Asia,Lower middle income,0,5,2,Pan-Europe,Cluster 0: Pan-Europe,0.5714285714285714,True,542.835808692209,26356975.0,7.092,0.0,10.50075322,0.367805942923728,23.0
CIV,2005,0.043103448275862,0.1594827586206896,913563.0,355156.0,0.0231947865353037,0.0076028372349041,Côte d'Ivoire,Africa,Sub-Saharan Africa,Lower middle income,8,6,2,Sub-Saharan Africa,Cluster 8: Sub-Saharan Africa,1.0,True,1197.74616979415,20068458.0,6.023,0.0,5.776681364,0.494723154331095,15.0
AGO,2005,0.0560344827586206,0.1508620689655172,25972.0,334567.0,0.0002608598298253,0.0009593083530461,Angola,Africa,Sub-Saharan Africa,Lower middle income,1,1,2,Sub-Saharan Africa,Cluster 1: Sub-Saharan Africa,1.0,True,2145.88621098663,19291161.0,16.295,1.0,3.626606075,0.495287853486178,18.2
COD,2005,0.0301724137931034,0.2155172413793103,254191.0,512906.0,0.0151733467681743,0.0019859498782239,DR Congo,Africa,Sub-Saharan Africa,Low income,1,1,14,Sub-Saharan Africa,Cluster 1: Sub-Saharan Africa,1.0,True,214.539740473519,58775724.0,2.948,34.0,5.438845614,0.564748968644645,15.0
COG,2005,0.0905172413793103,0.146551724137931,142464.0,79176.0,0.0015434206597999,0.0013975470630696,Congo,Africa,Sub-Saharan Africa,Lower middle income,1,1,15,Sub-Saharan Africa,Cluster 1: Sub-Saharan Africa,1.0,True,1799.05158366154,3696393.0,19.796,0.0,7.502929697,0.551134051559731,25.9
CPV,2005,0.1508620689655172,0.0905172413793103,5734.0,48674.0,0.0043041871921182,0.0008715190711895,Cabo Verde,Africa,Sub-Saharan Africa,Lower middle income,1,1,16,Sub-Saharan Africa,Cluster 1: Sub-Saharan Africa,1.0,True,2004.14680417563,485115.0,13.439,0.0,5.490309197,0.43086624987396,15.0
GIN,2005,0.1206896551724137,0.1594827586206896,100324.0,147956.0,0.0129342998955067,0.0017228107340171,Guinea,Africa,Sub-Saharan Africa,Low income,8,6,2,Sub-Saharan Africa,Cluster 8: Sub-Saharan Africa,1.0,True,463.17768685098,9245844.0,4.814,0.0,1.513899267,0.535627516525923,35.5
MOZ,2005,0.0689655172413793,0.1293103448275862,128711.0,246717.0,0.0046954769368562,0.0025078327184637,Mozambique,Africa,Sub-Saharan Africa,Low income,1,1,2,Sub-Saharan Africa,Cluster 1: Sub-Saharan Africa,1.0,True,436.773856167384,20304569.0,3.035,0.0,2.138011807,0.500765763923089,21.1
NAM,2005,0.3534482758620689,0.0646551724137931,48541.0,24102.0,0.0,0.0015172489248189,Namibia,Africa,Sub-Saharan Africa,Upper middle income,1,1,17,Sub-Saharan Africa,Cluster 1: Sub-Saharan Africa,1.0,True,3685.77299991587,1966582.0,22.108,0.0,6.121956938,0.507664505137568,39.4
RWA,2005,0.021551724137931,0.1336206896551724,202193.0,149111.0,0.0223252537692192,0.0020808028112144,Rwanda,Africa,Sub-Saharan Africa,Low income,1,1,14,Sub-Saharan Africa,Cluster 1: Sub-Saharan Africa,1.0,True,324.016863847189,9054528.0,11.842,0.0,3.03712282,0.593288918260981,22.1
STP,2005,0.0258620689655172,0.0387931034482758,1659.0,15013.0,0.0,0.0006714026899397,Sao Tome and Principe,Africa,Sub-Saharan Africa,Lower middle income,1,1,18,Sub-Saharan Africa,Cluster 1: Sub-Saharan Africa,1.0,True,844.169181884274,161639.0,16.47,0.0,4.933605281,0.552206074260847,21.1
TCD,2005,0.043103448275862,0.1163793103448275,187426.0,93058.0,0.0099561501716674,0.002158871754238,Chad,Africa,Sub-Saharan Africa,Low income,1,1,2,Sub-Saharan Africa,Cluster 1: Sub-Saharan Africa,1.0,True,838.092107712557,10328092.0,0.663,100.0,1.539813972,0.651673787860327,15.0
ZAF,2005,0.5129310344827586,0.2974137931034483,509940.0,307703.0,0.0398680773249738,0.0092662606433833,South Africa,Africa,Sub-Saharan Africa,Upper middle income,1,1,2,Sub-Saharan Africa,Cluster 1: Sub-Saharan Africa,1.0,True,5836.87663325127,49490033.0,22.472,0.0,8.899390221,0.411870793335461,62.4
ZMB,2005,0.125,0.1163793103448275,112169.0,68512.0,0.0004999813404985,0.0012950900965917,Zambia,Africa,Sub-Saharan Africa,Lower middle income,1,1,14,Sub-Saharan Africa,Cluster 1: Sub-Saharan Africa,1.0,True,710.982068171696,11718819.0,15.9,0.0,5.846261757,0.506803596307428,43.2
CAN,2005,0.5560344827586207,0.4913793103448275,3117018.0,685564.0,0.0534980034333482,0.0459061033393006,Canada,Americas,Northern America,High income,2,0,2,Polynesia & Latin America,Cluster 2: Polynesia & Latin America,0.8571428571428571,True,36383.9671341396,32242732.0,6.758,0.0,13.18605785,0.285686920672616,120.0
AIA,2005,0.0387931034482758,0.0474137931034482,1631.0,860.0,0.0,0.0016747674074679,Anguilla,Americas,Caribbean,High income,3,3,19,Latin America & Sub-Saharan Africa,Cluster 3: Latin America & Sub-Saharan Africa,0.7142857142857143,True,,,,,,,
GBR,2005,0.1508620689655172,0.603448275862069,2314277.0,2135347.0,0.3907462867592178,0.0486365649399285,United Kingdom,Europe,Northern Europe,High income,2,0,2,Polynesia & Latin America,Cluster 2: Polynesia & Latin America,0.8571428571428571,True,42240.2462987547,60401206.0,4.884,0.0,11.96834514,0.274699996375347,122.9
KNA,2005,0.0560344827586206,0.0948275862068965,1551.0,6355.0,4.3476638304224514e-05,0.0020685104271871,Saint Kitts and Nevis,Americas,Latin America,High income,3,3,20,Latin America & Sub-Saharan Africa,Cluster 3: Latin America & Sub-Saharan Africa,0.7142857142857143,True,11783.7867154145,46437.0,,0.0,8.524296424,,59.5
MSR,2005,0.043103448275862,0.043103448275862,499.0,1417.0,0.0,0.0007088014726183,Montserrat,Americas,Caribbean,Upper middle income,6,3,21,Latin America & Caribbean,Cluster 6: Latin America & Caribbean,0.7142857142857143,True,,,,,,,
VIR,2005,0.0862068965517241,0.0603448275862068,28865.0,1488.0,0.0288032728765487,0.0068897444181599,United States Virgin Islands,Americas,Caribbean,High income,6,3,22,Latin America & Caribbean,Cluster 6: Latin America & Caribbean,0.5714285714285714,True,40828.7460927775,108453.0,10.228,0.0,,,
ALB,2005,0.0258620689655172,0.1551724137931034,27988.0,357759.0,0.0042824488729661,0.0013098861903233,Albania,Europe,Eastern Europe,Upper middle income,4,0,23,Pan-Europe,Cluster 4: Pan-Europe,0.7142857142857143,True,2741.72136549578,3011487.0,15.966,0.0,9.082582882,0.445477981646448,16.3
GRC,2005,0.9051724137931034,0.2413793103448275,603030.0,368128.0,0.0146951037468278,0.0097068580524179,Greece,Europe,Southern Europe,High income,4,0,2,Pan-Europe,Cluster 4: Pan-Europe,0.7142857142857143,True,22054.1315756886,10987314.0,10.074,0.0,9.747819901,0.337500021952316,115.2
ITA,2005,0.6120689655172413,0.4525862068965517,1735735.0,1288941.0,0.0312597029407374,0.0253542056888772,Italy,Europe,Southern Europe,High income,4,0,2,Pan-Europe,Cluster 4: Pan-Europe,0.8571428571428571,True,32062.723833669,58166682.0,7.73,0.0,9.271820068,0.345366321508079,122.9
MKD,2005,0.0818965517241379,0.146551724137931,73645.0,211605.0,0.0001086915957605,0.0009985414560724,North Macedonia,Europe,Eastern Europe,Upper middle income,4,0,2,Pan-Europe,Cluster 4: Pan-Europe,0.8571428571428571,True,3120.98401394233,2005330.0,37.32,0.0,7.979055166,0.371326547006799,15.0
ARG,2005,0.3103448275862069,0.2672413793103448,867601.0,407086.0,0.0369551425585908,0.0108841984259797,Argentina,Americas,Latin America,Upper middle income,3,2,2,Latin America & Sub-Saharan Africa,Cluster 3: Latin America & Sub-Saharan Africa,0.8571428571428571,True,5067.65342293276,39216789.0,11.506,0.0,10.0989666,0.402375656409618,97.0
AND,2005,0.0775862068965517,0.021551724137931,22904.0,232.0,0.0,0.0011951684746544,Andorra,Europe,Western Europe,High income,3,2,24,Latin America & Sub-Saharan Africa,Cluster 3: Latin America & Sub-Saharan Africa,0.8571428571428571,True,40829.801878928,77421.0,,0.0,10.08963966,,95.0
AUS,2005,0.8448275862068966,0.4008620689655172,2458602.0,172340.0,0.1581027951933124,0.0551832418828499,Australia,Oceania,Australia/NZ,High income,2,0,2,Polynesia & Latin America,Cluster 2: Polynesia & Latin America,0.7142857142857143,True,34535.20727091,20176844.0,5.036,0.0,11.54751968,0.327109606521956,115.2
BEL,2005,0.3577586206896552,0.3103448275862069,597767.0,202729.0,0.0063475891924167,0.0097127879737784,Belgium,Europe,Western Europe,High income,3,2,2,Latin America & Sub-Saharan Africa,Cluster 3: Latin America & Sub-Saharan Africa,0.8571428571428571,True,36809.7013403619,10478617.0,8.44,0.0,11.02978846,0.350568617650558,121.9
CHE,2005,0.1939655172413793,0.3189655172413793,808470.0,243992.0,0.0043041871921182,0.0120593608922106,Switzerland,Europe,Western Europe,High income,4,0,2,Pan-Europe,Cluster 4: Pan-Europe,1.0,True,57080.0704338193,7437115.0,4.437,0.0,11.20548866,0.292778717484656,121.9
CHL,2005,0.4094827586206896,0.2068965517241379,117689.0,214340.0,0.0049780750858337,0.0034681024704177,Chile,Americas,Latin America,High income,3,2,2,Latin America & Sub-Saharan Africa,Cluster 3: Latin America & Sub-Saharan Africa,0.8571428571428571,True,7480.32330998636,16348778.0,9.34,0.0,9.736940066,0.356231621276745,104.6
DEU,2005,0.1163793103448275,0.5258620689655172,3689738.0,2227689.0,0.2773157374234961,0.0232511876911118,Germany,Europe,Western Europe,High income,4,0,2,Pan-Europe,Cluster 4: Pan-Europe,1.0,True,35084.4363546269,82469422.0,11.193,0.0,13.70372963,0.307765033328912,123.8
DNK,2005,0.7758620689655172,0.2327586206896551,209706.0,57163.0,0.0233904314076727,0.0067818318136632,Denmark,Europe,Northern Europe,High income,4,1,25,Pan-Europe,Cluster 4: Pan-Europe,1.0,True,48925.8076698784,5419432.0,4.83,0.0,12.82844702,0.334263016848643,124.8
ESP,2005,0.2025862068965517,0.3706896551724138,1993015.0,597053.0,0.1040395954620092,0.0205658258433996,Spain,Europe,Southern Europe,High income,3,2,2,Latin America & Sub-Saharan Africa,Cluster 3: Latin America & Sub-Saharan Africa,0.8571428571428571,True,26450.9530130382,43653155.0,9.146,0.0,8.923020363,0.312232662684727,121.9
FRA,2005,0.2284482758620689,0.5732758620689655,3218363.0,972649.0,0.2692290826989103,0.0323510886385339,France,Europe,Western Europe,High income,3,2,2,Latin America & Sub-Saharan Africa,Cluster 3: Latin America & Sub-Saharan Africa,0.8571428571428571,True,34696.3718316971,63180854.0,8.882,0.0,10.31739044,0.307594723249661,122.9
MAR,2005,0.0775862068965517,0.2370689655172413,22242.0,1008975.0,0.0,0.0010943941633772,Morocco,Africa,Northern Africa,Lower middle income,3,2,2,Latin America & Sub-Saharan Africa,Cluster 3: Latin America & Sub-Saharan Africa,0.8571428571428571,True,2242.98828125,30358144.0,11.01,0.0,3.79,0.420183234493,28.8
SWE,2005,0.2370689655172413,0.2629310344827586,499584.0,80552.0,0.0153472533213912,0.0093573208113619,Sweden,Europe,Northern Europe,High income,4,1,26,Pan-Europe,Cluster 4: Pan-Europe,1.0,True,43378.4077394363,9029572.0,7.81,0.0,12.25926018,0.313143984125234,123.8
URY,2005,0.0732758620689655,0.1724137931034483,41270.0,129454.0,0.0,0.001475478379089,Uruguay,Americas,Latin America,High income,3,2,2,Latin America & Sub-Saharan Africa,Cluster 3: Latin America & Sub-Saharan Africa,0.8571428571428571,True,5284.25677987129,3285771.0,12.009,0.0,8.313446681,0.414615597464269,95.0
ARE,2005,0.1422413793103448,0.1336206896551724,837924.0,39574.0,0.0,0.0046025179084821,United Arab Emirates,Asia,Western Asia,High income,5,4,2,South & South-East Asia,Cluster 5: South & South-East Asia,1.0,True,38719.3138285388,4664790.0,3.12,0.0,8.992819786,0.402501088309128,33.6
BGD,2005,0.0732758620689655,0.2241379310344827,419680.0,1962384.0,0.0828664726078519,0.0049206775492444,Bangladesh,Asia,South Asia,Lower middle income,5,4,2,South & South-East Asia,Cluster 5: South & South-East Asia,0.8571428571428571,True,480.08585075452,144715786.0,4.25,62.0,4.717670155,0.560102618247176,26.9
BHR,2005,0.1422413793103448,0.0862068965517241,105778.0,17424.0,0.0,0.0012941339328216,Bahrain,Asia,Western Asia,High income,5,4,2,South & South-East Asia,Cluster 5: South & South-East Asia,0.8571428571428571,True,17966.1657837625,888822.0,1.021,0.0,8.200599035,0.436011807379983,36.5
EGY,2005,0.3060344827586206,0.2887931034482758,126143.0,659032.0,0.0652801724137931,0.002565795385934,Egypt,Africa,Northern Africa,Lower middle income,5,4,2,South & South-East Asia,Cluster 5: South & South-East Asia,1.0,True,1105.53920713903,81101004.0,11.049,0.0,6.40905695,0.438388408682385,15.0
ERI,2005,0.0905172413793103,0.1422413793103448,6455.0,130823.0,0.0,0.0006880054692979,Eritrea,Africa,Sub-Saharan Africa,Low income,4,1,27,Pan-Europe,Cluster 4: Pan-Europe,0.8571428571428571,True,412.753079199423,2661215.0,5.721,0.0,4.710979562,0.619551476607574,19.2
ETH,2005,0.0474137931034482,0.2068965517241379,77507.0,245153.0,0.0206514031945066,0.0012219482200739,Ethiopia,Africa,Sub-Saharan Africa,Low income,1,1,2,Sub-Saharan Africa,Cluster 1: Sub-Saharan Africa,1.0,True,158.243458082465,78367470.0,2.497,83.0,1.86499213,0.590113557563335,17.3
IDN,2005,0.0862068965517241,0.271551724137931,40427.0,1332690.0,0.0092605239587998,0.002280136628839,Indonesia,Asia,South-Eastern Asia,Upper middle income,2,4,2,Polynesia & Latin America,Cluster 2: Polynesia & Latin America,0.7142857142857143,True,1238.21447629488,230871650.0,7.945,213.0,7.320812047,0.479714819986965,27.8
JOR,2005,0.0344827586206896,0.1810344827586207,957674.0,165614.0,0.0008695327660844,0.0059400226494608,Jordan,Asia,Western Asia,Upper middle income,7,1,2,Western Asia,Cluster 7: Western Asia,0.8571428571428571,True,2087.87079273635,6029587.0,14.8,0.0,8.489721775,0.406724056782132,20.2
KWT,2005,0.1379310344827586,0.1163793103448275,434865.0,33410.0,0.0,0.0030720186623508,Kuwait,Asia,Western Asia,High income,5,4,2,South & South-East Asia,Cluster 5: South & South-East Asia,1.0,True,36122.6142741227,2236788.0,1.455,0.0,6.112959862,0.387013084764283,37.4
LBN,2005,0.0301724137931034,0.3146551724137931,204222.0,215715.0,0.0247599455142558,0.001647758416857,Lebanon,Asia,Western Asia,Lower middle income,7,1,2,Western Asia,Cluster 7: Western Asia,0.8571428571428571,True,4602.19804637945,4671102.0,8.249,0.0,7.967203308,0.433398074715949,16.3
LKA,2005,0.2112068965517241,0.2241379310344827,17398.0,426772.0,0.0049563367666815,0.0012524702838574,Sri Lanka,Asia,South Asia,Lower middle income,5,4,2,South & South-East Asia,Cluster 5: South & South-East Asia,0.8571428571428571,True,1207.21994764165,20216524.0,7.67,88.0,10.12732724,0.472220850832846,21.1
NGA,2005,0.0387931034482758,0.3232758620689655,363650.0,337122.0,0.0198470853858784,0.0032321393346187,Nigeria,Africa,Sub-Saharan Africa,Lower middle income,8,6,2,Sub-Saharan Africa,Cluster 8: Sub-Saharan Africa,1.0,True,1211.37703504386,145017253.0,3.727,0.0,5.141990089,0.502593798972538,33.6
NPL,2005,0.0258620689655172,0.1810344827586207,426391.0,499103.0,0.0049563367666815,0.0020861221037843,Nepal,Asia,South Asia,Lower middle income,5,4,2,South & South-East Asia,Cluster 5: South & South-East Asia,0.8571428571428571,True,309.024168339372,26309458.0,10.59,1104.0,3.120512009,0.544844156777818,19.2
PSE,2005,0.0603448275862068,0.1896551724137931,138591.0,1490668.0,0.1221476153157187,0.0097039102327182,Palestine,Asia,Western Asia,Lower middle income,7,1,2,Western Asia,Cluster 7: Western Asia,0.8571428571428571,True,1543.70141392774,3320396.0,20.016,0.0,7.631455183,,15.0
QAT,2005,0.1422413793103448,0.0862068965517241,121366.0,6551.0,0.0,0.0021129433926853,Qatar,Asia,Western Asia,High income,5,4,28,South & South-East Asia,Cluster 5: South & South-East Asia,0.7142857142857143,True,53949.6764091147,825408.0,0.87,0.0,8.694486618,0.367070144808136,35.5
SAU,2005,0.0818965517241379,0.1810344827586207,1607963.0,42672.0,0.0,0.0069207064619462,Saudi Arabia,Asia,Western Asia,High income,5,4,2,South & South-East Asia,Cluster 5: South & South-East Asia,0.8571428571428571,True,15975.7473782258,20559890.0,6.051,0.0,7.761379878,0.436122574407472,29.8
SDN,2005,0.0603448275862068,0.1939655172413793,250304.0,462430.0,0.0754537057769816,0.0026612149765147,Sudan,Africa,Sub-Saharan Africa,Low income,1,1,2,Sub-Saharan Africa,Cluster 1: Sub-Saharan Africa,1.0,True,905.543640136719,31262444.0,15.545,161.0,2.93,0.61048938727574,16.3
SOM,2005,0.0086206896551724,0.2112068965517241,548.0,331019.0,0.0,0.0006461004674904,Somalia,Africa,Sub-Saharan Africa,Low income,1,1,14,Sub-Saharan Africa,Cluster 1: Sub-Saharan Africa,1.0,True,439.979907805478,10644228.0,18.671,0.0,1.9003,0.633327412710767,15.0
SSD,2005,0.0,0.043103448275862,0.0,102389.0,0.0,0.0006437768240343,South Sudan,Africa,Sub-Saharan Africa,Low income,1,1,2,Sub-Saharan Africa,Cluster 1: Sub-Saharan Africa,1.0,True,1498.27034985194,7590143.0,12.266,0.0,5.726140022,,15.0
SYR,2005,0.021551724137931,0.3060344827586206,382997.0,232977.0,6.521495745633678e-05,0.002094298818497,Syria,Asia,Western Asia,Low income,7,1,2,Western Asia,Cluster 7: Western Asia,0.7142857142857143,True,1533.90017615946,18814091.0,8.81,0.0,5.859044075,0.436003292306926,15.4
THA,2005,0.0560344827586206,0.2672413793103448,595588.0,357212.0,0.0075214584266308,0.0025693951441568,Thailand,Asia,South-Eastern Asia,Upper middle income,5,4,2,South & South-East Asia,Cluster 5: South & South-East Asia,0.7142857142857143,True,2867.70383436062,66017420.0,1.35,205.0,7.08158493,0.434250204168399,27.8
TUN,2005,0.0689655172413793,0.1810344827586207,13854.0,232470.0,0.0,0.0008281642906258,Tunisia,Africa,Northern Africa,Lower middle income,3,2,2,Latin America & Sub-Saharan Africa,Cluster 3: Latin America & Sub-Saharan Africa,0.8571428571428571,True,3146.8260743927,10255472.0,12.872,0.0,5.810601324,0.361326434386052,36.5
YEM,2005,0.0344827586206896,0.125,57320.0,196286.0,0.0,0.0007948059527909,Yemen,Asia,Western Asia,Low income,5,4,14,South & South-East Asia,Cluster 5: South & South-East Asia,0.8571428571428571,True,734.159908450927,22790085.0,12.213,0.0,1.86,0.522187020457706,17.3
ARM,2005,0.0603448275862068,0.1810344827586207,253861.0,352649.0,0.0,0.0010794560892216,Armenia,Asia,Western Asia,Upper middle income,0,5,2,Pan-Europe,Cluster 0: Pan-Europe,0.5714285714285714,True,1557.48458908655,3146400.0,10.584,0.0,10.77075195,0.378909855376541,22.1
AUT,2005,0.1853448275862069,0.2629310344827586,547315.0,221254.0,0.0048259068517689,0.0046795860129997,Austria,Europe,Western Europe,High income,4,0,2,Pan-Europe,Cluster 4: Pan-Europe,1.0,True,38157.37022862,8227829.0,5.682,0.0,11.55885029,0.304438612882453,120.0
BGR,2005,0.6982758620689655,0.2370689655172413,33561.0,427602.0,0.0,0.0010144341196845,Bulgaria,Europe,Eastern Europe,Upper middle income,4,0,2,Pan-Europe,Cluster 4: Pan-Europe,0.8571428571428571,True,3900.02501966492,7658972.0,10.083,0.0,10.34050999,0.361750014883773,79.7
BOL,2005,0.6508620689655172,0.1422413793103448,50752.0,235003.0,0.0,0.0018754522053999,Bolivia,Americas,Latin America,Lower middle income,3,2,2,Latin America & Sub-Saharan Africa,Cluster 3: Latin America & Sub-Saharan Africa,0.8571428571428571,True,1020.12326200737,9360754.0,2.598,0.0,6.966806126,0.478447654452833,79.7
BRA,2005,0.4482758620689655,0.3275862068965517,292842.0,627745.0,0.0223252537692192,0.0053053514441035,Brazil,Americas,Latin America,Upper middle income,6,3,2,Latin America & Caribbean,Cluster 6: Latin America & Caribbean,0.7142857142857143,True,4827.78173074714,184688101.0,10.551,0.0,6.150349855,0.385046386841539,95.0
CRI,2005,0.5775862068965517,0.1336206896551724,161430.0,15974.0,0.004260710553814,0.002150283804868,Costa Rica,Americas,Latin America,Upper middle income,6,3,29,Latin America & Caribbean,Cluster 6: Latin America & Caribbean,0.5714285714285714,True,4703.00720463794,4261240.0,6.749,0.0,7.825407987,0.408830338100747,91.2
CUB,2005,0.1508620689655172,0.2586206896551724,5711.0,567187.0,0.0,0.0007461975020055,Cuba,Americas,Latin America,Upper middle income,6,3,2,Latin America & Caribbean,Cluster 6: Latin America & Caribbean,0.5714285714285714,True,3786.33799225291,11262554.0,1.95,0.0,10.5700119,0.436246691680239,25.9
CYP,2005,0.5818965517241379,0.1034482758620689,68879.0,34574.0,0.0,0.0018280614224649,Cyprus,Europe,Western Asia,High income,4,0,30,Pan-Europe,Cluster 4: Pan-Europe,0.7142857142857143,True,24959.26171875,1036151.0,5.481,0.0,10.71990967,0.362226468043202,108.5
CZE,2005,0.1939655172413793,0.1939655172413793,261080.0,378663.0,0.0092822622779519,0.0020774011555332,Czechia,Europe,Eastern Europe,High income,4,0,2,Pan-Europe,Cluster 4: Pan-Europe,1.0,True,13442.4916284309,10211216.0,7.927,0.0,11.93356908,0.259353966895138,94.1
DZA,2005,0.0862068965517241,0.2413793103448275,86130.0,753071.0,0.0092605239587998,0.0016410308242345,Algeria,Africa,Northern Africa,Lower middle income,3,2,2,Latin America & Sub-Saharan Africa,Cluster 3: Latin America & Sub-Saharan Africa,0.8571428571428571,True,3233.13339634212,33109249.0,15.27,229.0,7.044786056,0.383821075398653,22.1
ECU,2005,0.2068965517241379,0.1551724137931034,68721.0,469466.0,0.0,0.0019572830352961,Ecuador,Americas,Latin America,Upper middle income,3,2,2,Latin America & Sub-Saharan Africa,Cluster 3: Latin America & Sub-Saharan Africa,0.7142857142857143,True,2909.02606014388,13846163.0,3.779,0.0,7.604496872,0.477308008443338,39.4
EST,2005,0.1163793103448275,0.1422413793103448,139219.0,62276.0,0.0,0.0010596555543645,Estonia,Europe,Northern Europe,High income,0,5,2,Pan-Europe,Cluster 0: Pan-Europe,0.5714285714285714,True,10414.6381183565,1354775.0,8.033,0.0,13.02964497,0.343091662561354,87.4
GTM,2005,0.2112068965517241,0.1422413793103448,31159.0,318858.0,0.0043041871921182,0.001261811687271,Guatemala,Americas,Latin America,Upper middle income,6,3,2,Latin America & Caribbean,Cluster 6: Latin America & Caribbean,0.5714285714285714,True,2046.46611650758,13087629.0,3.059,0.0,3.701767564,0.474321039191354,78.7
HND,2005,0.1810344827586207,0.1379310344827586,13386.0,227109.0,0.0049780750858337,0.0013427192251601,Honduras,Americas,Latin America,Lower middle income,6,3,2,Latin America & Caribbean,Cluster 6: Latin America & Caribbean,0.5714285714285714,True,1304.70039153826,7478355.0,4.909,0.0,4.936594065,0.473814129592957,76.8
HRV,2005,0.3060344827586206,0.1724137931034483,275037.0,531655.0,0.0169124123003433,0.0018514861616708,Croatia,Europe,Eastern Europe,High income,4,0,2,Pan-Europe,Cluster 4: Pan-Europe,1.0,True,10443.4484003498,4310145.0,12.598,0.0,10.41395016,0.384563288077107,80.6
HUN,2005,0.6724137931034483,0.2241379310344827,188161.0,175993.0,0.0,0.0021797613354304,Hungary,Europe,Eastern Europe,High income,4,0,2,Pan-Europe,Cluster 4: Pan-Europe,1.0,True,11212.2046968994,10087065.0,7.189,0.0,10.83236027,0.36842501303264,97.0
IRL,2005,0.1120689655172413,0.25,256304.0,416319.0,0.0,0.0071322992385794,Ireland,Europe,Northern Europe,High income,2,0,2,Polynesia & Latin America,Cluster 2: Polynesia & Latin America,0.8571428571428571,True,50933.0216095589,4159914.0,4.237,0.0,10.83473599,0.330640159766523,123.8
IRN,2005,0.0301724137931034,0.2801724137931034,1142153.0,403917.0,0.0,0.001134189634069,Iran,Asia,Western Asia,Lower middle income,5,4,2,South & South-East Asia,Cluster 5: South & South-East Asia,1.0,True,3132.0508192007,71828455.0,11.813,28.0,9.559744316,0.370460259024065,15.0
ISR,2005,0.2887931034482758,0.2370689655172413,804696.0,145238.0,0.10497434318555,0.0092160433732178,Israel,Asia,Western Asia,High income,3,5,2,Latin America & Sub-Saharan Africa,Cluster 3: Latin America & Sub-Saharan Africa,0.8571428571428571,True,21261.7474251846,6930100.0,11.342,123.0,11.27696466,0.319587362339404,99.8
JPN,2005,0.2543103448275862,0.3663793103448275,1052742.0,480141.0,0.0136516644275264,0.0066957152198844,Japan,Asia,Eastern Asia,High income,6,3,2,Latin America & Caribbean,Cluster 6: Latin America & Caribbean,0.5714285714285714,True,38158.6758263963,127773000.0,4.446,0.0,12.30749965,0.367570601102053,122.9
KOR,2005,0.0603448275862068,0.3232758620689655,77959.0,1083983.0,0.0,0.0013085093026961,South Korea,Asia,Eastern Asia,High income,6,3,2,Latin America & Caribbean,Cluster 6: Latin America & Caribbean,0.5714285714285714,True,20167.0474902506,48184561.0,3.482,0.0,11.24357033,0.367749436199395,110.4
LAO,2005,0.0258620689655172,0.1034482758620689,7797.0,245561.0,0.0,0.0006562578889549,Laos,Asia,South-Eastern Asia,Lower middle income,5,4,2,South & South-East Asia,Cluster 5: South & South-East Asia,0.7142857142857143,True,466.061506997741,5869523.0,1.35,0.0,4.607268378,0.519726331169697,19.2
LTU,2005,0.396551724137931,0.1767241379310344,104074.0,157414.0,0.0,0.0010820166734335,Lithuania,Europe,Northern Europe,High income,0,5,2,Pan-Europe,Cluster 0: Pan-Europe,0.7142857142857143,True,7857.03148786492,3322528.0,8.325,0.0,11.87370014,0.382420394803656,90.2
MEX,2005,0.3318965517241379,0.2284482758620689,341097.0,5043952.0,0.0134777578743095,0.0265413439715875,Mexico,Americas,Latin America,Upper middle income,6,3,2,Latin America & Caribbean,Cluster 6: Latin America & Caribbean,0.5714285714285714,True,8671.75891798441,105811504.0,3.558,0.0,7.48514986,0.395691600985669,94.1
MNE,2005,0.125,0.0646551724137931,43832.0,53536.0,0.0,0.0008991594111828,Montenegro,Europe,Eastern Europe,Upper middle income,4,0,31,Pan-Europe,Cluster 4: Pan-Europe,1.0,True,3675.98851272723,614261.0,30.31,0.0,10.65470982,0.393432326428319,15.0
NOR,2005,0.8275862068965517,0.1810344827586207,180098.0,51928.0,0.0,0.0057409316698979,Norway,Europe,Northern Europe,High income,4,1,32,Pan-Europe,Cluster 4: Pan-Europe,1.0,True,67358.3615969796,4623291.0,4.381,0.0,12.28176022,0.258438181318393,121.9
NZL,2005,0.2068965517241379,0.25,420521.0,253175.0,0.0463460964323033,0.0175714619442306,New Zealand,Oceania,Australia/NZ,High income,2,0,2,Polynesia & Latin America,Cluster 2: Polynesia & Latin America,0.7142857142857143,True,27751.0654708859,4133900.0,3.807,0.0,13.27061615,0.309837055733074,120.0
PAN,2005,0.375,0.146551724137931,53615.0,99049.0,0.0,0.0018657745238891,Panama,Americas,Latin America,High income,6,3,2,Latin America & Caribbean,Cluster 6: Latin America & Caribbean,0.5714285714285714,True,5017.7410922824,3313026.0,5.967,0.0,8.577389956,0.418952051064355,78.7
POL,2005,0.2672413793103448,0.3232758620689655,419158.0,1565137.0,0.0093692155545603,0.0035652827000072,Poland,Europe,Eastern Europe,High income,4,0,2,Pan-Europe,Cluster 4: Pan-Europe,1.0,True,8043.92332253757,38165445.0,17.592,0.0,11.81090021,0.308418299164702,101.8
PRI,2005,0.1939655172413793,0.1336206896551724,177691.0,727654.0,0.0339552545155993,0.0138985847293704,Puerto Rico,Americas,Latin America,High income,6,3,2,Latin America & Caribbean,Cluster 6: Latin America & Caribbean,0.5714285714285714,True,21959.322696986,3821362.0,11.35,0.0,,,
PRK,2005,0.0862068965517241,0.125,18637.0,16905.0,0.0,0.0007441309626613,North Korea,Asia,Eastern Asia,Low income,6,3,33,Latin America & Caribbean,Cluster 6: Latin America & Caribbean,0.5714285714285714,True,,24396433.0,3.576,0.0,,0.473794697926748,17.3
PRY,2005,0.0732758620689655,0.125,78383.0,270181.0,0.0002173831915211,0.0018115706929295,Paraguay,Americas,Latin America,Upper middle income,3,2,2,Latin America & Sub-Saharan Africa,Cluster 3: Latin America & Sub-Saharan Africa,0.8571428571428571,True,1970.87169852378,5448097.0,4.825,0.0,7.347330093,0.392096424267945,78.7
ROU,2005,0.1206896551724137,0.2844827586206896,59131.0,1034448.0,2.1738319152112257e-05,0.0010336687709277,Romania,Europe,Eastern Europe,High income,4,0,2,Pan-Europe,Cluster 4: Pan-Europe,1.0,True,4618.00350802913,21319685.0,7.174,0.0,10.22507782,0.429309416945104,70.1
RUS,2005,0.1810344827586207,0.418103448275862,5846190.0,5055674.0,0.1455163084042394,0.0148971742306036,Russia,Europe,Eastern Europe,Upper middle income,0,5,2,Pan-Europe,Cluster 0: Pan-Europe,0.5714285714285714,True,5323.455078125,143518814.0,7.124,682.0,12.24051988,0.333558279335486,33.6
SEN,2005,0.1077586206896551,0.2112068965517241,93916.0,163926.0,0.0335857030900134,0.0028253994404356,Senegal,Africa,Sub-Saharan Africa,Lower middle income,3,2,2,Latin America & Sub-Saharan Africa,Cluster 3: Latin America & Sub-Saharan Africa,0.8571428571428571,True,979.846101520171,11235472.0,2.679,0.0,1.380287257,0.546202985406413,35.5
SLV,2005,0.2025862068965517,0.1508620689655172,18933.0,533142.0,0.0,0.0010762680044284,El Salvador,Americas,Latin America,Lower middle income,6,3,2,Latin America & Caribbean,Cluster 6: Latin America & Caribbean,0.5714285714285714,True,2447.39140845394,6005578.0,7.22,0.0,5.601497003,0.441327035843719,77.8
SRB,2005,0.168103448275862,0.1637931034482758,590973.0,257951.0,0.0001739065532168,0.0028539641133077,Serbia,Europe,Eastern Europe,Upper middle income,4,0,2,Pan-Europe,Cluster 4: Pan-Europe,1.0,True,3807.97417321786,7440769.0,20.85,0.0,8.966295242,0.425787502217718,30.7
SVK,2005,0.4784482758620689,0.1594827586206896,71755.0,201403.0,0.0,0.001258408876707,Slovakia,Europe,Eastern Europe,High income,4,0,2,Pan-Europe,Cluster 4: Pan-Europe,1.0,True,9087.20357002472,5372807.0,16.276,0.0,11.1543541,0.369195367444063,93.1
SVN,2005,0.3922413793103448,0.125,97300.0,55834.0,0.0,0.0014625977108078,Slovenia,Europe,Eastern Europe,High income,4,0,34,Pan-Europe,Cluster 4: Pan-Europe,1.0,True,17969.7095907161,2000474.0,6.506,0.0,11.68457031,0.325987160510692,100.8
TWN,2005,0.0991379310344827,0.0689655172413793,375442.0,326985.0,0.0008260561277802,0.0017258098755942,Taiwan,Asia,Eastern Asia,High income,6,3,2,Latin America & Caribbean,Cluster 6: Latin America & Caribbean,0.7142857142857143,True,,,,,,,
UKR,2005,0.1293103448275862,0.3232758620689655,2677951.0,2966887.0,0.0339987311539035,0.0075288388713775,Ukraine,Europe,Eastern Europe,Lower middle income,0,5,2,Pan-Europe,Cluster 0: Pan-Europe,0.5714285714285714,True,1875.33508300781,47585556.0,7.18,0.0,11.32628118,0.400856568476572,30.7
AZE,2005,0.0818965517241379,0.1508620689655172,149226.0,633142.0,0.0042824488729661,0.0010172221136169,Azerbaijan,Asia,Western Asia,Upper middle income,0,5,2,Pan-Europe,Cluster 0: Pan-Europe,0.5714285714285714,True,1578.36733030667,8391850.0,7.26,25.0,10.58433723,0.417584202165285,26.9
GEO,2005,0.1939655172413793,0.1594827586206896,38372.0,428790.0,0.0,0.0007463597835838,Georgia,Asia,Western Asia,Upper middle income,0,5,2,Pan-Europe,Cluster 0: Pan-Europe,0.5714285714285714,True,1642.78359414797,3902469.0,13.81,0.0,12.09244204,0.409816699784714,26.9
IRQ,2005,0.0948275862068965,0.2543103448275862,39292.0,539847.0,0.0001304299149126,0.0009572971754984,Iraq,Asia,Western Asia,Upper middle income,7,1,2,Western Asia,Cluster 7: Western Asia,0.8571428571428571,True,1762.39360423421,28407448.0,8.57,2608.0,6.067209333,0.454941283148103,15.0
KAZ,2005,0.1206896551724137,0.1810344827586207,975755.0,1935548.0,0.0079997014479773,0.0034410955997185,Kazakhstan,Asia,Central Asia,Upper middle income,0,5,2,Pan-Europe,Cluster 0: Pan-Europe,0.5714285714285714,True,3577.35804001782,15968117.0,8.13,0.0,11.02071476,0.331052803678764,26.9
TKM,2005,0.0474137931034482,0.125,110280.0,196202.0,0.0,0.0009035741709454,Turkmenistan,Asia,Central Asia,Upper middle income,0,5,2,Pan-Europe,Cluster 0: Pan-Europe,0.5714285714285714,True,1604.01618452312,5052257.0,7.495,0.0,10.8880949,0.380484592252858,18.2
ASM,2005,0.043103448275862,0.021551724137931,11398.0,1022.0,0.0,0.0011405591826803,American Samoa,Oceania,Polynesia,Upper middle income,2,0,35,Polynesia & Latin America,Cluster 2: Polynesia & Latin America,0.7142857142857143,True,8831.26975996609,56617.0,,0.0,,,
FJI,2005,0.0603448275862068,0.1120689655172413,5112.0,61951.0,0.0177167301089714,0.0014783735523009,Fiji,Oceania,Melanesia,Upper middle income,2,0,36,Polynesia & Latin America,Cluster 2: Polynesia & Latin America,0.7142857142857143,True,3377.69126953493,882379.0,3.886,0.0,8.960117513,0.511243319926776,45.1
TKL,2005,0.0172413793103448,0.021551724137931,120.0,279.0,0.0,0.0006566599549155,Tokelau,Oceania,Polynesia,Lower middle income,2,0,37,Polynesia & Latin America,Cluster 2: Polynesia & Latin America,0.7142857142857143,True,,,,,,,
TON,2005,0.021551724137931,0.0560344827586206,575.0,15679.0,0.0,0.000654785372605,Tonga,Oceania,Polynesia,Upper middle income,2,0,38,Polynesia & Latin America,Cluster 2: Polynesia & Latin America,0.7142857142857143,True,2477.72620144825,105671.0,2.542,0.0,10.06649771,0.616640307084301,44.2
VNM,2005,0.021551724137931,0.25,21815.0,1111291.0,0.0043041871921182,0.0007186138101692,Vietnam,Asia,South-Eastern Asia,Lower middle income,6,3,2,Latin America & Caribbean,Cluster 6: Latin America & Caribbean,0.5714285714285714,True,710.746759994861,81088313.0,2.078,0.0,6.703828515,0.494486885523639,17.3
WSM,2005,0.0905172413793103,0.0646551724137931,2608.0,43369.0,0.0049563367666815,0.0018196125339801,Samoa,Oceania,Polynesia,Lower middle income,2,0,39,Polynesia & Latin America,Cluster 2: Polynesia & Latin America,0.7142857142857143,True,2550.04221437511,186978.0,5.212,0.0,11.22298775,0.507556435515833,47.0
ATG,2005,0.2241379310344827,0.0948275862068965,13525.0,4360.0,2.1738319152112257e-05,0.0027685801491755,Antigua and Barbuda,Americas,Caribbean,High income,6,3,40,Latin America & Caribbean,Cluster 6: Latin America & Caribbean,0.5714285714285714,True,14368.5708796058,79611.0,,0.0,9.952149767,0.484491895590046,60.5
BHS,2005,0.3232758620689655,0.1034482758620689,21619.0,1027.0,0.0049563367666815,0.0019836618334337,Bahamas,Americas,Caribbean,High income,3,7,41,Latin America & Sub-Saharan Africa,Cluster 3: Latin America & Sub-Saharan Africa,0.7142857142857143,True,28602.4181869995,343894.0,10.2,0.0,11.45061016,0.461465172350944,68.2
BLZ,2005,0.0646551724137931,0.0948275862068965,19834.0,2276.0,0.0,0.0008466862643597,Belize,Americas,Central America,Lower middle income,6,3,42,Latin America & Caribbean,Cluster 6: Latin America & Caribbean,0.5714285714285714,True,5270.41479135312,279731.0,10.91,0.0,8.028240204,0.474322444090025,55.7
BMU,2005,0.1508620689655172,0.0646551724137931,8245.0,318.0,0.0,0.0010012126428492,Bermuda,Americas,Northern America,High income,2,0,43,Polynesia & Latin America,Cluster 2: Polynesia & Latin America,0.7142857142857143,True,77628.103522508,62711.0,,0.0,,,
BRB,2005,0.0905172413793103,0.125,11911.0,10863.0,0.0,0.0013607846723357,Barbados,Americas,Caribbean,High income,2,0,44,Polynesia & Latin America,Cluster 2: Polynesia & Latin America,0.8571428571428571,True,14214.4202213572,268706.0,9.08,0.0,9.519167208,0.359752260581963,68.2
GHA,2005,0.1853448275862069,0.2155172413793103,131618.0,290832.0,0.0017390655321689,0.0017578812318898,Ghana,Africa,Sub-Saharan Africa,Lower middle income,8,6,2,Sub-Saharan Africa,Cluster 8: Sub-Saharan Africa,1.0,True,478.611909191028,22449438.0,5.816,0.0,7.188284022,0.517937826980959,43.2
GLP,2005,0.1034482758620689,0.0387931034482758,45019.0,5051.0,4.3476638304224514e-05,0.0082811502288015,Guadeloupe,Americas,Caribbean,High income,3,2,45,Latin America & Sub-Saharan Africa,Cluster 3: Latin America & Sub-Saharan Africa,0.8571428571428571,True,,,,,,,
GUF,2005,0.0689655172413793,0.0474137931034482,41743.0,2135.0,0.0049128601283773,0.0052644157825493,French Guiana,Americas,South America,High income,2,2,46,Polynesia & Latin America,Cluster 2: Polynesia & Latin America,1.0,True,,,,,,,
LCA,2005,0.2413793103448275,0.1034482758620689,4113.0,9687.0,0.0,0.0015934018572673,Saint Lucia,Americas,Latin America,Upper middle income,2,0,47,Polynesia & Latin America,Cluster 2: Polynesia & Latin America,0.8571428571428571,True,6863.43641919345,165450.0,18.7,0.0,7.916555279,0.368420079530633,60.5
MTQ,2005,0.0646551724137931,0.0474137931034482,30250.0,7523.0,0.0049780750858337,0.008862850517947,Martinique,Americas,Caribbean,High income,3,2,48,Latin America & Sub-Saharan Africa,Cluster 3: Latin America & Sub-Saharan Africa,0.8571428571428571,True,,,,,,,
TCA,2005,0.0258620689655172,0.0172413793103448,4042.0,596.0,0.0,0.00096447801923,Turks and Caicos Islands,Americas,Caribbean,High income,3,7,49,Latin America & Sub-Saharan Africa,Cluster 3: Latin America & Sub-Saharan Africa,0.7142857142857143,True,24122.3028180757,23988.0,,0.0,,,
TTO,2005,0.0689655172413793,0.1508620689655172,21943.0,163904.0,0.0125647484699208,0.0016746383260378,Trinidad and Tobago,Americas,Latin America,High income,6,3,2,Latin America & Caribbean,Cluster 6: Latin America & Caribbean,0.5714285714285714,True,12346.4373094075,1294494.0,7.95,0.0,9.790655295,0.387554191907929,63.4
VGB,2005,0.0905172413793103,0.0560344827586206,5903.0,2074.0,0.0,0.001423805337097,British Virgin Islands,Americas,Caribbean,High income,6,3,50,Latin America & Caribbean,Cluster 6: Latin America & Caribbean,0.7142857142857143,True,,23665.0,,0.0,,,
BDI,2005,0.0301724137931034,0.1206896551724137,89666.0,247226.0,0.000586934617107,0.001367582063704,Burundi,Africa,Sub-Saharan Africa,Low income,1,1,51,Sub-Saharan Africa,Cluster 1: Sub-Saharan Africa,1.0,True,147.234619294225,7587299.0,3.162,298.0,2.265714943,0.568921966879597,17.3
BEN,2005,0.043103448275862,0.1293103448275862,117773.0,218344.0,2.1738319152112257e-05,0.001570529322241,Benin,Africa,Sub-Saharan Africa,Low income,8,6,2,Sub-Saharan Africa,Cluster 8: Sub-Saharan Africa,1.0,True,779.437777753268,8426144.0,0.859,0.0,2.496914005,0.577165667200976,34.6
BFA,2005,0.0344827586206896,0.0818965517241379,291748.0,577854.0,0.0040868040005971,0.0053053799104707,Burkina Faso,Africa,Sub-Saharan Africa,Low income,8,6,2,Sub-Saharan Africa,Cluster 8: Sub-Saharan Africa,1.0,True,441.164148016012,13932123.0,4.0,0.0,1.342989415,0.570111426138937,33.6
BIH,2005,0.0560344827586206,0.1379310344827586,24386.0,777673.0,0.0,0.0008238228362403,Bosnia and Herzegovina,Europe,Eastern Europe,Upper middle income,4,0,2,Pan-Europe,Cluster 4: Pan-Europe,1.0,True,2739.61076866057,4096493.0,30.218,0.0,6.152886182,0.36580743952613,24.0
BLR,2005,0.2370689655172413,0.168103448275862,599896.0,838542.0,0.0,0.0022817912405314,Belarus,Europe,Eastern Europe,Upper middle income,0,5,2,Pan-Europe,Cluster 0: Pan-Europe,0.5714285714285714,True,3126.07176665248,9663915.0,8.759,0.0,10.82299168,0.360203099936418,30.7
BRN,2005,0.0818965517241379,0.0344827586206896,42745.0,23402.0,0.0,0.0009119270637173,Brunei Darussalam,Asia,South-Eastern Asia,High income,5,4,52,South & South-East Asia,Cluster 5: South & South-East Asia,0.8571428571428571,True,29386.2703822862,358916.0,5.973,0.0,8.48,0.408086947280071,97.0
BTN,2005,0.0991379310344827,0.0474137931034482,6835.0,57420.0,0.0,0.000670960041835,Bhutan,Asia,South Asia,Lower middle income,5,4,2,South & South-East Asia,Cluster 5: South & South-East Asia,0.8571428571428571,True,1299.94938578359,661865.0,3.1,0.0,2.359933,0.545380615017862,18.2
BWA,2005,0.1422413793103448,0.0689655172413793,31378.0,9875.0,0.0,0.0011264387711769,Botswana,Africa,Sub-Saharan Africa,Upper middle income,1,1,53,Sub-Saharan Africa,Cluster 1: Sub-Saharan Africa,1.0,True,5391.07076619634,1839877.0,19.852,0.0,8.28,0.471771062227888,46.1
CAF,2005,0.0991379310344827,0.0732758620689655,32724.0,61732.0,0.0,0.0010152921599278,Central African Republic,Africa,Sub-Saharan Africa,Low income,1,1,54,Sub-Saharan Africa,Cluster 1: Sub-Saharan Africa,1.0,True,311.950023138687,4288810.0,5.691,0.0,2.955806035,0.577679893480224,26.9
CMR,2005,0.0948275862068965,0.1594827586206896,108791.0,85631.0,0.0051954582773548,0.0020994078550061,Cameroon,Africa,Sub-Saharan Africa,Lower middle income,3,2,2,Latin America & Sub-Saharan Africa,Cluster 3: Latin America & Sub-Saharan Africa,1.0,True,1142.62466252106,17074594.0,4.4,0.0,3.369359639,0.492798780234306,25.0
COK,2005,0.043103448275862,0.0258620689655172,1393.0,10515.0,0.0,0.0008437615714039,Cook Islands,Oceania,Polynesia,High income,2,0,55,Polynesia & Latin America,Cluster 2: Polynesia & Latin America,0.7142857142857143,True,,,,,,,
CYM,2005,0.2370689655172413,0.0344827586206896,10130.0,85.0,0.0,0.001111440230771,Cayman Islands,Americas,Caribbean,High income,2,0,56,Polynesia & Latin America,Cluster 2: Polynesia & Latin America,0.7142857142857143,True,76837.6699636672,46788.0,,0.0,,,
DJI,2005,0.0129310344827586,0.0387931034482758,38504.0,916.0,0.0,0.000721434113738,Djibouti,Africa,Sub-Saharan Africa,Lower middle income,1,1,57,Sub-Saharan Africa,Cluster 1: Sub-Saharan Africa,1.0,True,844.4483573908,839167.0,26.448,0.0,2.289461748,0.516171064431481,18.2
FIN,2005,0.728448275862069,0.1982758620689655,62024.0,138751.0,0.0,0.0026938363152088,Finland,Europe,Northern Europe,High income,4,1,26,Pan-Europe,Cluster 4: Pan-Europe,1.0,True,39049.8703780223,5246096.0,9.602,0.0,12.18332958,0.285166580164629,124.8
FLK,2005,0.0301724137931034,0.0086206896551724,467.0,465.0,0.0049563367666815,0.0009445350147864,Falkland Islands,Americas,South America,High income,3,0,58,Latin America & Sub-Saharan Africa,Cluster 3: Latin America & Sub-Saharan Africa,1.0,True,,,,,,,
GAB,2005,0.1422413793103448,0.0905172413793103,96589.0,19924.0,0.0007391028511718,0.0019755577918591,Gabon,Africa,Sub-Saharan Africa,Upper middle income,8,6,59,Sub-Saharan Africa,Cluster 8: Sub-Saharan Africa,1.0,True,6547.87613955186,1463495.0,16.91,1.0,6.92,0.448453374637991,23.0
GIB,2005,0.0129310344827586,0.0258620689655172,3841.0,263.0,0.0,0.0007248185000991,Gibraltar,Europe,Southern Europe,High income,2,0,60,Polynesia & Latin America,Cluster 2: Polynesia & Latin America,1.0,True,,29163.0,,0.0,,,
GMB,2005,0.0301724137931034,0.0905172413793103,83592.0,9144.0,0.0,0.0018440796728839,Gambia,Africa,Sub-Saharan Africa,Low income,3,2,61,Latin America & Sub-Saharan Africa,Cluster 3: Latin America & Sub-Saharan Africa,0.8571428571428571,True,616.483657865348,1667037.0,9.92,0.0,2.655291083,0.557459540874567,50.9
GUM,2005,0.0474137931034482,0.0301724137931034,34756.0,868.0,0.0196079638752052,0.0103121670046315,Guam,Oceania,Micronesia,High income,5,4,62,South & South-East Asia,Cluster 5: South & South-East Asia,0.8571428571428571,True,25631.9776108052,164365.0,7.0,0.0,,,
HKG,2005,0.125,0.1163793103448275,1399752.0,407738.0,0.0023477384684281,0.0058933206519446,Hong Kong,Asia,Eastern Asia,High income,2,4,2,Polynesia & Latin America,Cluster 2: Polynesia & Latin America,0.8571428571428571,True,26649.637724155,6813200.0,5.58,0.0,10.87624388,,105.6
IMN,2005,0.0344827586206896,0.0129310344827586,20217.0,367.0,0.0049563367666815,0.0018174150212782,Isle of Man,Europe,Northern Europe,High income,2,0,63,Polynesia & Latin America,Cluster 2: Polynesia & Latin America,0.8571428571428571,True,38135.8597885858,79516.0,,0.0,,,
ISL,2005,0.5948275862068966,0.0948275862068965,13079.0,6840.0,0.0,0.0011083875678166,Iceland,Europe,Northern Europe,High income,4,1,64,Pan-Europe,Cluster 4: Pan-Europe,1.0,True,57783.7745608117,296734.0,2.547,0.0,12.47387028,0.335441019276619,115.2
KEN,2005,0.0560344827586206,0.1767241379310344,343807.0,174155.0,0.031759684281236,0.0031624312987952,Kenya,Africa,Sub-Saharan Africa,Lower middle income,1,1,14,Sub-Saharan Africa,Cluster 1: Sub-Saharan Africa,1.0,True,523.456312433863,35796484.0,2.739,0.0,6.0088834,0.519940367455903,44.2
KGZ,2005,0.0991379310344827,0.125,177470.0,343042.0,0.0,0.0011262274808878,Kyrgyzstan,Asia,Central Asia,Lower middle income,0,5,2,Pan-Europe,Cluster 0: Pan-Europe,0.5714285714285714,True,476.548193640077,5162640.0,2.816,0.0,10.63333817,0.352467697608272,26.9
KHM,2005,0.1120689655172413,0.1034482758620689,54474.0,227303.0,0.0,0.0008495090945827,Cambodia,Asia,South-Eastern Asia,Lower middle income,5,3,2,South & South-East Asia,Cluster 5: South & South-East Asia,0.7142857142857143,True,525.797325120926,13439202.0,1.061,0.0,3.682584112,0.520857076599179,16.3
KIR,2005,0.0301724137931034,0.0474137931034482,1015.0,2026.0,0.0043911404687266,0.0014218106891206,Kiribati,Oceania,Micronesia,Lower middle income,2,0,65,Polynesia & Latin America,Cluster 2: Polynesia & Latin America,0.7142857142857143,True,1161.78341739977,98035.0,,0.0,7.944023696,0.593680060936617,47.0
LBR,2005,0.1077586206896551,0.1163793103448275,33191.0,181938.0,0.0007173645320197,0.0012857785296687,Liberia,Africa,Sub-Saharan Africa,Low income,8,6,2,Sub-Saharan Africa,Cluster 8: Sub-Saharan Africa,1.0,True,287.487333441381,3301015.0,2.413,0.0,3.851041126,0.566577551763671,29.8
LBY,2005,0.3706896551724138,0.1594827586206896,179727.0,40480.0,0.0,0.0035005104719328,Libya,Africa,Northern Africa,Upper middle income,7,1,2,Western Asia,Cluster 7: Western Asia,0.8571428571428571,True,8079.24957329001,5858798.0,18.66,1.0,6.44,0.408274739066975,18.2
LSO,2005,0.0646551724137931,0.0517241379310344,1787.0,67818.0,0.0,0.0006887449567444,Lesotho,Africa,Sub-Saharan Africa,Lower middle income,1,1,2,Sub-Saharan Africa,Cluster 1: Sub-Saharan Africa,1.0,True,861.381496414995,1953076.0,16.031,0.0,6.040235761,0.492428602461518,49.0
LUX,2005,0.3318965517241379,0.1120689655172413,75544.0,18582.0,0.0,0.0020483731088053,Luxembourg,Europe,Western Europe,High income,3,2,66,Latin America & Sub-Saharan Africa,Cluster 3: Latin America & Sub-Saharan Africa,0.8571428571428571,True,80988.2044869403,465158.0,4.488,0.0,11.44428492,0.308840318140307,120.0
LVA,2005,0.3706896551724138,0.1551724137931034,221980.0,98631.0,0.0,0.0013430949845733,Latvia,Europe,Northern Europe,High income,0,5,2,Pan-Europe,Cluster 0: Pan-Europe,0.5714285714285714,True,7283.78738127622,2238799.0,10.033,0.0,12.2501297,0.37609291378253,87.4
MAC,2005,0.021551724137931,0.0344827586206896,141297.0,47733.0,0.0,0.0009642955855955,Macao,Asia,Eastern Asia,High income,2,4,67,Polynesia & Latin America,Cluster 2: Polynesia & Latin America,0.8571428571428571,True,25681.2167315221,473500.0,4.158,0.0,,,68.2
MCO,2005,0.0086206896551724,0.043103448275862,5820.0,9853.0,0.0,0.0007861481072162,Monaco,Europe,Western Europe,High income,3,2,68,Latin America & Sub-Saharan Africa,Cluster 3: Latin America & Sub-Saharan Africa,0.8571428571428571,True,130538.711379722,32210.0,,0.0,,,103.7
MDA,2005,0.1336206896551724,0.1767241379310344,103891.0,325092.0,0.0043041871921182,0.0009019441825042,Moldova,Europe,Eastern Europe,Lower middle income,0,5,2,Pan-Europe,Cluster 0: Pan-Europe,0.5714285714285714,True,1034.39197746993,2888985.0,5.633,0.0,10.79292502,0.419031176180265,15.0
MDG,2005,0.0172413793103448,0.1077586206896551,8284.0,81011.0,0.004260710553814,0.0008361054705492,Madagascar,Africa,Sub-Saharan Africa,Low income,3,2,2,Latin America & Sub-Saharan Africa,Cluster 3: Latin America & Sub-Saharan Africa,0.8571428571428571,True,305.812074924388,19159707.0,2.62,0.0,4.476048265,0.579120899606813,24.0
MDV,2005,0.0948275862068965,0.0344827586206896,17072.0,795.0,0.0,0.0007000313159477,Maldives,Asia,South Asia,Upper middle income,5,4,69,South & South-East Asia,Cluster 5: South & South-East Asia,0.8571428571428571,True,3796.51546524644,306429.0,7.313,0.0,3.488117029,0.582676441239962,44.2
MLI,2005,0.0991379310344827,0.1594827586206896,106329.0,338614.0,0.0417375727720555,0.003023342661374,Mali,Africa,Sub-Saharan Africa,Low income,8,6,2,Sub-Saharan Africa,Cluster 8: Sub-Saharan Africa,1.0,True,548.730382848879,13538647.0,1.367,0.0,1.359948828,0.603322132064684,36.5
MLT,2005,0.3577586206896552,0.0862068965517241,12479.0,30356.0,0.0,0.0014964112616457,Malta,Europe,Southern Europe,High income,2,0,70,Polynesia & Latin America,Cluster 2: Polynesia & Latin America,0.8571428571428571,True,15831.3439802756,403834.0,6.923,0.0,9.784910202,0.324618719237279,110.4
MMR,2005,0.0172413793103448,0.1120689655172413,33687.0,568063.0,0.0,0.0007125278691096,Myanmar,Asia,South-Eastern Asia,Lower middle income,5,4,2,South & South-East Asia,Cluster 5: South & South-East Asia,0.8571428571428571,True,252.685193060728,47438365.0,0.672,142.0,3.24447652,0.528382952346967,15.0
MNG,2005,0.1163793103448275,0.1077586206896551,3604.0,49302.0,0.0,0.0006843584902144,Mongolia,Asia,Eastern Asia,Lower middle income,0,5,71,Pan-Europe,Cluster 0: Pan-Europe,0.5714285714285714,True,994.90010913241,2536407.0,7.015,0.0,9.541409969,0.404709806534258,23.0
MUS,2005,0.0948275862068965,0.0991379310344827,10094.0,49255.0,0.0,0.0006992267345489,Mauritius,Africa,Sub-Saharan Africa,High income,3,2,72,Latin America & Sub-Saharan Africa,Cluster 3: Latin America & Sub-Saharan Africa,0.8571428571428571,True,5354.02974260642,1228254.0,9.524,0.0,7.307110006,0.439631688324301,49.9
MWI,2005,0.0517241379310344,0.0775862068965517,92376.0,86802.0,0.0051954582773548,0.001787161899557,Malawi,Africa,Sub-Saharan Africa,Low income,1,1,73,Sub-Saharan Africa,Cluster 1: Sub-Saharan Africa,1.0,True,414.361121984475,12840031.0,4.935,0.0,3.772990479,0.58987579435837,46.1
MYS,2005,0.1034482758620689,0.2025862068965517,878043.0,691364.0,0.0159994028959546,0.0040709919633254,Malaysia,Asia,South-Eastern Asia,Upper middle income,5,4,2,South & South-East Asia,Cluster 5: South & South-East Asia,0.8571428571428571,True,5555.58179951206,25836071.0,3.53,0.0,7.591450214,0.392930049557538,115.2
NCL,2005,0.0689655172413793,0.0258620689655172,23371.0,2614.0,0.0142168607254814,0.004636028924506,New Caledonia,Oceania,Melanesia,High income,3,2,74,Latin America & Sub-Saharan Africa,Cluster 3: Latin America & Sub-Saharan Africa,0.8571428571428571,True,25528.2918353444,244381.0,15.778,0.0,,,
NIU,2005,0.0301724137931034,0.021551724137931,200.0,2920.0,0.0,0.0006803781668444,Niue,Oceania,Polynesia,Upper middle income,2,0,75,Polynesia & Latin America,Cluster 2: Polynesia & Latin America,0.7142857142857143,True,,,,,,,
NRU,2005,0.0344827586206896,0.0172413793103448,956.0,912.0,0.0,0.0010699926461589,Nauru,Oceania,Micronesia,High income,2,0,76,Polynesia & Latin America,Cluster 2: Polynesia & Latin America,0.7142857142857143,True,2992.40382776926,10049.0,,0.0,5.667245241,0.5117380645715,42.2
OMN,2005,0.043103448275862,0.0560344827586206,142907.0,6365.0,0.0,0.0010634391986704,Oman,Asia,Western Asia,High income,5,4,2,South & South-East Asia,Cluster 5: South & South-East Asia,0.8571428571428571,True,14434.8577924647,2459802.0,4.589,0.0,6.95949192,0.426219717064508,34.6
PNG,2005,0.0905172413793103,0.0517241379310344,11676.0,15093.0,0.004260710553814,0.0017997117112492,Papua New Guinea,Oceania,Melanesia,Lower middle income,2,0,77,Polynesia & Latin America,Cluster 2: Polynesia & Latin America,0.7142857142857143,True,744.486489977433,6535905.0,2.385,0.0,3.664098445,0.57620051205289,39.4
PYF,2005,0.0818965517241379,0.0301724137931034,11833.0,1271.0,0.0,0.0027486955095679,French Polynesia,Oceania,Polynesia,High income,3,2,78,Latin America & Sub-Saharan Africa,Cluster 3: Latin America & Sub-Saharan Africa,0.8571428571428571,True,21984.1936230719,259507.0,11.722,0.0,,,
REU,2005,0.021551724137931,0.0301724137931034,48395.0,1446.0,0.0049563367666815,0.0029344437664127,Réunion,Africa,Sub-Saharan Africa,High income,3,2,79,Latin America & Sub-Saharan Africa,Cluster 3: Latin America & Sub-Saharan Africa,0.8571428571428571,True,,,,,,,
SGP,2005,0.043103448275862,0.1724137931034483,791668.0,107497.0,0.0,0.0051031775130168,Singapore,Asia,South-Eastern Asia,High income,5,0,80,South & South-East Asia,Cluster 5: South & South-East Asia,0.8571428571428571,True,29961.3172812732,4265762.0,5.59,0.0,10.55879021,0.403240522429849,117.1
SLB,2005,0.0646551724137931,0.0474137931034482,1239.0,1368.0,0.0,0.0009648747213085,Solomon Islands,Oceania,Melanesia,Lower middle income,2,0,81,Polynesia & Latin America,Cluster 2: Polynesia & Latin America,0.7142857142857143,True,1144.49233397681,483080.0,1.879,0.0,5.289741098,0.661051046189147,51.8
SLE,2005,0.1293103448275862,0.1077586206896551,69185.0,46174.0,0.0,0.001306787856744,Sierra Leone,Africa,Sub-Saharan Africa,Low income,8,6,82,Sub-Saharan Africa,Cluster 8: Sub-Saharan Africa,1.0,True,462.633324427945,5501712.0,3.734,0.0,3.164591459,0.607475725243042,45.1
SWZ,2005,0.0732758620689655,0.0560344827586206,12361.0,12711.0,0.0,0.0008796739911655,Eswatini,Africa,Sub-Saharan Africa,Lower middle income,1,1,83,Sub-Saharan Africa,Cluster 1: Sub-Saharan Africa,1.0,True,2871.06877437449,1079022.0,27.221,0.0,3.13,0.490366075581265,44.2
SYC,2005,0.1120689655172413,0.0603448275862068,2985.0,10216.0,0.0,0.0006766729791696,Seychelles,Africa,Sub-Saharan Africa,High income,1,1,84,Sub-Saharan Africa,Cluster 1: Sub-Saharan Africa,1.0,True,11802.1118276833,82858.0,,0.0,10.51644518,0.460737831502458,49.9
TGO,2005,0.1293103448275862,0.1120689655172413,90154.0,199693.0,4.3476638304224514e-05,0.0013913720230058,Togo,Africa,Sub-Saharan Africa,Low income,8,6,2,Sub-Saharan Africa,Cluster 8: Sub-Saharan Africa,1.0,True,595.200212014134,5413154.0,4.149,0.0,3.280065568,0.515880805681788,33.6
TLS,2005,0.0646551724137931,0.0258620689655172,5040.0,20816.0,0.0,0.0007402026233613,Timor-Leste,Asia,South-Eastern Asia,Lower middle income,2,4,85,Polynesia & Latin America,Cluster 2: Polynesia & Latin America,0.7142857142857143,True,487.464555404292,948311.0,3.611,0.0,4.490834246,0.564912125538902,15.0
TUV,2005,0.021551724137931,0.043103448275862,67.0,591.0,0.0,0.0006721834652518,Tuvalu,Oceania,Polynesia,Upper middle income,2,0,86,Polynesia & Latin America,Cluster 2: Polynesia & Latin America,0.7142857142857143,True,2298.44257265761,9940.0,,0.0,8.88331008,0.573633353071094,48.0
TZA,2005,0.1163793103448275,0.146551724137931,279789.0,99147.0,0.0006304112554112,0.0025358574337694,Tanzania,Africa,Sub-Saharan Africa,Lower middle income,1,1,14,Sub-Saharan Africa,Cluster 1: Sub-Saharan Africa,1.0,True,483.334869384766,39182076.0,3.193,0.0,4.642296028,0.54681957697502,39.4
UGA,2005,0.0560344827586206,0.1379310344827586,287218.0,236900.0,0.0521502276459173,0.0028616667495519,Uganda,Africa,Sub-Saharan Africa,Low income,1,1,14,Sub-Saharan Africa,Cluster 1: Sub-Saharan Africa,1.0,True,330.405402707025,27963289.0,1.9,695.0,4.623754978,0.579389217977661,37.4
VUT,2005,0.0387931034482758,0.0560344827586206,907.0,3130.0,0.0,0.0009074375281293,Vanuatu,Oceania,Melanesia,Lower middle income,3,2,87,Latin America & Sub-Saharan Africa,Cluster 3: Latin America & Sub-Saharan Africa,0.8571428571428571,True,1873.99142640619,210760.0,8.121,0.0,5.575515217,0.594770353477192,45.1
ZWE,2005,0.0258620689655172,0.1293103448275862,137401.0,255959.0,0.0200644685773996,0.002700071915857,Zimbabwe,Africa,Sub-Saharan Africa,Low income,1,1,2,Sub-Saharan Africa,Cluster 1: Sub-Saharan Africa,1.0,True,461.271387547912,12483432.0,4.632,0.0,7.158780956,0.523748547646841,39.4
MRT,2005,0.1508620689655172,0.0905172413793103,24753.0,30413.0,0.0,0.0009898852571543,Mauritania,Africa,Sub-Saharan Africa,Lower middle income,3,2,88,Latin America & Sub-Saharan Africa,Cluster 3: Latin America & Sub-Saharan Africa,0.8571428571428571,True,998.96583416747,2939059.0,9.59,0.0,3.405952126,0.576125123904548,37.4
NER,2005,0.0560344827586206,0.1206896551724137,60463.0,116000.0,0.0037172525750111,0.0011000444170825,Niger,Africa,Sub-Saharan Africa,Low income,8,6,2,Sub-Saharan Africa,Cluster 8: Sub-Saharan Africa,1.0,True,318.643121918273,13756192.0,3.1,0.0,1.371750991,0.640370253330974,35.5
GNB,2005,0.0474137931034482,0.0775862068965517,9882.0,34979.0,0.0085648977459322,0.0009105353186785,Guinea-Bissau,Africa,Sub-Saharan Africa,Low income,3,2,89,Latin America & Sub-Saharan Africa,Cluster 3: Latin America & Sub-Saharan Africa,0.8571428571428571,True,463.073962650452,1381585.0,3.184,0.0,2.148568167,0.646145532378549,31.7
LIE,2005,0.1896551724137931,0.0258620689655172,9271.0,29.0,0.0,0.0008937570284113,Liechtenstein,Europe,Western Europe,High income,4,0,90,Pan-Europe,Cluster 4: Pan-Europe,1.0,True,105295.057027611,34753.0,,0.0,11.60154683,,111.4
SMR,2005,0.0387931034482758,0.0172413793103448,1836.0,1334.0,0.0,0.0006716449904934,San Marino,Europe,Southern Europe,High income,4,0,91,Pan-Europe,Cluster 4: Pan-Europe,0.8571428571428571,True,59877.7862692185,29836.0,,0.0,9.699498813,,104.6
CHI,2005,0.0172413793103448,0.0172413793103448,36210.0,148.0,0.0,0.0012952221819196,Channel Islands,Europe,Northern Europe,High income,2,0,92,Polynesia & Latin America,Cluster 2: Polynesia & Latin America,0.8571428571428571,True,57647.1188908006,153126.0,5.833,0.0,,,
VAT,2005,0.0,0.0086206896551724,0.0,28.0,0.0,0.0006437768240343,Holy See,Europe,Southern Europe,High income,3,2,93,Latin America & Sub-Saharan Africa,Cluster 3: Latin America & Sub-Saharan Africa,0.8571428571428571,True,,,,,,,
GNQ,2005,0.0258620689655172,0.0560344827586206,2542.0,37568.0,0.0,0.0007200641897243,Equatorial Guinea,Africa,Sub-Saharan Africa,Upper middle income,8,6,94,Sub-Saharan Africa,Cluster 8: Sub-Saharan Africa,1.0,True,8673.9026086535,947367.0,7.667,0.0,6.860717772,0.418045269840788,19.2
COM,2005,0.021551724137931,0.0560344827586206,6221.0,46749.0,0.0099126735333631,0.0014299879325546,Comoros,Africa,Sub-Saharan Africa,Low income,3,2,95,Latin America & Sub-Saharan Africa,Cluster 3: Latin America & Sub-Saharan Africa,0.8571428571428571,True,1105.78796866788,592677.0,4.527,0.0,3.501464665,0.54017428692085,15.0
GRL,2005,0.0646551724137931,0.0344827586206896,2037.0,8100.0,0.0,0.000842096975284,Greenland,Americas,Northern America,High income,4,1,96,Pan-Europe,Cluster 4: Pan-Europe,1.0,True,32489.7277309899,56935.0,,0.0,,,
FRO,2005,0.125,0.021551724137931,2032.0,6452.0,0.0,0.00082021848104,Faroe Islands,Europe,Northern Europe,High income,4,1,97,Pan-Europe,Cluster 4: Pan-Europe,1.0,True,36389.081644098,48359.0,,0.0,,,
SHN,2005,0.0086206896551724,0.0172413793103448,67.0,123.0,0.0,0.0006451675622538,Saint Helena,Africa,Sub-Saharan Africa,Upper middle income,3,0,98,Latin America & Sub-Saharan Africa,Cluster 3: Latin America & Sub-Saharan Africa,1.0,True,,,,,,,
SPM,2005,0.0129310344827586,0.0129310344827586,540.0,38.0,0.0,0.0006647056203286,Saint Pierre and Miquelon,Americas,Northern America,High income,3,2,99,Latin America & Sub-Saharan Africa,Cluster 3: Latin America & Sub-Saharan Africa,0.8571428571428571,True,,,,,,,
WLF,2005,0.021551724137931,0.021551724137931,1059.0,3810.0,0.0,0.0016196340089648,Wallis and Futuna Islands,Oceania,Polynesia,Upper middle income,3,2,100,Latin America & Sub-Saharan Africa,Cluster 3: Latin America & Sub-Saharan Africa,0.8571428571428571,True,,,,,,,
ESH,2005,0.0301724137931034,0.0129310344827586,1601.0,59227.0,0.0,0.0006707968497893,Western Sahara,Africa,Northern Africa,Lower middle income,3,2,2,Latin America & Sub-Saharan Africa,Cluster 3: Latin America & Sub-Saharan Africa,0.8571428571428571,True,,,,,,,
FSM,2005,0.0517241379310344,0.0172413793103448,452.0,5573.0,6.521495745633678e-05,0.0014107567447781,Micronesia,Oceania,Micronesia,Lower middle income,5,4,101,South & South-East Asia,Cluster 5: South & South-East Asia,0.8571428571428571,True,2216.9963738197,111412.0,,0.0,7.659678224,0.644602381695355,15.0
MHL,2005,0.0258620689655172,0.0129310344827586,838.0,218.0,0.0,0.0007437823152903,Marshall Islands,Oceania,Micronesia,Upper middle income,5,3,102,South & South-East Asia,Cluster 5: South & South-East Asia,1.0,True,2658.65217893885,51906.0,,0.0,11.83640289,0.562727066683288,34.6
MNP,2005,0.0517241379310344,0.0172413793103448,20525.0,1292.0,0.0,0.0087151536134024,Northern Mariana Islands,Oceania,Micronesia,High income,5,3,103,South & South-East Asia,Cluster 5: South & South-East Asia,0.8571428571428571,True,17015.7487891715,62354.0,,0.0,,,
PLW,2005,0.0344827586206896,0.0172413793103448,2312.0,1433.0,0.0043259255112703,0.0029340150798961,Palau,Oceania,Micronesia,High income,5,4,104,South & South-East Asia,Cluster 5: South & South-East Asia,0.8571428571428571,True,9367.68615343862,19819.0,,0.0,12.62912558,0.547823828179377,15.0
MYT,2005,0.0129310344827586,0.0086206896551724,31271.0,3331.0,0.0,0.0014232780998458,Mayotte,Africa,Sub-Saharan Africa,Upper middle income,3,2,105,Latin America & Sub-Saharan Africa,Cluster 3: Latin America & Sub-Saharan Africa,0.8571428571428571,True,,,,,,,
BES,2010,0.0,0.0344827586206896,0.0,1631.0,0.0,0.0006437768240343,"Bonaire, Sint Eustatius and Saba",Americas,Caribbean,High income,3,7,0,Caribbean,Cluster 3: Caribbean,0.5714285714285714,True,,,,,,,
ABW,2010,0.0948275862068965,0.0646551724137931,18233.0,3864.0,0.0148690103000447,0.0032909929574847,Aruba,Americas,Caribbean,High income,3,7,1,Caribbean,Cluster 3: Caribbean,0.5714285714285714,True,24093.1401510626,101838.0,,0.0,,,
CHN,2010,0.418103448275862,0.6077586206896551,383931.0,4838378.0,0.2464690625466487,0.007948179207581,China,Asia,Eastern Asia,Upper middle income,7,3,2,South-Eastern Asia & Western Asia,Cluster 7: South-Eastern Asia & Western Asia,0.7142857142857143,True,4629.24551710077,1337705000.0,4.53,0.0,6.726480007,0.393382322777987,38.0
COL,2010,0.2327586206896551,0.2413793103448275,55549.0,1387713.0,0.0286293663233318,0.0028214053751156,Colombia,Americas,Latin America,Upper middle income,5,3,3,Latin America & Caribbean,Cluster 5: Latin America & Caribbean,0.7142857142857143,True,6398.2958447102,44777319.0,11.153,419.0,7.393869877,0.423508985756961,54.0
CUW,2010,0.1853448275862069,0.0517241379310344,20217.0,2617.0,0.0049998134049858,0.0033722928297035,Curaçao,Americas,Caribbean,High income,3,7,4,Caribbean,Cluster 3: Caribbean,0.5714285714285714,True,19847.2310127979,148703.0,,0.0,,,
DMA,2010,0.1422413793103448,0.1293103448275862,3143.0,11677.0,0.0043259255112703,0.0009664568991888,Dominica,Americas,Caribbean,Upper middle income,3,7,5,Caribbean,Cluster 3: Caribbean,0.8571428571428571,True,7549.61964680375,68859.0,,0.0,8.430505028,0.444376847680874,80.0
DOM,2010,0.4094827586206896,0.2284482758620689,152220.0,694975.0,0.0040868040005971,0.0028143086508838,Dominican Republic,Americas,Latin America,Upper middle income,3,7,6,Caribbean,Cluster 3: Caribbean,0.7142857142857143,True,5478.62470398954,9820175.0,5.212,0.0,7.239510059,0.429186599831763,50.0
GRD,2010,0.0646551724137931,0.0948275862068965,2455.0,12317.0,0.0,0.0007566601376804,Grenada,Americas,Caribbean,Upper middle income,5,3,7,Latin America & Caribbean,Cluster 5: Latin America & Caribbean,0.7142857142857143,True,6909.60169568597,111586.0,,0.0,9.671022355,0.392527857064166,83.0
GUY,2010,0.0689655172413793,0.1724137931034483,3386.0,222474.0,0.0043041871921182,0.0007209149552296,Guyana,Americas,Latin America,Upper middle income,9,7,8,Pan-Europe,Cluster 9: Pan-Europe,0.8571428571428571,True,4581.76179693492,749256.0,11.632,0.0,7.268775687,0.482303636706171,72.0
HTI,2010,0.0905172413793103,0.1982758620689655,7034.0,578661.0,0.0128690849380504,0.0008018589248466,Haiti,Americas,Latin America,Low income,3,7,6,Caribbean,Cluster 3: Caribbean,0.7142857142857143,True,1209.72733503094,9803294.0,15.244,0.0,4.722714092,0.518890791279462,42.0
IND,2010,0.1767241379310344,0.5301724137931034,2655010.0,4509033.0,0.1196259702940737,0.0102779378443117,India,Asia,South Asia,Lower middle income,7,5,2,South-Eastern Asia & Western Asia,Cluster 7: South-Eastern Asia & Western Asia,0.8571428571428571,True,1347.51939071367,1243481564.0,7.631,1028.0,5.065100051,0.522110320005941,50.0
JAM,2010,0.0905172413793103,0.2155172413793103,10444.0,566040.0,0.0134125429168532,0.001666590163485,Jamaica,Americas,Latin America,Upper middle income,3,0,9,Caribbean,Cluster 3: Caribbean,0.7142857142857143,True,4809.977380312,2748568.0,7.63,0.0,8.355762219,0.441736235148068,73.0
NIC,2010,0.2284482758620689,0.1551724137931034,17300.0,322439.0,0.0049780750858337,0.0015574803479787,Nicaragua,Americas,Latin America,Lower middle income,5,3,10,Latin America & Caribbean,Cluster 5: Latin America & Caribbean,0.5714285714285714,True,1526.56706951408,5737450.0,7.83,0.0,6.0,0.459271655887384,101.0
NLD,2010,0.1724137931034483,0.3793103448275862,772047.0,294902.0,0.0289119644723093,0.0073934735625678,Netherlands,Europe,Western Europe,High income,9,2,2,Pan-Europe,Cluster 9: Pan-Europe,0.7142857142857143,True,51305.7338533973,16615394.0,4.991,0.0,11.98348045,0.339401846541543,161.0
PER,2010,0.2241379310344827,0.2413793103448275,47766.0,669684.0,0.0,0.0016380313123836,Peru,Americas,Latin America,Upper middle income,6,1,11,Sub-Saharan Africa & Latin America,Cluster 6: Sub-Saharan Africa & Latin America,0.7142857142857143,True,5072.11494019615,29086019.0,3.6,28.0,8.865139961,0.426204261853152,71.0
PHL,2010,0.0387931034482758,0.3922413793103448,39421.0,2853226.0,0.0126517017465293,0.0020299246741043,Philippines,Asia,South-Eastern Asia,Lower middle income,7,0,2,South-Eastern Asia & Western Asia,Cluster 7: South-Eastern Asia & Western Asia,0.8571428571428571,True,2162.91375885614,96337125.0,3.605,332.0,8.914990425,0.476553409821965,54.0
PRT,2010,0.5387931034482758,0.2887931034482758,389685.0,831724.0,0.0274120204508135,0.0060034314986527,Portugal,Europe,Southern Europe,High income,2,1,2,Sub-Saharan Africa,Cluster 2: Sub-Saharan Africa,1.0,True,22551.935098809,10573100.0,10.771,0.0,8.058150291,0.342391582560376,158.0
SUR,2010,0.0172413793103448,0.0991379310344827,10596.0,133015.0,0.0085866360650843,0.0006997171917712,Suriname,Americas,Latin America,Upper middle income,9,2,2,Pan-Europe,Cluster 9: Pan-Europe,0.7142857142857143,True,7943.60482816915,549923.0,7.15,0.0,7.981387138,0.404133181357518,63.0
SXM,2010,0.1422413793103448,0.0344827586206896,12532.0,873.0,2.1738319152112257e-05,0.0041062843743428,Sint Maarten,Americas,Caribbean,High income,3,7,12,Caribbean,Cluster 3: Caribbean,0.7142857142857143,True,26403.8143692163,33794.0,,0.0,,,
TUR,2010,0.1896551724137931,0.3405172413793103,710629.0,1281379.0,0.0179558516196447,0.0070544898924443,Turkey,Asia,Western Asia,Upper middle income,9,2,2,Pan-Europe,Cluster 9: Pan-Europe,0.8571428571428571,True,10698.9699409757,73142150.0,11.879,355.0,7.09209013,0.38347727671225,89.0
USA,2010,0.2543103448275862,0.6939655172413793,20309381.0,1368472.0,0.5547619047619048,0.1270107490268741,United States,Americas,Northern America,High income,5,3,2,Latin America & Caribbean,Cluster 5: Latin America & Caribbean,0.5714285714285714,True,48642.6312088213,309378227.0,9.633,329.0,13.05183983,0.313211872231201,159.0
VCT,2010,0.0646551724137931,0.1034482758620689,2136.0,15560.0,0.0,0.0010921237229841,Saint Vincent and the Grenadines,Americas,Caribbean,Upper middle income,5,3,13,Latin America & Caribbean,Cluster 5: Latin America & Caribbean,0.7142857142857143,True,6551.96835992405,109959.0,19.924,0.0,9.92501277,0.454033438886634,88.0
VEN,2010,0.4870689655172414,0.2413793103448275,671019.0,295797.0,0.0401941521122555,0.0054442692485529,Venezuela,Americas,Latin America,Lower middle income,5,3,2,Latin America & Caribbean,Cluster 5: Latin America & Caribbean,0.7142857142857143,True,13646.3046622664,28813101.0,7.112,0.0,8.687755108,0.373576534641939,115.0
PAK,2010,0.0344827586206896,0.3491379310344827,1866803.0,1457665.0,0.0088909725332139,0.002624214805019,Pakistan,Asia,South Asia,Lower middle income,4,5,2,South Asia,Cluster 4: South Asia,1.0,True,987.304571124485,199239047.0,0.653,5574.0,4.594940186,0.531160185987791,36.0
AFG,2010,0.0129310344827586,0.2586206896551724,31874.0,2351542.0,0.0046085236602477,0.0007165428828621,Afghanistan,Asia,South Asia,Low income,4,5,2,South Asia,Cluster 4: South Asia,1.0,True,560.621505463146,28284089.0,7.809,7038.0,1.890226268,0.583799555533243,26.0
TJK,2010,0.1508620689655172,0.1293103448275862,157851.0,233107.0,0.0,0.0010459737168286,Tajikistan,Asia,Central Asia,Low income,0,6,14,Pan-Europe,Cluster 0: Pan-Europe,0.5714285714285714,True,737.338883219356,7652141.0,7.037,98.0,11.16707869,0.393958607909386,50.0
UZB,2010,0.043103448275862,0.1767241379310344,620879.0,983055.0,0.0,0.0020168674972352,Uzbekistan,Asia,Central Asia,Lower middle income,0,6,14,Pan-Europe,Cluster 0: Pan-Europe,0.5714285714285714,True,1956.78127255673,28385506.0,5.36,1.0,10.97446584,0.354044950989855,47.0
CIV,2010,0.043103448275862,0.1594827586206896,970224.0,459734.0,0.0396506941334527,0.0088708470146033,Côte d'Ivoire,Africa,Sub-Saharan Africa,Lower middle income,1,8,2,Sub-Saharan Africa,Cluster 1: Sub-Saharan Africa,1.0,True,1553.54887048143,22488065.0,6.607,0.0,5.166125059,0.493896047868622,0.0
AGO,2010,0.0560344827586206,0.1594827586206896,32461.0,291881.0,0.0003043364681295,0.0009932556817223,Angola,Africa,Sub-Saharan Africa,Lower middle income,2,1,2,Sub-Saharan Africa,Cluster 2: Sub-Saharan Africa,1.0,True,4101.63715564669,23294825.0,16.595,0.0,3.828874918,0.502047233171845,34.0
COD,2010,0.0301724137931034,0.2241379310344827,224080.0,623531.0,0.015499421555456,0.0017890001506667,DR Congo,Africa,Sub-Saharan Africa,Low income,2,0,2,Sub-Saharan Africa,Cluster 2: Sub-Saharan Africa,1.0,True,352.400398754692,68563038.0,4.098,1.0,5.642020881,0.567977555361864,36.0
COG,2010,0.0905172413793103,0.1594827586206896,187785.0,83220.0,0.0002391215106732,0.0016629747958148,Congo,Africa,Sub-Saharan Africa,Lower middle income,2,0,15,Sub-Saharan Africa,Cluster 2: Sub-Saharan Africa,1.0,True,2946.55798067708,4462290.0,19.3,1.0,7.56968174,0.527115598300675,42.0
CPV,2010,0.1379310344827586,0.0905172413793103,6339.0,53190.0,0.0043041871921182,0.0008757855045318,Cabo Verde,Africa,Sub-Saharan Africa,Lower middle income,2,1,16,Sub-Saharan Africa,Cluster 2: Sub-Saharan Africa,1.0,True,3579.46006137809,509784.0,10.67,0.0,5.672001926,0.423043214012607,0.0
GIN,2010,0.1206896551724137,0.1637931034482758,67495.0,164980.0,0.004456355426183,0.001730524587787,Guinea,Africa,Sub-Saharan Africa,Low income,1,8,2,Sub-Saharan Africa,Cluster 1: Sub-Saharan Africa,1.0,True,659.235326211315,10396086.0,5.018,0.0,1.582159996,0.529022512406963,52.0
MOZ,2010,0.0689655172413793,0.1379310344827586,147292.0,249860.0,0.0136081877892222,0.002259578736461,Mozambique,Africa,Sub-Saharan Africa,Low income,2,0,2,Sub-Saharan Africa,Cluster 2: Sub-Saharan Africa,1.0,True,496.185839392659,22999235.0,3.259,1.0,2.479079962,0.498301630599308,45.0
NAM,2010,0.3491379310344827,0.0646551724137931,46845.0,22238.0,0.0048259068517689,0.0014006469442009,Namibia,Africa,Sub-Saharan Africa,Upper middle income,2,0,17,Sub-Saharan Africa,Cluster 2: Sub-Saharan Africa,1.0,True,5418.21633365814,2109811.0,22.12,0.0,6.399760026,0.498206341321677,67.0
RWA,2010,0.021551724137931,0.1422413793103448,204361.0,173251.0,0.0172819637259292,0.0017661151601698,Rwanda,Africa,Sub-Saharan Africa,Low income,2,0,2,Sub-Saharan Africa,Cluster 2: Sub-Saharan Africa,1.0,True,586.599950359877,10317553.0,11.637,208.0,3.76127666,0.586016708397629,39.0
STP,2010,0.0258620689655172,0.0344827586206896,1308.0,15843.0,0.0,0.0006651485183691,Sao Tome and Principe,Africa,Sub-Saharan Africa,Lower middle income,2,1,18,Sub-Saharan Africa,Cluster 2: Sub-Saharan Africa,1.0,True,1045.20958234528,181802.0,14.628,0.0,5.243659187,0.555279282751629,44.0
TCD,2010,0.043103448275862,0.125,224278.0,85943.0,0.039324619346171,0.0021802631228896,Chad,Africa,Sub-Saharan Africa,Low income,2,0,2,Sub-Saharan Africa,Cluster 2: Sub-Saharan Africa,1.0,True,1141.80069268412,12312575.0,0.911,42.0,1.811623991,0.644084885267353,0.0
ZAF,2010,0.5129310344827586,0.3060344827586206,684678.0,358790.0,0.0685409202866099,0.0089386114494433,South Africa,Africa,Sub-Saharan Africa,Upper middle income,2,0,2,Sub-Saharan Africa,Cluster 2: Sub-Saharan Africa,1.0,True,7973.47195771517,52344051.0,24.683,0.0,9.669320107,0.406422016520693,88.0
ZMB,2010,0.125,0.1206896551724137,65271.0,69352.0,2.1738319152112257e-05,0.0012205710338458,Zambia,Africa,Sub-Saharan Africa,Lower middle income,2,0,19,Sub-Saharan Africa,Cluster 2: Sub-Saharan Africa,1.0,True,1451.10616017155,13965594.0,13.19,2.0,6.301295621,0.505610460469804,64.0
CAN,2010,0.5560344827586207,0.4956896551724138,3645755.0,668726.0,0.0556718353485594,0.0466304559646727,Canada,Americas,Northern America,High income,9,0,2,Pan-Europe,Cluster 9: Pan-Europe,0.8571428571428571,True,47560.8378831258,34005902.0,8.178,0.0,13.51386223,0.282958787445727,157.0
AIA,2010,0.0387931034482758,0.043103448275862,1768.0,825.0,0.0,0.0016322403896941,Anguilla,Americas,Caribbean,High income,3,7,20,Caribbean,Cluster 3: Caribbean,0.7142857142857143,True,,,,,,,
GBR,2010,0.1508620689655172,0.603448275862069,3001792.0,2240392.0,0.3520086020301537,0.0497026962918978,United Kingdom,Europe,Northern Europe,High income,9,0,2,Pan-Europe,Cluster 9: Pan-Europe,0.8571428571428571,True,39778.3220528565,62766365.0,7.973,0.0,13.21277046,0.282892225941665,166.0
KNA,2010,0.0560344827586206,0.0991379310344827,1678.0,6177.0,6.521495745633678e-05,0.0019974980969641,Saint Kitts and Nevis,Americas,Latin America,High income,3,7,21,Caribbean,Cluster 3: Caribbean,0.7142857142857143,True,16622.9457908577,46846.0,,0.0,9.625018683,,121.0
MSR,2010,0.043103448275862,0.0474137931034482,517.0,1515.0,0.0,0.0007088472629506,Montserrat,Americas,Caribbean,Upper middle income,5,7,22,Latin America & Caribbean,Cluster 5: Latin America & Caribbean,0.7142857142857143,True,,,,,,,
VIR,2010,0.0862068965517241,0.0603448275862068,29465.0,1556.0,0.0141951224063293,0.0062998454079796,United States Virgin Islands,Americas,Caribbean,High income,5,3,23,Latin America & Caribbean,Cluster 5: Latin America & Caribbean,0.5714285714285714,True,39905.1284180994,108357.0,11.059,0.0,,,
ALB,2010,0.0258620689655172,0.1594827586206896,22820.0,464464.0,0.0041737572772055,0.0012040100317805,Albania,Europe,Eastern Europe,Upper middle income,0,2,24,Pan-Europe,Cluster 0: Pan-Europe,0.7142857142857143,True,4149.14469936847,2913021.0,14.086,0.0,9.626719793,0.431833568262864,49.0
GRC,2010,0.814655172413793,0.2456896551724137,680418.0,340905.0,0.0132603746827884,0.0096691757249984,Greece,Europe,Southern Europe,High income,0,2,2,Pan-Europe,Cluster 0: Pan-Europe,0.7142857142857143,True,26653.0488008626,11121341.0,12.719,0.0,10.20827007,0.34021467097093,153.0
ITA,2010,0.6120689655172413,0.4568965517241379,2563868.0,1249003.0,0.0411506381549485,0.0257592471159108,Italy,Europe,Southern Europe,High income,9,1,2,Pan-Europe,Cluster 9: Pan-Europe,0.8571428571428571,True,35856.8625485539,59819407.0,8.363,0.0,9.82297039,0.347474459298935,161.0
MKD,2010,0.0818965517241379,0.1508620689655172,74805.0,212971.0,4.3476638304224514e-05,0.0009467445015301,North Macedonia,Europe,Eastern Europe,Upper middle income,9,2,2,Pan-Europe,Cluster 9: Pan-Europe,0.8571428571428571,True,4833.36586759968,1946298.0,33.135,0.0,9.404580116,0.364606732153453,0.0
ARG,2010,0.3103448275862069,0.2672413793103448,967899.0,435013.0,0.038542039856695,0.0097898207277406,Argentina,Americas,Latin America,Upper middle income,6,1,2,Sub-Saharan Africa & Latin America,Cluster 6: Sub-Saharan Africa & Latin America,0.8571428571428571,True,10260.1313108254,41288694.0,7.714,0.0,10.59963989,0.401211002814394,132.0
AND,2010,0.0775862068965517,0.021551724137931,23383.0,596.0,0.0,0.0011991308878189,Andorra,Europe,Western Europe,High income,6,1,25,Sub-Saharan Africa & Latin America,Cluster 6: Sub-Saharan Africa & Latin America,0.8571428571428571,True,42746.830952263,80706.0,,0.0,10.52912998,,131.0
AUS,2010,0.8491379310344828,0.4094827586206896,2957042.0,182973.0,0.1319950738916256,0.0583346464927656,Australia,Oceania,Australia/NZ,High income,7,4,2,South-Eastern Asia & Western Asia,Cluster 7: South-Eastern Asia & Western Asia,0.7142857142857143,True,52313.8939041213,22031750.0,5.214,0.0,12.03444004,0.326500154255844,157.0
BEL,2010,0.3577586206896552,0.3146551724137931,729944.0,216372.0,0.0072605985968054,0.0101820536777745,Belgium,Europe,Western Europe,High income,6,1,2,Sub-Saharan Africa & Latin America,Cluster 6: Sub-Saharan Africa & Latin America,0.8571428571428571,True,44197.393671162,10895586.0,8.293,0.0,11.41578007,0.353084644440966,160.0
CHE,2010,0.1939655172413793,0.3232758620689655,882309.0,255408.0,0.0043041871921182,0.0123164229861959,Switzerland,Europe,Western Europe,High income,9,2,2,Pan-Europe,Cluster 9: Pan-Europe,1.0,True,77956.1262043942,7824909.0,4.808,0.0,13.32365036,0.285476828781736,156.0
CHL,2010,0.4094827586206896,0.2155172413793103,186374.0,223873.0,0.0049998134049858,0.0037490551819889,Chile,Americas,Latin America,High income,6,1,2,Sub-Saharan Africa & Latin America,Cluster 6: Sub-Saharan Africa & Latin America,0.8571428571428571,True,12632.8704724192,17181464.0,8.547,0.0,9.85243988,0.352105813465069,131.0
DEU,2010,0.1163793103448275,0.5258620689655172,4111516.0,2301789.0,0.2679247835497835,0.0229423063636854,Germany,Europe,Western Europe,High income,9,2,2,Pan-Europe,Cluster 9: Pan-Europe,1.0,True,42396.9665976293,81776930.0,7.043,0.0,13.85177994,0.302628007432016,161.0
DNK,2010,0.7887931034482758,0.2327586206896551,255067.0,58558.0,0.0234556463651291,0.0072741868520214,Denmark,Europe,Northern Europe,High income,9,2,26,Pan-Europe,Cluster 9: Pan-Europe,1.0,True,58104.5445594981,5547683.0,7.746,0.0,12.42588997,0.333005372344239,164.0
ESP,2010,0.2025862068965517,0.375,2927106.0,600691.0,0.1039526421854008,0.0231604391183684,Spain,Europe,Southern Europe,High income,6,1,2,Sub-Saharan Africa & Latin America,Cluster 6: Sub-Saharan Africa & Latin America,0.8571428571428571,True,30658.7422282912,46576897.0,19.86,0.0,9.363030434,0.309638243347369,160.0
FRA,2010,0.2284482758620689,0.5732758620689655,3448399.0,1057021.0,0.2542079041648007,0.0326158528174478,France,Europe,Western Europe,High income,6,1,2,Sub-Saharan Africa & Latin America,Cluster 6: Sub-Saharan Africa & Latin America,0.8571428571428571,True,40694.8211697025,65026211.0,9.279,0.0,10.7787199,0.30505265421119,161.0
MAR,2010,0.0775862068965517,0.2456896551724137,29296.0,1239802.0,0.0,0.0012289207807957,Morocco,Africa,Northern Africa,Lower middle income,6,1,2,Sub-Saharan Africa & Latin America,Cluster 6: Sub-Saharan Africa & Latin America,0.8571428571428571,True,3067.9853515625,32467016.0,9.09,0.0,4.24,0.396514936440489,51.0
SWE,2010,0.2370689655172413,0.2629310344827586,602123.0,92952.0,0.0183688796835348,0.0100169634529521,Sweden,Europe,Northern Europe,High income,9,2,2,Pan-Europe,Cluster 9: Pan-Europe,1.0,True,52542.5759090299,9378126.0,8.61,0.0,12.20699024,0.316552875547631,163.0
URY,2010,0.0732758620689655,0.1724137931034483,38932.0,137966.0,0.0,0.0013800263213536,Uruguay,Americas,Latin America,High income,6,1,2,Sub-Saharan Africa & Latin America,Cluster 6: Sub-Saharan Africa & Latin America,0.8571428571428571,True,12641.0576849008,3318580.0,7.158,0.0,8.327150345,0.399970571962881,118.0
ARE,2010,0.1422413793103448,0.1422413793103448,1627861.0,51721.0,0.0003695514255859,0.0070163976412583,United Arab Emirates,Asia,Western Asia,High income,7,5,2,South-Eastern Asia & Western Asia,Cluster 7: South-Eastern Asia & Western Asia,1.0,True,44795.2846234991,6869838.0,2.798,0.0,9.833638018,0.405581472532573,64.0
BGD,2010,0.0732758620689655,0.2327586206896551,522781.0,2009440.0,0.0901270712046574,0.00513717885963,Bangladesh,Asia,South Asia,Lower middle income,7,5,2,South-Eastern Asia & Western Asia,Cluster 7: South-Eastern Asia & Western Asia,0.8571428571428571,True,757.385280361508,152201981.0,3.379,2.0,5.118670177,0.554066162157698,42.0
BHR,2010,0.1422413793103448,0.0862068965517241,166193.0,19974.0,0.0,0.0016013145822974,Bahrain,Asia,Western Asia,High income,7,5,2,South-Eastern Asia & Western Asia,Cluster 7: South-Eastern Asia & Western Asia,0.8571428571428571,True,21819.3291098099,1228543.0,1.13,0.0,8.03221035,0.434397643486136,67.0
EGY,2010,0.3060344827586206,0.3060344827586206,141592.0,902107.0,0.0004565047021943,0.0023941027366301,Egypt,Africa,Northern Africa,Lower middle income,7,5,2,South-Eastern Asia & Western Asia,Cluster 7: South-Eastern Asia & Western Asia,1.0,True,2455.08194645282,89196072.0,8.757,0.0,7.373180736,0.427460787615675,0.0
ERI,2010,0.0905172413793103,0.1422413793103448,6258.0,131420.0,0.0,0.0006803085374873,Eritrea,Africa,Sub-Saharan Africa,Low income,9,2,27,Pan-Europe,Cluster 9: Pan-Europe,0.8571428571428571,True,539.699512069686,2945186.0,5.854,0.0,4.673572948,0.617286039424881,33.0
ETH,2010,0.0474137931034482,0.2112068965517241,101726.0,331465.0,0.0920183049708911,0.0011793059523393,Ethiopia,Africa,Sub-Saharan Africa,Low income,2,0,2,Sub-Saharan Africa,Cluster 2: Sub-Saharan Africa,1.0,True,330.619412798644,90538514.0,2.295,151.0,2.134607434,0.586496086774501,34.0
IDN,2010,0.0862068965517241,0.2801724137931034,42778.0,1632034.0,0.0168471973428869,0.0021697291309322,Indonesia,Asia,South-Eastern Asia,Upper middle income,7,5,2,South-Eastern Asia & Western Asia,Cluster 7: South-Eastern Asia & Western Asia,0.7142857142857143,True,3065.68348377765,246305322.0,5.614,0.0,7.41217494,0.473221196441619,43.0
JOR,2010,0.0344827586206896,0.1853448275862069,1609748.0,209691.0,0.0010651776384535,0.0067640276568292,Jordan,Asia,Western Asia,Upper middle income,8,9,2,Western Asia,Cluster 8: Western Asia,0.8571428571428571,True,4139.04283161368,7297043.0,12.5,0.0,9.605540276,0.39984409503661,39.0
KWT,2010,0.1379310344827586,0.1163793103448275,678875.0,45661.0,0.0,0.0041743275073945,Kuwait,Asia,Western Asia,High income,7,5,2,South-Eastern Asia & Western Asia,Cluster 7: South-Eastern Asia & Western Asia,1.0,True,39212.252220155,2943372.0,1.82,0.0,6.849144936,0.370607065240307,71.0
LBN,2010,0.0344827586206896,0.3103448275862069,213971.0,237535.0,0.0278033101955515,0.0015264197162292,Lebanon,Asia,Western Asia,Lower middle income,8,9,2,Western Asia,Cluster 8: Western Asia,0.8571428571428571,True,7625.81051551165,5041288.0,6.768,0.0,8.20476168,0.407485813279005,32.0
LKA,2010,0.2112068965517241,0.2370689655172413,17351.0,516983.0,0.0092387856396477,0.0014910637066598,Sri Lanka,Asia,South Asia,Lower middle income,7,5,2,South-Eastern Asia & Western Asia,Cluster 7: South-Eastern Asia & Western Asia,0.8571428571428571,True,2808.36245207687,20879089.0,4.784,0.0,10.23958833,0.485946070926864,43.0
NGA,2010,0.0387931034482758,0.3318965517241379,371504.0,441869.0,0.0623454993282579,0.0037418263155265,Nigeria,Africa,Sub-Saharan Africa,Lower middle income,1,8,2,Sub-Saharan Africa,Cluster 1: Sub-Saharan Africa,1.0,True,2202.25672957344,166642886.0,3.744,0.0,5.839596653,0.493774097838235,51.0
NPL,2010,0.0258620689655172,0.1810344827586207,380338.0,683439.0,0.0133908045977011,0.0017875338536805,Nepal,Asia,South Asia,Lower middle income,7,5,2,South-Eastern Asia & Western Asia,Cluster 7: South-Eastern Asia & Western Asia,0.8571428571428571,True,585.278491984574,27341952.0,10.563,0.0,3.454652071,0.521146946672907,38.0
PSE,2010,0.0603448275862068,0.1896551724137931,137099.0,1534792.0,0.049976395730706,0.0087795631786623,Palestine,Asia,Western Asia,Lower middle income,8,9,2,Western Asia,Cluster 8: Western Asia,0.8571428571428571,True,2557.07562356699,3786161.0,21.416,0.0,8.363300323,,0.0
QAT,2010,0.1422413793103448,0.0818965517241379,254822.0,7742.0,0.0,0.001974796443129,Qatar,Asia,Western Asia,High income,7,5,2,South-Eastern Asia & Western Asia,Cluster 7: South-Eastern Asia & Western Asia,0.7142857142857143,True,77387.2936379616,1616832.0,0.45,0.0,8.548800468,0.357760213209329,66.0
SAU,2010,0.0818965517241379,0.1939655172413793,1915173.0,56735.0,0.0002608598298253,0.0064383925222789,Saudi Arabia,Asia,Western Asia,High income,7,0,2,South-Eastern Asia & Western Asia,Cluster 7: South-Eastern Asia & Western Asia,0.8571428571428571,True,22028.3901426586,23978487.0,5.55,0.0,8.949480057,0.422323550616671,57.0
SDN,2010,0.0646551724137931,0.2068965517241379,290529.0,437372.0,0.0846490147783251,0.0028298637453772,Sudan,Africa,Sub-Saharan Africa,Low income,2,0,2,Sub-Saharan Africa,Cluster 2: Sub-Saharan Africa,1.0,True,1305.63598632813,35414399.0,15.168,1010.0,3.13,0.616247862753688,30.0
SOM,2010,0.0086206896551724,0.2241379310344827,12845.0,571393.0,0.0126951783848335,0.0006826493433204,Somalia,Africa,Sub-Saharan Africa,Low income,2,0,2,Sub-Saharan Africa,Cluster 2: Sub-Saharan Africa,1.0,True,219.202453852397,12261756.0,18.741,2150.0,1.9003,0.617915707236379,31.0
SSD,2010,0.0517241379310344,0.0517241379310344,110477.0,159091.0,0.0024346917450365,0.0012527490350972,South Sudan,Africa,Sub-Saharan Africa,Low income,2,0,2,Sub-Saharan Africa,Cluster 2: Sub-Saharan Africa,1.0,True,1498.27034985194,9745953.0,12.473,0.0,5.726140022,,30.0
SYR,2010,0.021551724137931,0.3189655172413793,791013.0,582229.0,0.0002825981489774,0.0021530532695604,Syria,Asia,Western Asia,Low income,8,9,2,Western Asia,Cluster 8: Western Asia,0.7142857142857143,True,2730.61487784917,22482421.0,8.61,0.0,6.39759115,0.438527502403689,39.0
THA,2010,0.0560344827586206,0.2758620689655172,1005862.0,428536.0,0.0078910098522167,0.003302807579765,Thailand,Asia,South-Eastern Asia,Upper middle income,7,4,2,South-Eastern Asia & Western Asia,Cluster 7: South-Eastern Asia & Western Asia,0.7142857142857143,True,4973.86288823778,68579447.0,0.622,76.0,7.611529827,0.432643762721404,60.0
TUN,2010,0.0732758620689655,0.1853448275862069,17034.0,248736.0,0.0,0.0009925572431553,Tunisia,Africa,Northern Africa,Lower middle income,6,1,2,Sub-Saharan Africa & Latin America,Cluster 6: Sub-Saharan Africa & Latin America,0.8571428571428571,True,4291.86120891575,10765980.0,13.049,0.0,6.649549961,0.359041892153873,62.0
YEM,2010,0.043103448275862,0.1293103448275862,115203.0,346829.0,6.521495745633678e-05,0.0008319354737696,Yemen,Asia,Western Asia,Low income,7,0,2,South-Eastern Asia & Western Asia,Cluster 7: South-Eastern Asia & Western Asia,0.8571428571428571,True,1155.20305261418,26754387.0,12.777,175.0,2.6,0.515790305996504,38.0
ARM,2010,0.0603448275862068,0.1853448275862069,108410.0,363172.0,0.0,0.000858800033037,Armenia,Asia,Western Asia,Upper middle income,0,6,14,Pan-Europe,Cluster 0: Pan-Europe,0.5714285714285714,True,3041.34450723339,3044800.0,19.523,0.0,11.12391663,0.360416761792963,51.0
AUT,2010,0.1853448275862069,0.2672413793103448,628191.0,220328.0,0.0081301313628899,0.0048583845266303,Austria,Europe,Western Europe,High income,9,2,2,Pan-Europe,Cluster 9: Pan-Europe,1.0,True,46611.1393420232,8363404.0,4.883,0.0,11.71487999,0.302436123092934,158.0
BGR,2010,0.6982758620689655,0.2456896551724137,41622.0,494420.0,0.0,0.0010680836121346,Bulgaria,Europe,Eastern Europe,Upper middle income,9,2,2,Pan-Europe,Cluster 9: Pan-Europe,0.8571428571428571,True,6854.2987837778,7395599.0,10.279,0.0,10.72171974,0.358876562959294,133.0
BOL,2010,0.5689655172413793,0.1551724137931034,57045.0,343708.0,0.0,0.0018783722718961,Bolivia,Americas,Latin America,Lower middle income,6,1,2,Sub-Saharan Africa & Latin America,Cluster 6: Sub-Saharan Africa & Latin America,0.8571428571428571,True,1929.78373077158,10182345.0,2.609,0.0,7.712310155,0.462553410007296,62.0
BRA,2010,0.4482758620689655,0.3318965517241379,268136.0,742689.0,0.0055650097029407,0.0045524729280765,Brazil,Americas,Latin America,Upper middle income,5,1,2,Latin America & Caribbean,Cluster 5: Latin America & Caribbean,0.7142857142857143,True,11403.2821278747,193701929.0,8.42,0.0,6.878170013,0.378526828445353,130.0
CRI,2010,0.5775862068965517,0.146551724137931,202982.0,17646.0,0.0042824488729661,0.0026766707567711,Costa Rica,Americas,Latin America,Upper middle income,5,3,28,Latin America & Caribbean,Cluster 5: Latin America & Caribbean,0.5714285714285714,True,8265.78820580299,4555962.0,7.171,0.0,8.230690002,0.388278190614311,114.0
CUB,2010,0.1508620689655172,0.2672413793103448,3709.0,678179.0,0.0,0.0007074794370201,Cuba,Americas,Latin America,Upper middle income,5,3,2,Latin America & Caribbean,Cluster 5: Latin America & Caribbean,0.5714285714285714,True,5272.26755824835,11297409.0,2.5,0.0,11.23388176,0.43571176425198,49.0
CYP,2010,0.5818965517241379,0.1077586206896551,105262.0,35981.0,0.0,0.002370164570933,Cyprus,Europe,Western Asia,High income,0,0,29,Pan-Europe,Cluster 0: Pan-Europe,0.7142857142857143,True,31105.02734375,1127816.0,6.359,0.0,11.44206047,0.358438544800189,142.0
CZE,2010,0.1982758620689655,0.1982758620689655,318027.0,384669.0,0.0092605239587998,0.0022126231315395,Czechia,Europe,Eastern Europe,High income,9,2,2,Pan-Europe,Cluster 9: Pan-Europe,1.0,True,20160.4355077059,10474410.0,7.281,0.0,12.38508034,0.256749565862451,142.0
DZA,2010,0.0862068965517241,0.25,98735.0,786194.0,0.0046737386177041,0.001511246924624,Algeria,Africa,Northern Africa,Lower middle income,6,1,2,Sub-Saharan Africa & Latin America,Cluster 6: Sub-Saharan Africa & Latin America,0.8571428571428571,True,4912.78585503672,36188236.0,9.96,236.0,7.319896221,0.376966997977975,48.0
ECU,2010,0.2068965517241379,0.1637931034482758,174205.0,574362.0,0.0,0.0022204217509596,Ecuador,Americas,Latin America,Upper middle income,6,1,2,Sub-Saharan Africa & Latin America,Cluster 6: Sub-Saharan Africa & Latin America,0.7142857142857143,True,4520.30959039763,15076695.0,4.088,0.0,7.849160194,0.47261194028612,65.0
EST,2010,0.4784482758620689,0.1508620689655172,130212.0,63558.0,0.0003478131064337,0.0010489561846402,Estonia,Europe,Northern Europe,High income,0,6,14,Pan-Europe,Cluster 0: Pan-Europe,0.5714285714285714,True,14663.7041018705,1331475.0,16.707,0.0,13.33069038,0.34436299408464,140.0
GTM,2010,0.2112068965517241,0.1551724137931034,35439.0,385903.0,0.0085648977459322,0.0012376656245008,Guatemala,Americas,Latin America,Upper middle income,5,3,2,Latin America & Caribbean,Cluster 5: Latin America & Caribbean,0.5714285714285714,True,2805.25960237322,14500112.0,3.497,0.0,4.418093443,0.46295386689133,105.0
HND,2010,0.1810344827586207,0.1422413793103448,12939.0,295992.0,0.0,0.0011836090140636,Honduras,Americas,Latin America,Lower middle income,5,3,2,Latin America & Caribbean,Cluster 5: Latin America & Caribbean,0.5714285714285714,True,1893.32722662035,8365878.0,4.119,0.0,5.425169826,0.461660467261135,105.0
HRV,2010,0.3060344827586206,0.1810344827586207,295204.0,457449.0,0.0188253843857292,0.0021209523220498,Croatia,Europe,Eastern Europe,High income,9,2,2,Pan-Europe,Cluster 9: Pan-Europe,1.0,True,13729.7472872883,4295427.0,11.62,0.0,11.02225037,0.382246387784292,116.0
HUN,2010,0.6724137931034483,0.2241379310344827,221189.0,196889.0,0.0,0.0022852792628416,Hungary,Europe,Eastern Europe,High income,9,2,2,Pan-Europe,Cluster 9: Pan-Europe,1.0,True,13189.8433874768,10000023.0,11.172,0.0,11.88173008,0.362719171450801,142.0
IRL,2010,0.1120689655172413,0.2543103448275862,330715.0,403973.0,0.0,0.0065584599141278,Ireland,Europe,Northern Europe,High income,9,0,2,Pan-Europe,Cluster 9: Pan-Europe,0.8571428571428571,True,48623.9666422487,4560155.0,14.534,0.0,11.56933022,0.320175150067269,159.0
IRN,2010,0.0301724137931034,0.2974137931034483,1221564.0,473766.0,0.0003043364681295,0.0009994736719382,Iran,Asia,Western Asia,Lower middle income,4,5,2,South Asia,Cluster 4: South Asia,1.0,True,6291.19443655454,77420842.0,13.679,74.0,9.711139679,0.368678956742411,34.0
ISR,2010,0.2887931034482758,0.25,756164.0,141679.0,0.0302380019405881,0.0085373846739731,Israel,Asia,Western Asia,High income,6,1,2,Sub-Saharan Africa & Latin America,Cluster 6: Sub-Saharan Africa & Latin America,0.8571428571428571,True,31398.9266927022,7623600.0,8.48,27.0,12.4951601,0.31601240336029,133.0
JPN,2010,0.2543103448275862,0.375,1185190.0,500690.0,0.0214122443648305,0.0062793124928849,Japan,Asia,Eastern Asia,High income,5,3,2,Latin America & Caribbean,Cluster 5: Latin America & Caribbean,0.5714285714285714,True,45378.1378109399,128070000.0,5.102,0.0,12.5298996,0.367505643427962,160.0
KOR,2010,0.0603448275862068,0.3362068965517241,237255.0,1195726.0,0.0,0.002417533182212,South Korea,Asia,Eastern Asia,High income,5,3,2,Latin America & Caribbean,Cluster 5: Latin America & Caribbean,0.5714285714285714,True,24071.2620526362,49554112.0,3.324,0.0,11.6382103,0.365382540578891,151.0
LAO,2010,0.0258620689655172,0.1034482758620689,11423.0,298628.0,0.0,0.0006667882645296,Laos,Asia,South-Eastern Asia,Lower middle income,7,4,2,South-Eastern Asia & Western Asia,Cluster 7: South-Eastern Asia & Western Asia,0.7142857142857143,True,1125.91610151261,6334194.0,0.708,0.0,4.97759255,0.497905554435069,42.0
LTU,2010,0.375,0.1810344827586207,91146.0,198537.0,0.0,0.0010617397349021,Lithuania,Europe,Northern Europe,High income,0,6,14,Pan-Europe,Cluster 0: Pan-Europe,0.7142857142857143,True,11829.122609457,3097282.0,17.814,0.0,12.45812035,0.378214843895439,140.0
MEX,2010,0.3318965517241379,0.2284482758620689,469856.0,5647673.0,0.012782131661442,0.0308500780836668,Mexico,Americas,Latin America,Upper middle income,5,3,2,Latin America & Caribbean,Cluster 5: Latin America & Caribbean,0.5714285714285714,True,9728.80078307432,113623895.0,5.303,0.0,8.005069733,0.38752274180135,120.0
MNE,2010,0.125,0.0775862068965517,46659.0,54822.0,0.0,0.0009035695332648,Montenegro,Europe,Eastern Europe,Upper middle income,9,2,30,Pan-Europe,Cluster 9: Pan-Europe,1.0,True,6678.63939560908,619428.0,19.649,0.0,11.17903519,0.384114527396856,86.0
NOR,2010,0.8663793103448276,0.1853448275862069,253628.0,53899.0,0.0,0.0066028583891281,Norway,Europe,Northern Europe,High income,9,2,31,Pan-Europe,Cluster 9: Pan-Europe,1.0,True,90020.342257973,4889252.0,3.527,0.0,12.54957008,0.252714493089628,159.0
NZL,2010,0.2068965517241379,0.2586206896551724,470911.0,300715.0,0.0465417413046723,0.0178360547293098,New Zealand,Oceania,Australia/NZ,High income,7,4,2,South-Eastern Asia & Western Asia,Cluster 7: South-Eastern Asia & Western Asia,0.7142857142857143,True,33761.9009639947,4350700.0,6.557,0.0,13.37765026,0.304509030403551,157.0
PAN,2010,0.3793103448275862,0.1551724137931034,76382.0,101298.0,0.0,0.0021488518899893,Panama,Americas,Latin America,High income,5,3,2,Latin America & Caribbean,Cluster 5: Latin America & Caribbean,0.5714285714285714,True,8331.46421351868,3628535.0,5.845,0.0,9.276390076,0.413670632373399,106.0
POL,2010,0.2672413793103448,0.3232758620689655,379657.0,2024156.0,0.0091518323630392,0.0032610586330107,Poland,Europe,Eastern Europe,High income,9,2,2,Pan-Europe,Cluster 9: Pan-Europe,1.0,True,12567.7317676382,38042794.0,9.578,0.0,12.31373024,0.307593531038375,145.0
PRI,2010,0.1939655172413793,0.125,152969.0,811698.0,0.0193471040453799,0.0095655757451787,Puerto Rico,Americas,Latin America,High income,5,3,2,Latin America & Caribbean,Cluster 5: Latin America & Caribbean,0.5714285714285714,True,26414.8810634548,3724465.0,16.1,0.0,,,
PRK,2010,0.0862068965517241,0.1336206896551724,21262.0,20318.0,0.0,0.0007472819863799,North Korea,Asia,Eastern Asia,Low income,5,3,32,Latin America & Caribbean,Cluster 5: Latin America & Caribbean,0.5714285714285714,True,,24987258.0,3.419,0.0,,0.464256865249411,36.0
PRY,2010,0.0732758620689655,0.1293103448275862,74833.0,388173.0,0.0,0.0015708726889271,Paraguay,Americas,Latin America,Upper middle income,6,1,2,Sub-Saharan Africa & Latin America,Cluster 6: Sub-Saharan Africa & Latin America,0.8571428571428571,True,4750.96273669322,5737971.0,4.569,0.0,7.280279954,0.385642720615073,112.0
ROU,2010,0.1206896551724137,0.2887931034482758,63918.0,1584390.0,2.1738319152112257e-05,0.0012469904563456,Romania,Europe,Eastern Europe,High income,9,1,2,Pan-Europe,Cluster 9: Pan-Europe,1.0,True,8399.5374234284,20246871.0,6.959,0.0,10.73447037,0.425750065256542,136.0
RUS,2010,0.1810344827586207,0.418103448275862,5601666.0,4989592.0,0.1359297096581579,0.0129274617334252,Russia,Europe,Eastern Europe,Upper middle income,0,6,14,Pan-Europe,Cluster 0: Pan-Europe,0.5714285714285714,True,10674.990234375,142849468.0,7.407,418.0,12.34356976,0.329666743054757,83.0
SEN,2010,0.1077586206896551,0.2198275862068965,99135.0,184317.0,0.0426940588147484,0.0028477074561581,Senegal,Africa,Sub-Saharan Africa,Lower middle income,6,1,2,Sub-Saharan Africa & Latin America,Cluster 6: Sub-Saharan Africa & Latin America,0.8571428571428571,True,1275.88357492357,12635413.0,2.795,0.0,2.217149997,0.531696186862795,51.0
SLV,2010,0.2025862068965517,0.1551724137931034,21122.0,677683.0,0.0,0.001050468029892,El Salvador,Americas,Latin America,Lower middle income,5,3,2,Latin America & Caribbean,Cluster 5: Latin America & Caribbean,0.5714285714285714,True,3040.07300952878,6068249.0,4.893,0.0,6.339930058,0.433474166192647,105.0
SRB,2010,0.168103448275862,0.1767241379310344,486951.0,313040.0,0.0093692155545603,0.0028054156807413,Serbia,Europe,Eastern Europe,Upper middle income,9,2,2,Pan-Europe,Cluster 9: Pan-Europe,1.0,True,5970.92660940072,7291436.0,19.204,0.0,10.37370968,0.422740396873274,88.0
SVK,2010,0.4913793103448275,0.1594827586206896,79132.0,218310.0,0.0,0.0013068421483441,Slovakia,Europe,Eastern Europe,High income,9,2,2,Pan-Europe,Cluster 9: Pan-Europe,1.0,True,16899.448680529,5391428.0,14.387,0.0,12.27445889,0.358919392366672,144.0
SVN,2010,0.5689655172413793,0.1293103448275862,104823.0,53742.0,0.0,0.0013937029132448,Slovenia,Europe,Eastern Europe,High income,9,2,33,Pan-Europe,Cluster 9: Pan-Europe,1.0,True,23329.8417691156,2048583.0,7.236,0.0,12.05920029,0.327405211530253,144.0
TWN,2010,0.0991379310344827,0.0689655172413793,421388.0,362351.0,0.0020868786386027,0.0016449471733147,Taiwan,Asia,Eastern Asia,High income,7,3,2,South-Eastern Asia & Western Asia,Cluster 7: South-Eastern Asia & Western Asia,0.7142857142857143,True,,,,,,,
UKR,2010,0.1293103448275862,0.3232758620689655,2551750.0,2914242.0,0.0351291237498134,0.0064317593330822,Ukraine,Europe,Eastern Europe,Lower middle income,0,6,2,Pan-Europe,Cluster 0: Pan-Europe,0.5714285714285714,True,3039.63232421875,46456003.0,8.1,0.0,11.50896313,0.388312714384106,64.0
AZE,2010,0.0818965517241379,0.1551724137931034,131387.0,483646.0,0.0,0.0009241376916911,Azerbaijan,Asia,Western Asia,Upper middle income,0,6,14,Pan-Europe,Cluster 0: Pan-Europe,0.5714285714285714,True,5843.5337683582,9054332.0,5.63,0.0,10.46595001,0.412433420974441,51.0
GEO,2010,0.1939655172413793,0.1594827586206896,39321.0,390865.0,0.0,0.0007367181295016,Georgia,Asia,Western Asia,Upper middle income,0,6,14,Pan-Europe,Cluster 0: Pan-Europe,0.5714285714285714,True,3281.72930937343,3786695.0,20.203,0.0,12.38091183,0.415520691675478,56.0
IRQ,2010,0.0948275862068965,0.2586206896551724,32731.0,1261348.0,0.0,0.0008748360440613,Iraq,Asia,Western Asia,Upper middle income,8,9,2,Western Asia,Cluster 8: Western Asia,0.8571428571428571,True,4461.75196161555,31045366.0,8.267,989.0,6.459538,0.447646681732774,27.0
KAZ,2010,0.1206896551724137,0.1896551724137931,1008026.0,2002839.0,0.0104126548738617,0.0031412918852566,Kazakhstan,Asia,Central Asia,Upper middle income,0,6,14,Pan-Europe,Cluster 0: Pan-Europe,0.5714285714285714,True,8793.07589980782,16836810.0,5.77,0.0,11.17743635,0.319572382395244,54.0
TKM,2010,0.0474137931034482,0.125,105501.0,218013.0,0.0,0.0008520937972769,Turkmenistan,Asia,Central Asia,Upper middle income,0,6,14,Pan-Europe,Cluster 0: Pan-Europe,0.5714285714285714,True,4058.53937000739,5564356.0,4.0,0.0,10.85631227,0.375066161650224,41.0
ASM,2010,0.043103448275862,0.021551724137931,11177.0,1129.0,0.0,0.0010279075537147,American Samoa,Oceania,Polynesia,Upper middle income,7,4,34,South-Eastern Asia & Western Asia,Cluster 7: South-Eastern Asia & Western Asia,0.7142857142857143,True,10375.1720141957,55228.0,,0.0,,,
FJI,2010,0.0603448275862068,0.1120689655172413,5411.0,72847.0,0.0177819450664278,0.0015081622866221,Fiji,Oceania,Melanesia,Upper middle income,7,4,35,South-Eastern Asia & Western Asia,Cluster 7: South-Eastern Asia & Western Asia,0.7142857142857143,True,3449.14452883369,910419.0,4.345,0.0,9.658123112,0.503102200870021,72.0
TKL,2010,0.0172413793103448,0.0172413793103448,215.0,326.0,0.0,0.0006709016449018,Tokelau,Oceania,Polynesia,Lower middle income,7,4,36,South-Eastern Asia & Western Asia,Cluster 7: South-Eastern Asia & Western Asia,0.7142857142857143,True,,,,,,,
TON,2010,0.021551724137931,0.0517241379310344,610.0,17032.0,0.0,0.0006535271733345,Tonga,Oceania,Polynesia,Upper middle income,7,4,37,South-Eastern Asia & Western Asia,Cluster 7: South-Eastern Asia & Western Asia,0.7142857142857143,True,3416.08356601207,107400.0,1.501,0.0,10.74651165,0.620259023532857,72.0
VNM,2010,0.021551724137931,0.2586206896551724,27469.0,1216280.0,0.0043041871921182,0.0007307403922897,Vietnam,Asia,South-Eastern Asia,Lower middle income,5,3,2,Latin America & Caribbean,Cluster 5: Latin America & Caribbean,0.5714285714285714,True,1683.16182443979,87455152.0,1.114,0.0,7.62746501,0.476370641029745,43.0
WSM,2010,0.0905172413793103,0.0646551724137931,2311.0,45259.0,0.0049780750858337,0.0015246038385159,Samoa,Oceania,Polynesia,Lower middle income,7,4,38,South-Eastern Asia & Western Asia,Cluster 7: South-Eastern Asia & Western Asia,0.7142857142857143,True,3524.2479246203,193023.0,5.621,0.0,11.60372267,0.498937980057668,77.0
ATG,2010,0.2241379310344827,0.1034482758620689,14434.0,4432.0,0.0,0.0026785874465507,Antigua and Barbuda,Americas,Caribbean,High income,5,3,39,Latin America & Caribbean,Cluster 5: Latin America & Caribbean,0.5714285714285714,True,15217.3950790922,85320.0,,0.0,10.18497179,0.480369933520244,119.0
BHS,2010,0.3189655172413793,0.1077586206896551,26403.0,952.0,0.0,0.0018242232576339,Bahamas,Americas,Caribbean,High income,3,7,40,Caribbean,Cluster 3: Caribbean,0.7142857142857143,True,27473.100430502,367478.0,14.435,0.0,11.86260986,0.458686075248946,124.0
BLZ,2010,0.0646551724137931,0.0948275862068965,22311.0,2670.0,0.0,0.0008511863742147,Belize,Americas,Central America,Lower middle income,5,3,41,Latin America & Caribbean,Cluster 5: Latin America & Caribbean,0.5714285714285714,True,5461.40735999001,320245.0,8.412,0.0,10.48622036,0.469604563879054,82.0
BMU,2010,0.1508620689655172,0.0560344827586206,8392.0,372.0,0.0,0.0009490157300744,Bermuda,Americas,Northern America,High income,9,0,42,Pan-Europe,Cluster 9: Pan-Europe,0.7142857142857143,True,104111.824244802,63725.0,,0.0,,,
BRB,2010,0.0905172413793103,0.1293103448275862,11129.0,10940.0,0.0,0.0011920219497946,Barbados,Americas,Caribbean,High income,9,0,43,Pan-Europe,Cluster 9: Pan-Europe,0.8571428571428571,True,19723.2381931602,275243.0,10.69,0.0,9.653823545,0.376445819468084,127.0
GHA,2010,0.1853448275862069,0.2198275862068965,130082.0,349167.0,8.695327660844903e-05,0.0020001491449792,Ghana,Africa,Sub-Saharan Africa,Lower middle income,1,8,2,Sub-Saharan Africa,Cluster 1: Sub-Saharan Africa,1.0,True,1263.89251760539,25474995.0,5.384,0.0,7.580780029,0.500951492895791,62.0
GLP,2010,0.1034482758620689,0.0387931034482758,49297.0,6155.0,0.0099778884908195,0.0076846664991915,Guadeloupe,Americas,Caribbean,High income,6,1,44,Sub-Saharan Africa & Latin America,Cluster 6: Sub-Saharan Africa & Latin America,0.8571428571428571,True,,,,,,,
GUF,2010,0.0689655172413793,0.0387931034482758,47735.0,2216.0,0.0,0.0043893676306047,French Guiana,Americas,South America,High income,9,7,45,Pan-Europe,Cluster 9: Pan-Europe,1.0,True,,,,,,,
LCA,2010,0.2370689655172413,0.1034482758620689,4395.0,10285.0,0.0,0.0015148788843502,Saint Lucia,Americas,Latin America,Upper middle income,9,0,46,Pan-Europe,Cluster 9: Pan-Europe,0.8571428571428571,True,8673.68720340529,170906.0,17.118,0.0,8.367300034,0.365771498251804,89.0
MTQ,2010,0.0646551724137931,0.0474137931034482,32291.0,7670.0,0.0050215517241379,0.0077125698973267,Martinique,Americas,Caribbean,High income,6,1,47,Sub-Saharan Africa & Latin America,Cluster 6: Sub-Saharan Africa & Latin America,0.8571428571428571,True,,,,,,,
TCA,2010,0.0258620689655172,0.021551724137931,6399.0,1171.0,0.0,0.0008908503511785,Turks and Caicos Islands,Americas,Caribbean,High income,3,7,48,Caribbean,Cluster 3: Caribbean,0.7142857142857143,True,23093.8498268267,29739.0,,0.0,,,
TTO,2010,0.0689655172413793,0.1594827586206896,21517.0,175533.0,0.0086518510225406,0.0015059947722877,Trinidad and Tobago,Americas,Latin America,High income,5,3,2,Latin America & Caribbean,Cluster 5: Latin America & Caribbean,0.5714285714285714,True,16815.424737361,1317714.0,4.033,0.0,10.47030973,0.386446785958367,92.0
VGB,2010,0.0905172413793103,0.0603448275862068,7404.0,2527.0,0.0,0.0013061410040036,British Virgin Islands,Americas,Caribbean,High income,5,3,49,Latin America & Caribbean,Cluster 5: Latin America & Caribbean,0.7142857142857143,True,,27675.0,,0.0,,,
BDI,2010,0.0301724137931034,0.1163793103448275,115874.0,142633.0,0.0,0.0012947857745892,Burundi,Africa,Sub-Saharan Africa,Low income,2,0,50,Sub-Saharan Africa,Cluster 2: Sub-Saharan Africa,1.0,True,216.727705301976,9376444.0,1.615,0.0,2.292983294,0.565616727549399,37.0
BEN,2010,0.043103448275862,0.125,149416.0,237992.0,0.004260710553814,0.0018661661664315,Benin,Africa,Sub-Saharan Africa,Low income,1,8,2,Sub-Saharan Africa,Cluster 1: Sub-Saharan Africa,1.0,True,973.244254931526,9797484.0,1.04,0.0,2.560803986,0.586485281723795,54.0
BFA,2010,0.0344827586206896,0.0862068965517241,330898.0,643205.0,0.0,0.0055977557215807,Burkina Faso,Africa,Sub-Saharan Africa,Low income,1,8,2,Sub-Saharan Africa,Cluster 1: Sub-Saharan Africa,1.0,True,624.957252224766,16176498.0,3.725,0.0,1.109530006,0.558253496184134,51.0
BIH,2010,0.0560344827586206,0.1422413793103448,19772.0,763522.0,0.0,0.0007924185412763,Bosnia and Herzegovina,Europe,Eastern Europe,Upper middle income,9,2,2,Pan-Europe,Cluster 9: Pan-Europe,1.0,True,4506.47828548389,3811472.0,27.312,0.0,7.111209869,0.358086868777428,53.0
BLR,2010,0.2370689655172413,0.1724137931034483,590897.0,766396.0,0.0,0.0020625230268728,Belarus,Europe,Eastern Europe,Upper middle income,0,6,14,Pan-Europe,Cluster 0: Pan-Europe,0.5714285714285714,True,6034.67885177216,9483836.0,6.052,0.0,11.28559198,0.3538374515555,56.0
BRN,2010,0.0818965517241379,0.0344827586206896,43426.0,24436.0,0.0,0.0008908550996966,Brunei Darussalam,Asia,South-Eastern Asia,High income,7,4,51,South-Eastern Asia & Western Asia,Cluster 7: South-Eastern Asia & Western Asia,0.8571428571428571,True,34937.5555357155,392332.0,6.487,0.0,8.77,0.400418105095865,134.0
BTN,2010,0.0991379310344827,0.0474137931034482,8287.0,43234.0,0.0,0.0006713090199104,Bhutan,Asia,South Asia,Lower middle income,7,5,52,South-Eastern Asia & Western Asia,Cluster 7: South-Eastern Asia & Western Asia,0.8571428571428571,True,2435.5798056672,701632.0,3.32,0.0,2.359933,0.536860685596942,44.0
BWA,2010,0.1379310344827586,0.0689655172413793,37140.0,9471.0,0.0,0.0010282569737758,Botswana,Africa,Sub-Saharan Africa,Upper middle income,2,0,53,Sub-Saharan Africa,Cluster 2: Sub-Saharan Africa,1.0,True,6215.73216077919,2033111.0,17.86,0.0,8.87,0.458235942908555,69.0
CAF,2010,0.0991379310344827,0.0818965517241379,32120.0,116696.0,0.0,0.0010040869503349,Central African Republic,Africa,Sub-Saharan Africa,Low income,2,0,2,Sub-Saharan Africa,Cluster 2: Sub-Saharan Africa,1.0,True,476.873786950728,4492995.0,5.658,25.0,3.236879615,0.57695999568616,46.0
CMR,2010,0.0948275862068965,0.168103448275862,126208.0,111399.0,0.0113039259590983,0.0020276820992291,Cameroon,Africa,Sub-Saharan Africa,Lower middle income,2,0,2,Sub-Saharan Africa,Cluster 2: Sub-Saharan Africa,1.0,True,1398.58702025047,19668066.0,4.11,0.0,5.203209877,0.49099379249661,42.0
COK,2010,0.043103448275862,0.021551724137931,1573.0,10545.0,0.0,0.0009601805861006,Cook Islands,Oceania,Polynesia,High income,7,4,54,South-Eastern Asia & Western Asia,Cluster 7: South-Eastern Asia & Western Asia,0.7142857142857143,True,,,,,,,
CYM,2010,0.2370689655172413,0.0344827586206896,11717.0,117.0,0.0,0.0011019290493839,Cayman Islands,Americas,Caribbean,High income,3,0,55,Caribbean,Cluster 3: Caribbean,0.7142857142857143,True,76837.6699636672,54099.0,,0.0,,,
DJI,2010,0.0129310344827586,0.0387931034482758,45924.0,960.0,0.0,0.0007031706131557,Djibouti,Africa,Sub-Saharan Africa,Lower middle income,2,0,56,Sub-Saharan Africa,Cluster 2: Sub-Saharan Africa,1.0,True,1213.23352553429,930251.0,26.368,0.0,2.789325221,0.495513225698765,35.0
FIN,2010,0.728448275862069,0.1982758620689655,80231.0,131538.0,0.0,0.002898320587521,Finland,Europe,Northern Europe,High income,9,2,2,Pan-Europe,Cluster 9: Pan-Europe,1.0,True,46506.2919016566,5363352.0,8.394,0.0,12.41567993,0.282775596196683,162.0
FLK,2010,0.0301724137931034,0.0129310344827586,604.0,220.0,0.0049780750858337,0.0010474048365845,Falkland Islands,Americas,South America,High income,9,0,57,Pan-Europe,Cluster 9: Pan-Europe,1.0,True,,,,,,,
GAB,2010,0.1422413793103448,0.0948275862068965,109719.0,18868.0,0.0002391215106732,0.0020902615429167,Gabon,Africa,Sub-Saharan Africa,Upper middle income,1,8,58,Sub-Saharan Africa,Cluster 1: Sub-Saharan Africa,1.0,True,8356.74662013345,1719879.0,20.39,0.0,7.57,0.438608489824362,42.0
GIB,2010,0.0129310344827586,0.0258620689655172,4118.0,251.0,0.0,0.0007323267967523,Gibraltar,Europe,Southern Europe,High income,9,0,59,Pan-Europe,Cluster 9: Pan-Europe,1.0,True,,31248.0,,0.0,,,
GMB,2010,0.0301724137931034,0.0948275862068965,85569.0,10262.0,0.0,0.0017642073352576,Gambia,Africa,Sub-Saharan Africa,Low income,6,1,60,Sub-Saharan Africa & Latin America,Cluster 6: Sub-Saharan Africa & Latin America,0.8571428571428571,True,801.033372714536,1926630.0,9.673,0.0,3.172847819,0.551765235483507,68.0
GUM,2010,0.0474137931034482,0.0258620689655172,35294.0,653.0,0.0197166554709658,0.0097814977074418,Guam,Oceania,Micronesia,High income,7,0,61,South-Eastern Asia & Western Asia,Cluster 7: South-Eastern Asia & Western Asia,0.8571428571428571,True,29719.7967836082,166522.0,8.2,0.0,,,
HKG,2010,0.125,0.1163793103448275,1612911.0,439352.0,0.0097387669801462,0.0058544504948012,Hong Kong,Asia,Eastern Asia,High income,7,0,2,South-Eastern Asia & Western Asia,Cluster 7: South-Eastern Asia & Western Asia,0.8571428571428571,True,32550.136489179,7024200.0,4.329,0.0,11.40386009,,140.0
IMN,2010,0.0344827586206896,0.0129310344827586,20898.0,420.0,0.0049780750858337,0.0017193784187171,Isle of Man,Europe,Northern Europe,High income,9,0,62,Pan-Europe,Cluster 9: Pan-Europe,0.8571428571428571,True,70587.3140283741,83873.0,,0.0,,,
ISL,2010,0.5948275862068966,0.1034482758620689,17191.0,8199.0,0.0,0.0011414287305801,Iceland,Europe,Northern Europe,High income,9,2,63,Pan-Europe,Cluster 9: Pan-Europe,1.0,True,43776.4677400475,318041.0,7.564,0.0,12.9215451,0.326859731103178,151.0
KEN,2010,0.0560344827586206,0.1939655172413793,452065.0,199106.0,0.0221078705776981,0.002594822052135,Kenya,Africa,Sub-Saharan Africa,Lower middle income,2,0,2,Sub-Saharan Africa,Cluster 2: Sub-Saharan Africa,1.0,True,1091.51873101194,41598567.0,2.793,0.0,5.818039894,0.530607826947682,65.0
KGZ,2010,0.0991379310344827,0.1293103448275862,134647.0,370731.0,0.0,0.0009773065625281,Kyrgyzstan,Asia,Central Asia,Lower middle income,0,6,14,Pan-Europe,Cluster 0: Pan-Europe,0.5714285714285714,True,876.954476440354,5467059.0,3.503,0.0,10.96170372,0.34961288766959,53.0
KHM,2010,0.1120689655172413,0.1206896551724137,37195.0,301261.0,0.0,0.000788381190341,Cambodia,Asia,South-Eastern Asia,Lower middle income,7,4,2,South-Eastern Asia & Western Asia,Cluster 7: South-Eastern Asia & Western Asia,0.7142857142857143,True,952.274616324008,14500726.0,0.771,0.0,3.869265985,0.514246408905555,39.0
KIR,2010,0.0301724137931034,0.0474137931034482,1146.0,1770.0,0.0043259255112703,0.0012285219397372,Kiribati,Oceania,Micronesia,Lower middle income,7,4,64,South-Eastern Asia & Western Asia,Cluster 7: South-Eastern Asia & Western Asia,0.7142857142857143,True,1522.10068744154,108704.0,,0.0,8.368549574,0.603662204318522,73.0
LBR,2010,0.1077586206896551,0.1163793103448275,40218.0,95621.0,0.0,0.0012864210730605,Liberia,Africa,Sub-Saharan Africa,Low income,1,8,65,Sub-Saharan Africa,Cluster 1: Sub-Saharan Africa,1.0,True,492.252808033724,4058890.0,2.266,0.0,4.16686725,0.571580968816011,45.0
LBY,2010,0.3706896551724138,0.1767241379310344,195889.0,48642.0,0.0002173831915211,0.0032297511894164,Libya,Africa,Northern Africa,Upper middle income,8,9,2,Western Asia,Cluster 8: Western Asia,0.8571428571428571,True,11600.9068649472,6497839.0,19.321,2.0,7.31,0.409045741474971,39.0
LSO,2010,0.0646551724137931,0.043103448275862,1820.0,82801.0,0.0,0.0006819386934789,Lesotho,Africa,Sub-Saharan Africa,Lower middle income,2,0,2,Sub-Saharan Africa,Cluster 2: Sub-Saharan Africa,1.0,True,1119.47557793042,1996251.0,16.068,0.0,5.865997887,0.484480700311462,65.0
LUX,2010,0.3318965517241379,0.1163793103448275,81594.0,19769.0,0.0,0.0020336157772935,Luxembourg,Europe,Western Europe,High income,6,1,66,Sub-Saharan Africa & Latin America,Cluster 6: Sub-Saharan Africa & Latin America,0.8571428571428571,True,110885.991378721,506953.0,4.423,0.0,12.83508015,0.307441884713422,162.0
LVA,2010,0.3706896551724138,0.1551724137931034,189111.0,101223.0,0.0,0.0012184857135217,Latvia,Europe,Northern Europe,High income,0,6,14,Pan-Europe,Cluster 0: Pan-Europe,0.5714285714285714,True,11188.4191700977,2097555.0,19.482,0.0,12.56455994,0.366813811492158,139.0
MAC,2010,0.021551724137931,0.0344827586206896,153440.0,53634.0,0.0,0.0009352668314646,Macao,Asia,Eastern Asia,High income,7,0,67,South-Eastern Asia & Western Asia,Cluster 7: South-Eastern Asia & Western Asia,0.8571428571428571,True,52596.2250160214,537000.0,2.84,0.0,,,99.0
MCO,2010,0.0086206896551724,0.0474137931034482,5651.0,13468.0,0.0,0.0007748570443795,Monaco,Europe,Western Europe,High income,6,1,68,Sub-Saharan Africa & Latin America,Cluster 6: Sub-Saharan Africa & Latin America,0.8571428571428571,True,161853.922745228,33163.0,,0.0,,,138.0
MDA,2010,0.1336206896551724,0.1810344827586207,76662.0,385983.0,0.0043041871921182,0.0008329315055484,Moldova,Europe,Eastern Europe,Lower middle income,0,6,14,Pan-Europe,Cluster 0: Pan-Europe,0.5714285714285714,True,2436.79935102421,2862354.0,2.972,0.0,11.4894104,0.410949955787504,0.0
MDG,2010,0.0172413793103448,0.1120689655172413,9150.0,88884.0,0.004260710553814,0.0008288145103966,Madagascar,Africa,Sub-Saharan Africa,Low income,6,1,2,Sub-Saharan Africa & Latin America,Cluster 6: Sub-Saharan Africa & Latin America,0.8571428571428571,True,450.009391645726,22183340.0,4.28,0.0,4.705737318,0.556561456916853,44.0
MDV,2010,0.0948275862068965,0.0387931034482758,11627.0,1439.0,0.0,0.0006805958501804,Maldives,Asia,South Asia,Upper middle income,7,5,69,South-Eastern Asia & Western Asia,Cluster 7: South-Eastern Asia & Western Asia,0.8571428571428571,True,7173.59601844692,360792.0,10.875,0.0,4.876385515,0.565839746653439,73.0
MLI,2010,0.2413793103448275,0.168103448275862,154192.0,370189.0,0.0468895544111061,0.0060218171733978,Mali,Africa,Sub-Saharan Africa,Low income,1,8,2,Sub-Saharan Africa,Cluster 1: Sub-Saharan Africa,1.0,True,797.151541141189,15945198.0,1.375,0.0,1.900565982,0.601746313537067,52.0
MLT,2010,0.3534482758620689,0.0818965517241379,15668.0,29099.0,0.0,0.0013909738216802,Malta,Europe,Southern Europe,High income,7,4,70,South-Eastern Asia & Western Asia,Cluster 7: South-Eastern Asia & Western Asia,0.8571428571428571,True,21946.6073066905,414508.0,6.861,0.0,10.30780029,0.328189093905566,146.0
MMR,2010,0.0172413793103448,0.1206896551724137,30467.0,955047.0,0.0,0.00069355807749,Myanmar,Asia,South-Eastern Asia,Lower middle income,7,4,2,South-Eastern Asia & Western Asia,Cluster 7: South-Eastern Asia & Western Asia,0.8571428571428571,True,1010.53417343401,49024382.0,0.725,157.0,3.738002525,0.51744743655342,34.0
MNG,2010,0.1077586206896551,0.1077586206896551,3996.0,57958.0,0.0,0.0006979243882909,Mongolia,Asia,Eastern Asia,Lower middle income,0,6,71,Pan-Europe,Cluster 0: Pan-Europe,0.5714285714285714,True,2625.21881402433,2738622.0,6.549,0.0,10.04176998,0.397756134097514,45.0
MUS,2010,0.0948275862068965,0.1120689655172413,10902.0,56471.0,0.0,0.000703757843596,Mauritius,Africa,Sub-Saharan Africa,High income,6,1,72,Sub-Saharan Africa & Latin America,Cluster 6: Sub-Saharan Africa & Latin America,0.8571428571428571,True,8113.17670740212,1250400.0,7.654,0.0,8.317910064,0.448441481488588,111.0
MWI,2010,0.0517241379310344,0.0732758620689655,92917.0,101448.0,0.0,0.0015769636955125,Malawi,Africa,Sub-Saharan Africa,Low income,2,0,73,Sub-Saharan Africa,Cluster 2: Sub-Saharan Africa,1.0,True,683.124694716799,14826463.0,4.78,0.0,4.533205159,0.574284682369751,65.0
MYS,2010,0.1120689655172413,0.2112068965517241,1072478.0,893387.0,0.0099778884908195,0.0041746517124236,Malaysia,Asia,South-Eastern Asia,Upper middle income,7,4,2,South-Eastern Asia & Western Asia,Cluster 7: South-Eastern Asia & Western Asia,0.8571428571428571,True,8899.34505544675,28655776.0,3.32,0.0,9.6979599,0.384271245629017,151.0
NCL,2010,0.0689655172413793,0.0258620689655172,25532.0,2562.0,0.0092822622779519,0.0028185372666445,New Caledonia,Oceania,Melanesia,High income,6,1,74,Sub-Saharan Africa & Latin America,Cluster 6: Sub-Saharan Africa & Latin America,0.8571428571428571,True,35798.9084757829,261582.0,13.998,0.0,,,
NIU,2010,0.0301724137931034,0.021551724137931,239.0,2774.0,0.0,0.0006723950161564,Niue,Oceania,Polynesia,Upper middle income,7,4,75,South-Eastern Asia & Western Asia,Cluster 7: South-Eastern Asia & Western Asia,0.7142857142857143,True,,,,,,,
NRU,2010,0.0387931034482758,0.0172413793103448,249.0,1027.0,0.0,0.0007035354930965,Nauru,Oceania,Micronesia,High income,7,4,76,South-Eastern Asia & Western Asia,Cluster 7: South-Eastern Asia & Western Asia,0.7142857142857143,True,4735.92000502092,10043.0,,0.0,6.734141802,0.569045931099305,73.0
OMN,2010,0.043103448275862,0.0603448275862068,173010.0,6642.0,0.0,0.0010789839901871,Oman,Asia,Western Asia,High income,7,5,2,South-Eastern Asia & Western Asia,Cluster 7: South-Eastern Asia & Western Asia,0.8571428571428571,True,23570.1798147325,2757446.0,3.911,0.0,7.921740055,0.421266977316988,61.0
PNG,2010,0.0905172413793103,0.043103448275862,11547.0,16683.0,0.0043476638304224,0.0015526660702839,Papua New Guinea,Oceania,Melanesia,Lower middle income,7,4,77,South-Eastern Asia & Western Asia,Cluster 7: South-Eastern Asia & Western Asia,0.7142857142857143,True,1866.86889851208,7633523.0,2.002,0.0,4.076954608,0.58079939077733,70.0
PYF,2010,0.0818965517241379,0.0344827586206896,11685.0,614.0,0.0,0.0019733266780743,French Polynesia,Oceania,Polynesia,High income,6,1,78,Sub-Saharan Africa & Latin America,Cluster 6: Sub-Saharan Africa & Latin America,0.8571428571428571,True,22494.806706186,270580.0,12.133,0.0,,,
REU,2010,0.021551724137931,0.0258620689655172,51971.0,1402.0,0.0049780750858337,0.0029319285573604,Réunion,Africa,Sub-Saharan Africa,High income,6,1,79,Sub-Saharan Africa & Latin America,Cluster 6: Sub-Saharan Africa & Latin America,0.8571428571428571,True,,,,,,,
SGP,2010,0.043103448275862,0.1853448275862069,1140221.0,119943.0,0.0,0.0061161353607685,Singapore,Asia,South-Eastern Asia,High income,7,4,80,South-Eastern Asia & Western Asia,Cluster 7: South-Eastern Asia & Western Asia,0.8571428571428571,True,47236.683084953,5076732.0,4.12,0.0,11.18054008,0.401011430777737,155.0
SLB,2010,0.0646551724137931,0.043103448275862,937.0,1543.0,0.0,0.0007990959478315,Solomon Islands,Oceania,Melanesia,Lower middle income,7,4,81,South-Eastern Asia & Western Asia,Cluster 7: South-Eastern Asia & Western Asia,0.7142857142857143,True,1685.14535823757,532968.0,1.617,0.0,5.495042467,0.654809195664584,78.0
SLE,2010,0.125,0.1077586206896551,35251.0,28611.0,0.0,0.001060122048177,Sierra Leone,Africa,Sub-Saharan Africa,Low income,1,8,82,Sub-Saharan Africa,Cluster 1: Sub-Saharan Africa,1.0,True,685.039673490948,6222714.0,4.34,0.0,3.308449195,0.606969394280527,65.0
SWZ,2010,0.0732758620689655,0.0560344827586206,12955.0,16999.0,0.0,0.0008622198944336,Eswatini,Africa,Sub-Saharan Africa,Lower middle income,2,0,83,Sub-Saharan Africa,Cluster 2: Sub-Saharan Africa,1.0,True,3922.74039390733,1111650.0,26.856,0.0,4.02,0.485564271640228,64.0
SYC,2010,0.1120689655172413,0.0560344827586206,3482.0,11374.0,0.0,0.000676060763454,Seychelles,Africa,Sub-Saharan Africa,High income,2,0,84,Sub-Saharan Africa,Cluster 2: Sub-Saharan Africa,1.0,True,10934.79494629,89770.0,,0.0,10.76055404,0.455334143132471,113.0
TGO,2010,0.1293103448275862,0.1120689655172413,115514.0,201231.0,2.1738319152112257e-05,0.0015813573483317,Togo,Africa,Sub-Saharan Africa,Low income,1,8,2,Sub-Saharan Africa,Cluster 1: Sub-Saharan Africa,1.0,True,750.323421086121,6325788.0,2.379,0.0,3.492609978,0.510477975597596,51.0
TLS,2010,0.0646551724137931,0.0258620689655172,5049.0,21908.0,0.0,0.0007380100315395,Timor-Leste,Asia,South-Eastern Asia,Lower middle income,7,5,85,South-Eastern Asia & Western Asia,Cluster 7: South-Eastern Asia & Western Asia,0.7142857142857143,True,813.060177250597,1084679.0,3.301,0.0,5.347300053,0.569714866059991,0.0
TUV,2010,0.021551724137931,0.0474137931034482,68.0,479.0,0.0,0.0006724887378006,Tuvalu,Oceania,Polynesia,Upper middle income,7,4,86,South-Eastern Asia & Western Asia,Cluster 7: South-Eastern Asia & Western Asia,0.7142857142857143,True,3054.96154183353,10614.0,,0.0,9.469042284,0.579658259856929,75.0
TZA,2010,0.1163793103448275,0.1637931034482758,151775.0,103196.0,0.0009130094043887,0.0019182638911669,Tanzania,Africa,Sub-Saharan Africa,Lower middle income,2,0,87,Sub-Saharan Africa,Cluster 2: Sub-Saharan Africa,1.0,True,736.530151367188,44758488.0,3.03,0.0,5.218805981,0.543833179275633,61.0
UGA,2010,0.0560344827586206,0.146551724137931,239155.0,296680.0,0.044541815942678,0.002171592301789,Uganda,Africa,Sub-Saharan Africa,Low income,2,0,2,Sub-Saharan Africa,Cluster 2: Sub-Saharan Africa,1.0,True,823.488144282,32390802.0,3.623,120.0,5.893260002,0.564806560383452,59.0
VUT,2010,0.0387931034482758,0.0603448275862068,1096.0,3242.0,0.0,0.0008848504977013,Vanuatu,Oceania,Melanesia,Lower middle income,6,1,88,Sub-Saharan Africa & Latin America,Cluster 6: Sub-Saharan Africa & Latin America,0.8571428571428571,True,2815.18828985779,238248.0,4.681,0.0,6.052020819,0.600381924016249,74.0
ZWE,2010,0.0258620689655172,0.1336206896551724,123124.0,434884.0,0.012782131661442,0.0022338509644704,Zimbabwe,Africa,Sub-Saharan Africa,Low income,2,0,2,Sub-Saharan Africa,Cluster 2: Sub-Saharan Africa,1.0,True,902.010759067388,13356548.0,5.469,0.0,7.666366005,0.518763969698638,59.0
MRT,2010,0.1551724137931034,0.0948275862068965,28582.0,31558.0,0.0002825981489774,0.0009496824707329,Mauritania,Africa,Sub-Saharan Africa,Lower middle income,6,1,89,Sub-Saharan Africa & Latin America,Cluster 6: Sub-Saharan Africa & Latin America,0.8571428571428571,True,1659.96369705455,3390965.0,10.093,29.0,3.832967019,0.553328188081541,52.0
NER,2010,0.0560344827586206,0.1163793103448275,61503.0,129743.0,0.0,0.0012448892845892,Niger,Africa,Sub-Saharan Africa,Low income,1,8,90,Sub-Saharan Africa,Cluster 1: Sub-Saharan Africa,1.0,True,474.425692340831,16548835.0,0.718,0.0,1.530029952,0.633753701586389,51.0
GNB,2010,0.0474137931034482,0.0732758620689655,10412.0,38658.0,0.0086301127033885,0.0008841014231666,Guinea-Bissau,Africa,Sub-Saharan Africa,Low income,6,1,91,Sub-Saharan Africa & Latin America,Cluster 6: Sub-Saharan Africa & Latin America,0.8571428571428571,True,600.194298540768,1566347.0,3.121,0.0,2.8608545,0.644852314748957,48.0
LIE,2010,0.4267241379310345,0.0301724137931034,11406.0,47.0,0.0,0.0009713579927817,Liechtenstein,Europe,Western Europe,High income,9,2,92,Pan-Europe,Cluster 9: Pan-Europe,1.0,True,141089.812849014,36022.0,,0.0,11.75815288,,147.0
SMR,2010,0.0387931034482758,0.021551724137931,1991.0,1238.0,0.0,0.0006751996441926,San Marino,Europe,Southern Europe,High income,9,1,93,Pan-Europe,Cluster 9: Pan-Europe,0.8571428571428571,True,56543.190562068,33270.0,,0.0,10.20323335,,135.0
CHI,2010,0.0172413793103448,0.0172413793103448,39056.0,199.0,0.0,0.001290593285164,Channel Islands,Europe,Northern Europe,High income,9,0,94,Pan-Europe,Cluster 9: Pan-Europe,0.8571428571428571,True,56123.4597963451,158621.0,7.024,0.0,,,
VAT,2010,0.0,0.0086206896551724,0.0,39.0,0.0,0.0006437768240343,Holy See,Europe,Southern Europe,High income,6,1,95,Sub-Saharan Africa & Latin America,Cluster 6: Sub-Saharan Africa & Latin America,0.8571428571428571,True,,,,,,,
GNQ,2010,0.0258620689655172,0.0603448275862068,3296.0,43628.0,0.0,0.0007386122623937,Equatorial Guinea,Africa,Sub-Saharan Africa,Upper middle income,1,8,96,Sub-Saharan Africa,Cluster 1: Sub-Saharan Africa,1.0,True,13720.1658723222,1189085.0,7.847,0.0,7.361836749,0.416496967551879,37.0
COM,2010,0.021551724137931,0.0560344827586206,5894.0,55739.0,0.0099344118525153,0.0014029723722231,Comoros,Africa,Sub-Saharan Africa,Low income,6,1,97,Sub-Saharan Africa & Latin America,Cluster 6: Sub-Saharan Africa & Latin America,0.8571428571428571,True,1386.57533553376,654836.0,4.19,0.0,4.28724134,0.529671261281742,0.0
GRL,2010,0.0689655172413793,0.0344827586206896,1884.0,8914.0,0.0,0.000827369475121,Greenland,Americas,Northern America,High income,9,2,98,Pan-Europe,Cluster 9: Pan-Europe,1.0,True,44277.1993400972,56534.0,,0.0,,,
FRO,2010,0.1293103448275862,0.0258620689655172,2274.0,7044.0,0.0,0.000839585789013,Faroe Islands,Europe,Northern Europe,High income,9,2,99,Pan-Europe,Cluster 9: Pan-Europe,1.0,True,47924.1364756678,48656.0,,0.0,,,
SHN,2010,0.0086206896551724,0.0172413793103448,93.0,180.0,0.0,0.0006455815143111,Saint Helena,Africa,Sub-Saharan Africa,Upper middle income,9,0,100,Pan-Europe,Cluster 9: Pan-Europe,1.0,True,,,,,,,
SPM,2010,0.0129310344827586,0.0129310344827586,478.0,48.0,0.0,0.0006615691976687,Saint Pierre and Miquelon,Americas,Northern America,High income,6,1,101,Sub-Saharan Africa & Latin America,Cluster 6: Sub-Saharan Africa & Latin America,0.8571428571428571,True,,,,,,,
WLF,2010,0.021551724137931,0.0172413793103448,1033.0,3935.0,0.0,0.00121089509199,Wallis and Futuna Islands,Oceania,Polynesia,Upper middle income,6,1,102,Sub-Saharan Africa & Latin America,Cluster 6: Sub-Saharan Africa & Latin America,0.8571428571428571,True,,,,,,,
ESH,2010,0.0301724137931034,0.0129310344827586,1809.0,80238.0,0.0,0.0006719666440525,Western Sahara,Africa,Northern Africa,Lower middle income,6,1,2,Sub-Saharan Africa & Latin America,Cluster 6: Sub-Saharan Africa & Latin America,0.8571428571428571,True,,,,,,,
FSM,2010,0.0517241379310344,0.021551724137931,440.0,6190.0,4.3476638304224514e-05,0.0014888314336838,Micronesia,Oceania,Micronesia,Lower middle income,7,0,103,South-Eastern Asia & Western Asia,Cluster 7: South-Eastern Asia & Western Asia,0.8571428571428571,True,2715.26873721406,107540.0,,0.0,7.518474665,0.63213970266469,60.0
MHL,2010,0.0258620689655172,0.0129310344827586,1073.0,191.0,0.0,0.0007648003458026,Marshall Islands,Oceania,Micronesia,Upper middle income,7,3,104,South-Eastern Asia & Western Asia,Cluster 7: South-Eastern Asia & Western Asia,1.0,True,3095.45768964722,52044.0,,0.0,11.83640289,0.555787267906316,63.0
MNP,2010,0.0517241379310344,0.0129310344827586,13172.0,1250.0,0.0,0.0075274934245167,Northern Mariana Islands,Oceania,Micronesia,High income,7,0,105,South-Eastern Asia & Western Asia,Cluster 7: South-Eastern Asia & Western Asia,0.8571428571428571,True,14771.4037455399,54091.0,,0.0,,,
PLW,2010,0.0344827586206896,0.021551724137931,2230.0,1227.0,0.0043259255112703,0.0031923431238049,Palau,Oceania,Micronesia,High income,7,0,106,South-Eastern Asia & Western Asia,Cluster 7: South-Eastern Asia & Western Asia,0.8571428571428571,True,10018.065238367,18396.0,,0.0,12.74505308,0.548728786064469,0.0
MYT,2010,0.0129310344827586,0.0086206896551724,37464.0,3227.0,0.0,0.0014324988487032,Mayotte,Africa,Sub-Saharan Africa,Upper middle income,6,1,107,Sub-Saharan Africa & Latin America,Cluster 6: Sub-Saharan Africa & Latin America,0.8571428571428571,True,,,,,,,
BES,2015,0.0,0.0387931034482758,0.0,1755.0,0.0,0.0006437768240343,"Bonaire, Sint Eustatius and Saba",Americas,Caribbean,High income,3,0,0,Caribbean,Cluster 3: Caribbean,0.5714285714285714,True,,,,,,,
ABW,2015,0.0948275862068965,0.0818965517241379,19198.0,4797.0,0.0148690103000447,0.003070840415163,Aruba,Americas,Caribbean,High income,3,0,1,Caribbean,Cluster 3: Caribbean,0.5714285714285714,True,27458.2201537506,107906.0,,0.0,,,
CHN,2015,0.418103448275862,0.6077586206896551,451420.0,5760394.0,0.1937101619644723,0.0081313925468029,China,Asia,Eastern Asia,Upper middle income,1,2,2,South & Western Asia,Cluster 1: South & Western Asia,0.7142857142857143,True,8175.33285077393,1379860000.0,4.65,0.0,7.407755136,0.386337833427969,45.0
COL,2015,0.2327586206896551,0.2456896551724137,61963.0,1489260.0,0.0160646178534109,0.0026705246855832,Colombia,Americas,Latin America,Upper middle income,5,0,3,Latin America & Caribbean,Cluster 5: Latin America & Caribbean,0.7142857142857143,True,6248.51490534512,46969940.0,8.572,134.0,8.047450066,0.418212504302865,66.0
CUW,2015,0.1853448275862069,0.0560344827586206,21869.0,2864.0,0.0049998134049858,0.0031738760077375,Curaçao,Americas,Caribbean,High income,3,0,4,Caribbean,Cluster 3: Caribbean,0.5714285714285714,True,19361.8130008678,157980.0,,0.0,,,
DMA,2015,0.1422413793103448,0.1336206896551724,3101.0,11928.0,0.0043041871921182,0.0009561971857009,Dominica,Americas,Caribbean,Upper middle income,5,3,5,Latin America & Caribbean,Cluster 5: Latin America & Caribbean,0.8571428571428571,True,8282.59874702141,70410.0,,0.0,8.808424564,0.436976365239508,113.0
DOM,2015,0.4094827586206896,0.2370689655172413,192137.0,828458.0,0.0094126921928646,0.0022961808012229,Dominican Republic,Americas,Latin America,Upper middle income,3,0,6,Caribbean,Cluster 3: Caribbean,0.7142857142857143,True,6800.95309395474,10434829.0,7.605,0.0,7.718160152,0.435220441866758,51.0
GRD,2015,0.0646551724137931,0.0991379310344827,2481.0,12595.0,0.0,0.0007431016581289,Grenada,Americas,Caribbean,Upper middle income,5,3,7,Latin America & Caribbean,Cluster 5: Latin America & Caribbean,0.7142857142857143,True,8694.12438005692,114676.0,,0.0,9.70686484,0.38837697758839,117.0
GUY,2015,0.0689655172413793,0.1724137931034483,3576.0,235107.0,0.0043041871921182,0.0007171770463195,Guyana,Americas,Latin America,Upper middle income,6,0,8,Latin America & Sub-Saharan Africa,Cluster 6: Latin America & Sub-Saharan Africa,0.8571428571428571,True,5640.41560569466,758781.0,13.009,0.0,7.985366709,0.467054293469407,80.0
HTI,2015,0.0905172413793103,0.2112068965517241,7376.0,694805.0,0.0128908232572025,0.0007940442472791,Haiti,Americas,Latin America,Low income,3,0,6,Caribbean,Cluster 3: Caribbean,0.7142857142857143,True,1411.12684746796,10523242.0,13.785,0.0,5.230854216,0.515661068123873,45.0
IND,2015,0.1853448275862069,0.5258620689655172,2569178.0,5299065.0,0.1090176705478429,0.0084131746413532,India,Asia,South Asia,Lower middle income,1,2,2,South & Western Asia,Cluster 1: South & Western Asia,0.8571428571428571,True,1583.99815907985,1328024498.0,7.629,535.0,5.690693951,0.518057575773201,51.0
JAM,2015,0.0905172413793103,0.2198275862068965,10218.0,611681.0,0.0084779444693237,0.0015831627918196,Jamaica,Americas,Latin America,Upper middle income,3,3,9,Caribbean,Cluster 3: Caribbean,0.7142857142857143,True,5339.30718256806,2802534.0,8.825,0.0,8.789758241,0.430955752193971,76.0
NIC,2015,0.2284482758620689,0.1637931034482758,18578.0,350807.0,0.0099126735333631,0.0015115379071736,Nicaragua,Americas,Latin America,Lower middle income,5,3,10,Latin America & Caribbean,Cluster 5: Latin America & Caribbean,0.5714285714285714,True,2074.45620634731,6149417.0,4.7,0.0,6.68,0.447618301880381,108.0
NLD,2015,0.1724137931034483,0.3793103448275862,823861.0,293438.0,0.0288902261531571,0.008116828752588,Netherlands,Europe,Western Europe,High income,6,0,2,Latin America & Sub-Saharan Africa,Cluster 6: Latin America & Sub-Saharan Africa,0.7142857142857143,True,45793.8135434697,16939923.0,6.872,0.0,12.13512993,0.342168905672133,171.0
PER,2015,0.2241379310344827,0.2413793103448275,69871.0,701776.0,0.0,0.0018479079865047,Peru,Americas,Latin America,Upper middle income,6,0,11,Latin America & Sub-Saharan Africa,Cluster 6: Latin America & Sub-Saharan Africa,0.7142857142857143,True,6231.71150338894,30457600.0,3.272,0.0,9.094240189,0.418610382819989,82.0
PHL,2015,0.0387931034482758,0.3836206896551724,30313.0,3416422.0,0.0127169167039856,0.0013877999279067,Philippines,Asia,South-Eastern Asia,Lower middle income,1,2,2,South & Western Asia,Cluster 1: South & Western Asia,0.8571428571428571,True,2909.85818010301,105312992.0,3.068,572.0,8.796239853,0.47321735750757,60.0
PRT,2015,0.5517241379310345,0.2887931034482758,464479.0,868216.0,0.0266946559187938,0.0065957556733755,Portugal,Europe,Southern Europe,High income,7,0,2,Sub-Saharan Africa,Cluster 7: Sub-Saharan Africa,1.0,True,19215.7813014347,10358076.0,12.405,0.0,8.986729622,0.339079203815226,170.0
SUR,2015,0.0172413793103448,0.1034482758620689,11491.0,130863.0,0.0085866360650843,0.0007053592338541,Suriname,Americas,Latin America,Upper middle income,6,0,2,Latin America & Sub-Saharan Africa,Cluster 6: Latin America & Sub-Saharan Africa,0.7142857142857143,True,8813.61705392067,581627.0,7.22,0.0,8.184301615,0.398878889603552,70.0
SXM,2015,0.1422413793103448,0.0344827586206896,13088.0,919.0,0.0,0.0037837694467397,Sint Maarten,Americas,Caribbean,High income,3,0,12,Caribbean,Cluster 3: Caribbean,0.7142857142857143,True,37839.6283815163,37471.0,,0.0,,,
TUR,2015,0.1896551724137931,0.3405172413793103,1697574.0,1296917.0,0.0390854978354978,0.0081371002622811,Turkey,Asia,Western Asia,Upper middle income,8,6,2,Pan-Europe,Cluster 8: Pan-Europe,0.8571428571428571,True,11064.6494504662,78218479.0,10.304,933.0,7.958399773,0.380782673370426,102.0
USA,2015,0.2543103448275862,0.6896551724137931,22302618.0,1456748.0,0.5487186520376176,0.1285051087451718,United States,Americas,Northern America,High income,5,3,2,Latin America & Caribbean,Cluster 5: Latin America & Caribbean,0.5714285714285714,True,56849.4697923159,321815121.0,5.28,87.0,13.25187969,0.310548399216006,172.0
VCT,2015,0.0646551724137931,0.1120689655172413,2150.0,16875.0,0.0,0.0010391977795799,Saint Vincent and the Grenadines,Americas,Caribbean,Upper middle income,5,3,13,Latin America & Caribbean,Cluster 5: Latin America & Caribbean,0.7142857142857143,True,7353.73556054184,106960.0,19.135,0.0,10.57247323,0.430432936370788,119.0
VEN,2015,0.4827586206896551,0.2413793103448275,700915.0,402601.0,0.0416940961337513,0.0050984821248871,Venezuela,Americas,Latin America,Lower middle income,5,0,2,Latin America & Caribbean,Cluster 5: Latin America & Caribbean,0.7142857142857143,True,4096.61989137473,30573972.0,6.139,0.0,9.641010284,0.373102070786943,129.0
PAK,2015,0.0344827586206896,0.3448275862068966,1622930.0,1820658.0,0.0128256082997462,0.001867651754256,Pakistan,Asia,South Asia,Lower middle income,1,2,2,South & Western Asia,Cluster 1: South & Western Asia,1.0,True,1380.47020838317,217290883.0,3.566,2124.0,5.162640095,0.515724272983339,31.0
AFG,2015,0.0129310344827586,0.2672413793103448,139534.0,2428980.0,0.0085648977459322,0.0007899056183951,Afghanistan,Asia,South Asia,Low income,1,2,2,South & Western Asia,Cluster 1: South & Western Asia,1.0,True,565.569730408751,33831764.0,9.032,17285.0,2.124310017,0.583232874822956,25.0
TJK,2015,0.1508620689655172,0.1293103448275862,156288.0,227175.0,0.0,0.0009785145541502,Tajikistan,Asia,Central Asia,Low income,0,1,2,Pan-Europe,Cluster 0: Pan-Europe,0.5714285714285714,True,956.916310930656,8643840.0,7.033,0.0,11.34850794,0.386570292245911,51.0
UZB,2015,0.043103448275862,0.1810344827586207,586492.0,975293.0,0.0,0.0017699416168043,Uzbekistan,Asia,Central Asia,Lower middle income,0,1,2,Pan-Europe,Cluster 0: Pan-Europe,0.5714285714285714,True,3172.89899391083,30749346.0,5.15,0.0,11.35682964,0.353469592143548,52.0
CIV,2015,0.043103448275862,0.1724137931034483,1026889.0,520303.0,0.0664757799671592,0.0076738888813055,Côte d'Ivoire,Africa,Sub-Saharan Africa,Lower middle income,2,7,14,Sub-Saharan Africa,Cluster 2: Sub-Saharan Africa,1.0,True,1814.71855088017,25246342.0,2.573,0.0,4.308879972,0.488387300716929,54.0
AGO,2015,0.0560344827586206,0.1637931034482758,63650.0,261293.0,0.0012825608299746,0.0011148525768861,Angola,Africa,Sub-Saharan Africa,Lower middle income,7,0,2,Sub-Saharan Africa,Cluster 7: Sub-Saharan Africa,1.0,True,3641.72893920253,28157798.0,16.472,1.0,5.315629959,0.506421666846786,40.0
COD,2015,0.0344827586206896,0.2413793103448275,391537.0,751708.0,0.0324770488132557,0.0023795314566249,DR Congo,Africa,Sub-Saharan Africa,Low income,7,4,2,Sub-Saharan Africa,Cluster 7: Sub-Saharan Africa,1.0,True,495.826633014883,81035531.0,4.441,1.0,6.49326992,0.568621917997523,37.0
COG,2015,0.0905172413793103,0.168103448275862,172616.0,100092.0,0.0003478131064337,0.0016553421974925,Congo,Africa,Sub-Saharan Africa,Lower middle income,7,4,15,Sub-Saharan Africa,Cluster 7: Sub-Saharan Africa,1.0,True,2439.35189403696,5097581.0,20.02,1.0,8.157099724,0.523258973568623,41.0
CPV,2015,0.1379310344827586,0.1034482758620689,6603.0,63814.0,0.0043041871921182,0.0008496385031057,Cabo Verde,Africa,Sub-Saharan Africa,Lower middle income,7,0,16,Sub-Saharan Africa,Cluster 7: Sub-Saharan Africa,1.0,True,3415.06266730931,512394.0,11.923,0.0,5.858970165,0.419215515468014,0.0
GIN,2015,0.5129310344827586,0.1594827586206896,48426.0,182515.0,0.0286076280041797,0.0019887764743711,Guinea,Africa,Sub-Saharan Africa,Low income,2,7,14,Sub-Saharan Africa,Cluster 2: Sub-Saharan Africa,1.0,True,747.356966759448,11767070.0,5.15,1.0,2.451784968,0.53729209085648,43.0
MOZ,2015,0.0689655172413793,0.146551724137931,156844.0,261851.0,0.0098691968950589,0.0021037752830559,Mozambique,Africa,Sub-Saharan Africa,Low income,7,4,2,Sub-Saharan Africa,Cluster 7: Sub-Saharan Africa,1.0,True,610.563774706589,26547572.0,3.426,0.0,3.18881011,0.494313719790159,49.0
NAM,2015,0.3491379310344827,0.0818965517241379,45730.0,21460.0,0.0,0.0013195819054046,Namibia,Africa,Sub-Saharan Africa,Upper middle income,7,4,17,Sub-Saharan Africa,Cluster 7: Sub-Saharan Africa,1.0,True,4774.10650865775,2374300.0,20.791,0.0,6.986233212,0.478229315004604,70.0
RWA,2015,0.021551724137931,0.1551724137931034,254527.0,253122.0,0.0299336654724585,0.0018985259087764,Rwanda,Africa,Sub-Saharan Africa,Low income,7,4,2,Sub-Saharan Africa,Cluster 7: Sub-Saharan Africa,1.0,True,725.691418696952,11640022.0,11.831,0.0,4.095149994,0.573004831576779,47.0
STP,2015,0.0258620689655172,0.043103448275862,1163.0,18020.0,0.0,0.0006594809641391,Sao Tome and Principe,Africa,Sub-Saharan Africa,Lower middle income,7,0,18,Sub-Saharan Africa,Cluster 7: Sub-Saharan Africa,1.0,True,1298.10946596396,200291.0,10.591,0.0,5.575672695,0.548568532253,50.0
TCD,2015,0.043103448275862,0.125,245183.0,81800.0,0.0491286012837737,0.0014256273561538,Chad,Africa,Sub-Saharan Africa,Low income,7,4,2,Sub-Saharan Africa,Cluster 7: Sub-Saharan Africa,1.0,True,993.990730610869,14647621.0,1.032,272.0,2.045593977,0.647435670629029,47.0
ZAF,2015,0.5129310344827586,0.3060344827586206,878930.0,396333.0,0.0438679280489625,0.0088393243096903,South Africa,Africa,Sub-Saharan Africa,Upper middle income,7,4,2,Sub-Saharan Africa,Cluster 7: Sub-Saharan Africa,1.0,True,6112.27382485974,56723537.0,25.149,0.0,10.23357964,0.398014539067049,95.0
ZMB,2015,0.125,0.1379310344827586,58219.0,65726.0,0.0,0.0011007292467822,Zambia,Africa,Sub-Saharan Africa,Lower middle income,7,4,19,Sub-Saharan Africa,Cluster 7: Sub-Saharan Africa,1.0,True,1295.87788680068,16399089.0,5.951,2.0,6.756329485,0.497209141369562,65.0
CAN,2015,0.5560344827586207,0.4913793103448275,4134516.0,686431.0,0.0527371622630243,0.0477667505389977,Canada,Americas,Northern America,High income,1,2,2,South & Western Asia,Cluster 1: South & Western Asia,0.8571428571428571,True,43594.2379080706,35704498.0,6.945,0.0,13.69808826,0.281935186256586,170.0
AIA,2015,0.0387931034482758,0.043103448275862,1889.0,748.0,0.0,0.0015000265721081,Anguilla,Americas,Caribbean,High income,3,0,20,Caribbean,Cluster 3: Caribbean,0.7142857142857143,True,,,,,,,
GBR,2015,0.1508620689655172,0.603448275862069,3371406.0,2229939.0,0.304032131661442,0.0484476909367576,United Kingdom,Europe,Northern Europe,High income,4,1,2,Pan-Europe,Cluster 4: Pan-Europe,0.8571428571428571,True,45256.040227057,65087000.0,5.552,0.0,12.97976335,0.284203905039491,173.0
KNA,2015,0.0560344827586206,0.0948275862068965,1714.0,6507.0,0.0,0.0017566598545114,Saint Kitts and Nevis,Americas,Latin America,High income,3,0,21,Caribbean,Cluster 3: Caribbean,0.7142857142857143,True,20328.8003530109,47087.0,,0.0,10.8494008,,131.0
MSR,2015,0.043103448275862,0.0517241379310344,541.0,1584.0,0.0,0.0006964627327564,Montserrat,Americas,Caribbean,Upper middle income,5,3,22,Latin America & Caribbean,Cluster 5: Latin America & Caribbean,0.7142857142857143,True,,,,,,,
VIR,2015,0.0862068965517241,0.0603448275862068,29486.0,1675.0,0.014151645768025,0.0054107180013859,United States Virgin Islands,Americas,Caribbean,High income,5,3,23,Latin America & Caribbean,Cluster 5: Latin America & Caribbean,0.5714285714285714,True,34007.3529411765,107712.0,11.649,0.0,,,
ALB,2015,0.0258620689655172,0.1637931034482758,22493.0,488986.0,2.1738319152112257e-05,0.0011496906325144,Albania,Europe,Eastern Europe,Upper middle income,0,1,24,Pan-Europe,Cluster 0: Pan-Europe,0.7142857142857143,True,4199.53912925398,2731293.0,17.193,0.0,9.996063995,0.411554940846958,94.0
GRC,2015,0.7887931034482758,0.2413793103448275,672395.0,363410.0,0.0092822622779519,0.0092173353355463,Greece,Europe,Southern Europe,High income,0,1,2,Pan-Europe,Cluster 0: Pan-Europe,0.7142857142857143,True,17980.7298238137,10820883.0,24.981,0.0,10.74370956,0.341530399105538,167.0
ITA,2015,0.6120689655172413,0.4568965517241379,3001101.0,1277896.0,0.0393463576653231,0.0258916140566039,Italy,Europe,Southern Europe,High income,4,1,2,Pan-Europe,Cluster 4: Pan-Europe,0.8571428571428571,True,30639.8829751432,60229605.0,11.896,0.0,10.3059597,0.345616055244561,171.0
MKD,2015,0.0818965517241379,0.1551724137931034,75337.0,217176.0,2.1738319152112257e-05,0.0009351069677341,North Macedonia,Europe,Eastern Europe,Upper middle income,4,1,25,Pan-Europe,Cluster 4: Pan-Europe,0.8571428571428571,True,5262.68671928674,1912430.0,26.395,0.0,10.83010507,0.366102359413344,0.0
ARG,2015,0.3103448275862069,0.2758620689655172,926653.0,447735.0,0.0392376660695626,0.0086868172668294,Argentina,Americas,Latin America,Upper middle income,6,0,2,Latin America & Sub-Saharan Africa,Cluster 6: Latin America & Sub-Saharan Africa,0.8571428571428571,True,13679.6264980954,43477012.0,7.577,0.0,10.91755009,0.401349680015877,150.0
AND,2015,0.0603448275862068,0.0387931034482758,19190.0,730.0,0.0,0.0010335240482318,Andorra,Europe,Western Europe,High income,6,0,26,Latin America & Sub-Saharan Africa,Cluster 6: Latin America & Sub-Saharan Africa,0.8571428571428571,True,38654.9347217207,72174.0,,0.0,10.57328033,,149.0
BEL,2015,0.3577586206896552,0.3103448275862069,840799.0,231626.0,0.0124777951933124,0.010664246276988,Belgium,Europe,Western Europe,High income,6,0,2,Latin America & Sub-Saharan Africa,Cluster 6: Latin America & Sub-Saharan Africa,0.8571428571428571,True,40893.804537772,11274196.0,8.482,0.0,11.89404011,0.343754896121476,170.0
CHL,2015,0.4094827586206896,0.2327586206896551,295272.0,216629.0,0.0049998134049858,0.0043366587627762,Chile,Americas,Latin America,High income,6,0,2,Latin America & Sub-Saharan Africa,Cluster 6: Latin America & Sub-Saharan Africa,0.8571428571428571,True,13433.9202987032,18047625.0,6.605,0.0,10.25590992,0.337793204522337,150.0
DEU,2015,0.1163793103448275,0.5258620689655172,4732302.0,2253314.0,0.2880327287654874,0.0260445412459878,Germany,Europe,Western Europe,High income,4,1,2,Pan-Europe,Cluster 4: Pan-Europe,1.0,True,41929.7549110722,81686611.0,4.612,0.0,14.08201981,0.301074730761147,173.0
ESP,2015,0.2025862068965517,0.3706896551724138,2861383.0,670024.0,0.1036265673981191,0.0213817117165329,Spain,Europe,Southern Europe,High income,6,0,2,Latin America & Sub-Saharan Africa,Cluster 6: Latin America & Sub-Saharan Africa,0.8571428571428571,True,25982.4416197775,46422303.0,22.057,0.0,9.912139893,0.304096108979646,170.0
FRA,2015,0.2284482758620689,0.5689655172413793,3751751.0,1152833.0,0.2516427825048515,0.0326601234526025,France,Europe,Western Europe,High income,6,0,2,Latin America & Sub-Saharan Africa,Cluster 6: Latin America & Sub-Saharan Africa,0.8571428571428571,True,36702.4323733379,66548272.0,10.354,0.0,11.33419037,0.303791829266957,171.0
MAR,2015,0.0775862068965517,0.25,38238.0,1369150.0,0.0,0.0013453276049705,Morocco,Africa,Northern Africa,Lower middle income,6,0,2,Latin America & Sub-Saharan Africa,Cluster 6: Latin America & Sub-Saharan Africa,0.8571428571428571,True,3146.24780273438,34607588.0,9.46,0.0,5.38,0.387929474482901,56.0
URY,2015,0.0732758620689655,0.1810344827586207,40216.0,130384.0,0.0,0.0013088848043991,Uruguay,Americas,Latin America,High income,6,0,2,Latin America & Sub-Saharan Africa,Cluster 6: Latin America & Sub-Saharan Africa,0.8571428571428571,True,17125.9016800298,3368017.0,7.488,0.0,8.669449806,0.393747261204814,134.0
ARE,2015,0.1422413793103448,0.1379310344827586,2122877.0,58613.0,0.0006956262128675,0.0065359337726673,United Arab Emirates,Asia,Western Asia,High income,1,2,2,South & Western Asia,Cluster 1: South & Western Asia,1.0,True,44910.3458860776,8505237.0,1.793,0.0,10.67445625,0.40096175976111,113.0
BGD,2015,0.0732758620689655,0.2370689655172413,540151.0,2175601.0,0.0923443797581728,0.0051447701161307,Bangladesh,Asia,South Asia,Lower middle income,1,2,2,South & Western Asia,Cluster 1: South & Western Asia,0.8571428571428571,True,1224.38647668165,159383179.0,4.397,2.0,5.98582983,0.538382156514073,40.0
BHR,2015,0.1422413793103448,0.0905172413793103,192985.0,21518.0,0.0,0.0014518788825702,Bahrain,Asia,Western Asia,High income,1,2,2,South & Western Asia,Cluster 1: South & Western Asia,0.8571428571428571,True,23734.0551143019,1370322.0,1.164,0.0,9.107093493,0.438215796403492,70.0
EGY,2015,0.1293103448275862,0.3103448275862069,122051.0,1191473.0,0.0004130280638901,0.0008679226692237,Egypt,Africa,Northern Africa,Lower middle income,1,2,2,South & Western Asia,Cluster 1: South & Western Asia,1.0,True,3306.98159414141,99597342.0,13.052,767.0,8.567844217,0.424020732467022,47.0
ERI,2015,0.0905172413793103,0.1637931034482758,6035.0,218123.0,0.0,0.0006789061733704,Eritrea,Africa,Sub-Saharan Africa,Low income,8,6,27,Pan-Europe,Cluster 8: Pan-Europe,0.8571428571428571,True,539.699512069686,3105546.0,5.751,0.0,4.6364279,0.607435259590638,34.0
ETH,2015,0.0517241379310344,0.2198275862068965,394452.0,452015.0,0.122191091954023,0.0017863493782978,Ethiopia,Africa,Sub-Saharan Africa,Low income,7,4,2,Sub-Saharan Africa,Cluster 7: Sub-Saharan Africa,1.0,True,597.912113218663,103867135.0,2.442,50.0,2.375797987,0.555944759818075,35.0
IDN,2015,0.1077586206896551,0.2758620689655172,59131.0,1859789.0,0.0168037207045827,0.0019083383928288,Indonesia,Asia,South-Eastern Asia,Upper middle income,1,2,2,South & Western Asia,Cluster 1: South & Western Asia,0.7142857142857143,True,3288.22269725538,261799249.0,4.514,0.0,7.914480209,0.467663143358327,55.0
JOR,2015,0.0344827586206896,0.1853448275862069,1855017.0,248702.0,0.0003478131064337,0.0052481119737605,Jordan,Asia,Western Asia,Upper middle income,8,6,2,Pan-Europe,Cluster 8: Pan-Europe,0.8571428571428571,True,4441.61896013754,9544729.0,13.075,0.0,10.37561117,0.392262859652343,44.0
KWT,2015,0.1422413793103448,0.1206896551724137,925513.0,52280.0,0.0,0.0038594737633613,Kuwait,Asia,Western Asia,High income,1,2,2,South & Western Asia,Cluster 1: South & Western Asia,1.0,True,29882.2126495698,3834574.0,2.2,0.0,7.072740078,0.364457578675469,78.0
LBN,2015,0.0344827586206896,0.3189655172413793,871154.0,259051.0,0.0,0.0019620991269636,Lebanon,Asia,Western Asia,Lower middle income,8,6,2,Pan-Europe,Cluster 8: Pan-Europe,0.8571428571428571,True,7714.1099998804,6472469.0,9.312,76.0,8.448536586,0.408331011584624,37.0
LKA,2015,0.2112068965517241,0.2327586206896551,18021.0,573719.0,0.0049780750858337,0.0014210052517425,Sri Lanka,Asia,South Asia,Lower middle income,1,2,2,South & Western Asia,Cluster 1: South & Western Asia,0.8571428571428571,True,4057.71582716521,20970000.0,4.519,0.0,10.46438163,0.486210154954436,38.0
NGA,2015,0.0387931034482758,0.3362068965517241,485855.0,636943.0,0.0748450328407225,0.0041421980781883,Nigeria,Africa,Sub-Saharan Africa,Lower middle income,2,7,14,Sub-Saharan Africa,Cluster 2: Sub-Saharan Africa,1.0,True,2585.73360671797,190671878.0,4.134,4766.0,6.645626545,0.490498339431778,44.0
NPL,2015,0.0258620689655172,0.1982758620689655,347545.0,869081.0,0.0133908045977011,0.0014280069479517,Nepal,Asia,South Asia,Lower middle income,1,2,2,South & Western Asia,Cluster 1: South & Western Asia,0.8571428571428571,True,875.543635474862,27823629.0,10.643,0.0,3.691359997,0.504916452701541,34.0
PSE,2015,0.0603448275862068,0.1982758620689655,137244.0,1748088.0,0.0525632557098074,0.0075921195330305,Palestine,Asia,Western Asia,Lower middle income,8,6,2,Pan-Europe,Cluster 8: Pan-Europe,0.8571428571428571,True,3272.15432360708,4270092.0,23.005,0.0,9.075750351,,34.0
QAT,2015,0.1422413793103448,0.0862068965517241,387220.0,8596.0,0.0,0.0018454934587767,Qatar,Asia,Western Asia,High income,1,2,2,South & Western Asia,Cluster 1: South & Western Asia,0.7142857142857143,True,68985.2946961507,2344557.0,0.17,0.0,9.695640087,0.361594217338872,74.0
SAU,2015,0.0818965517241379,0.1896551724137931,2648986.0,65475.0,0.0012173458725182,0.0052933917228974,Saudi Arabia,Asia,Western Asia,High income,1,2,2,South & Western Asia,Cluster 1: South & Western Asia,0.8571428571428571,True,23256.1549553531,29816382.0,5.6,0.0,9.941319942,0.414613559216454,66.0
SDN,2015,0.0646551724137931,0.2327586206896551,298089.0,825658.0,0.0992571652485445,0.0020951416753033,Sudan,Africa,Sub-Saharan Africa,Low income,7,4,2,Sub-Saharan Africa,Cluster 7: Sub-Saharan Africa,1.0,True,1292.37963867188,40024431.0,14.39,1264.0,3.62,0.605123568005821,35.0
SOM,2015,0.0129310344827586,0.2327586206896551,9727.0,806249.0,0.0043041871921182,0.0006699876862303,Somalia,Africa,Sub-Saharan Africa,Low income,7,4,2,Sub-Saharan Africa,Cluster 7: Sub-Saharan Africa,1.0,True,445.583080073396,13806963.0,18.495,1206.0,1.9003,0.615160463270685,30.0
SSD,2015,0.0560344827586206,0.0818965517241379,412174.0,429684.0,0.0479547320495596,0.0019050096451641,South Sudan,Africa,Sub-Saharan Africa,Low income,7,4,2,Sub-Saharan Africa,Cluster 7: Sub-Saharan Africa,1.0,True,1080.14718624765,11107561.0,12.464,493.0,5.726140022,,35.0
SYR,2015,0.021551724137931,0.3318965517241379,378843.0,2726698.0,0.0358464882818331,0.0017792351744897,Syria,Asia,Western Asia,Low income,8,6,2,Pan-Europe,Cluster 8: Pan-Europe,0.7142857142857143,True,847.731545352582,19424618.0,14.244,50181.0,5.958620913,0.4704081485239,33.0
THA,2015,0.0560344827586206,0.271551724137931,1121317.0,543923.0,0.0057823928944618,0.0036548316876884,Thailand,Asia,South-Eastern Asia,Upper middle income,9,5,2,Polynesia & South-Eastern Asia,Cluster 9: Polynesia & South-Eastern Asia,0.7142857142857143,True,5688.85335397884,70540795.0,0.597,57.0,8.180100282,0.435746265201602,68.0
TUN,2015,0.0732758620689655,0.1853448275862069,22024.0,270077.0,0.0,0.0010304329303651,Tunisia,Africa,Northern Africa,Lower middle income,6,0,2,Latin America & Sub-Saharan Africa,Cluster 6: Latin America & Sub-Saharan Africa,0.8571428571428571,True,4014.94773686432,11402264.0,15.159,59.0,7.082895041,0.368216218103645,63.0
YEM,2015,0.0474137931034482,0.146551724137931,162817.0,606267.0,6.521495745633678e-05,0.0008030685680426,Yemen,Asia,Western Asia,Low income,1,2,2,South & Western Asia,Cluster 1: South & Western Asia,0.8571428571428571,True,1362.1738120601,31159379.0,17.9,7801.0,2.705099864,0.52805840529864,39.0
ARM,2015,0.0603448275862068,0.1810344827586207,94358.0,340431.0,2.1738319152112257e-05,0.0008188874373899,Armenia,Asia,Western Asia,Upper middle income,0,1,28,Pan-Europe,Cluster 0: Pan-Europe,0.5714285714285714,True,3512.39350276709,3004600.0,18.261,0.0,11.57221031,0.361692480349331,52.0
AUS,2015,0.8491379310344828,0.4051724137931034,3422601.0,198013.0,0.1368427190625466,0.0618846939225716,Australia,Oceania,Australia/NZ,High income,9,5,2,Polynesia & South-Eastern Asia,Cluster 9: Polynesia & South-Eastern Asia,0.7142857142857143,True,56970.3613028094,23815995.0,6.055,0.0,12.2456398,0.327117292417006,168.0
AUT,2015,0.1853448275862069,0.2672413793103448,727795.0,221192.0,0.0,0.005387567465825,Austria,Europe,Western Europe,High income,4,1,2,Pan-Europe,Cluster 4: Pan-Europe,1.0,True,43915.228020857,8642699.0,5.802,0.0,12.07699013,0.300143776306643,169.0
BGR,2015,0.7155172413793104,0.25,63587.0,555219.0,0.0,0.0013269805658278,Bulgaria,Europe,Eastern Europe,Upper middle income,8,6,2,Pan-Europe,Cluster 8: Pan-Europe,0.8571428571428571,True,7269.02586513711,6984225.0,9.143,0.0,11.18832016,0.351953611637184,149.0
BOL,2015,0.5689655172413793,0.1637931034482758,66531.0,345567.0,0.0,0.0019464838862151,Bolivia,Americas,Latin America,Lower middle income,6,0,2,Latin America & Sub-Saharan Africa,Cluster 6: Latin America & Sub-Saharan Africa,0.8571428571428571,True,2996.01289811344,11014705.0,3.111,0.0,8.929070473,0.459259432876688,71.0
BRA,2015,0.4612068965517241,0.3275862068965517,257848.0,774473.0,0.0048041685326168,0.0043948387664686,Brazil,Americas,Latin America,Upper middle income,5,0,2,Latin America & Caribbean,Cluster 5: Latin America & Caribbean,0.7142857142857143,True,8936.19661712113,201675532.0,8.538,0.0,7.506820202,0.370834532029391,148.0
CHE,2015,0.1939655172413793,0.3189655172413793,1005023.0,259889.0,0.0043259255112703,0.0132975791073369,Switzerland,Europe,Western Europe,High income,4,1,2,Pan-Europe,Cluster 4: Pan-Europe,1.0,True,85265.06205193,8282396.0,4.801,0.0,13.71187973,0.282400066569062,169.0
CRI,2015,0.5775862068965517,0.1508620689655172,207046.0,20088.0,0.0092387856396477,0.0026609997913537,Costa Rica,Americas,Latin America,Upper middle income,5,3,29,Latin America & Caribbean,Cluster 5: Latin America & Caribbean,0.5714285714285714,True,11714.7106121672,4818038.0,8.415,0.0,8.584500313,0.383416272700676,127.0
CUB,2015,0.1422413793103448,0.2672413793103448,2402.0,783788.0,0.0,0.0006795497754545,Cuba,Americas,Latin America,Upper middle income,5,3,2,Latin America & Caribbean,Cluster 5: Latin America & Caribbean,0.5714285714285714,True,7727.91997207998,11275065.0,2.4,0.0,11.14122554,0.434878207476957,59.0
CYP,2015,0.5818965517241379,0.1077586206896551,97985.0,37238.0,0.0,0.0021399514546581,Cyprus,Europe,Western Asia,High income,0,1,30,Pan-Europe,Cluster 0: Pan-Europe,0.7142857142857143,True,23088.4296875,1219502.0,15.026,0.0,11.86548042,0.357181523540881,157.0
CZE,2015,0.1982758620689655,0.1939655172413793,323008.0,362160.0,0.0092822622779519,0.0023080114235351,Czechia,Europe,Eastern Europe,High income,4,1,2,Pan-Europe,Cluster 4: Pan-Europe,1.0,True,17931.5987670768,10546059.0,5.048,0.0,12.67333984,0.259651279330916,163.0
DNK,2015,0.8103448275862069,0.2284482758620689,305482.0,58517.0,0.02789026347216,0.0079742586292009,Denmark,Europe,Northern Europe,High income,4,6,31,Pan-Europe,Cluster 4: Pan-Europe,1.0,True,53094.0133607574,5683483.0,6.278,0.0,12.63831997,0.341755704355774,171.0
DZA,2015,0.0862068965517241,0.2543103448275862,108981.0,827164.0,0.0047172152560083,0.001456397076364,Algeria,Africa,Northern Africa,Lower middle income,6,0,2,Latin America & Sub-Saharan Africa,Cluster 6: Latin America & Sub-Saharan Africa,0.8571428571428571,True,4685.05902729002,40019529.0,11.206,110.0,7.153437138,0.37601512165201,45.0
ECU,2015,0.2068965517241379,0.168103448275862,159620.0,556429.0,0.0,0.0019545870331359,Ecuador,Americas,Latin America,Upper middle income,6,0,2,Latin America & Sub-Saharan Africa,Cluster 6: Latin America & Sub-Saharan Africa,0.7142857142857143,True,5976.1596805651,16266225.0,3.616,0.0,8.701580048,0.468559399695888,78.0
EST,2015,0.5387931034482758,0.1508620689655172,114631.0,68658.0,0.0041085423197492,0.0010112159874083,Estonia,Europe,Northern Europe,High income,0,1,2,Pan-Europe,Cluster 0: Pan-Europe,0.5714285714285714,True,17722.1557669523,1315407.0,6.412,0.0,13.48861027,0.337256994003795,158.0
GTM,2015,0.2112068965517241,0.1551724137931034,38061.0,462465.0,0.0084996827884758,0.0012342234376501,Guatemala,Americas,Latin America,Upper middle income,5,3,2,Latin America & Caribbean,Cluster 5: Latin America & Caribbean,0.5714285714285714,True,3893.50533299068,15971743.0,2.506,0.0,4.933569908,0.455988373171809,113.0
HND,2015,0.1810344827586207,0.1508620689655172,18118.0,381022.0,0.0,0.0012462351364202,Honduras,Americas,Latin America,Lower middle income,5,3,2,Latin America & Caribbean,Cluster 5: Latin America & Caribbean,0.5714285714285714,True,2271.20265980349,9237305.0,6.147,0.0,6.294149876,0.451022860681871,116.0
HRV,2015,0.3060344827586206,0.1853448275862069,298430.0,430133.0,0.0217383191521122,0.0020816264411805,Croatia,Europe,Eastern Europe,High income,4,1,2,Pan-Europe,Cluster 4: Pan-Europe,1.0,True,12283.8750299177,4151725.0,16.15,0.0,11.65574329,0.377882432091323,141.0
HUN,2015,0.7370689655172413,0.2241379310344827,227523.0,230635.0,0.0,0.0023158323978504,Hungary,Europe,Eastern Europe,High income,4,1,2,Pan-Europe,Cluster 4: Pan-Europe,1.0,True,12782.9412577973,9797755.0,6.813,0.0,11.84778976,0.351230826683014,162.0
IRL,2015,0.1120689655172413,0.2543103448275862,356451.0,384143.0,0.0,0.0065073848966063,Ireland,Europe,Northern Europe,High income,4,1,2,Pan-Europe,Cluster 4: Pan-Europe,0.8571428571428571,True,64250.1385181257,4701957.0,9.908,0.0,11.28944651,0.317270170163786,169.0
IRN,2015,0.0301724137931034,0.2974137931034483,1233798.0,542610.0,0.0044998320644872,0.0010211141901449,Iran,Asia,Western Asia,Lower middle income,1,2,2,South & Western Asia,Cluster 1: South & Western Asia,1.0,True,4952.73355532178,82619362.0,11.166,0.0,10.21497011,0.371672637609258,37.0
ISR,2015,0.2801724137931034,0.25,811014.0,144023.0,0.0401071988356471,0.0087549560736327,Israel,Asia,Western Asia,High income,0,1,2,Pan-Europe,Cluster 0: Pan-Europe,0.8571428571428571,True,36138.13561386,8380100.0,5.176,0.0,12.9602499,0.308298154223026,145.0
JPN,2015,0.2543103448275862,0.3706896551724138,1374634.0,530741.0,0.0050650283624421,0.0108144560405924,Japan,Asia,Eastern Asia,High income,5,3,2,Latin America & Caribbean,Cluster 5: Latin America & Caribbean,0.5714285714285714,True,35664.6446110613,127141000.0,3.385,0.0,12.59956503,0.372984956094936,171.0
KOR,2015,0.0603448275862068,0.3275862068965517,501352.0,1191864.0,0.0,0.0033678004609741,South Korea,Asia,Eastern Asia,High income,5,3,2,Latin America & Caribbean,Cluster 5: Latin America & Caribbean,0.5714285714285714,True,30171.7906545222,51014947.0,3.546,0.0,12.11633015,0.362199318028219,171.0
LAO,2015,0.0258620689655172,0.1034482758620689,15051.0,319336.0,0.0,0.0006757373922013,Laos,Asia,South-Eastern Asia,Lower middle income,9,5,2,Polynesia & South-Eastern Asia,Cluster 9: Polynesia & South-Eastern Asia,0.7142857142857143,True,2121.01339097363,6801645.0,2.006,0.0,5.478619371,0.480034054839762,45.0
LTU,2015,0.4525862068965517,0.1810344827586207,78512.0,224459.0,0.0,0.0010466721203901,Lithuania,Europe,Northern Europe,High income,4,1,2,Pan-Europe,Cluster 4: Pan-Europe,0.7142857142857143,True,14269.8039878287,2911109.0,9.12,0.0,12.95541,0.369055123482001,158.0
MEX,2015,0.3318965517241379,0.2327586206896551,526267.0,5842657.0,0.0176515151515151,0.0309952096137211,Mexico,Americas,Latin America,Upper middle income,5,3,2,Latin America & Caribbean,Cluster 5: Latin America & Caribbean,0.5714285714285714,True,10021.2386113616,121072306.0,4.311,0.0,8.601650238,0.382413818226495,133.0
MNE,2015,0.125,0.0818965517241379,43045.0,55702.0,0.0,0.0008774583978585,Montenegro,Europe,Eastern Europe,Upper middle income,4,1,32,Pan-Europe,Cluster 4: Pan-Europe,1.0,True,6421.00005731419,624651.0,17.555,0.0,11.87033422,0.37237260631171,104.0
NOR,2015,0.8879310344827586,0.1810344827586207,353114.0,55180.0,0.0004782430213464,0.0078311862027879,Norway,Europe,Northern Europe,High income,4,6,33,Pan-Europe,Cluster 4: Pan-Europe,1.0,True,77220.9524311414,5188607.0,4.296,0.0,12.77120972,0.254827773865645,171.0
NZL,2015,0.2068965517241379,0.2586206896551724,553511.0,328539.0,0.0513893864755933,0.0188469239633055,New Zealand,Oceania,Australia/NZ,High income,9,5,2,Polynesia & South-Eastern Asia,Cluster 9: Polynesia & South-Eastern Asia,0.7142857142857143,True,38648.7302562109,4609400.0,5.415,0.0,13.23099995,0.302907976298061,170.0
PAN,2015,0.3793103448275862,0.1637931034482758,89602.0,100765.0,0.0,0.0022368434354286,Panama,Americas,Latin America,High income,5,3,2,Latin America & Caribbean,Cluster 5: Latin America & Caribbean,0.5714285714285714,True,14082.6548502728,3960035.0,4.335,0.0,9.978723526,0.40451737335103,125.0
POL,2015,0.2672413793103448,0.3232758620689655,364180.0,2255122.0,0.0086735893416927,0.0040812083664788,Poland,Europe,Eastern Europe,High income,4,1,2,Pan-Europe,Cluster 4: Pan-Europe,1.0,True,12637.5220324406,37986412.0,7.475,0.0,12.92106485,0.304872058487951,157.0
PRI,2015,0.1939655172413793,0.125,138212.0,882374.0,0.0,0.0081425697051654,Puerto Rico,Americas,Latin America,High income,5,3,2,Latin America & Caribbean,Cluster 5: Latin America & Caribbean,0.5714285714285714,True,29242.041465085,3535167.0,12.0,0.0,,,
PRK,2015,0.0862068965517241,0.146551724137931,23273.0,25084.0,0.0,0.000752407911108,North Korea,Asia,Eastern Asia,Low income,5,3,34,Latin America & Caribbean,Cluster 5: Latin America & Caribbean,0.5714285714285714,True,,25575350.0,3.523,0.0,,0.463176677142972,39.0
PRY,2015,0.0732758620689655,0.146551724137931,73125.0,380171.0,0.0,0.0014660167741688,Paraguay,Americas,Latin America,Upper middle income,6,0,2,Latin America & Sub-Saharan Africa,Cluster 6: Latin America & Sub-Saharan Africa,0.8571428571428571,True,5879.33792308671,6159103.0,4.556,0.0,8.524069786,0.378855414095427,123.0
ROU,2015,0.1163793103448275,0.2974137931034483,93213.0,1906524.0,2.1738319152112257e-05,0.0017815164246262,Romania,Europe,Eastern Europe,High income,4,1,2,Pan-Europe,Cluster 4: Pan-Europe,1.0,True,8977.01748158196,19815616.0,6.812,0.0,10.98408985,0.413314148956138,148.0
RUS,2015,0.1810344827586207,0.418103448275862,4524884.0,4995065.0,0.1309516345723242,0.0106972817813318,Russia,Europe,Eastern Europe,Upper middle income,0,1,2,Pan-Europe,Cluster 0: Pan-Europe,0.5714285714285714,True,9277.7138671875,144640716.0,5.615,85.0,12.37446057,0.328923864804837,102.0
SEN,2015,0.1077586206896551,0.2284482758620689,102343.0,208682.0,0.0348465256008359,0.0029959018329892,Senegal,Africa,Sub-Saharan Africa,Lower middle income,6,0,2,Latin America & Sub-Saharan Africa,Cluster 6: Latin America & Sub-Saharan Africa,0.8571428571428571,True,1218.00613555438,14593331.0,6.757,0.0,2.531869888,0.53976353166544,53.0
SLV,2015,0.2025862068965517,0.1551724137931034,21992.0,762776.0,0.0,0.0010344881108712,El Salvador,Americas,Latin America,Lower middle income,5,3,2,Latin America & Caribbean,Cluster 5: Latin America & Caribbean,0.5714285714285714,True,3790.34089108162,6183676.0,3.998,0.0,6.623149872,0.424611145613449,112.0
SRB,2015,0.168103448275862,0.1896551724137931,435662.0,391013.0,0.0051954582773548,0.0027271598252287,Serbia,Europe,Eastern Europe,Upper middle income,4,1,2,Pan-Europe,Cluster 4: Pan-Europe,1.0,True,5820.3215576888,7095383.0,17.66,0.0,11.01756954,0.405066633735588,110.0
SVK,2015,0.6551724137931034,0.1594827586206896,88564.0,220447.0,0.0,0.0014954402317172,Slovakia,Europe,Eastern Europe,High income,4,1,2,Pan-Europe,Cluster 4: Pan-Europe,1.0,True,16442.0760860018,5423801.0,11.492,0.0,12.63834,0.357028774542657,161.0
SVN,2015,0.6293103448275862,0.1379310344827586,103144.0,53150.0,0.0,0.0012657639080106,Slovenia,Europe,Eastern Europe,High income,4,1,35,Pan-Europe,Cluster 4: Pan-Europe,1.0,True,20697.2748530619,2063531.0,8.962,0.0,12.56729984,0.317760159519282,160.0
SWE,2015,0.2370689655172413,0.25,712192.0,99236.0,0.0169341506194954,0.0109019241517417,Sweden,Europe,Northern Europe,High income,8,6,2,Pan-Europe,Cluster 8: Pan-Europe,1.0,True,51188.1652120493,9799186.0,7.432,0.0,12.35441017,0.316566093922572,172.0
TWN,2015,0.0991379310344827,0.0689655172413793,566200.0,428461.0,0.0037389908941633,0.0017389024852608,Taiwan,Asia,Eastern Asia,High income,5,3,2,Latin America & Caribbean,Cluster 5: Latin America & Caribbean,0.7142857142857143,True,,,,,,,
UKR,2015,0.1293103448275862,0.3189655172413793,2557238.0,2634521.0,0.0231078332586953,0.0057123351277291,Ukraine,Europe,Eastern Europe,Lower middle income,0,1,2,Pan-Europe,Cluster 0: Pan-Europe,0.5714285714285714,True,2094.47387695313,45784896.0,9.14,1890.0,11.16389722,0.365371598133894,79.0
AZE,2015,0.0818965517241379,0.1594827586206896,115569.0,399834.0,0.0,0.000890928788855,Azerbaijan,Asia,Western Asia,Upper middle income,0,1,2,Pan-Europe,Cluster 0: Pan-Europe,0.5714285714285714,True,5500.50364628486,9649341.0,4.96,72.0,10.47585011,0.400886252186685,58.0
GEO,2015,0.1939655172413793,0.1637931034482758,41264.0,329956.0,0.0,0.0007341890870952,Georgia,Asia,Western Asia,Upper middle income,0,1,2,Pan-Europe,Cluster 0: Pan-Europe,0.5714285714285714,True,4086.6223465965,3725276.0,16.506,0.0,12.71645498,0.421280679403647,61.0
IRQ,2015,0.0948275862068965,0.2629310344827586,139301.0,745451.0,0.0004999813404985,0.0008627191235739,Iraq,Asia,Western Asia,Upper middle income,8,6,2,Pan-Europe,Cluster 8: Pan-Europe,0.8571428571428571,True,4440.14189252367,37560535.0,10.865,10982.0,6.623238443,0.438285422656225,29.0
KAZ,2015,0.1163793103448275,0.1896551724137931,1055685.0,1789531.0,0.0149559635766532,0.0030145369709008,Kazakhstan,Asia,Central Asia,Upper middle income,0,1,2,Pan-Europe,Cluster 0: Pan-Europe,0.5714285714285714,True,10196.1226255982,18084169.0,4.93,0.0,11.99777031,0.315080787979318,65.0
TKM,2015,0.0474137931034482,0.1293103448275862,102945.0,207265.0,0.0,0.0008247102266972,Turkmenistan,Asia,Central Asia,Upper middle income,0,1,2,Pan-Europe,Cluster 0: Pan-Europe,0.5714285714285714,True,5759.497903834,6215770.0,4.016,0.0,10.82452965,0.372206410124467,47.0
ASM,2015,0.043103448275862,0.021551724137931,11228.0,1187.0,0.0,0.0009704558059861,American Samoa,Oceania,Polynesia,Upper middle income,9,5,36,Polynesia & South-Eastern Asia,Cluster 9: Polynesia & South-Eastern Asia,0.7142857142857143,True,12727.4102651386,52878.0,,0.0,,,
FJI,2015,0.0603448275862068,0.1120689655172413,5510.0,83117.0,0.0177602067472757,0.0014524336329974,Fiji,Oceania,Melanesia,Upper middle income,9,5,37,Polynesia & South-Eastern Asia,Cluster 9: Polynesia & South-Eastern Asia,0.7142857142857143,True,5097.53106864695,918578.0,4.288,0.0,10.35257778,0.492995354254242,80.0
TKL,2015,0.0172413793103448,0.0129310344827586,235.0,370.0,0.0,0.0006730679154212,Tokelau,Oceania,Polynesia,Lower middle income,9,5,38,Polynesia & South-Eastern Asia,Cluster 9: Polynesia & South-Eastern Asia,0.7142857142857143,True,,,,,,,
TON,2015,0.021551724137931,0.0560344827586206,519.0,19305.0,0.0,0.0006507678190846,Tonga,Oceania,Polynesia,Upper middle income,9,5,39,Polynesia & South-Eastern Asia,Cluster 9: Polynesia & South-Eastern Asia,0.7142857142857143,True,4123.90347238813,106095.0,2.022,0.0,10.88343,0.617722490810839,80.0
VNM,2015,0.0172413793103448,0.2629310344827586,32717.0,1404274.0,0.0043041871921182,0.0007793822884337,Vietnam,Asia,South-Eastern Asia,Lower middle income,5,3,2,Latin America & Caribbean,Cluster 5: Latin America & Caribbean,0.5714285714285714,True,2577.56885340113,92823254.0,1.848,0.0,8.040140152,0.467266633111145,45.0
WSM,2015,0.0905172413793103,0.0775862068965517,1926.0,49689.0,0.0049780750858337,0.0013130328511305,Samoa,Oceania,Polynesia,Lower middle income,9,5,40,Polynesia & South-Eastern Asia,Cluster 9: Polynesia & South-Eastern Asia,0.7142857142857143,True,4084.36083819933,201782.0,8.901,0.0,11.5408349,0.502501941122815,109.0
ATG,2015,0.2241379310344827,0.1206896551724137,15356.0,6486.0,0.0245208240035826,0.0024855393752807,Antigua and Barbuda,Americas,Caribbean,High income,5,3,41,Latin America & Caribbean,Cluster 5: Latin America & Caribbean,0.5714285714285714,True,16077.6340769406,89409.0,,0.0,10.42257676,0.476873195191819,133.0
BHS,2015,0.3189655172413793,0.1120689655172413,28815.0,990.0,0.0,0.00181108722536,Bahamas,Americas,Caribbean,High income,3,0,42,Caribbean,Cluster 3: Caribbean,0.7142857142857143,True,30719.405417469,385346.0,12.0,0.0,12.28943371,0.455416869422402,139.0
BLZ,2015,0.0646551724137931,0.0905172413793103,26464.0,3010.0,0.0,0.0008724464035378,Belize,Americas,Central America,Lower middle income,5,3,43,Latin America & Caribbean,Cluster 5: Latin America & Caribbean,0.5714285714285714,True,6154.62264230369,356333.0,7.578,0.0,8.923430443,0.457376178713085,91.0
BMU,2015,0.146551724137931,0.0560344827586206,8663.0,423.0,0.0,0.0009463927838601,Bermuda,Americas,Northern America,High income,4,3,44,Pan-Europe,Cluster 4: Pan-Europe,0.7142857142857143,True,104855.366822135,63464.0,,0.0,,,
BRB,2015,0.0905172413793103,0.1336206896551724,11684.0,10731.0,0.0,0.0011379657996594,Barbados,Americas,Caribbean,High income,1,2,45,South & Western Asia,Cluster 1: South & Western Asia,0.8571428571428571,True,20429.4747123553,278990.0,9.803,0.0,9.695256264,0.365168554447528,138.0
GHA,2015,0.1853448275862069,0.2241379310344827,159654.0,415008.0,2.1738319152112257e-05,0.0020625730915757,Ghana,Africa,Sub-Saharan Africa,Lower middle income,2,7,14,Sub-Saharan Africa,Cluster 2: Sub-Saharan Africa,1.0,True,1722.77282833606,28696068.0,6.806,0.0,6.537722928,0.484880125500708,61.0
GLP,2015,0.1034482758620689,0.0387931034482758,49394.0,7018.0,0.0099561501716674,0.00802602380003,Guadeloupe,Americas,Caribbean,High income,6,0,46,Latin America & Sub-Saharan Africa,Cluster 6: Latin America & Sub-Saharan Africa,0.8571428571428571,True,,,,,,,
GUF,2015,0.0689655172413793,0.0387931034482758,50697.0,2459.0,0.0,0.0036883926192108,French Guiana,Americas,South America,High income,6,0,47,Latin America & Sub-Saharan Africa,Cluster 6: Latin America & Sub-Saharan Africa,1.0,True,,,,,,,
LCA,2015,0.2241379310344827,0.1077586206896551,4199.0,11217.0,0.0,0.0013496755811908,Saint Lucia,Americas,Latin America,Upper middle income,1,2,48,South & Western Asia,Cluster 1: South & Western Asia,0.8571428571428571,True,10334.9860823918,174905.0,20.84,0.0,8.418726603,0.355218490386975,121.0
MTQ,2015,0.0646551724137931,0.0474137931034482,38594.0,6833.0,0.0049998134049858,0.0079942476348064,Martinique,Americas,Caribbean,High income,6,0,49,Latin America & Sub-Saharan Africa,Cluster 6: Latin America & Sub-Saharan Africa,0.8571428571428571,True,,,,,,,
TCA,2015,0.0258620689655172,0.021551724137931,8798.0,1316.0,0.0,0.0009044263080397,Turks and Caicos Islands,Americas,Caribbean,High income,3,0,50,Caribbean,Cluster 3: Caribbean,0.7142857142857143,True,29457.0140691162,36605.0,,0.0,,,
TTO,2015,0.0689655172413793,0.1724137931034483,21975.0,180591.0,0.0086083743842364,0.0014578215940003,Trinidad and Tobago,Americas,Latin America,High income,5,3,2,Latin America & Caribbean,Cluster 5: Latin America & Caribbean,0.5714285714285714,True,19887.2327716498,1349667.0,2.428,0.0,11.11478428,0.373765778801013,126.0
VGB,2015,0.0905172413793103,0.0603448275862068,8523.0,2720.0,0.0,0.0012640141559923,British Virgin Islands,Americas,Caribbean,High income,5,3,51,Latin America & Caribbean,Cluster 5: Latin America & Caribbean,0.7142857142857143,True,,34498.0,,0.0,,,
BDI,2015,0.0301724137931034,0.125,137768.0,222469.0,0.0038694208090759,0.0013334862450305,Burundi,Africa,Sub-Saharan Africa,Low income,7,4,2,Sub-Saharan Africa,Cluster 7: Sub-Saharan Africa,1.0,True,254.402585226788,11047580.0,1.449,185.0,2.285303354,0.55572143240553,41.0
BEN,2015,0.043103448275862,0.1379310344827586,175337.0,288912.0,0.0038042058516196,0.0018858213757018,Benin,Africa,Sub-Saharan Africa,Low income,2,7,14,Sub-Saharan Africa,Cluster 2: Sub-Saharan Africa,1.0,True,1002.41886879614,11360681.0,1.886,0.0,2.624693966,0.576537845770553,56.0
BFA,2015,0.0344827586206896,0.0905172413793103,346007.0,706887.0,0.0,0.0046604943056102,Burkina Faso,Africa,Sub-Saharan Africa,Low income,2,7,14,Sub-Saharan Africa,Cluster 2: Sub-Saharan Africa,1.0,True,630.124750752312,18777487.0,4.472,0.0,1.444627494,0.543528834021826,52.0
BIH,2015,0.0560344827586206,0.146551724137931,19656.0,764179.0,0.0,0.0007815043875344,Bosnia and Herzegovina,Europe,Eastern Europe,Upper middle income,4,1,2,Pan-Europe,Cluster 4: Pan-Europe,1.0,True,4662.25869219448,3518541.0,27.695,0.0,9.291910172,0.350569221456248,98.0
BLR,2015,0.2370689655172413,0.1724137931034483,586846.0,636454.0,0.0,0.0019073752383702,Belarus,Europe,Eastern Europe,Upper middle income,0,1,2,Pan-Europe,Cluster 0: Pan-Europe,0.5714285714285714,True,5967.05595058777,9461076.0,5.881,0.0,11.76225224,0.355484324473633,62.0
BRN,2015,0.0818965517241379,0.0344827586206896,44107.0,25388.0,0.0,0.0008731298032331,Brunei Darussalam,Asia,South-Eastern Asia,High income,1,2,52,South & Western Asia,Cluster 1: South & Western Asia,0.8571428571428571,True,30625.1287744656,422212.0,7.703,0.0,9.02,0.406091835403274,150.0
BTN,2015,0.0991379310344827,0.0517241379310344,7080.0,23518.0,0.0,0.0006658168052767,Bhutan,Asia,South Asia,Lower middle income,1,2,53,South & Western Asia,Cluster 1: South & Western Asia,0.8571428571428571,True,2954.04081911097,740618.0,2.45,0.0,3.321951962,0.518767547610108,48.0
BWA,2015,0.1379310344827586,0.0775862068965517,40357.0,8798.0,0.0,0.0010198769571299,Botswana,Africa,Sub-Saharan Africa,Upper middle income,7,4,54,Sub-Saharan Africa,Cluster 7: Sub-Saharan Africa,1.0,True,6141.20394726616,2203273.0,18.915,0.0,10.02,0.441424298839152,72.0
CAF,2015,0.0991379310344827,0.0948275862068965,27861.0,327561.0,0.0,0.0008870051495756,Central African Republic,Africa,Sub-Saharan Africa,Low income,7,4,2,Sub-Saharan Africa,Cluster 7: Sub-Saharan Africa,1.0,True,366.322853938121,4629320.0,5.775,27.0,3.835294334,0.579153936486907,44.0
CMR,2015,0.0948275862068965,0.1982758620689655,247339.0,140821.0,0.0091518323630392,0.0019369520158545,Cameroon,Africa,Sub-Saharan Africa,Lower middle income,7,4,2,Sub-Saharan Africa,Cluster 7: Sub-Saharan Africa,1.0,True,1415.00009710569,22763414.0,3.518,995.0,5.963522553,0.485771936778377,44.0
COK,2015,0.043103448275862,0.021551724137931,1750.0,10611.0,0.0,0.0009397583568218,Cook Islands,Oceania,Polynesia,High income,9,5,55,Polynesia & South-Eastern Asia,Cluster 9: Polynesia & South-Eastern Asia,0.7142857142857143,True,,,,,,,
CYM,2015,0.2370689655172413,0.043103448275862,12752.0,184.0,0.0,0.0011150294877954,Cayman Islands,Americas,Caribbean,High income,3,3,56,Caribbean,Cluster 3: Caribbean,0.7142857142857143,True,76379.2095108681,61642.0,,0.0,,,
DJI,2015,0.0129310344827586,0.0474137931034482,50468.0,918.0,0.0,0.0006979852501312,Djibouti,Africa,Sub-Saharan Africa,Lower middle income,7,4,57,Sub-Saharan Africa,Cluster 7: Sub-Saharan Africa,1.0,True,2376.12554719873,1020313.0,26.063,0.0,3.383429754,0.512593226854256,41.0
FIN,2015,0.7543103448275862,0.1982758620689655,118622.0,125210.0,2.1738319152112257e-05,0.0031631298729266,Finland,Europe,Northern Europe,High income,8,6,2,Pan-Europe,Cluster 8: Pan-Europe,1.0,True,42560.3456767103,5479531.0,9.376,0.0,12.63366985,0.287221436761699,172.0
FLK,2015,0.0301724137931034,0.0172413793103448,670.0,110.0,0.0,0.0010603480641632,Falkland Islands,Americas,South America,High income,4,1,58,Pan-Europe,Cluster 4: Pan-Europe,1.0,True,,,,,,,
GAB,2015,0.1422413793103448,0.0948275862068965,131980.0,23388.0,0.0002391215106732,0.0020828994248992,Gabon,Africa,Sub-Saharan Africa,Upper middle income,2,7,59,Sub-Saharan Africa,Cluster 2: Sub-Saharan Africa,1.0,True,7047.12654634355,2040989.0,19.943,0.0,8.98,0.432385877051942,47.0
GIB,2015,0.0129310344827586,0.0258620689655172,4337.0,260.0,0.0,0.0007286219132291,Gibraltar,Europe,Southern Europe,High income,4,1,60,Pan-Europe,Cluster 4: Pan-Europe,1.0,True,,33193.0,,0.0,,,
GMB,2015,0.0301724137931034,0.0991379310344827,88810.0,11325.0,0.0,0.0017412135654056,Gambia,Africa,Sub-Saharan Africa,Low income,6,0,61,Latin America & Sub-Saharan Africa,Cluster 6: Latin America & Sub-Saharan Africa,0.8571428571428571,True,619.536364296461,2224529.0,7.226,0.0,3.782620955,0.540534437775384,66.0
GUM,2015,0.0474137931034482,0.0258620689655172,35633.0,599.0,0.0147603187042842,0.0093045274123812,Guam,Oceania,Micronesia,High income,1,2,62,South & Western Asia,Cluster 1: South & Western Asia,0.8571428571428571,True,35165.7014644795,164905.0,6.9,0.0,,,
HKG,2015,0.125,0.1120689655172413,1695991.0,500573.0,0.01008658008658,0.0056824591328071,Hong Kong,Asia,Eastern Asia,High income,1,2,2,South & Western Asia,Cluster 1: South & Western Asia,0.8571428571428571,True,42432.1619740441,7291300.0,3.314,0.0,12.02414989,,152.0
IMN,2015,0.0344827586206896,0.0172413793103448,18621.0,372.0,0.0,0.0015391049327458,Isle of Man,Europe,Northern Europe,High income,4,1,63,Pan-Europe,Cluster 4: Pan-Europe,0.8571428571428571,True,84753.5187422732,83593.0,,0.0,,,
ISL,2015,0.625,0.0991379310344827,19861.0,9699.0,0.0,0.0012358399488564,Iceland,Europe,Northern Europe,High income,4,6,64,Pan-Europe,Cluster 4: Pan-Europe,1.0,True,53505.6964079339,330815.0,3.979,0.0,13.36921992,0.326520719641847,164.0
KEN,2015,0.0560344827586206,0.2025862068965517,525331.0,238426.0,0.0156733281086729,0.0025398351265878,Kenya,Africa,Sub-Saharan Africa,Lower middle income,7,4,2,Sub-Saharan Africa,Cluster 7: Sub-Saharan Africa,1.0,True,1489.11959777284,47088526.0,2.762,42.0,7.027273231,0.507103424779244,70.0
KGZ,2015,0.0991379310344827,0.125,119267.0,337279.0,0.0,0.0009099148352204,Kyrgyzstan,Asia,Central Asia,Lower middle income,0,1,2,Pan-Europe,Cluster 0: Pan-Europe,0.5714285714285714,True,1105.65193844261,6040036.0,4.138,0.0,11.45847003,0.345941674048602,56.0
KHM,2015,0.1120689655172413,0.1206896551724137,32874.0,328531.0,0.0,0.000758180141531,Cambodia,Asia,South-Eastern Asia,Lower middle income,9,5,2,Polynesia & South-Eastern Asia,Cluster 9: Polynesia & South-Eastern Asia,0.7142857142857143,True,1547.32010444393,15623251.0,0.393,0.0,3.674109936,0.499517580481561,47.0
KIR,2015,0.0301724137931034,0.0474137931034482,1161.0,2130.0,0.0092605239587998,0.001214134052588,Kiribati,Oceania,Micronesia,Lower middle income,9,5,65,Polynesia & South-Eastern Asia,Cluster 9: Polynesia & South-Eastern Asia,0.7142857142857143,True,1639.85274740652,116815.0,,0.0,8.812944018,0.575806953663838,80.0
LBR,2015,0.1077586206896551,0.125,45770.0,75819.0,0.0,0.0013104461937659,Liberia,Africa,Sub-Saharan Africa,Low income,2,7,66,Sub-Saharan Africa,Cluster 2: Sub-Saharan Africa,1.0,True,692.590082351257,4659431.0,2.557,0.0,4.615136587,0.565063678025369,37.0
LBY,2015,0.3706896551724138,0.1853448275862069,221993.0,57187.0,0.0051737199582027,0.0030568697617958,Libya,Africa,Northern Africa,Upper middle income,8,6,2,Pan-Europe,Cluster 8: Pan-Europe,0.8571428571428571,True,7458.48917756374,6531819.0,19.69,274.0,7.803179535,0.423752051475676,37.0
LSO,2015,0.0646551724137931,0.0474137931034482,2536.0,102467.0,0.0,0.0006931445339508,Lesotho,Africa,Sub-Saharan Africa,Lower middle income,7,4,2,Sub-Saharan Africa,Cluster 7: Sub-Saharan Africa,1.0,True,1121.19851342518,2104611.0,16.223,0.0,6.690918064,0.474910779438472,69.0
LUX,2015,0.3318965517241379,0.1163793103448275,122568.0,21768.0,0.0,0.0027030729247869,Luxembourg,Europe,Western Europe,High income,6,0,67,Latin America & Sub-Saharan Africa,Cluster 6: Latin America & Sub-Saharan Africa,0.8571428571428571,True,105462.012584423,569604.0,6.796,0.0,12.45672989,0.303678209160099,171.0
LVA,2015,0.4655172413793103,0.1594827586206896,161405.0,96917.0,0.0,0.0011051759187523,Latvia,Europe,Northern Europe,High income,0,1,68,Pan-Europe,Cluster 0: Pan-Europe,0.5714285714285714,True,13321.9753140616,1977527.0,9.873,0.0,12.87024021,0.366959179724403,159.0
MAC,2015,0.021551724137931,0.0344827586206896,176698.0,62591.0,0.0,0.0009217741415039,Macao,Asia,Eastern Asia,High income,1,2,69,South & Western Asia,Cluster 1: South & Western Asia,0.8571428571428571,True,69902.9605741233,642900.0,1.81,0.0,,,120.0
MCO,2015,0.0086206896551724,0.0517241379310344,6951.0,14558.0,0.0,0.0007931754219907,Monaco,Europe,Western Europe,High income,6,0,70,Latin America & Sub-Saharan Africa,Cluster 6: Latin America & Sub-Saharan Africa,0.8571428571428571,True,170437.021128628,36757.0,,0.0,,,151.0
MDA,2015,0.1336206896551724,0.1853448275862069,55239.0,412542.0,0.0,0.0008124226159695,Moldova,Europe,Eastern Europe,Lower middle income,0,1,2,Pan-Europe,Cluster 0: Pan-Europe,0.5714285714285714,True,2749.55137054338,2835978.0,1.781,0.0,11.76515007,0.393627658923589,95.0
MDG,2015,0.0172413793103448,0.1120689655172413,10111.0,102120.0,0.0042824488729661,0.0007915309013188,Madagascar,Africa,Sub-Saharan Africa,Low income,6,0,2,Latin America & Sub-Saharan Africa,Cluster 6: Latin America & Sub-Saharan Africa,0.8571428571428571,True,445.320069480568,25426702.0,1.785,0.0,4.935426371,0.562992176635886,46.0
MDV,2015,0.0948275862068965,0.043103448275862,6190.0,1559.0,0.0,0.000662162430644,Maldives,Asia,South Asia,Upper middle income,1,2,71,South & Western Asia,Cluster 1: South & Western Asia,0.8571428571428571,True,9644.90655028145,428154.0,6.611,0.0,6.239617434,0.550916393953225,81.0
MLI,2015,0.2413793103448275,0.1724137931034483,190252.0,463684.0,0.0478243021346469,0.0061579076337063,Mali,Africa,Sub-Saharan Africa,Low income,2,7,14,Sub-Saharan Africa,Cluster 2: Sub-Saharan Africa,1.0,True,838.11986940103,18593022.0,1.404,172.0,1.832059979,0.60764909601053,50.0
MLT,2015,0.3577586206896552,0.0905172413793103,23612.0,27224.0,0.0,0.0018227776410598,Malta,Europe,Southern Europe,High income,9,5,72,Polynesia & South-Eastern Asia,Cluster 9: Polynesia & South-Eastern Asia,0.8571428571428571,True,25529.6693210673,444220.0,5.389,0.0,11.21442032,0.326316113004094,166.0
MMR,2015,0.0172413793103448,0.125,28973.0,1126209.0,0.0,0.0006802792608524,Myanmar,Asia,South-Eastern Asia,Lower middle income,9,5,2,Polynesia & South-Eastern Asia,Cluster 9: Polynesia & South-Eastern Asia,0.8571428571428571,True,1166.73305546337,51089056.0,0.766,634.0,4.734193908,0.499034539629541,40.0
MNG,2015,0.1077586206896551,0.1077586206896551,6309.0,64054.0,0.0,0.0007266458098865,Mongolia,Asia,Eastern Asia,Lower middle income,0,1,73,Pan-Europe,Cluster 0: Pan-Europe,0.5714285714285714,True,3838.92126989984,3026864.0,4.861,0.0,10.58069491,0.386213575831421,52.0
MUS,2015,0.0948275862068965,0.1206896551724137,11924.0,61297.0,0.0,0.0007031947819175,Mauritius,Africa,Sub-Saharan Africa,High income,6,0,74,Latin America & Sub-Saharan Africa,Cluster 6: Latin America & Sub-Saharan Africa,0.8571428571428571,True,9630.5437837507,1262879.0,7.41,0.0,9.435248706,0.443353233563543,124.0
MWI,2015,0.0517241379310344,0.0905172413793103,85418.0,116267.0,0.0,0.001381099215148,Malawi,Africa,Sub-Saharan Africa,Low income,7,4,75,Sub-Saharan Africa,Cluster 7: Sub-Saharan Africa,1.0,True,539.605363240686,17085587.0,4.953,0.0,5.293419838,0.558479197617155,66.0
MYS,2015,0.1120689655172413,0.2112068965517241,1323566.0,1045059.0,0.0090648790864308,0.0042118258503166,Malaysia,Asia,South-Eastern Asia,Upper middle income,1,2,2,South & Western Asia,Cluster 1: South & Western Asia,0.8571428571428571,True,9648.6797937523,31232798.0,3.1,0.0,10.25508531,0.379698054809333,163.0
NCL,2015,0.0689655172413793,0.0301724137931034,30352.0,2622.0,0.0092822622779519,0.0028648984777736,New Caledonia,Oceania,Melanesia,High income,6,0,76,Latin America & Sub-Saharan Africa,Cluster 6: Latin America & Sub-Saharan Africa,0.8571428571428571,True,30858.7237060533,283168.0,13.621,0.0,,,
NIU,2015,0.0301724137931034,0.021551724137931,240.0,2699.0,0.0,0.0006702069680287,Niue,Oceania,Polynesia,Upper middle income,9,5,77,Polynesia & South-Eastern Asia,Cluster 9: Polynesia & South-Eastern Asia,0.7142857142857143,True,,,,,,,
NRU,2015,0.0387931034482758,0.0258620689655172,389.0,1100.0,0.0,0.0007212848818407,Nauru,Oceania,Micronesia,High income,9,5,78,Polynesia & South-Eastern Asia,Cluster 9: Polynesia & South-Eastern Asia,0.7142857142857143,True,7747.25584993607,10954.0,,0.0,7.9749102,0.554999777807608,79.0
OMN,2015,0.043103448275862,0.0603448275862068,284218.0,7609.0,0.0,0.0011776298220764,Oman,Asia,Western Asia,High income,1,2,2,South & Western Asia,Cluster 1: South & Western Asia,0.8571428571428571,True,18808.3077921839,4184895.0,3.403,0.0,9.697290421,0.417571641381122,68.0
PNG,2015,0.0905172413793103,0.0560344827586206,11803.0,18740.0,0.0043041871921182,0.001528987889789,Papua New Guinea,Oceania,Melanesia,Lower middle income,9,5,79,Polynesia & South-Eastern Asia,Cluster 9: Polynesia & South-Eastern Asia,0.7142857142857143,True,2484.5963398603,8743246.0,2.507,0.0,4.727203065,0.557201947611321,76.0
PYF,2015,0.0818965517241379,0.0344827586206896,11777.0,734.0,0.0,0.0019462929955809,French Polynesia,Oceania,Polynesia,High income,6,0,80,Latin America & Sub-Saharan Africa,Cluster 6: Latin America & Sub-Saharan Africa,0.8571428571428571,True,19166.9594761931,277866.0,11.794,0.0,,,
REU,2015,0.021551724137931,0.0258620689655172,53997.0,1398.0,0.0049780750858337,0.0026589809828539,Réunion,Africa,Sub-Saharan Africa,High income,6,0,81,Latin America & Sub-Saharan Africa,Cluster 6: Latin America & Sub-Saharan Africa,0.8571428571428571,True,,,,,,,
SGP,2015,0.043103448275862,0.1853448275862069,1362017.0,130394.0,0.0,0.0066365341425564,Singapore,Asia,South-Eastern Asia,High income,1,2,82,South & Western Asia,Cluster 1: South & Western Asia,0.8571428571428571,True,55645.6068614606,5535002.0,3.79,0.0,11.57108974,0.389106947392325,169.0
SLB,2015,0.0646551724137931,0.0560344827586206,868.0,1756.0,0.0,0.0007732341992276,Solomon Islands,Oceania,Melanesia,Lower middle income,9,5,83,Polynesia & South-Eastern Asia,Cluster 9: Polynesia & South-Eastern Asia,0.7142857142857143,True,2045.47721526649,639415.0,0.736,0.0,5.7073312,0.629316972262854,85.0
SLE,2015,0.1293103448275862,0.1077586206896551,25391.0,27891.0,0.0,0.0009397173034633,Sierra Leone,Africa,Sub-Saharan Africa,Low income,2,7,84,Sub-Saharan Africa,Cluster 2: Sub-Saharan Africa,1.0,True,964.575980888989,7037655.0,4.483,0.0,3.452306931,0.596643178574334,49.0
SWZ,2015,0.0732758620689655,0.0603448275862068,12792.0,14115.0,0.0,0.0008409069450243,Eswatini,Africa,Sub-Saharan Africa,Lower middle income,7,4,85,Sub-Saharan Africa,Cluster 7: Sub-Saharan Africa,1.0,True,3419.82276559528,1142813.0,23.431,0.0,5.06,0.483298832999612,67.0
SYC,2015,0.1120689655172413,0.0689655172413793,3681.0,11724.0,0.0,0.0006738999529418,Seychelles,Africa,Sub-Saharan Africa,High income,7,4,86,Sub-Saharan Africa,Cluster 7: Sub-Saharan Africa,1.0,True,15333.1051727105,93419.0,,0.0,11.00466291,0.452759943290886,129.0
TGO,2015,0.1293103448275862,0.1163793103448275,125987.0,243285.0,0.0,0.0015778385884725,Togo,Africa,Sub-Saharan Africa,Low income,2,7,14,Sub-Saharan Africa,Cluster 2: Sub-Saharan Africa,1.0,True,813.894676975085,7071502.0,2.204,0.0,4.453426758,0.503791232907607,51.0
TLS,2015,0.0646551724137931,0.0258620689655172,2923.0,30833.0,0.0,0.0007080344825191,Timor-Leste,Asia,South-Eastern Asia,Lower middle income,1,2,87,South & Western Asia,Cluster 1: South & Western Asia,0.7142857142857143,True,1319.59297370991,1205131.0,3.678,0.0,5.274750074,0.557779401978446,0.0
TUV,2015,0.021551724137931,0.0517241379310344,71.0,487.0,0.0,0.0006682037790173,Tuvalu,Oceania,Polynesia,Upper middle income,9,5,88,Polynesia & South-Eastern Asia,Cluster 9: Polynesia & South-Eastern Asia,0.7142857142857143,True,3352.66722400181,10963.0,,0.0,10.05477449,0.601385088566647,83.0
TZA,2015,0.1163793103448275,0.1724137931034483,173485.0,107076.0,0.0001739065532168,0.0017683184796842,Tanzania,Africa,Sub-Saharan Africa,Lower middle income,7,4,89,Sub-Saharan Africa,Cluster 7: Sub-Saharan Africa,1.0,True,939.127319335938,52020962.0,2.009,0.0,5.493569851,0.5319430679062,65.0
UGA,2015,0.0603448275862068,0.1551724137931034,409895.0,312934.0,0.0426505821764442,0.0023305432016145,Uganda,Africa,Sub-Saharan Africa,Low income,7,4,2,Sub-Saharan Africa,Cluster 7: Sub-Saharan Africa,1.0,True,862.934610355811,37531446.0,2.681,197.0,5.698717594,0.547501550629929,61.0
VUT,2015,0.0387931034482758,0.0646551724137931,1163.0,2908.0,0.0,0.0008913381303038,Vanuatu,Oceania,Melanesia,Lower middle income,6,0,90,Latin America & Sub-Saharan Africa,Cluster 6: Latin America & Sub-Saharan Africa,0.8571428571428571,True,3214.41948587141,266101.0,5.168,0.0,6.5640916,0.596411373982685,106.0
ZWE,2015,0.0258620689655172,0.146551724137931,125804.0,563239.0,0.0043911404687266,0.0020626656080271,Zimbabwe,Africa,Sub-Saharan Africa,Low income,7,4,2,Sub-Saharan Africa,Cluster 7: Sub-Saharan Africa,1.0,True,1387.12632595026,14399013.0,5.399,0.0,8.38904953,0.516161147136235,58.0
MRT,2015,0.1551724137931034,0.1034482758620689,70159.0,31154.0,0.0002391215106732,0.0013841796038777,Mauritania,Africa,Sub-Saharan Africa,Lower middle income,6,0,91,Latin America & Sub-Saharan Africa,Cluster 6: Latin America & Sub-Saharan Africa,0.8571428571428571,True,1558.84205473416,3965959.0,10.104,0.0,4.216229916,0.562964790827046,53.0
NER,2015,0.0560344827586206,0.1163793103448275,126337.0,148600.0,0.0004782430213464,0.001637560930649,Niger,Africa,Sub-Saharan Africa,Low income,2,7,14,Sub-Saharan Africa,Cluster 2: Sub-Saharan Africa,1.0,True,485.662574175279,19939498.0,0.556,171.0,1.44284004,0.638779038652814,51.0
GNB,2015,0.0474137931034482,0.0905172413793103,11141.0,42559.0,0.0085866360650843,0.00088645548112,Guinea-Bissau,Africa,Sub-Saharan Africa,Low income,6,0,92,Latin America & Sub-Saharan Africa,Cluster 6: Latin America & Sub-Saharan Africa,0.8571428571428571,True,645.066837207039,1786457.0,3.168,0.0,3.4950382,0.630996398204367,46.0
LIE,2015,0.4913793103448275,0.0474137931034482,12126.0,46.0,0.0,0.0010088327912553,Liechtenstein,Europe,Western Europe,High income,4,1,93,Pan-Europe,Cluster 4: Pan-Europe,1.0,True,167187.15730982,37494.0,,0.0,12.12160059,,161.0
SMR,2015,0.0387931034482758,0.0301724137931034,2157.0,1147.0,0.0,0.0006763814569491,San Marino,Europe,Southern Europe,High income,4,1,94,Pan-Europe,Cluster 4: Pan-Europe,0.8571428571428571,True,43146.8035302005,32897.0,,0.0,10.72988242,,153.0
WLF,2015,0.021551724137931,0.0258620689655172,1000.0,5982.0,0.0,0.0011589434076616,Wallis and Futuna Islands,Oceania,Polynesia,Upper middle income,6,0,95,Latin America & Sub-Saharan Africa,Cluster 6: Latin America & Sub-Saharan Africa,0.8571428571428571,True,,,,,,,
CHI,2015,0.0172413793103448,0.0172413793103448,41335.0,157.0,0.0,0.0013175938280776,Channel Islands,Europe,Northern Europe,High income,4,1,96,Pan-Europe,Cluster 4: Pan-Europe,0.8571428571428571,True,61847.8212238857,163454.0,7.928,0.0,,,
VAT,2015,0.0,0.0129310344827586,0.0,63.0,0.0,0.0006437768240343,Holy See,Europe,Southern Europe,High income,6,0,97,Latin America & Sub-Saharan Africa,Cluster 6: Latin America & Sub-Saharan Africa,0.8571428571428571,True,,,,,,,
GNQ,2015,0.0258620689655172,0.0603448275862068,4069.0,53545.0,0.0,0.0007467799368536,Equatorial Guinea,Africa,Sub-Saharan Africa,Upper middle income,2,7,98,Sub-Saharan Africa,Cluster 2: Sub-Saharan Africa,1.0,True,9068.91003238645,1453923.0,7.778,0.0,7.8949564,0.413039652481964,42.0
COM,2015,0.021551724137931,0.0560344827586206,5828.0,99791.0,0.0049563367666815,0.0013224749306184,Comoros,Africa,Sub-Saharan Africa,Low income,6,0,2,Latin America & Sub-Saharan Africa,Cluster 6: Latin America & Sub-Saharan Africa,0.8571428571428571,True,1329.37048235986,726682.0,4.031,0.0,5.148726497,0.524286160772053,0.0
GRL,2015,0.0732758620689655,0.0344827586206896,1943.0,9672.0,0.0,0.0008407021439061,Greenland,Americas,Northern America,High income,4,6,99,Pan-Europe,Cluster 4: Pan-Europe,1.0,True,44536.3549705377,56114.0,,0.0,,,
FRO,2015,0.1293103448275862,0.0301724137931034,2548.0,7430.0,0.0,0.0008715194225971,Faroe Islands,Europe,Northern Europe,High income,4,6,100,Pan-Europe,Cluster 4: Pan-Europe,1.0,True,52638.2668218454,48898.0,,0.0,,,
SHN,2015,0.0086206896551724,0.0129310344827586,103.0,194.0,0.0,0.0006456906471672,Saint Helena,Africa,Sub-Saharan Africa,Upper middle income,4,1,101,Pan-Europe,Cluster 4: Pan-Europe,1.0,True,,,,,,,
SPM,2015,0.0129310344827586,0.0086206896551724,463.0,49.0,0.0,0.0006602794620896,Saint Pierre and Miquelon,Americas,Northern America,High income,6,0,102,Latin America & Sub-Saharan Africa,Cluster 6: Latin America & Sub-Saharan Africa,0.8571428571428571,True,,,,,,,
ESH,2015,0.0301724137931034,0.0258620689655172,2036.0,87191.0,0.0,0.0006748859702752,Western Sahara,Africa,Northern Africa,Lower middle income,6,0,2,Latin America & Sub-Saharan Africa,Cluster 6: Latin America & Sub-Saharan Africa,0.8571428571428571,True,,,,,,,
FSM,2015,0.0517241379310344,0.0258620689655172,434.0,6136.0,2.1738319152112257e-05,0.0014300674840841,Micronesia,Oceania,Micronesia,Lower middle income,1,2,103,South & Western Asia,Cluster 1: South & Western Asia,0.8571428571428571,True,2869.86276169101,108716.0,,0.0,7.37956564,0.623703472486274,73.0
MHL,2015,0.0258620689655172,0.0172413793103448,1145.0,191.0,0.0,0.0007581140273967,Marshall Islands,Oceania,Micronesia,Upper middle income,1,3,104,South & Western Asia,Cluster 1: South & Western Asia,1.0,True,3764.34426229508,48800.0,,0.0,11.83640289,0.549632822478677,77.0
MNP,2015,0.0517241379310344,0.0129310344827586,11852.0,1236.0,0.0,0.0069617381272878,Northern Mariana Islands,Oceania,Micronesia,High income,1,2,105,South & Western Asia,Cluster 1: South & Western Asia,0.8571428571428571,True,17665.1007493109,51514.0,,0.0,,,
PLW,2015,0.0344827586206896,0.0258620689655172,1896.0,1196.0,0.0043041871921182,0.0028214801959588,Palau,Oceania,Micronesia,High income,1,2,106,South & Western Asia,Cluster 1: South & Western Asia,0.8571428571428571,True,15938.3652222848,17770.0,,0.0,12.86191624,0.514950812919954,0.0
MYT,2015,0.0129310344827586,0.0086206896551724,42824.0,3346.0,0.0,0.0011846849000447,Mayotte,Africa,Sub-Saharan Africa,Upper middle income,6,0,107,Latin America & Sub-Saharan Africa,Cluster 6: Latin America & Sub-Saharan Africa,0.8571428571428571,True,,,,,,,
BES,2020,0.0,0.0344827586206896,0.0,1965.0,0.0,0.0006437768240343,"Bonaire, Sint Eustatius and Saba",Americas,Caribbean,High income,0,4,0,Latin America & Caribbean,Cluster 0: Latin America & Caribbean,0.5714285714285714,True,,,,,,,
ABW,2020,0.0948275862068965,0.0732758620689655,28352.0,8750.0,0.0148907486191968,0.0028032546556242,Aruba,Americas,Caribbean,High income,0,4,1,Latin America & Caribbean,Cluster 0: Latin America & Caribbean,0.5714285714285714,True,22664.3709949437,108587.0,,0.0,,,
CHN,2020,0.418103448275862,0.6077586206896551,632840.0,6283457.0,0.1511247947454844,0.0082860556263175,China,Asia,Eastern Asia,Upper middle income,4,0,2,South & South-East Asia,Cluster 4: South & South-East Asia,0.7142857142857143,True,10627.4637989619,1411100000.0,5.0,25.0,8.106910446,0.383590366160879,75.0
COL,2020,0.2327586206896551,0.2456896551724137,963535.0,1734076.0,0.0041737572772055,0.0036908862809891,Colombia,Americas,Latin America,Upper middle income,0,4,2,Latin America & Caribbean,Cluster 0: Latin America & Caribbean,0.7142857142857143,True,5339.68711357943,50629997.0,15.983,28.0,8.862859726,0.406469207944245,127.0
CUW,2020,0.1853448275862069,0.0517241379310344,31924.0,3791.0,0.0049998134049858,0.002926439204669,Curaçao,Americas,Caribbean,High income,0,4,3,Latin America & Caribbean,Cluster 0: Latin America & Caribbean,0.5714285714285714,True,16299.8134688605,155482.0,,0.0,,,
DMA,2020,0.1379310344827586,0.1293103448275862,3154.0,11829.0,0.0043041871921182,0.0009253125998699,Dominica,Americas,Caribbean,Upper middle income,2,4,4,Latin America & Caribbean,Cluster 2: Latin America & Caribbean,0.8571428571428571,True,7827.74842680426,67573.0,,0.0,9.1863441,0.452245989126417,141.0
DOM,2020,0.4094827586206896,0.2284482758620689,217428.0,953957.0,0.0145211971936109,0.0021898128600011,Dominican Republic,Americas,Latin America,Upper middle income,0,4,5,Latin America & Caribbean,Cluster 0: Latin America & Caribbean,0.7142857142857143,True,7135.22273255899,11008300.0,6.126,0.0,9.150526383,0.427067381439144,66.0
GRD,2020,0.0646551724137931,0.1034482758620689,2715.0,11959.0,0.0,0.0007435772070889,Grenada,Americas,Caribbean,Upper middle income,2,5,6,Latin America & Caribbean,Cluster 2: Latin America & Caribbean,0.7142857142857143,True,8968.55890108484,116341.0,,0.0,9.85796464,0.382642658533997,144.0
GUY,2020,0.0689655172413793,0.1724137931034483,16368.0,230460.0,0.0255860016420361,0.0007273490167223,Guyana,Americas,Latin America,Upper middle income,0,4,7,Latin America & Caribbean,Cluster 0: Latin America & Caribbean,0.8571428571428571,True,6775.70939096303,807481.0,15.308,0.0,8.627408726,0.432243067052343,88.0
HTI,2020,0.0905172413793103,0.2112068965517241,7702.0,797183.0,0.0128256082997462,0.0007780545077744,Haiti,Americas,Latin America,Low income,0,4,5,Latin America & Caribbean,Cluster 0: Latin America & Caribbean,0.7142857142857143,True,1290.32538667383,11243848.0,15.573,0.0,5.609468426,0.510701832457002,49.0
IND,2020,0.1853448275862069,0.5344827586206896,2468825.0,5861144.0,0.1360384012539185,0.0078572211873988,India,Asia,South Asia,Lower middle income,4,0,2,South & South-East Asia,Cluster 4: South & South-East Asia,0.8571428571428571,True,1907.04251637669,1402617695.0,7.859,651.0,6.494880199,0.48869332276509,58.0
JAM,2020,0.0905172413793103,0.2155172413793103,10418.0,657994.0,0.0092605239587998,0.001536060455508,Jamaica,Americas,Latin America,Upper middle income,0,4,8,Latin America & Caribbean,Cluster 0: Latin America & Caribbean,0.7142857142857143,True,5299.04530804283,2830739.0,6.501,0.0,9.248188719,0.427775665388445,86.0
NIC,2020,0.2284482758620689,0.168103448275862,19480.0,398261.0,0.009890935214211,0.0014836248791209,Nicaragua,Americas,Latin America,Lower middle income,2,5,9,Latin America & Caribbean,Cluster 2: Latin America & Caribbean,0.5714285714285714,True,1938.44704754382,6565267.0,6.18,0.0,7.26,0.443666824280913,129.0
NLD,2020,0.1724137931034483,0.3836206896551724,999076.0,295726.0,0.02480342215256,0.0102220662588421,Netherlands,Europe,Western Europe,High income,6,7,2,Pan-Europe,Cluster 6: Pan-Europe,0.7142857142857143,True,53467.9277413737,17441500.0,3.82,0.0,12.58162975,0.349538507617097,186.0
PER,2020,0.2241379310344827,0.2413793103448275,627633.0,777552.0,0.0050867666815942,0.0026239852649438,Peru,Americas,Latin America,Upper middle income,0,4,2,Latin America & Caribbean,Cluster 0: Latin America & Caribbean,0.7142857142857143,True,6133.32552410183,32838579.0,7.179,0.0,10.01696229,0.408116465747984,135.0
PHL,2020,0.0387931034482758,0.3922413793103448,21513.0,3683767.0,0.012782131661442,0.0007876069481844,Philippines,Asia,South-Eastern Asia,Lower middle income,4,0,2,South & South-East Asia,Cluster 4: South & South-East Asia,0.8571428571428571,True,3227.57910235199,112081264.0,2.522,348.0,8.971409559,0.454175973843537,66.0
PRT,2020,0.5517241379310345,0.2887931034482758,519866.0,836734.0,0.0215861509180474,0.0066980621501474,Portugal,Europe,Southern Europe,High income,1,3,2,Sub-Saharan Africa,Cluster 1: Sub-Saharan Africa,1.0,True,22299.4044062173,10297081.0,6.85,0.0,9.575940132,0.316340230191361,186.0
SUR,2020,0.0172413793103448,0.1034482758620689,12629.0,138700.0,0.0,0.000717777422517,Suriname,Americas,Latin America,Upper middle income,6,7,2,Pan-Europe,Cluster 6: Pan-Europe,0.7142857142857143,True,4755.39221710693,612317.0,8.973,0.0,8.388631804,0.401002065662521,78.0
SXM,2020,0.1422413793103448,0.0344827586206896,13799.0,992.0,0.0,0.0033761920294955,Sint Maarten,Americas,Caribbean,High income,0,4,10,Latin America & Caribbean,Cluster 0: Latin America & Caribbean,0.7142857142857143,True,30150.8998380477,41008.0,,0.0,,,
TUR,2020,0.1896551724137931,0.3448275862068966,3108608.0,1343922.0,0.0455417786236751,0.0112320325971731,Turkey,Asia,Western Asia,Upper middle income,3,7,2,Western Asia,Cluster 3: Western Asia,0.8571428571428571,True,8798.11791709313,83384680.0,13.148,412.0,8.811284129,0.37713102785373,111.0
USA,2020,0.2543103448275862,0.6896551724137931,23394583.0,1519603.0,0.4633087960889685,0.1198550611087586,United States,Americas,Northern America,High income,2,5,2,Latin America & Caribbean,Cluster 2: Latin America & Caribbean,0.5714285714285714,True,64465.2971415748,331578104.0,8.055,0.0,13.68342972,0.311741033207543,185.0
VCT,2020,0.0646551724137931,0.1120689655172413,2149.0,17067.0,0.0,0.0009659924656502,Saint Vincent and the Grenadines,Americas,Caribbean,Upper middle income,2,4,11,Latin America & Caribbean,Cluster 2: Latin America & Caribbean,0.7142857142857143,True,8351.20324040982,103526.0,20.635,0.0,10.99625387,0.438132340635135,148.0
VEN,2020,0.4698275862068965,0.2413793103448275,671217.0,2801235.0,0.1095611285266457,0.0046859214442459,Venezuela,Americas,Latin America,Lower middle income,0,4,2,Latin America & Caribbean,Cluster 0: Latin America & Caribbean,0.7142857142857143,True,1506.04169391285,28444077.0,7.53,0.0,9.628154421,0.374505975813082,129.0
PAK,2020,0.0344827586206896,0.3491379310344827,1430179.0,1880250.0,0.0166732907896701,0.0015482286904637,Pakistan,Asia,South Asia,Lower middle income,4,0,2,South & South-East Asia,Cluster 4: South & South-East Asia,1.0,True,1278.39735206896,235001746.0,5.994,468.0,4.422319019,0.508462553338375,32.0
AFG,2020,0.0129310344827586,0.2672413793103448,55332.0,2599061.0,0.0083257762352589,0.0006902695333926,Afghanistan,Asia,South Asia,Low income,4,0,2,South & South-East Asia,Cluster 4: South & South-East Asia,1.0,True,510.787063366811,39068979.0,11.71,20475.0,2.841609995,0.582315266487911,26.0
TJK,2020,0.1508620689655172,0.1336206896551724,156686.0,219485.0,0.0,0.0009190429921957,Tajikistan,Asia,Central Asia,Low income,6,1,2,Pan-Europe,Cluster 6: Pan-Europe,0.5714285714285714,True,834.311715460625,9749310.0,7.576,0.0,11.28955089,0.353171580441205,58.0
UZB,2020,0.043103448275862,0.1853448275862069,580384.0,1006882.0,0.0,0.0015857862544611,Uzbekistan,Asia,Central Asia,Lower middle income,6,1,2,Pan-Europe,Cluster 6: Pan-Europe,0.5714285714285714,True,2087.96374711792,33586372.0,5.293,0.0,11.8894949,0.356543026752724,57.0
CIV,2020,0.043103448275862,0.1724137931034483,1083552.0,567095.0,0.0497372742200328,0.0069397464808051,Côte d'Ivoire,Africa,Sub-Saharan Africa,Lower middle income,5,6,2,Sub-Saharan Africa,Cluster 5: Sub-Saharan Africa,1.0,True,2179.72934832935,28915449.0,2.588,1.0,4.23697763,0.485618147370348,57.0
AGO,2020,0.0560344827586206,0.1637931034482758,65922.0,274746.0,0.001760803851321,0.0010982536539379,Angola,Africa,Sub-Saharan Africa,Lower middle income,1,3,2,Sub-Saharan Africa,Cluster 1: Sub-Saharan Africa,1.0,True,1749.1794838482,33451132.0,16.696,25.0,5.844291601,0.513684687498138,50.0
COD,2020,0.0344827586206896,0.25,469560.0,944087.0,0.0362377780265711,0.0023532832216176,DR Congo,Africa,Sub-Saharan Africa,Low income,1,3,2,Sub-Saharan Africa,Cluster 1: Sub-Saharan Africa,1.0,True,486.425572682256,95989998.0,5.355,986.0,7.206164799,0.563297689856726,42.0
COG,2020,0.0905172413793103,0.168103448275862,172424.0,109866.0,0.0,0.0015180410858669,Congo,Africa,Sub-Saharan Africa,Lower middle income,1,3,12,Sub-Saharan Africa,Cluster 1: Sub-Saharan Africa,1.0,True,1993.586671931,5752791.0,22.286,1.0,8.250552585,0.522585888004617,48.0
CPV,2020,0.1379310344827586,0.0991379310344827,6959.0,72227.0,0.0043041871921182,0.0008311566379626,Cabo Verde,Africa,Sub-Saharan Africa,Lower middle income,1,3,13,Sub-Saharan Africa,Cluster 1: Sub-Saharan Africa,1.0,True,3539.22661248299,514679.0,14.65,0.0,6.09003905,0.426105779833532,66.0
GIN,2020,0.4094827586206896,0.1637931034482758,46169.0,199622.0,0.028672842961636,0.0017927305189153,Guinea,Africa,Sub-Saharan Africa,Low income,5,6,2,Sub-Saharan Africa,Cluster 5: Sub-Saharan Africa,1.0,True,1053.66097696415,13371183.0,6.007,1.0,2.35910296,0.523691331178741,55.0
MOZ,2020,0.0689655172413793,0.146551724137931,164754.0,272150.0,0.0091735706821913,0.0020117391128714,Mozambique,Africa,Sub-Saharan Africa,Low income,1,3,14,Sub-Saharan Africa,Cluster 1: Sub-Saharan Africa,1.0,True,462.433876479921,30783688.0,5.019,939.0,3.860090017,0.494780371136377,62.0
NAM,2020,0.3491379310344827,0.0732758620689655,49174.0,21327.0,0.0,0.0013470711447945,Namibia,Africa,Sub-Saharan Africa,Upper middle income,1,3,15,Sub-Saharan Africa,Cluster 1: Sub-Saharan Africa,1.0,True,3878.58982993966,2728762.0,21.003,0.0,7.243458294,0.460257031741851,77.0
RWA,2020,0.021551724137931,0.1508620689655172,250265.0,249398.0,0.0069345238095238,0.0018203028495387,Rwanda,Africa,Sub-Saharan Africa,Low income,1,3,2,Sub-Saharan Africa,Cluster 1: Sub-Saharan Africa,1.0,True,802.638686936204,13065837.0,11.829,134.0,4.878310204,0.565626884531712,60.0
STP,2020,0.0258620689655172,0.0474137931034482,1036.0,19743.0,0.0,0.0006555589987823,Sao Tome and Principe,Africa,Sub-Saharan Africa,Lower middle income,1,3,16,Sub-Saharan Africa,Cluster 1: Sub-Saharan Africa,1.0,True,2167.22001796925,217435.0,9.679,0.0,5.915788918,0.546199310088072,61.0
TCD,2020,0.043103448275862,0.1336206896551724,290722.0,96651.0,0.041650619495447,0.001498218867631,Chad,Africa,Sub-Saharan Africa,Low income,1,3,2,Sub-Saharan Africa,Cluster 1: Sub-Saharan Africa,1.0,True,866.947814890409,17224679.0,1.695,196.0,2.282753488,0.640172375853037,53.0
ZAF,2020,0.5129310344827586,0.3060344827586206,1007337.0,447797.0,0.0704538923719958,0.0089406837096301,South Africa,Africa,Sub-Saharan Africa,Upper middle income,1,3,14,Sub-Saharan Africa,Cluster 1: Sub-Saharan Africa,1.0,True,5580.60383075189,60562381.0,29.217,0.0,10.55465984,0.396480621339519,101.0
ZMB,2020,0.125,0.1336206896551724,80788.0,61621.0,0.0,0.0012007997937853,Zambia,Africa,Sub-Saharan Africa,Lower middle income,1,3,17,Sub-Saharan Africa,Cluster 1: Sub-Saharan Africa,1.0,True,951.644316655957,19059395.0,6.032,2.0,7.284893177,0.488454398332421,71.0
CAN,2020,0.5560344827586207,0.4956896551724138,4295045.0,684372.0,0.0390854978354978,0.0416719089802181,Canada,Americas,Northern America,High income,4,0,2,South & South-East Asia,Cluster 4: South & South-East Asia,0.8571428571428571,True,43537.8981198851,38028638.0,9.657,0.0,13.86876597,0.283558443300829,183.0
AIA,2020,0.0387931034482758,0.0387931034482758,1965.0,736.0,0.0,0.001450474695511,Anguilla,Americas,Caribbean,High income,0,4,18,Latin America & Caribbean,Cluster 0: Latin America & Caribbean,0.7142857142857143,True,,,,,,,
GBR,2020,0.1508620689655172,0.6077586206896551,3783454.0,2277790.0,0.3333353858784894,0.0487247149691824,United Kingdom,Europe,Northern Europe,High income,6,1,2,Pan-Europe,Cluster 6: Pan-Europe,0.8571428571428571,True,40815.1255364787,66740000.0,4.472,0.0,13.4061203,0.283795312688125,185.0
KNA,2020,0.0560344827586206,0.0905172413793103,1760.0,6894.0,0.0,0.0016917712713669,Saint Kitts and Nevis,Americas,Latin America,High income,0,4,19,Latin America & Caribbean,Cluster 0: Latin America & Caribbean,0.7142857142857143,True,18859.0190361046,46870.0,,0.0,10.8494008,,156.0
MSR,2020,0.043103448275862,0.0474137931034482,554.0,1627.0,0.0,0.00069428381451,Montserrat,Americas,Caribbean,Upper middle income,2,4,20,Latin America & Caribbean,Cluster 2: Latin America & Caribbean,0.7142857142857143,True,,,,,,,
VIR,2020,0.0862068965517241,0.0603448275862068,29493.0,1702.0,0.00504329004329,0.0049716647599933,United States Virgin Islands,Americas,Caribbean,High income,2,5,21,Latin America & Caribbean,Cluster 2: Latin America & Caribbean,0.5714285714285714,True,39787.3741650202,106290.0,14.366,0.0,,,
ALB,2020,0.0258620689655172,0.168103448275862,21066.0,534438.0,2.1738319152112257e-05,0.0010851304667968,Albania,Europe,Eastern Europe,Upper middle income,7,2,22,Sub-Saharan Africa & Latin America,Cluster 7: Sub-Saharan Africa & Latin America,0.7142857142857143,True,6027.91350716348,2528480.0,11.639,0.0,10.12114431,0.395254408098606,114.0
GRC,2020,0.7413793103448276,0.2456896551724137,697817.0,374356.0,0.0043259255112703,0.0088078463148275,Greece,Europe,Southern Europe,High income,6,1,2,Pan-Europe,Cluster 6: Pan-Europe,0.7142857142857143,True,17886.733165236,10698599.0,15.899,0.0,11.40853024,0.337701141135621,184.0
ITA,2020,0.6120689655172413,0.4612068965517241,3307739.0,1321362.0,0.0388898529631288,0.0261409012439576,Italy,Europe,Southern Europe,High income,6,1,2,Pan-Europe,Cluster 6: Pan-Europe,0.8571428571428571,True,32091.4866621366,59438851.0,9.192,0.0,10.7401104,0.345982289338979,188.0
MKD,2020,0.0818965517241379,0.1551724137931034,75659.0,238248.0,0.0,0.0009453382928587,North Macedonia,Europe,Eastern Europe,Upper middle income,6,1,23,Pan-Europe,Cluster 6: Pan-Europe,0.8571428571428571,True,6659.59651070776,1856124.0,16.575,0.0,10.22815037,0.371385804723928,124.0
ARG,2020,0.3103448275862069,0.2758620689655172,942211.0,505260.0,0.0363029929840274,0.0078539859874912,Argentina,Americas,Latin America,Upper middle income,7,2,2,Sub-Saharan Africa & Latin America,Cluster 7: Sub-Saharan Africa & Latin America,0.8571428571428571,True,8535.59938004389,45191965.0,11.461,0.0,11.14408016,0.379582170427316,170.0
AND,2020,0.0603448275862068,0.0344827586206896,20523.0,859.0,0.0,0.001042876287801,Andorra,Europe,Western Europe,High income,7,2,24,Sub-Saharan Africa & Latin America,Cluster 7: Sub-Saharan Africa & Latin America,0.8571428571428571,True,37361.090067211,77380.0,,0.0,11.260993,,167.0
BEL,2020,0.3577586206896552,0.3146551724137931,944321.0,252209.0,0.0139777392148081,0.0113134554519983,Belgium,Europe,Western Europe,High income,7,2,2,Sub-Saharan Africa & Latin America,Cluster 7: Sub-Saharan Africa & Latin America,0.8571428571428571,True,45906.2875805246,11538604.0,5.545,0.0,12.52857789,0.334969174860605,185.0
CHL,2020,0.4094827586206896,0.2284482758620689,705129.0,221574.0,0.0100648417674279,0.0055228024910238,Chile,Americas,Latin America,High income,7,2,2,Sub-Saharan Africa & Latin America,Cluster 7: Sub-Saharan Africa & Latin America,0.8571428571428571,True,13117.9930230086,19370624.0,10.934,0.0,11.11136804,0.333157100552715,174.0
DEU,2020,0.1163793103448275,0.5301724137931034,5570467.0,2227633.0,0.2659031198686371,0.0302072683534661,Germany,Europe,Western Europe,High income,6,1,2,Pan-Europe,Cluster 6: Pan-Europe,1.0,True,47394.8734504469,83160871.0,3.881,0.0,14.25594044,0.299449544528448,189.0
ESP,2020,0.2025862068965517,0.375,3510308.0,750732.0,0.186884329750709,0.0226194126642708,Spain,Europe,Southern Europe,High income,7,2,2,Sub-Saharan Africa & Latin America,Cluster 7: Sub-Saharan Africa & Latin America,0.8571428571428571,True,27233.9426461608,47359424.0,15.532,0.0,10.60540009,0.299874207624524,188.0
FRA,2020,0.2284482758620689,0.5689655172413793,4022314.0,1213227.0,0.2475994551425586,0.0327672274950492,France,Europe,Western Europe,High income,7,2,2,Sub-Saharan Africa & Latin America,Cluster 7: Sub-Saharan Africa & Latin America,0.8571428571428571,True,39169.8606000707,67601110.0,8.009,0.0,11.68859246,0.30235527872919,186.0
MAR,2020,0.0775862068965517,0.2543103448275862,41308.0,1566995.0,0.0,0.0013445584391547,Morocco,Africa,Northern Africa,Lower middle income,7,2,2,Sub-Saharan Africa & Latin America,Cluster 7: Sub-Saharan Africa & Latin America,0.8571428571428571,True,3268.0302734375,36584208.0,11.189,0.0,6.05,0.367890895438637,64.0
URY,2020,0.0732758620689655,0.1810344827586207,53905.0,133407.0,0.0,0.0013378388706657,Uruguay,Americas,Latin America,High income,7,2,2,Sub-Saharan Africa & Latin America,Cluster 7: Sub-Saharan Africa & Latin America,0.8571428571428571,True,15757.5341990356,3398968.0,10.413,0.0,9.058219782,0.371738954870943,153.0
ARE,2020,0.1422413793103448,0.146551724137931,2225313.0,69474.0,0.0003695514255859,0.006484684020594,United Arab Emirates,Asia,Western Asia,High income,4,0,2,South & South-East Asia,Cluster 4: South & South-East Asia,1.0,True,37991.738387966,9401038.0,4.294,0.0,12.73389006,0.384470576615922,170.0
BGD,2020,0.0732758620689655,0.2543103448275862,793339.0,2233139.0,0.122973671443499,0.0064045137424125,Bangladesh,Asia,South Asia,Lower middle income,4,0,2,South & South-East Asia,Cluster 4: South & South-East Asia,0.8571428571428571,True,2248.85078828233,166298024.0,5.539,1.0,7.379059792,0.528183627327675,41.0
BHR,2020,0.1422413793103448,0.0905172413793103,198539.0,28468.0,0.0,0.0014048597909062,Bahrain,Asia,Western Asia,High income,4,0,2,South & South-East Asia,Cluster 4: South & South-East Asia,0.8571428571428571,True,24342.8444554718,1472204.0,1.765,0.0,11.04658985,0.436644211159774,83.0
EGY,2020,0.3103448275862069,0.3103448275862069,259443.0,1292700.0,0.000391289744738,0.0021659460203828,Egypt,Africa,Northern Africa,Lower middle income,4,0,2,South & South-East Asia,Cluster 4: South & South-East Asia,1.0,True,3511.11381026379,109315124.0,7.974,527.0,9.84810224,0.411607510671201,50.0
ERI,2020,0.0905172413793103,0.168103448275862,5173.0,309934.0,0.0,0.0006712095482714,Eritrea,Africa,Sub-Saharan Africa,Low income,6,7,25,Pan-Europe,Cluster 6: Pan-Europe,0.8571428571428571,True,539.699512069686,3291271.0,6.375,0.0,5.09136442,0.604363093163935,42.0
ETH,2020,0.0517241379310344,0.2198275862068965,420243.0,524332.0,0.1037135206747275,0.0014426784145005,Ethiopia,Africa,Sub-Saharan Africa,Low income,1,3,2,Sub-Saharan Africa,Cluster 1: Sub-Saharan Africa,1.0,True,829.790982552951,118917671.0,3.998,20916.0,2.390854081,0.530899900582751,44.0
IDN,2020,0.1120689655172413,0.2801724137931034,133672.0,1615378.0,0.0208035714285714,0.0018402372543307,Indonesia,Asia,South-Eastern Asia,Upper middle income,4,0,2,South & South-East Asia,Cluster 4: South & South-East Asia,0.7142857142857143,True,3853.70288774146,274814866.0,4.255,31.0,8.556509972,0.433889961873767,71.0
JOR,2020,0.0344827586206896,0.1853448275862069,2088542.0,262235.0,0.0001521682340647,0.0049176966345521,Jordan,Asia,Western Asia,Upper middle income,3,7,2,Western Asia,Cluster 3: Western Asia,0.8571428571428571,True,4411.48321838396,10865228.0,19.213,0.0,10.44668007,0.366987768240225,51.0
KWT,2020,0.1422413793103448,0.1336206896551724,984500.0,58191.0,0.0,0.003878680468894,Kuwait,Asia,Western Asia,High income,4,0,2,South & South-East Asia,Cluster 4: South & South-East Asia,1.0,True,25236.0755848941,4400267.0,3.489,0.0,7.441742908,0.36631503152348,96.0
LBN,2020,0.0344827586206896,0.3146551724137931,761726.0,278577.0,0.0,0.0016808514148977,Lebanon,Asia,Western Asia,Lower middle income,3,7,2,Western Asia,Cluster 3: Western Asia,0.8571428571428571,True,5561.19166950397,5702398.0,13.252,0.0,8.602969077,0.400321787922568,40.0
LKA,2020,0.2112068965517241,0.2413793103448275,18066.0,641720.0,0.0,0.0013729245407956,Sri Lanka,Asia,South Asia,Lower middle income,4,0,2,South & South-East Asia,Cluster 4: South & South-East Asia,0.8571428571428571,True,3847.60136741182,21919000.0,5.364,0.0,10.82730007,0.449226418157685,42.0
NGA,2020,0.0387931034482758,0.3448275862068966,535124.0,821174.0,0.0657584154351395,0.0042093806425654,Nigeria,Africa,Sub-Saharan Africa,Lower middle income,5,6,2,Sub-Saharan Africa,Cluster 5: Sub-Saharan Africa,1.0,True,2797.184580679,213996181.0,5.714,2024.0,7.388969898,0.482534841638638,46.0
NPL,2020,0.0258620689655172,0.1982758620689655,335269.0,1011371.0,0.0252599268547544,0.0013005061211599,Nepal,Asia,South Asia,Lower middle income,4,0,2,South & South-East Asia,Cluster 4: South & South-East Asia,0.8571428571428571,True,1154.21517578318,28966574.0,13.037,0.0,4.485598758,0.484707402872627,38.0
PSE,2020,0.0603448275862068,0.2068965517241379,136912.0,1875369.0,0.043976619644723,0.0068951803750004,Palestine,Asia,Western Asia,Lower middle income,3,7,2,Western Asia,Cluster 3: Western Asia,0.8571428571428571,True,3233.56863835858,4803269.0,25.895,0.0,9.938480377,,38.0
QAT,2020,0.1422413793103448,0.0948275862068965,478121.0,9415.0,0.0,0.0018362906952458,Qatar,Asia,Western Asia,High income,4,0,2,South & South-East Asia,Cluster 4: South & South-East Asia,0.7142857142857143,True,51683.5054376677,2794148.0,0.14,0.0,10.1317219,0.358359469152442,95.0
SAU,2020,0.0818965517241379,0.2025862068965517,2674763.0,90095.0,0.004652000298552,0.0050464473399919,Saudi Arabia,Asia,Western Asia,High income,4,0,2,South & South-East Asia,Cluster 4: South & South-East Asia,0.8571428571428571,True,24338.8307301067,31552510.0,7.66,0.0,11.31052971,0.386648295840214,78.0
SDN,2020,0.0646551724137931,0.2241379310344827,679163.0,911358.0,0.0866924167786236,0.0024209709027174,Sudan,Africa,Sub-Saharan Africa,Low income,1,3,2,Sub-Saharan Africa,Cluster 1: Sub-Saharan Africa,1.0,True,577.795227050781,46789231.0,11.995,45.0,3.87,0.601558835885565,40.0
SOM,2020,0.0129310344827586,0.2284482758620689,16427.0,781432.0,0.0123038886400955,0.0006741542602248,Somalia,Africa,Sub-Saharan Africa,Low income,1,3,2,Sub-Saharan Africa,Cluster 1: Sub-Saharan Africa,1.0,True,518.16113333875,16651191.0,19.414,1942.0,1.9003,0.611341597741786,33.0
SSD,2020,0.0560344827586206,0.0862068965517241,437820.0,1208576.0,0.0507154985818779,0.002106219209146,South Sudan,Africa,Sub-Saharan Africa,Low income,1,3,2,Sub-Saharan Africa,Cluster 1: Sub-Saharan Africa,1.0,True,1080.14718624765,10698467.0,14.246,58.0,5.726140022,,43.0
SYR,2020,0.021551724137931,0.3318965517241379,404488.0,4013171.0,0.0274554970891177,0.0016571536127878,Syria,Asia,Western Asia,Low income,3,7,2,Western Asia,Cluster 3: Western Asia,0.7142857142857143,True,593.911771822527,21049429.0,15.179,4589.0,5.736797587,0.471428527060601,29.0
THA,2020,0.0560344827586206,0.2801724137931034,1215923.0,664274.0,0.0053476265114196,0.0036539369622208,Thailand,Asia,South-Eastern Asia,Upper middle income,4,0,2,South & South-East Asia,Cluster 4: South & South-East Asia,0.7142857142857143,True,6983.03412836245,71641484.0,1.099,46.0,8.834560711,0.435071969016694,79.0
TUN,2020,0.0732758620689655,0.1896551724137931,23137.0,298952.0,0.0,0.0009907226789333,Tunisia,Africa,Northern Africa,Lower middle income,7,2,2,Sub-Saharan Africa & Latin America,Cluster 7: Sub-Saharan Africa & Latin America,0.8571428571428571,True,3548.65363663803,11974057.0,17.651,0.0,7.953393173,0.375583586595581,71.0
YEM,2020,0.0474137931034482,0.1508620689655172,147574.0,640505.0,6.521495745633678e-05,0.0007855085510211,Yemen,Asia,Western Asia,Low income,4,0,2,South & South-East Asia,Cluster 4: South & South-East Asia,0.8571428571428571,True,1362.1738120601,36134863.0,17.963,6293.0,2.776825958,0.528346463425989,33.0
ARM,2020,0.0603448275862068,0.1896551724137931,97375.0,317228.0,2.1738319152112257e-05,0.0008194411652493,Armenia,Asia,Western Asia,Upper middle income,6,1,2,Pan-Europe,Cluster 6: Pan-Europe,0.5714285714285714,True,4268.68093304583,2961500.0,18.175,0.0,11.33030033,0.370647590595447,63.0
AUS,2020,0.8491379310344828,0.4094827586206896,3894367.0,201605.0,0.1320385505299298,0.0647504506038593,Australia,Oceania,Australia/NZ,High income,4,0,2,South & South-East Asia,Cluster 4: South & South-East Asia,0.7142857142857143,True,51983.4523666382,25649248.0,6.394,0.0,12.72681999,0.313767368750102,184.0
AUT,2020,0.1853448275862069,0.2672413793103448,836870.0,226583.0,0.0048911218092252,0.0063211095377426,Austria,Europe,Western Europe,High income,6,1,2,Pan-Europe,Cluster 6: Pan-Europe,1.0,True,48716.4098900349,8916864.0,5.201,0.0,12.30571367,0.293809067480789,187.0
BGR,2020,0.7068965517241379,0.2456896551724137,92585.0,626613.0,0.0,0.0017235616209471,Bulgaria,Europe,Eastern Europe,Upper middle income,3,7,2,Western Asia,Cluster 3: Western Asia,0.8571428571428571,True,10760.7616180234,6550696.0,5.037,0.0,11.41318035,0.334282923649361,171.0
BOL,2020,0.5689655172413793,0.1637931034482758,76268.0,403828.0,0.0,0.0019121030952018,Bolivia,Americas,Latin America,Lower middle income,7,2,2,Sub-Saharan Africa & Latin America,Cluster 7: Sub-Saharan Africa & Latin America,0.8571428571428571,True,3580.96761778303,11816299.0,7.903,0.0,9.827750206,0.442833207679168,78.0
BRA,2020,0.4612068965517241,0.3275862068965517,347294.0,1023063.0,0.0005434579788028,0.0042570411888881,Brazil,Americas,Latin America,Upper middle income,2,2,2,Latin America & Caribbean,Cluster 2: Latin America & Caribbean,0.7142857142857143,True,7074.19378337644,208660842.0,13.697,0.0,8.278307638,0.368474971010616,170.0
CHE,2020,0.1939655172413793,0.3232758620689655,1091641.0,263962.0,0.0043041871921182,0.0140107312834367,Switzerland,Europe,Western Europe,High income,6,1,2,Pan-Europe,Cluster 6: Pan-Europe,1.0,True,87529.7016394892,8638167.0,4.817,0.0,13.90406622,0.255350560803248,185.0
CRI,2020,0.5775862068965517,0.1594827586206896,249053.0,22149.0,0.0092387856396477,0.0027604358066465,Costa Rica,Americas,Latin America,Upper middle income,2,5,26,Latin America & Caribbean,Cluster 2: Latin America & Caribbean,0.5714285714285714,True,12475.6852076814,5034320.0,16.432,0.0,8.804059982,0.377877502488867,150.0
CUB,2020,0.1422413793103448,0.2672413793103448,1601.0,872273.0,0.0,0.0006648827276257,Cuba,Americas,Latin America,Upper middle income,2,5,2,Latin America & Caribbean,Cluster 2: Latin America & Caribbean,0.5714285714285714,True,9605.27914559614,11176354.0,2.233,0.0,10.54807197,0.438093582398573,64.0
CYP,2020,0.5775862068965517,0.1077586206896551,103174.0,39469.0,0.0,0.0021461466537672,Cyprus,Europe,Western Asia,High income,6,1,27,Pan-Europe,Cluster 6: Pan-Europe,0.7142857142857143,True,28130.330078125,1302247.0,7.755,0.0,12.44017029,0.355975378021274,174.0
CZE,2020,0.1982758620689655,0.1982758620689655,321546.0,341364.0,0.0092822622779519,0.0023709319329077,Czechia,Europe,Eastern Europe,High income,6,1,2,Pan-Europe,Cluster 6: Pan-Europe,1.0,True,23472.8915454417,10697858.0,2.55,0.0,12.91605342,0.261930386054076,184.0
DNK,2020,0.8232758620689655,0.2327586206896551,357273.0,57431.0,0.0249121137483206,0.0086155502330863,Denmark,Europe,Northern Europe,High income,6,1,28,Pan-Europe,Cluster 6: Pan-Europe,1.0,True,60985.4885601514,5831404.0,5.644,0.0,12.96049023,0.348777851375636,187.0
DZA,2020,0.0862068965517241,0.2543103448275862,114084.0,866740.0,0.0045867853410956,0.0014004792704753,Algeria,Africa,Northern Africa,Lower middle income,7,2,2,Sub-Saharan Africa & Latin America,Cluster 7: Sub-Saharan Africa & Latin America,0.8571428571428571,True,3743.5419522929,44042091.0,14.08,26.0,6.987443608,0.358462514119565,51.0
ECU,2020,0.2068965517241379,0.1767241379310344,367143.0,577456.0,0.0,0.0021289771516723,Ecuador,Americas,Latin America,Upper middle income,7,2,2,Sub-Saharan Africa & Latin America,Cluster 7: Sub-Saharan Africa & Latin America,0.7142857142857143,True,5463.64515348598,17546065.0,6.116,0.0,8.817119598,0.462381541463569,91.0
EST,2020,0.5301724137931034,0.1508620689655172,112501.0,65121.0,0.003891159128228,0.0010749938438833,Estonia,Europe,Northern Europe,High income,6,1,2,Pan-Europe,Cluster 6: Pan-Europe,0.5714285714285714,True,23933.9939421065,1329522.0,6.956,0.0,13.54843044,0.335782799608274,179.0
GTM,2020,0.2112068965517241,0.1551724137931034,43235.0,559167.0,0.0085431594267801,0.0012482746071849,Guatemala,Americas,Latin America,Upper middle income,2,5,2,Latin America & Caribbean,Cluster 2: Latin America & Caribbean,0.5714285714285714,True,4477.61785000665,17357325.0,2.965,0.0,5.668648013,0.444173628515658,133.0
HND,2020,0.1810344827586207,0.1551724137931034,18504.0,555858.0,0.0,0.0011488474433638,Honduras,Americas,Latin America,Lower middle income,2,5,2,Latin America & Caribbean,Cluster 2: Latin America & Caribbean,0.5714285714285714,True,2307.61494319511,10119640.0,10.982,0.0,7.296200514,0.449930025737947,134.0
HRV,2020,0.3060344827586206,0.1853448275862069,280372.0,432008.0,0.0170863188535602,0.0020425815933321,Croatia,Europe,Eastern Europe,High income,6,1,2,Pan-Europe,Cluster 6: Pan-Europe,1.0,True,14807.5559227544,3914206.0,7.389,0.0,12.32871821,0.374130817488851,171.0
HUN,2020,0.75,0.2241379310344827,265863.0,257358.0,0.0,0.0028327125050566,Hungary,Europe,Eastern Europe,High income,6,1,2,Pan-Europe,Cluster 6: Pan-Europe,1.0,True,16386.9308821258,9670419.0,4.248,0.0,12.24958992,0.353562651392138,182.0
IRL,2020,0.1120689655172413,0.2543103448275862,413314.0,346733.0,0.0,0.0072001521790378,Ireland,Europe,Northern Europe,High income,6,1,2,Pan-Europe,Cluster 6: Pan-Europe,0.8571428571428571,True,86514.0706108754,5039747.0,5.623,0.0,11.6569568,0.310103621124889,186.0
IRN,2020,0.0301724137931034,0.2974137931034483,1272505.0,678419.0,0.0043041871921182,0.0009534299294623,Iran,Asia,Western Asia,Lower middle income,4,0,2,South & South-East Asia,Cluster 4: South & South-East Asia,1.0,True,3202.50003502169,87723443.0,9.687,496.0,10.74618321,0.373429564717406,41.0
ISR,2020,0.3017241379310345,0.2543103448275862,876254.0,144668.0,0.0370638341543514,0.0087047020214413,Israel,Asia,Western Asia,High income,6,1,2,Pan-Europe,Cluster 6: Pan-Europe,0.8571428571428571,True,44590.8237253282,9215100.0,4.169,461.0,13.44279092,0.301807943509641,160.0
JPN,2020,0.2543103448275862,0.375,1658700.0,524935.0,0.0001304299149126,0.0099868791094561,Japan,Asia,Eastern Asia,High income,2,5,2,Latin America & Caribbean,Cluster 2: Latin America & Caribbean,0.5714285714285714,True,41098.9739004553,126261000.0,2.809,0.0,12.66923046,0.370642210417419,191.0
KOR,2020,0.0603448275862068,0.3318965517241379,683013.0,1130312.0,8.695327660844903e-05,0.003797455685356,South Korea,Asia,Eastern Asia,High income,2,5,2,Latin America & Caribbean,Cluster 2: Latin America & Caribbean,0.5714285714285714,True,33645.7719545073,51836239.0,3.931,0.0,12.61409234,0.358261559932701,189.0
LAO,2020,0.0258620689655172,0.1077586206896551,16099.0,349704.0,0.0,0.0006757030779088,Laos,Asia,South-Eastern Asia,Lower middle income,4,0,2,South & South-East Asia,Cluster 4: South & South-East Asia,0.7142857142857143,True,2583.77730696131,7346533.0,2.349,0.0,5.94697053,0.473526589103988,50.0
LTU,2020,0.4439655172413793,0.1810344827586207,72031.0,234246.0,0.0,0.0011358700236597,Lithuania,Europe,Northern Europe,High income,6,1,2,Pan-Europe,Cluster 6: Pan-Europe,0.7142857142857143,True,20428.6478157394,2810369.0,8.487,0.0,13.49810028,0.369678958836297,181.0
MEX,2020,0.3362068965517241,0.2284482758620689,642302.0,5562762.0,0.0128038699805941,0.0291390804454141,Mexico,Americas,Latin America,Upper middle income,2,5,2,Latin America & Caribbean,Cluster 2: Latin America & Caribbean,0.5714285714285714,True,8841.27074929751,126799054.0,4.44,0.0,9.221050262,0.383681839903552,159.0
MNE,2020,0.125,0.0862068965517241,42511.0,52566.0,0.0,0.000873633207738,Montenegro,Europe,Eastern Europe,Upper middle income,6,1,29,Pan-Europe,Cluster 6: Pan-Europe,1.0,True,7555.48699036321,626590.0,17.878,0.0,12.61621288,0.361988140209549,124.0
NOR,2020,0.875,0.1853448275862069,409024.0,61826.0,0.0051302433198984,0.0081239990153317,Norway,Europe,Northern Europe,High income,6,1,30,Pan-Europe,Cluster 6: Pan-Europe,1.0,True,71057.5879471399,5379475.0,4.424,0.0,13.06234279,0.256963602052848,185.0
NZL,2020,0.2068965517241379,0.2586206896551724,651336.0,330405.0,0.0465200029855202,0.0210800424767387,New Zealand,Oceania,Australia/NZ,High income,4,0,2,South & South-East Asia,Cluster 4: South & South-East Asia,0.7142857142857143,True,42054.6743136586,5072400.0,4.595,0.0,12.94468975,0.304090232119636,185.0
PAN,2020,0.375,0.1594827586206896,145645.0,101234.0,0.0,0.0023664346556257,Panama,Americas,Latin America,High income,2,5,2,Latin America & Caribbean,Cluster 2: Latin America & Caribbean,0.5714285714285714,True,13290.5608347594,4293261.0,14.663,0.0,10.68696295,0.406154625171401,142.0
POL,2020,0.2672413793103448,0.3232758620689655,394010.0,2315723.0,0.014347290640394,0.0061602938509501,Poland,Europe,Eastern Europe,High income,6,1,2,Pan-Europe,Cluster 6: Pan-Europe,1.0,True,16150.9304813473,37515748.0,3.155,0.0,13.1647501,0.304681661602221,181.0
PRI,2020,0.1939655172413793,0.1163793103448275,127360.0,973000.0,0.0,0.0069073913876448,Puerto Rico,Americas,Latin America,High income,2,5,2,Latin America & Caribbean,Cluster 2: Latin America & Caribbean,0.5714285714285714,True,31427.1034994916,3281591.0,8.89,0.0,,,
PRK,2020,0.0862068965517241,0.1379310344827586,23775.0,23426.0,0.0,0.000747270281022,North Korea,Asia,Eastern Asia,Low income,2,5,31,Latin America & Caribbean,Cluster 2: Latin America & Caribbean,0.5714285714285714,True,,26136312.0,3.624,0.0,,0.459796915608498,39.0
PRY,2020,0.0732758620689655,0.1422413793103448,79040.0,403510.0,0.0,0.0013735432813315,Paraguay,Americas,Latin America,Upper middle income,7,2,2,Sub-Saharan Africa & Latin America,Cluster 7: Sub-Saharan Africa & Latin America,0.8571428571428571,True,5365.47220721191,6603739.0,7.548,0.0,8.861840248,0.374132933629259,141.0
ROU,2020,0.1163793103448275,0.293103448275862,150704.0,2203645.0,0.0038042058516196,0.0028108612453567,Romania,Europe,Eastern Europe,High income,6,1,2,Pan-Europe,Cluster 6: Pan-Europe,1.0,True,13009.1525348396,19265250.0,5.035,0.0,11.36019615,0.412755130304206,172.0
RUS,2020,0.1810344827586207,0.418103448275862,3624111.0,5141892.0,0.1275387184654426,0.0087392939428912,Russia,Europe,Eastern Europe,Upper middle income,6,1,2,Pan-Europe,Cluster 6: Pan-Europe,0.5714285714285714,True,10108.3271484375,145245148.0,5.62,30.0,12.40535138,0.326653672211931,117.0
SEN,2020,0.1120689655172413,0.2241379310344827,105787.0,244304.0,0.0476938722197342,0.0027297836699954,Senegal,Africa,Sub-Saharan Africa,Lower middle income,7,2,2,Sub-Saharan Africa & Latin America,Cluster 7: Sub-Saharan Africa & Latin America,0.8571428571428571,True,1461.08720350553,16789219.0,3.432,0.0,2.88736686,0.533817927914738,56.0
SLV,2020,0.2025862068965517,0.168103448275862,22339.0,845555.0,0.0,0.000997686642997,El Salvador,Americas,Latin America,Lower middle income,2,5,2,Latin America & Caribbean,Cluster 2: Latin America & Caribbean,0.5714285714285714,True,3997.19279583709,6234673.0,5.008,0.0,7.150929928,0.419508084286119,134.0
SRB,2020,0.168103448275862,0.1810344827586207,403792.0,433456.0,0.00504329004329,0.0027738756471456,Serbia,Europe,Eastern Europe,Upper middle income,6,1,2,Pan-Europe,Cluster 6: Pan-Europe,1.0,True,8098.70955668849,6899126.0,9.011,0.0,11.5047611,0.422735956411257,134.0
SVK,2020,0.6379310344827586,0.1594827586206896,96566.0,217793.0,0.0,0.0016817386735945,Slovakia,Europe,Eastern Europe,High income,6,1,2,Pan-Europe,Cluster 6: Pan-Europe,1.0,True,19735.4858280801,5458827.0,6.719,0.0,13.00719575,0.359050557015284,181.0
SVN,2020,0.6120689655172413,0.1379310344827586,114940.0,46107.0,0.0,0.0012609775065677,Slovenia,Europe,Eastern Europe,High income,6,1,32,Pan-Europe,Cluster 6: Pan-Europe,1.0,True,25392.0651093612,2102419.0,4.971,0.0,12.88015724,0.312692634739701,180.0
SWE,2020,0.2370689655172413,0.2543103448275862,870993.0,103168.0,0.01976013210927,0.0114180322916472,Sweden,Europe,Northern Europe,High income,3,7,2,Western Asia,Cluster 3: Western Asia,1.0,True,52568.5726980146,10353442.0,8.291,0.0,12.67372015,0.31860230526687,186.0
TWN,2020,0.0991379310344827,0.0689655172413793,663844.0,429168.0,0.0016955888938647,0.0018083571133016,Taiwan,Asia,Eastern Asia,High income,2,0,2,Latin America & Caribbean,Cluster 2: Latin America & Caribbean,0.7142857142857143,True,,,,,,,
UKR,2020,0.1293103448275862,0.3232758620689655,2599991.0,2482106.0,0.0190210292580982,0.0050660286353731,Ukraine,Europe,Eastern Europe,Lower middle income,6,1,2,Pan-Europe,Cluster 6: Pan-Europe,0.5714285714285714,True,3709.76928710938,44680014.0,9.475,196.0,11.12330123,0.367944131949858,129.0
AZE,2020,0.0818965517241379,0.1594827586206896,102760.0,378106.0,0.0,0.0008726800038351,Azerbaijan,Asia,Western Asia,Upper middle income,6,1,2,Pan-Europe,Cluster 6: Pan-Europe,0.5714285714285714,True,4229.91064904503,10093121.0,7.24,7646.0,10.55612992,0.402296116571452,67.0
GEO,2020,0.1939655172413793,0.168103448275862,42582.0,283947.0,0.0,0.0007295934473455,Georgia,Asia,Western Asia,Upper middle income,6,1,2,Pan-Europe,Cluster 6: Pan-Europe,0.5714285714285714,True,4300.85701291207,3722716.0,11.734,0.0,12.78220336,0.394872811578432,115.0
IRQ,2020,0.0948275862068965,0.2672413793103448,152572.0,1047589.0,0.0002173831915211,0.0008639749674498,Iraq,Asia,Western Asia,Upper middle income,3,7,2,Western Asia,Cluster 3: Western Asia,0.8571428571428571,True,4295.18945121228,42116605.0,15.766,674.0,6.811878947,0.436629305452447,28.0
KAZ,2020,0.1163793103448275,0.1939655172413793,1136711.0,1620387.0,0.0139994775339602,0.0028397730646541,Kazakhstan,Asia,Central Asia,Upper middle income,6,1,2,Pan-Europe,Cluster 6: Pan-Europe,0.5714285714285714,True,8781.50797787648,19482117.0,4.89,0.0,12.43337895,0.323113712247513,75.0
TKM,2020,0.0474137931034482,0.1336206896551724,100682.0,236126.0,0.0,0.0007998600260949,Turkmenistan,Asia,Central Asia,Upper middle income,6,1,2,Pan-Europe,Cluster 6: Pan-Europe,0.5714285714285714,True,3935.37749365223,6949912.0,4.489,0.0,11.14299353,0.372484069419212,53.0
ASM,2020,0.043103448275862,0.021551724137931,11265.0,1412.0,0.0,0.0009288975915389,American Samoa,Oceania,Polynesia,Upper middle income,4,0,33,South & South-East Asia,Cluster 4: South & South-East Asia,0.7142857142857143,True,14489.2586563775,49761.0,,0.0,,,
FJI,2020,0.0603448275862068,0.1034482758620689,5633.0,88921.0,0.0177384684281236,0.0014019668226878,Fiji,Oceania,Melanesia,Upper middle income,4,0,34,South & South-East Asia,Cluster 4: South & South-East Asia,0.7142857142857143,True,4620.6457238014,914963.0,5.054,0.0,10.43581724,0.450033303144246,88.0
TKL,2020,0.0172413793103448,0.0129310344827586,245.0,338.0,0.0,0.0006722869687035,Tokelau,Oceania,Polynesia,Lower middle income,4,0,35,South & South-East Asia,Cluster 4: South & South-East Asia,0.7142857142857143,True,,,,,,,
TON,2020,0.021551724137931,0.0560344827586206,485.0,21855.0,0.0,0.0006494667003928,Tonga,Oceania,Polynesia,Upper middle income,4,0,36,South & South-East Asia,Cluster 4: South & South-East Asia,0.7142857142857143,True,4792.35872413906,105704.0,2.712,0.0,10.88028609,0.605907116886802,125.0
VNM,2020,0.0172413793103448,0.2629310344827586,38050.0,1713520.0,0.0043259255112703,0.0007993559706105,Vietnam,Asia,South-Eastern Asia,Lower middle income,2,5,2,Latin America & Caribbean,Cluster 2: Latin America & Caribbean,0.5714285714285714,True,3534.03953482647,98079191.0,2.103,0.0,8.455348794,0.476911223787016,54.0
WSM,2020,0.0862068965517241,0.0689655172413793,1793.0,54746.0,0.0049780750858337,0.0011875530460283,Samoa,Oceania,Polynesia,Lower middle income,4,0,37,South & South-East Asia,Cluster 4: South & South-East Asia,0.7142857142857143,True,4099.59660548583,211944.0,7.467,0.0,11.36735585,0.488683518957759,131.0
ATG,2020,0.2198275862068965,0.1120689655172413,16017.0,6554.0,0.0196297021943573,0.0023882294310522,Antigua and Barbuda,Americas,Caribbean,High income,2,5,38,Latin America & Caribbean,Cluster 2: Latin America & Caribbean,0.5714285714285714,True,15369.6082250401,91846.0,,0.0,10.54622968,0.468417107456835,151.0
BLZ,2020,0.0646551724137931,0.0905172413793103,30014.0,3365.0,0.0,0.0008707011717697,Belize,Americas,Central America,Lower middle income,2,5,39,Latin America & Caribbean,Cluster 2: Latin America & Caribbean,0.5714285714285714,True,5238.54078175696,390812.0,10.763,0.0,8.847599983,0.459953583453054,101.0
BMU,2020,0.146551724137931,0.0603448275862068,8993.0,525.0,0.0,0.0009210347199226,Bermuda,Americas,Northern America,High income,4,4,40,South & South-East Asia,Cluster 4: South & South-East Asia,0.7142857142857143,True,106976.546239632,64382.0,,0.0,,,
BRB,2020,0.0905172413793103,0.125,11787.0,10077.0,0.0,0.0010960917019241,Barbados,Americas,Caribbean,High income,4,0,41,South & South-East Asia,Cluster 4: South & South-East Asia,0.8571428571428571,True,19180.9915228365,281698.0,10.586,0.0,9.89206168,0.372416837395272,161.0
GHA,2020,0.1853448275862069,0.2284482758620689,182930.0,462958.0,0.000586934617107,0.002019501189229,Ghana,Africa,Sub-Saharan Africa,Lower middle income,5,6,2,Sub-Saharan Africa,Cluster 5: Sub-Saharan Africa,1.0,True,2195.45481659987,31887809.0,3.178,0.0,6.432318439,0.450118941605553,65.0
GLP,2020,0.1034482758620689,0.0387931034482758,49334.0,7256.0,0.0099561501716674,0.0076381295392547,Guadeloupe,Americas,Caribbean,High income,7,2,42,Sub-Saharan Africa & Latin America,Cluster 7: Sub-Saharan Africa & Latin America,0.8571428571428571,True,,,,,,,
GUF,2020,0.0689655172413793,0.0387931034482758,56975.0,2452.0,0.0,0.0038347135353815,French Guiana,Americas,South America,High income,0,4,43,Latin America & Caribbean,Cluster 0: Latin America & Caribbean,1.0,True,,,,,,,
LCA,2020,0.1853448275862069,0.0991379310344827,3994.0,11549.0,0.0,0.0012376325744409,Saint Lucia,Americas,Latin America,Upper middle income,4,0,44,South & South-East Asia,Cluster 4: South & South-East Asia,0.8571428571428571,True,8537.11495506727,178250.0,25.224,0.0,8.576973425,0.37902367256099,146.0
MTQ,2020,0.0646551724137931,0.0474137931034482,38279.0,7051.0,0.0049998134049858,0.007642005210511,Martinique,Americas,Caribbean,High income,7,2,45,Sub-Saharan Africa & Latin America,Cluster 7: Sub-Saharan Africa & Latin America,0.8571428571428571,True,,,,,,,
TCA,2020,0.0258620689655172,0.021551724137931,9959.0,1442.0,0.0,0.0009161981847602,Turks and Caicos Islands,Americas,Caribbean,High income,0,4,46,Latin America & Caribbean,Cluster 0: Latin America & Caribbean,0.7142857142857143,True,20690.9160546118,44386.0,,0.0,,,
TTO,2020,0.0689655172413793,0.1724137931034483,36647.0,175111.0,0.0086518510225406,0.001394011012633,Trinidad and Tobago,Americas,Latin America,High income,2,5,2,Latin America & Caribbean,Cluster 2: Latin America & Caribbean,0.5714285714285714,True,15283.6270531554,1366725.0,4.206,0.0,11.73800258,0.37457124081302,150.0
VGB,2020,0.0905172413793103,0.0560344827586206,9658.0,3105.0,0.0,0.0012969897816123,British Virgin Islands,Americas,Caribbean,High income,2,4,47,Latin America & Caribbean,Cluster 2: Latin America & Caribbean,0.7142857142857143,True,,37135.0,,0.0,,,
BDI,2020,0.0301724137931034,0.1379310344827586,158981.0,274371.0,0.0041302806389013,0.0013762381841823,Burundi,Africa,Sub-Saharan Africa,Low income,1,3,2,Sub-Saharan Africa,Cluster 1: Sub-Saharan Africa,1.0,True,252.702452750006,12617036.0,1.03,139.0,3.305215598,0.556977676883822,50.0
BEN,2020,0.043103448275862,0.1379310344827586,188352.0,312969.0,4.3476638304224514e-05,0.0018294191016191,Benin,Africa,Sub-Saharan Africa,Low income,5,6,2,Sub-Saharan Africa,Cluster 5: Sub-Saharan Africa,1.0,True,1200.19426557789,13070169.0,1.518,0.0,3.137261725,0.574438585217661,62.0
BFA,2020,0.0344827586206896,0.0948275862068965,355377.0,771095.0,0.0,0.0041201744808193,Burkina Faso,Africa,Sub-Saharan Africa,Low income,5,6,2,Sub-Saharan Africa,Cluster 5: Sub-Saharan Africa,1.0,True,825.237038782475,21478690.0,4.59,512.0,2.318685239,0.521637813046896,59.0
BHS,2020,0.3189655172413793,0.1077586206896551,30832.0,1019.0,0.0,0.0017572064407254,Bahamas,Americas,Caribbean,High income,0,4,48,Latin America & Caribbean,Cluster 0: Latin America & Caribbean,0.7142857142857143,True,26178.7537607708,395863.0,12.016,0.0,12.73161494,0.458576558149906,155.0
BIH,2020,0.0560344827586206,0.1379310344827586,18672.0,789529.0,0.0,0.0007780553181208,Bosnia and Herzegovina,Europe,Eastern Europe,Upper middle income,6,1,2,Pan-Europe,Cluster 6: Pan-Europe,1.0,True,6130.31187968266,3299349.0,15.868,0.0,10.53631973,0.34429718398682,117.0
BLR,2020,0.2241379310344827,0.1724137931034483,578283.0,541500.0,0.0,0.0017455978761155,Belarus,Europe,Eastern Europe,Upper middle income,6,1,2,Pan-Europe,Cluster 6: Pan-Europe,0.5714285714285714,True,6542.85579976768,9379952.0,4.049,0.0,12.24122445,0.330223127056237,75.0
BRN,2020,0.0818965517241379,0.0387931034482758,48050.0,26267.0,0.0,0.0008670622123176,Brunei Darussalam,Asia,South-Eastern Asia,High income,4,0,49,South & South-East Asia,Cluster 4: South & South-East Asia,0.8571428571428571,True,26834.3592233943,447404.0,7.409,0.0,9.22,0.405449326038726,166.0
BTN,2020,0.0991379310344827,0.0560344827586206,7430.0,26189.0,0.0,0.0006636074807869,Bhutan,Asia,South Asia,Lower middle income,4,0,50,South & South-East Asia,Cluster 4: South & South-East Asia,0.8571428571428571,True,3191.66906999331,770006.0,5.03,0.0,5.835794662,0.505300491938609,53.0
BWA,2020,0.1379310344827586,0.0818965517241379,43083.0,8459.0,0.0,0.0010289311211643,Botswana,Africa,Sub-Saharan Africa,Upper middle income,1,3,51,Sub-Saharan Africa,Cluster 1: Sub-Saharan Africa,1.0,True,6323.2974967659,2365894.0,21.017,0.0,10.42,0.427282592121424,85.0
CAF,2020,0.1034482758620689,0.0991379310344827,30881.0,395526.0,0.0002825981489774,0.0008854700366908,Central African Republic,Africa,Sub-Saharan Africa,Low income,1,3,2,Sub-Saharan Africa,Cluster 1: Sub-Saharan Africa,1.0,True,462.879071294011,5026628.0,6.519,57.0,3.9531639,0.58011051530741,52.0
CMR,2020,0.0948275862068965,0.1982758620689655,285244.0,180557.0,0.009890935214211,0.0018726086444973,Cameroon,Africa,Sub-Saharan Africa,Lower middle income,1,3,2,Sub-Saharan Africa,Cluster 1: Sub-Saharan Africa,1.0,True,1555.60370660749,26210558.0,3.881,429.0,6.537401781,0.482893094688844,49.0
COK,2020,0.043103448275862,0.021551724137931,1924.0,10452.0,0.0,0.0009468573534372,Cook Islands,Oceania,Polynesia,High income,4,0,52,South & South-East Asia,Cluster 4: South & South-East Asia,0.7142857142857143,True,,,,,,,
CYM,2020,0.2370689655172413,0.0387931034482758,14134.0,268.0,0.0,0.0011259803219657,Cayman Islands,Americas,Caribbean,High income,0,4,53,Latin America & Caribbean,Cluster 0: Latin America & Caribbean,0.7142857142857143,True,82338.7977439023,68684.0,,0.0,,,
DJI,2020,0.0129310344827586,0.0517241379310344,53843.0,1038.0,0.0,0.000695371712488,Djibouti,Africa,Sub-Saharan Africa,Lower middle income,1,3,54,Sub-Saharan Africa,Cluster 1: Sub-Saharan Africa,1.0,True,2844.88810647853,1105188.0,27.701,0.0,3.889984156,0.492387514604481,47.0
FIN,2020,0.7413793103448276,0.1939655172413793,146775.0,117490.0,2.1738319152112257e-05,0.0034865621959685,Finland,Europe,Northern Europe,High income,3,7,2,Western Asia,Cluster 3: Western Asia,1.0,True,48828.6846862799,5529543.0,7.759,0.0,12.92915501,0.283522843609008,188.0
FLK,2020,0.0301724137931034,0.0129310344827586,826.0,58.0,0.0,0.0010831025744975,Falkland Islands,Americas,South America,High income,6,1,55,Pan-Europe,Cluster 6: Pan-Europe,1.0,True,,,,,,,
GAB,2020,0.1422413793103448,0.0991379310344827,145354.0,29585.0,0.0002825981489774,0.002038929958393,Gabon,Africa,Sub-Saharan Africa,Upper middle income,5,6,56,Sub-Saharan Africa,Cluster 5: Sub-Saharan Africa,1.0,True,6605.80346077904,2322539.0,21.279,1.0,9.55,0.447515955929616,57.0
GIB,2020,0.0129310344827586,0.021551724137931,4388.0,247.0,0.0,0.0007268376526429,Gibraltar,Europe,Southern Europe,High income,6,1,57,Pan-Europe,Cluster 6: Pan-Europe,1.0,True,,36173.0,,0.0,,,
GMB,2020,0.0301724137931034,0.1034482758620689,99393.0,12554.0,0.0,0.0016258125697231,Gambia,Africa,Sub-Saharan Africa,Low income,1,2,58,Sub-Saharan Africa,Cluster 1: Sub-Saharan Africa,0.8571428571428571,True,720.335143352133,2515733.0,5.84,0.0,4.512420177,0.502406628923352,68.0
GUM,2020,0.0474137931034482,0.0258620689655172,37686.0,615.0,0.0148037953425884,0.0091810850171734,Guam,Oceania,Micronesia,High income,4,0,59,South & South-East Asia,Cluster 4: South & South-East Asia,0.8571428571428571,True,36482.9363953675,162158.0,6.241,0.0,,,
HKG,2020,0.125,0.1120689655172413,1824407.0,569574.0,0.0108908978952082,0.0057196123167774,Hong Kong,Asia,Eastern Asia,High income,4,0,2,South & South-East Asia,Cluster 4: South & South-East Asia,0.8571428571428571,True,46109.2299946609,7481000.0,5.808,0.0,12.26672967,,170.0
IMN,2020,0.0344827586206896,0.0086206896551724,18965.0,431.0,0.0,0.0015158352402062,Isle of Man,Europe,Northern Europe,High income,6,1,60,Pan-Europe,Cluster 6: Pan-Europe,0.8571428571428571,True,79513.5330346598,84064.0,,0.0,,,
ISL,2020,0.6293103448275862,0.0991379310344827,29521.0,10566.0,0.0,0.0013842795396073,Iceland,Europe,Northern Europe,High income,6,1,61,Pan-Europe,Cluster 6: Pan-Europe,1.0,True,60127.9393575616,366463.0,5.478,0.0,13.76716995,0.322874515074335,180.0
KEN,2020,0.0560344827586206,0.2068965517241379,486876.0,252655.0,0.017434131959994,0.0024952872358906,Kenya,Africa,Sub-Saharan Africa,Lower middle income,1,3,2,Sub-Saharan Africa,Cluster 1: Sub-Saharan Africa,1.0,True,1927.66459027849,52217334.0,5.613,94.0,7.686359882,0.501027549974578,72.0
KGZ,2020,0.0991379310344827,0.1336206896551724,116124.0,315884.0,0.0,0.000883868087383,Kyrgyzstan,Asia,Central Asia,Lower middle income,6,1,2,Pan-Europe,Cluster 6: Pan-Europe,0.5714285714285714,True,1229.51766602907,6726596.0,5.945,0.0,11.96131992,0.314194916564335,63.0
KHM,2020,0.1120689655172413,0.125,35261.0,357559.0,0.0,0.0007473328805982,Cambodia,Asia,South-Eastern Asia,Lower middle income,4,0,2,South & South-East Asia,Cluster 4: South & South-East Asia,0.7142857142857143,True,2081.73914242939,16725474.0,0.172,0.0,4.997735023,0.482008048986107,54.0
KIR,2020,0.0301724137931034,0.0517241379310344,1244.0,2636.0,0.0092822622779519,0.0012071739226864,Kiribati,Oceania,Micronesia,Lower middle income,4,0,62,South & South-East Asia,Cluster 4: South & South-East Asia,0.7142857142857143,True,1751.87199542272,126099.0,,0.0,9.128581569,0.581202639047021,123.0
LBR,2020,0.1077586206896551,0.1336206896551724,35361.0,73421.0,0.0002173831915211,0.0011061941424181,Liberia,Africa,Sub-Saharan Africa,Low income,5,6,63,Sub-Saharan Africa,Cluster 5: Sub-Saharan Africa,1.0,True,616.787867006715,5149463.0,4.102,0.0,5.318104412,0.542803418868902,49.0
LBY,2020,0.3663793103448275,0.1853448275862069,232740.0,67562.0,0.0001521682340647,0.0028066342096502,Libya,Africa,Northern Africa,Upper middle income,3,7,2,Western Asia,Cluster 3: Western Asia,0.8571428571428571,True,6650.33810585348,7045399.0,19.651,668.0,7.77860643,0.416571853811644,38.0
LSO,2020,0.0646551724137931,0.0474137931034482,3398.0,125786.0,0.0,0.0007059725495404,Lesotho,Africa,Sub-Saharan Africa,Lower middle income,1,3,14,Sub-Saharan Africa,Cluster 1: Sub-Saharan Africa,1.0,True,918.582574704447,2235727.0,18.385,0.0,7.545058784,0.472261194811491,76.0
LUX,2020,0.7629310344827586,0.1163793103448275,144587.0,22723.0,0.0,0.0029744641238043,Luxembourg,Europe,Western Europe,High income,7,2,64,Sub-Saharan Africa & Latin America,Cluster 7: Sub-Saharan Africa & Latin America,0.8571428571428571,True,116860.02817236,630419.0,6.766,0.0,12.9600811,0.30823069807938,188.0
LVA,2020,0.3922413793103448,0.1594827586206896,142386.0,90978.0,0.0,0.0010655024640784,Latvia,Europe,Northern Europe,High income,6,1,65,Pan-Europe,Cluster 6: Pan-Europe,0.5714285714285714,True,17564.2321549354,1900449.0,8.098,0.0,13.33330305,0.365878712144315,180.0
MAC,2020,0.021551724137931,0.0344827586206896,189587.0,76276.0,0.0,0.0009153352355955,Macao,Asia,Eastern Asia,High income,4,0,66,South & South-East Asia,Cluster 4: South & South-East Asia,0.8571428571428571,True,36883.6652578543,685400.0,2.542,0.0,,,144.0
MCO,2020,0.0086206896551724,0.0517241379310344,7114.0,17155.0,0.0,0.0007906126495066,Monaco,Europe,Western Europe,High income,7,2,67,Sub-Saharan Africa & Latin America,Cluster 7: Sub-Saharan Africa & Latin America,0.8571428571428571,True,176891.806328966,38050.0,,0.0,,,174.0
MDA,2020,0.1336206896551724,0.1853448275862069,32473.0,451461.0,0.0,0.0007865343858708,Moldova,Europe,Eastern Europe,Lower middle income,6,1,2,Pan-Europe,Cluster 6: Pan-Europe,0.5714285714285714,True,4375.7788930524,2635130.0,1.206,0.0,11.8338152,0.393951500176275,120.0
MDG,2020,0.0172413793103448,0.1120689655172413,11212.0,115381.0,0.0042824488729661,0.0007862049053419,Madagascar,Africa,Sub-Saharan Africa,Low income,7,2,2,Sub-Saharan Africa & Latin America,Cluster 7: Sub-Saharan Africa & Latin America,0.8571428571428571,True,450.771615205157,28953556.0,3.292,1.0,4.752760092,0.559782235908273,55.0
MDV,2020,0.0905172413793103,0.0301724137931034,6750.0,1578.0,0.0,0.0006611987807966,Maldives,Asia,South Asia,Upper middle income,4,0,68,South & South-East Asia,Cluster 4: South & South-East Asia,0.8571428571428571,True,7393.8886543933,502118.0,5.42,0.0,7.762392544,0.54901933631487,85.0
MLI,2020,0.2413793103448275,0.1767241379310344,226661.0,489482.0,0.0454330870279146,0.0062903361639724,Mali,Africa,Sub-Saharan Africa,Low income,5,6,2,Sub-Saharan Africa,Cluster 5: Sub-Saharan Africa,1.0,True,953.242943290974,21713836.0,3.528,583.0,1.626710057,0.568332658472025,54.0
MLT,2020,0.3577586206896552,0.0905172413793103,47309.0,24790.0,0.0,0.0030027522276738,Malta,Europe,Southern Europe,High income,4,0,69,South & South-East Asia,Cluster 4: South & South-East Asia,0.8571428571428571,True,31823.422001724,515490.0,4.856,0.0,12.21026039,0.32565709835759,184.0
MMR,2020,0.0172413793103448,0.1336206896551724,30214.0,1390698.0,0.0,0.0006778296383171,Myanmar,Asia,South-Eastern Asia,Lower middle income,4,0,2,South & South-East Asia,Cluster 4: South & South-East Asia,0.8571428571428571,True,1490.21683548367,53016522.0,1.476,170.0,6.518157697,0.505302760934705,47.0
MNG,2020,0.1034482758620689,0.1120689655172413,6770.0,80652.0,0.0,0.0007284248386096,Mongolia,Asia,Eastern Asia,Lower middle income,6,1,70,Pan-Europe,Cluster 6: Pan-Europe,0.5714285714285714,True,4001.25193077703,3327204.0,6.413,0.0,9.423700333,0.351227568538759,62.0
MUS,2020,0.0948275862068965,0.1206896551724137,12054.0,63373.0,0.0,0.0007023503277263,Mauritius,Africa,Sub-Saharan Africa,High income,7,2,71,Sub-Saharan Africa & Latin America,Cluster 7: Sub-Saharan Africa & Latin America,0.8571428571428571,True,9135.84773751062,1266014.0,8.626,0.0,9.992049863,0.409486296445023,148.0
MWI,2020,0.0517241379310344,0.0862068965517241,82419.0,142071.0,0.0049128601283773,0.0013018842695765,Malawi,Africa,Sub-Saharan Africa,Low income,1,3,14,Sub-Saharan Africa,Cluster 1: Sub-Saharan Africa,1.0,True,602.507478176106,19533888.0,5.72,0.0,5.243740082,0.555590446623582,73.0
MYS,2020,0.1120689655172413,0.2155172413793103,998162.0,1194847.0,0.0319118525153007,0.0037082986969735,Malaysia,Asia,South-Eastern Asia,Upper middle income,4,0,2,South & South-East Asia,Cluster 4: South & South-East Asia,0.8571428571428571,True,9957.52626697613,33889558.0,4.54,0.0,10.74828052,0.369015610428239,178.0
NCL,2020,0.0689655172413793,0.0301724137931034,32357.0,2594.0,0.0092822622779519,0.0027684037312635,New Caledonia,Oceania,Melanesia,High income,7,2,72,Sub-Saharan Africa & Latin America,Cluster 7: Sub-Saharan Africa & Latin America,0.8571428571428571,True,33270.330597637,284176.0,13.558,0.0,,,
NIU,2020,0.0301724137931034,0.021551724137931,241.0,2647.0,0.0,0.0006687708428643,Niue,Oceania,Polynesia,Upper middle income,4,0,73,South & South-East Asia,Cluster 4: South & South-East Asia,0.7142857142857143,True,,,,,,,
NRU,2020,0.0387931034482758,0.0258620689655172,421.0,1195.0,0.0,0.0007134297300402,Nauru,Oceania,Micronesia,High income,4,0,74,South & South-East Asia,Cluster 4: South & South-East Asia,0.7142857142857143,True,10709.068810538,11643.0,,0.0,9.247975,0.505135293464364,89.0
OMN,2020,0.043103448275862,0.0732758620689655,328004.0,7860.0,0.0,0.0012533652102178,Oman,Asia,Western Asia,High income,4,0,2,South & South-East Asia,Cluster 4: South & South-East Asia,0.8571428571428571,True,16784.8630630058,4522497.0,2.94,0.0,11.85116959,0.423851556555285,80.0
PNG,2020,0.0905172413793103,0.0603448275862068,11754.0,18998.0,0.0043041871921182,0.0015420863729685,Papua New Guinea,Oceania,Melanesia,Lower middle income,4,0,75,South & South-East Asia,Cluster 4: South & South-East Asia,0.7142857142857143,True,2429.61134585269,9815746.0,2.903,0.0,4.933631146,0.53924634882507,84.0
PYF,2020,0.0818965517241379,0.0387931034482758,11783.0,847.0,0.0,0.0019062849428918,French Polynesia,Oceania,Polynesia,High income,7,2,76,Sub-Saharan Africa & Latin America,Cluster 7: Sub-Saharan Africa & Latin America,0.8571428571428571,True,19966.4838503859,279209.0,12.963,0.0,,,
REU,2020,0.021551724137931,0.0258620689655172,55928.0,1383.0,0.0,0.0026759200484536,Réunion,Africa,Sub-Saharan Africa,High income,7,2,77,Sub-Saharan Africa & Latin America,Cluster 7: Sub-Saharan Africa & Latin America,0.8571428571428571,True,,,,,,,
SGP,2020,0.043103448275862,0.1853448275862069,1404787.0,137843.0,0.0,0.0062434656996703,Singapore,Asia,South-Eastern Asia,High income,4,0,78,South & South-East Asia,Cluster 4: South & South-East Asia,0.8571428571428571,True,61772.5036492256,5685807.0,4.1,0.0,11.92488003,0.388143775608997,190.0
SLB,2020,0.0646551724137931,0.0474137931034482,836.0,2017.0,0.0,0.0007569255318972,Solomon Islands,Oceania,Melanesia,Lower middle income,4,0,79,South & South-East Asia,Cluster 4: South & South-East Asia,0.7142857142857143,True,2063.32780991967,744498.0,0.868,0.0,5.8796802,0.598139487678856,131.0
SLE,2020,0.1206896551724137,0.1120689655172413,22988.0,29894.0,0.0,0.0008601130130742,Sierra Leone,Africa,Sub-Saharan Africa,Low income,5,6,80,Sub-Saharan Africa,Cluster 5: Sub-Saharan Africa,1.0,True,845.277558236182,7912558.0,3.509,0.0,3.519426358,0.601727343362444,63.0
SWZ,2020,0.0732758620689655,0.0646551724137931,13118.0,10000.0,0.0,0.000824295597537,Eswatini,Africa,Sub-Saharan Africa,Lower middle income,1,3,81,Sub-Saharan Africa,Cluster 1: Sub-Saharan Africa,1.0,True,3466.56936278145,1192729.0,32.978,0.0,5.73,0.454647745470973,74.0
SYC,2020,0.1120689655172413,0.0732758620689655,3732.0,11937.0,0.0,0.0006720917156003,Seychelles,Africa,Sub-Saharan Africa,High income,1,3,82,Sub-Saharan Africa,Cluster 1: Sub-Saharan Africa,1.0,True,14041.4754074575,98462.0,,0.0,11.19995,0.430736741781005,151.0
TGO,2020,0.1293103448275862,0.1206896551724137,126249.0,268299.0,0.0,0.001500615572367,Togo,Africa,Sub-Saharan Africa,Low income,5,6,2,Sub-Saharan Africa,Cluster 5: Sub-Saharan Africa,1.0,True,961.219781201934,7788054.0,2.231,0.0,5.590314011,0.498821310512824,55.0
TLS,2020,0.0646551724137931,0.0301724137931034,2862.0,45693.0,0.0,0.0007079782329444,Timor-Leste,Asia,South-Eastern Asia,Lower middle income,4,0,83,South & South-East Asia,Cluster 4: South & South-East Asia,0.7142857142857143,True,1630.86935439232,1326053.0,2.808,0.0,6.020059751,0.553271435414627,95.0
TUV,2020,0.0129310344827586,0.0387931034482758,74.0,521.0,0.0,0.0006650437317753,Tuvalu,Oceania,Polynesia,Upper middle income,4,0,84,South & South-East Asia,Cluster 4: South & South-East Asia,0.7142857142857143,True,5029.57159284173,10399.0,,0.0,10.64458626,0.579601682168662,127.0
TZA,2020,0.1163793103448275,0.1767241379310344,194933.0,106347.0,0.0001521682340647,0.0016797109957042,Tanzania,Africa,Sub-Saharan Africa,Lower middle income,1,3,85,Sub-Saharan Africa,Cluster 1: Sub-Saharan Africa,1.0,True,1117.41528320313,60972798.0,1.792,25.0,5.639967963,0.518774219877417,71.0
UGA,2020,0.0603448275862068,0.1637931034482758,916445.0,294872.0,0.0198470853858784,0.0028202573619197,Uganda,Africa,Sub-Saharan Africa,Low income,1,3,2,Sub-Saharan Africa,Cluster 1: Sub-Saharan Africa,1.0,True,845.766463890124,44457152.0,3.819,0.0,6.235476362,0.535529791665836,67.0
VUT,2020,0.0387931034482758,0.0560344827586206,1184.0,3581.0,0.0,0.0008924031547067,Vanuatu,Oceania,Melanesia,Lower middle income,7,2,86,Sub-Saharan Africa & Latin America,Cluster 7: Sub-Saharan Africa & Latin America,0.8571428571428571,True,3404.30359167624,298858.0,4.046,0.0,7.183209727,0.551030620181952,130.0
ZWE,2020,0.0258620689655172,0.1508620689655172,129165.0,656896.0,0.004456355426183,0.0019857584055963,Zimbabwe,Africa,Sub-Saharan Africa,Low income,1,3,14,Sub-Saharan Africa,Cluster 1: Sub-Saharan Africa,1.0,True,2059.63704025274,15526888.0,8.617,0.0,8.807762621,0.507918458404159,65.0
MRT,2020,0.1551724137931034,0.1120689655172413,76621.0,36801.0,0.0003695514255859,0.0013950442554253,Mauritania,Africa,Sub-Saharan Africa,Lower middle income,7,2,87,Sub-Saharan Africa & Latin America,Cluster 7: Sub-Saharan Africa & Latin America,0.8571428571428571,True,1795.72437324423,4600131.0,11.051,0.0,4.754063344,0.558666433289015,59.0
NER,2020,0.0560344827586206,0.1206896551724137,176991.0,158332.0,0.0042172339155097,0.0018199404460457,Niger,Africa,Sub-Saharan Africa,Low income,5,6,2,Sub-Saharan Africa,Cluster 5: Sub-Saharan Africa,1.0,True,575.451340306915,23717613.0,0.591,512.0,1.341352433,0.636210209976432,54.0
GNB,2020,0.0474137931034482,0.0905172413793103,8466.0,46452.0,0.0085866360650843,0.0007920426014137,Guinea-Bissau,Africa,Sub-Saharan Africa,Low income,1,2,88,Sub-Saharan Africa,Cluster 1: Sub-Saharan Africa,0.8571428571428571,True,846.918134967613,2013255.0,2.887,0.0,3.673035,0.626876920781622,53.0
LIE,2020,0.4525862068965517,0.0474137931034482,13195.0,42.0,0.0,0.0010625089088381,Liechtenstein,Europe,Western Europe,High income,6,1,89,Pan-Europe,Cluster 6: Pan-Europe,1.0,True,164671.093553454,38901.0,,0.0,12.351169,,178.0
SMR,2020,0.0387931034482758,0.0301724137931034,2345.0,1390.0,0.0,0.0006784267525309,San Marino,Europe,Southern Europe,High income,6,1,90,Pan-Europe,Cluster 6: Pan-Europe,0.8571428571428571,True,44426.6259613672,34770.0,,0.0,10.52074301,,168.0
CHI,2020,0.0172413793103448,0.0129310344827586,42224.0,167.0,0.0,0.0013313344822627,Channel Islands,Europe,Northern Europe,High income,6,1,91,Pan-Europe,Cluster 6: Pan-Europe,0.8571428571428571,True,56785.9402005039,166235.0,6.633,0.0,,,
VAT,2020,0.0,0.0086206896551724,0.0,139.0,0.0,0.0006437768240343,Holy See,Europe,Southern Europe,High income,7,2,92,Sub-Saharan Africa & Latin America,Cluster 7: Sub-Saharan Africa & Latin America,0.8571428571428571,True,,,,,,,
GNQ,2020,0.0258620689655172,0.0732758620689655,4883.0,59078.0,0.0,0.0007577915238967,Equatorial Guinea,Africa,Sub-Saharan Africa,Upper middle income,5,6,93,Sub-Saharan Africa,Cluster 5: Sub-Saharan Africa,1.0,True,5764.05502912947,1716468.0,8.625,0.0,8.281327014,0.412548614523763,55.0
COM,2020,0.021551724137931,0.0646551724137931,5793.0,138358.0,0.0049780750858337,0.0013239666119314,Comoros,Africa,Sub-Saharan Africa,Low income,7,2,2,Sub-Saharan Africa & Latin America,Cluster 7: Sub-Saharan Africa & Latin America,0.8571428571428571,True,1527.16991011916,802163.0,4.468,0.0,6.209056832,0.526176290338831,53.0
GRL,2020,0.0732758620689655,0.0258620689655172,1960.0,10086.0,0.0,0.0008628330443149,Greenland,Americas,Northern America,High income,6,1,94,Pan-Europe,Cluster 6: Pan-Europe,1.0,True,54812.6661771023,56367.0,,0.0,,,
FRO,2020,0.1293103448275862,0.0172413793103448,3043.0,6860.0,0.0,0.0009306961987411,Faroe Islands,Europe,Northern Europe,High income,6,1,95,Pan-Europe,Cluster 6: Pan-Europe,1.0,True,62247.9273907098,52561.0,,0.0,,,
SHN,2020,0.0086206896551724,0.0129310344827586,108.0,228.0,0.0,0.000645711402989,Saint Helena,Africa,Sub-Saharan Africa,Upper middle income,6,1,96,Pan-Europe,Cluster 6: Pan-Europe,1.0,True,,,,,,,
SPM,2020,0.0129310344827586,0.0086206896551724,449.0,52.0,0.0,0.0006583415614035,Saint Pierre and Miquelon,Americas,Northern America,High income,7,2,97,Sub-Saharan Africa & Latin America,Cluster 7: Sub-Saharan Africa & Latin America,0.8571428571428571,True,,,,,,,
WLF,2020,0.021551724137931,0.0172413793103448,997.0,6374.0,0.0,0.0011366373553488,Wallis and Futuna Islands,Oceania,Polynesia,Upper middle income,7,2,98,Sub-Saharan Africa & Latin America,Cluster 7: Sub-Saharan Africa & Latin America,0.8571428571428571,True,,,,,,,
ESH,2020,0.0301724137931034,0.0258620689655172,2126.0,91516.0,0.0,0.0006708282049845,Western Sahara,Africa,Northern Africa,Lower middle income,7,2,2,Sub-Saharan Africa & Latin America,Cluster 7: Sub-Saharan Africa & Latin America,0.8571428571428571,True,,,,,,,
FSM,2020,0.0517241379310344,0.0172413793103448,427.0,6462.0,2.1738319152112257e-05,0.001389456465916,Micronesia,Oceania,Micronesia,Lower middle income,4,0,99,South & South-East Asia,Cluster 4: South & South-East Asia,0.8571428571428571,True,3362.02802120524,110916.0,,0.0,7.33252398,0.614878872023787,118.0
MHL,2020,0.0258620689655172,0.0172413793103448,1150.0,192.0,0.0,0.0007424672459882,Marshall Islands,Oceania,Micronesia,Upper middle income,4,0,100,South & South-East Asia,Cluster 4: South & South-East Asia,1.0,True,5661.96787336674,42706.0,,0.0,12.81836718,0.589650686282419,123.0
MNP,2020,0.0517241379310344,0.0129310344827586,11952.0,1310.0,0.0,0.0067675741916601,Northern Mariana Islands,Oceania,Micronesia,High income,4,0,101,South & South-East Asia,Cluster 4: South & South-East Asia,0.8571428571428571,True,18220.8382427201,47528.0,,0.0,,,
PLW,2020,0.0344827586206896,0.0258620689655172,2151.0,1233.0,0.0043041871921182,0.0029441223163532,Palau,Oceania,Micronesia,High income,4,0,102,South & South-East Asia,Cluster 4: South & South-East Asia,0.8571428571428571,True,14556.30954221,17792.0,,0.0,13.04790021,0.510137708394506,120.0
MYT,2020,0.0129310344827586,0.0086206896551724,58692.0,3462.0,0.0,0.0012270851119176,Mayotte,Africa,Sub-Saharan Africa,Upper middle income,7,2,2,Sub-Saharan Africa & Latin America,Cluster 7: Sub-Saharan Africa & Latin America,0.8571428571428571,True,,,,,,,
BES,2025,0.0,0.0344827586206896,0.0,2205.981794409676,0.0,0.0006437768240343,"Bonaire, Sint Eustatius and Saba",Americas,Caribbean,High income,0,5,0,Latin America,Cluster 0: Latin America,0.5714285714285714,True,,,,,,,
ABW,2025,0.0948275862068965,0.0689655172413793,64112.039359904025,19350.30585280094,0.0049780750858337,0.0022572345352866,Aruba,Americas,Caribbean,High income,0,5,1,Latin America,Cluster 0: Latin America,0.5714285714285714,True,20591.088939932582,108785.0,,0.0,,,
CHN,2025,0.418103448275862,0.6077586206896551,1147581.575934681,7197262.25513052,0.0929095760561277,0.0084689231981477,China,Asia,Eastern Asia,Upper middle income,4,0,2,South-Eastern Asia & Polynesia,Cluster 4: South-Eastern Asia & Polynesia,0.7142857142857143,True,13861.970224368,1406585000.0,4.615,0.0,1.0,0.3802,83.0
COL,2025,0.2327586206896551,0.2456896551724137,47703805.88799164,2162516.1710129916,0.0019129720853858,0.0041550521839151,Colombia,Americas,Latin America,Upper middle income,0,5,3,Latin America,Cluster 0: Latin America,0.7142857142857143,True,8561.62091854449,53425635.0,8.29,1151.0,1.0,0.4008,132.0
CUW,2025,0.1853448275862069,0.0517241379310344,99441.9365016168,7859.330467777756,0.0049998134049858,0.0026507886999962,Curaçao,Americas,Caribbean,High income,0,5,4,Latin America,Cluster 0: Latin America,0.5714285714285714,True,14955.50013340114,156263.0,,0.0,,,
DMA,2025,0.1379310344827586,0.1293103448275862,3212.9506087693335,12039.331241164888,0.0043041871921182,0.0008885789443614,Dominica,Americas,Caribbean,Upper middle income,2,0,5,Latin America & Caribbean,Cluster 2: Latin America & Caribbean,0.8571428571428571,True,10989.0431185083,65871.0,,0.0,1.0,0.441,144.0
DOM,2025,0.4094827586206896,0.2284482758620689,388587.45548148185,1118377.741688466,0.0084779444693237,0.0019653369393932,Dominican Republic,Americas,Latin America,Upper middle income,2,1,3,Latin America & Caribbean,Cluster 2: Latin America & Caribbean,0.7142857142857143,True,11059.2081531834,11520487.0,5.092,46.0,1.0,0.4356,73.0
GRD,2025,0.0646551724137931,0.0991379310344827,2971.239859842324,11376.19075301687,0.0,0.0007412619576547,Grenada,Americas,Caribbean,Upper middle income,2,0,6,Latin America & Caribbean,Cluster 2: Latin America & Caribbean,0.7142857142857143,True,12106.8790105068,117303.0,,0.0,1.0,0.3837,147.0
GUY,2025,0.0689655172413793,0.168103448275862,322294.4563404623,226182.54883954048,0.025564263322884,0.0007160459707253,Guyana,Americas,Latin America,Upper middle income,0,5,3,Latin America,Cluster 0: Latin America,0.8571428571428571,True,32413.7930757518,835986.0,11.962,0.0,1.0,0.4163,91.0
HTI,2025,0.0905172413793103,0.2068965517241379,8042.900636357426,1810698.152711901,0.0085866360650843,0.0007666534270726,Haiti,Americas,Latin America,Low income,2,1,3,Latin America & Caribbean,Cluster 2: Latin America & Caribbean,0.7142857142857143,True,2694.18969101404,11906095.0,14.944,1748.0,1.0,0.5089,52.0
IND,2025,0.1853448275862069,0.5258620689655172,2378427.6699731727,6676739.449512229,0.1640590946409912,0.0070736822862595,India,Asia,South Asia,Lower middle income,4,0,2,South-Eastern Asia & Polynesia,Cluster 4: South-Eastern Asia & Polynesia,0.8571428571428571,True,2702.47987141553,1463865525.0,4.219,675.0,1.0,0.4819,58.0
JAM,2025,0.0905172413793103,0.2112068965517241,10622.400534445913,709818.5049062005,0.009304000597104,0.0014704234974591,Jamaica,Americas,Latin America,Upper middle income,2,0,7,Latin America & Caribbean,Cluster 2: Latin America & Caribbean,0.7142857142857143,True,8002.92104076242,2837077.0,3.286,9.0,1.0,0.4189,88.0
NIC,2025,0.2284482758620689,0.1594827586206896,20431.21311209104,498656.9114183779,0.009890935214211,0.0014184756092306,Nicaragua,Americas,Latin America,Lower middle income,2,0,8,Latin America & Caribbean,Cluster 2: Latin America & Caribbean,0.5714285714285714,True,3173.33724815085,7007502.0,5.04,0.0,1.0,0.447,127.0
NLD,2025,0.1724137931034483,0.3793103448275862,1483419.987181455,302927.3436580846,0.0248686371100164,0.0126661491609532,Netherlands,Europe,Western Europe,High income,5,2,2,Pan-Europe,Cluster 5: Pan-Europe,0.7142857142857143,True,73683.917132794,18087633.0,3.874,0.0,1.0,0.3572,188.0
PER,2025,0.2241379310344827,0.2413793103448275,24758025.747734822,877507.2746252657,0.0048911218092252,0.0028637372185312,Peru,Americas,Latin America,Upper middle income,0,5,3,Latin America,Cluster 0: Latin America,0.7142857142857143,True,9684.41170314988,34576665.0,5.117,21.0,1.0,0.405,143.0
PHL,2025,0.0387931034482758,0.3836206896551724,20679.11807631916,4002991.7025282513,0.0127169167039856,0.0006899760050762,Philippines,Asia,South-Eastern Asia,Lower middle income,4,0,2,South-Eastern Asia & Polynesia,Cluster 4: South-Eastern Asia & Polynesia,0.8571428571428571,True,4170.72347271451,116786962.0,2.235,151.0,1.0,0.4343,65.0
PRT,2025,0.5517241379310345,0.2887931034482758,614603.6989599616,823030.163665291,0.0205861882370503,0.0069561355178504,Portugal,Europe,Southern Europe,High income,3,1,9,Sub-Saharan Africa,Cluster 3: Sub-Saharan Africa,1.0,True,32081.8106150292,10804871.0,6.164,0.0,1.0,0.3173,188.0
SUR,2025,0.0172413793103448,0.0991379310344827,13879.701180550586,149551.47194195498,0.0,0.0007329078580818,Suriname,Americas,Latin America,Upper middle income,5,2,10,Pan-Europe,Cluster 5: Pan-Europe,0.7142857142857143,True,7069.87230892274,639850.0,7.834,0.0,1.0,0.4058,78.0
SXM,2025,0.1422413793103448,0.0344827586206896,14550.204768475234,1077.5019710440072,0.0,0.0028282816429489,Sint Maarten,Americas,Caribbean,High income,2,1,11,Latin America & Caribbean,Cluster 2: Latin America & Caribbean,0.7142857142857143,True,42978.1317407037,43923.0,,0.0,,,
TUR,2025,0.1896551724137931,0.3362068965517241,6447257.7765226,1403343.4534376694,0.0354117218987908,0.0160711581608399,Turkey,Asia,Western Asia,Upper middle income,5,2,2,Pan-Europe,Cluster 5: Pan-Europe,0.8571428571428571,True,18599.4420922378,85878556.0,8.52,11.0,1.0,0.3728,114.0
USA,2025,0.2543103448275862,0.6853448275862069,24914710.759393267,1617097.4227145286,0.3312702455590386,0.1097785627646401,United States,Americas,Northern America,High income,2,0,2,Latin America & Caribbean,Cluster 2: Latin America & Caribbean,0.5714285714285714,True,90026.5163005744,341784857.0,4.198,5.0,1.0,0.3129,182.0
VCT,2025,0.0646551724137931,0.1077586206896551,2149.242478467436,17303.11148593783,0.0,0.0008862147976538,Saint Vincent and the Grenadines,Americas,Caribbean,Upper middle income,2,0,12,Latin America & Caribbean,Cluster 2: Latin America & Caribbean,0.7142857142857143,True,12561.769166789,99924.0,18.003,0.0,1.0,0.4319,156.0
VEN,2025,0.4698275862068965,0.2413793103448275,642788.7770406608,94539189.05290602,0.120843316166592,0.0039831679782419,Venezuela,Americas,Latin America,Lower middle income,0,5,3,Latin America,Cluster 0: Latin America,0.7142857142857143,True,3494.8138870244,28516896.0,5.307,50.0,1.0,0.3723,119.0
PAK,2025,0.0344827586206896,0.3405172413793103,1260320.5348573031,2047529.1224889853,0.0118473839379011,0.0012720408902143,Pakistan,Asia,South Asia,Lower middle income,5,0,2,Pan-Europe,Cluster 5: Pan-Europe,1.0,True,1595.90912252837,255219554.0,5.42,3351.0,1.0,0.5141,32.0
AFG,2025,0.0129310344827586,0.2629310344827586,22014.931450326698,3174918.9250554335,0.0042172339155097,0.0006574798625661,Afghanistan,Asia,South Asia,Low income,5,2,2,Pan-Europe,Cluster 5: Pan-Europe,1.0,True,485.41898212807615,43844111.0,13.351,335.0,1.0,0.586,25.0
TJK,2025,0.1508620689655172,0.1293103448275862,157088.8256796706,218284.32150122663,0.0,0.0007729895566538,Tajikistan,Asia,Central Asia,Low income,1,4,13,Western Asia & Central Asia,Cluster 1: Western Asia & Central Asia,0.5714285714285714,True,1637.2542942547,10786734.0,6.931,12.0,1.0,0.3601,56.0
UZB,2025,0.043103448275862,0.1810344827586207,574339.616498974,1112822.4617044982,0.0,0.0010676725256775,Uzbekistan,Asia,Central Asia,Lower middle income,1,4,2,Western Asia & Central Asia,Cluster 1: Western Asia & Central Asia,0.5714285714285714,True,3968.2720079072,37053428.0,4.622,1.0,1.0,0.3603,62.0
CIV,2025,0.043103448275862,0.168103448275862,1146951.741366918,628836.8329576522,0.0214557210031348,0.0061284184992845,Côte d'Ivoire,Africa,Sub-Saharan Africa,Lower middle income,6,1,14,Sub-Saharan Africa,Cluster 6: Sub-Saharan Africa,1.0,True,3050.10202257321,32711547.0,2.323,15.0,1.0,0.4909,59.0
AGO,2025,0.0560344827586206,0.1594827586206896,101466.11184485145,289802.18084892805,0.0017173272130168,0.0013275920293665,Angola,Africa,Sub-Saharan Africa,Lower middle income,3,1,15,Sub-Saharan Africa,Cluster 3: Sub-Saharan Africa,1.0,True,3129.47662331063,39040039.0,14.108,47.0,1.0,0.5041,48.0
COD,2025,0.0344827586206896,0.2413793103448275,857525.1420908754,1313712.8670349368,0.0523893491565905,0.0024005101437853,DR Congo,Africa,Sub-Saharan Africa,Low income,3,3,2,Sub-Saharan Africa,Cluster 3: Sub-Saharan Africa,1.0,True,806.776000708534,112832473.0,4.434,9382.0,1.0,0.5601,43.0
COG,2025,0.0905172413793103,0.1637931034482758,172232.27102248673,121941.42625374308,0.0,0.0013683291273257,Congo,Africa,Sub-Saharan Africa,Lower middle income,3,3,16,Sub-Saharan Africa,Cluster 3: Sub-Saharan Africa,1.0,True,2514.73393584747,6484437.0,19.876,0.0,1.0,0.5271,48.0
CPV,2025,0.1379310344827586,0.0991379310344827,7340.004085282719,93121.7867472172,0.0043041871921182,0.0008074687292983,Cabo Verde,Africa,Sub-Saharan Africa,Lower middle income,3,1,17,Sub-Saharan Africa,Cluster 3: Sub-Saharan Africa,1.0,True,5796.47207860911,527326.0,11.939,0.0,1.0,0.4184,67.0
GIN,2025,0.4094827586206896,0.1594827586206896,44079.774254887634,225856.6483126121,0.0316292543663233,0.0016252958357564,Guinea,Africa,Sub-Saharan Africa,Low income,6,1,18,Sub-Saharan Africa,Cluster 6: Sub-Saharan Africa,1.0,True,1877.2541220972,15099727.0,5.163,1.0,1.0,0.53,57.0
MOZ,2025,0.0689655172413793,0.1422413793103448,173484.4037522646,284004.51202041464,0.0109343745335124,0.0019318902337228,Mozambique,Africa,Sub-Saharan Africa,Low income,3,3,19,Sub-Saharan Africa,Cluster 3: Sub-Saharan Africa,1.0,True,626.914419215727,35631653.0,6.628,605.0,1.0,0.4931,62.0
NAM,2025,0.3491379310344827,0.0646551724137931,52932.28654440197,21291.14050942977,0.0,0.0013749482056065,Namibia,Africa,Sub-Saharan Africa,Upper middle income,3,3,20,Sub-Saharan Africa,Cluster 3: Sub-Saharan Africa,1.0,True,4875.92558158247,3092816.0,19.291,0.0,1.0,0.4469,78.0
RWA,2025,0.021551724137931,0.146551724137931,246074.36700571905,250397.8824864887,0.0049563367666815,0.0017273805878563,Rwanda,Africa,Sub-Saharan Africa,Low income,3,3,21,Sub-Saharan Africa,Cluster 3: Sub-Saharan Africa,1.0,True,1123.73874633225,14569341.0,11.363,6.0,1.0,0.566,63.0
STP,2025,0.0258620689655172,0.0387931034482758,923.0232192554272,21483.826072253218,0.0,0.0006520664151075,Sao Tome and Principe,Africa,Sub-Saharan Africa,Lower middle income,3,1,22,Sub-Saharan Africa,Cluster 3: Sub-Saharan Africa,1.0,True,4084.40062145233,240254.0,9.132,0.0,1.0,0.5401,61.0
TCD,2025,0.043103448275862,0.125,347189.2986110146,149346.7374964129,0.0428679653679653,0.0014210651392068,Chad,Africa,Sub-Saharan Africa,Low income,3,3,2,Sub-Saharan Africa,Cluster 3: Sub-Saharan Africa,1.0,True,1022.33559390754,21003705.0,1.057,217.0,1.0,0.6358,52.0
ZAF,2025,0.5129310344827586,0.3017241379310345,1202032.7069992502,516046.7573695222,0.0697800044782803,0.0092652292848718,South Africa,Africa,Sub-Saharan Africa,Upper middle income,3,3,23,Sub-Saharan Africa,Cluster 3: Sub-Saharan Africa,1.0,True,6597.71450918774,64747319.0,32.391,42.0,1.0,0.3935,103.0
ZMB,2025,0.125,0.1293103448275862,116216.12598628017,59087.13641823688,0.0,0.0013251939481462,Zambia,Africa,Sub-Saharan Africa,Lower middle income,3,3,24,Sub-Saharan Africa,Cluster 3: Sub-Saharan Africa,1.0,True,1317.87771619597,21913874.0,5.918,0.0,1.0,0.4804,67.0
CAN,2025,0.5560344827586207,0.4913793103448275,4568047.338536243,686422.9213055357,0.0248468987908643,0.0354846711000816,Canada,Americas,Northern America,High income,2,0,2,Latin America & Caribbean,Cluster 2: Latin America & Caribbean,0.8571428571428571,True,55697.6639660837,41651653.0,6.907,0.0,1.0,0.2803,184.0
AIA,2025,0.0387931034482758,0.0387931034482758,2044.0787148242505,741.2913053515198,0.0,0.0013344497055259,Anguilla,Americas,Caribbean,High income,2,0,25,Latin America & Caribbean,Cluster 2: Latin America & Caribbean,0.7142857142857143,True,,,,,,,
GBR,2025,0.1508620689655172,0.603448275862069,4506120.370646738,2431824.57546814,0.3605517614569339,0.0484791330918425,United Kingdom,Europe,Northern Europe,High income,5,2,2,Pan-Europe,Cluster 5: Pan-Europe,0.8571428571428571,True,57601.9621201954,69487000.0,4.746,0.0,1.0,0.2893,186.0
KNA,2025,0.0560344827586206,0.0905172413793103,1807.649314696396,7526.988741121616,0.0,0.0015442580277065,Saint Kitts and Nevis,Americas,Latin America,High income,2,0,26,Latin America & Caribbean,Cluster 2: Latin America & Caribbean,0.7142857142857143,True,25223.0257622185,46922.0,,0.0,1.0,,154.0
MSR,2025,0.043103448275862,0.0474137931034482,569.7470876002222,1675.781276090916,0.0,0.0006898328175902,Montserrat,Americas,Caribbean,Upper middle income,2,0,27,Latin America & Caribbean,Cluster 2: Latin America & Caribbean,0.7142857142857143,True,,,,,,,
VIR,2025,0.0862068965517241,0.0603448275862068,29500.226750563594,1817.6905804080932,0.0049780750858337,0.0043247755606591,United States Virgin Islands,Americas,Caribbean,High income,2,0,28,Latin America & Caribbean,Cluster 2: Latin America & Caribbean,0.5714285714285714,True,43035.96075349247,103792.0,11.443,0.0,,,
ALB,2025,0.0258620689655172,0.1637931034482758,19729.568743366544,603854.9496133493,8.695327660844903e-05,0.0010206321989441,Albania,Europe,Eastern Europe,Upper middle income,5,1,29,Pan-Europe,Cluster 5: Pan-Europe,0.7142857142857143,True,12998.147869552,2349580.0,10.926,0.0,1.0,0.3694,123.0
GRC,2025,0.7370689655172413,0.2413793103448275,1048687.775918418,394951.72873506026,0.0044128787878787,0.0085037153397588,Greece,Europe,Southern Europe,High income,5,2,2,Pan-Europe,Cluster 5: Pan-Europe,0.7142857142857143,True,26948.0070432791,10413962.0,8.54,0.0,1.0,0.3361,187.0
ITA,2025,0.6120689655172413,0.4568965517241379,3701301.510447991,1425853.1109406878,0.0424331989849231,0.0259178926501272,Italy,Europe,Southern Europe,High income,5,2,2,Pan-Europe,Cluster 5: Pan-Europe,0.8571428571428571,True,43308.6403060733,58915656.0,6.391,0.0,1.0,0.3401,189.0
MKD,2025,0.0818965517241379,0.1551724137931034,75982.83555865241,266001.1062119268,4.3476638304224514e-05,0.0009642224369425,North Macedonia,Europe,Eastern Europe,Upper middle income,5,2,30,Pan-Europe,Cluster 5: Pan-Europe,0.8571428571428571,True,10489.9255355525,1820909.0,12.256,0.0,1.0,0.3718,129.0
ARG,2025,0.3103448275862069,0.2758620689655172,1094152.955963885,578684.8998826267,0.0180645432154052,0.0069594736448035,Argentina,Americas,Latin America,Upper middle income,2,1,31,Latin America & Caribbean,Cluster 2: Latin America & Caribbean,0.8571428571428571,True,14898.0885943842,45851378.0,7.145,114.0,1.0,0.3834,170.0
AND,2025,0.0603448275862068,0.021551724137931,21948.97897265199,972.7646169874874,0.0,0.0010363359547402,Andorra,Europe,Western Europe,High income,5,1,32,Pan-Europe,Cluster 5: Pan-Europe,0.8571428571428571,True,54291.5026031052,82904.0,,0.0,1.0,,171.0
BEL,2025,0.3577586206896552,0.3103448275862069,1109386.1804714412,278468.4976966611,0.0239773660247798,0.0120492072423964,Belgium,Europe,Western Europe,High income,5,1,33,Pan-Europe,Cluster 5: Pan-Europe,0.8571428571428571,True,60750.2735864647,11941781.0,5.906,0.0,1.0,0.3309,188.0
CHL,2025,0.4094827586206896,0.2284482758620689,2916240.939003687,229961.7858995585,4.3476638304224514e-05,0.006862060606622,Chile,Americas,Latin America,High income,2,1,31,Latin America & Caribbean,Cluster 2: Latin America & Caribbean,0.8571428571428571,True,17994.5911957485,19859921.0,8.974,0.0,1.0,0.3317,176.0
DEU,2025,0.1163793103448275,0.5258620689655172,7192806.175666296,2222209.8203404946,0.2505558665472459,0.0348153493613355,Germany,Europe,Western Europe,High income,5,2,2,Pan-Europe,Cluster 5: Pan-Europe,1.0,True,60496.4350820414,83491249.0,3.711,0.0,1.0,0.3021,189.0
ESP,2025,0.2025862068965517,0.3706896551724138,4665179.416658045,875825.5194851896,0.1756238804299149,0.023677142533591,Spain,Europe,Southern Europe,High income,5,1,2,Pan-Europe,Cluster 5: Pan-Europe,0.8571428571428571,True,38627.2472148623,49355143.0,10.376,0.0,1.0,0.3055,189.0
FRA,2025,0.2284482758620689,0.5646551724137931,4376852.240253871,1284642.2830835816,0.2488820159725332,0.0319688235594692,France,Europe,Western Europe,High income,5,1,2,Pan-Europe,Cluster 5: Pan-Europe,0.8571428571428571,True,48985.7307807924,68720337.0,7.542,0.0,1.0,0.3054,189.0
MAR,2025,0.0775862068965517,0.25,44733.55010151337,2279983.2403323525,0.0,0.0013029923992882,Morocco,Africa,Northern Africa,Lower middle income,5,1,2,Pan-Europe,Cluster 5: Pan-Europe,0.8571428571428571,True,4672.46826171875,38430770.0,9.0,10.0,1.0,0.3673,73.0
URY,2025,0.0732758620689655,0.1767241379310344,237182.79839367297,137471.1787899522,0.0,0.0013359940292522,Uruguay,Americas,Latin America,High income,2,1,34,Latin America & Caribbean,Cluster 2: Latin America & Caribbean,0.8571428571428571,True,25215.8238152781,3384688.0,7.516,0.0,1.0,0.3709,157.0
ARE,2025,0.1422413793103448,0.1336206896551724,2332691.9159957306,89184.90434998348,0.0,0.0068534402441215,United Arab Emirates,Asia,Western Asia,High income,1,0,2,Western Asia & Central Asia,Cluster 1: Western Asia & Central Asia,1.0,True,34943.029036145876,11513149.0,2.174,0.0,1.0,0.3765,184.0
BGD,2025,0.0732758620689655,0.2370689655172413,1165242.6483784553,2339939.3483886532,0.1445163457232423,0.0075508926706419,Bangladesh,Asia,South Asia,Lower middle income,4,0,2,South-Eastern Asia & Polynesia,Cluster 4: South-Eastern Asia & Polynesia,0.8571428571428571,True,2597.34352335275,175686899.0,3.778,49.0,1.0,0.5842,39.0
BHR,2025,0.1422413793103448,0.0818965517241379,204277.48604173656,38578.725274206554,0.0,0.001398532128598,Bahrain,Asia,Western Asia,High income,4,0,35,South-Eastern Asia & Polynesia,Cluster 4: South-Eastern Asia & Polynesia,0.8571428571428571,True,30596.5794898885,1600366.0,1.102,0.0,1.0,0.4342,90.0
EGY,2025,0.1293103448275862,0.3103448275862069,10312972.452330733,1470488.250355873,0.1134740259740259,0.0105510756779246,Egypt,Africa,Northern Africa,Lower middle income,1,4,2,Western Asia & Central Asia,Cluster 1: Western Asia & Central Asia,1.0,True,3085.80712036204,118365995.0,6.781,4.0,1.0,0.4097,49.0
ERI,2025,0.0905172413793103,0.1637931034482758,4434.262018979386,507257.5419839742,0.0,0.0006652248655353,Eritrea,Africa,Sub-Saharan Africa,Low income,5,2,36,Pan-Europe,Cluster 5: Pan-Europe,0.8571428571428571,True,539.699512069686,3607003.0,5.978,0.0,1.0,0.5855,39.0
ETH,2025,0.0517241379310344,0.2112068965517241,476464.6614697356,630258.8219206987,0.027129422301836,0.0010749857593514,Ethiopia,Africa,Sub-Saharan Africa,Low income,3,3,2,Sub-Saharan Africa,Cluster 3: Sub-Saharan Africa,1.0,True,932.729352775179,135472051.0,3.323,4012.0,1.0,0.5143,45.0
IDN,2025,0.1077586206896551,0.271551724137931,2400563.1553458674,1551246.0774033703,0.0467808628153455,0.0033721234385467,Indonesia,Asia,South-Eastern Asia,Upper middle income,4,0,2,South-Eastern Asia & Polynesia,Cluster 4: South-Eastern Asia & Polynesia,0.7142857142857143,True,5059.62596411213,285721236.0,3.237,152.0,1.0,0.4181,74.0
JOR,2025,0.0344827586206896,0.1810344827586207,2357206.3956735986,1565310.99665505,0.0080649164054336,0.0045534360463626,Jordan,Asia,Western Asia,Upper middle income,1,4,2,Western Asia & Central Asia,Cluster 1: Western Asia & Central Asia,0.8571428571428571,True,5347.77731384797,11520684.0,16.535,0.0,1.0,0.3572,51.0
KWT,2025,0.1422413793103448,0.1206896551724137,1049213.9618192494,81117.92627691398,0.0,0.0043684804408526,Kuwait,Asia,Western Asia,High income,1,0,2,Western Asia & Central Asia,Cluster 1: Western Asia & Central Asia,1.0,True,32312.3119953634,4865298.0,2.181,0.0,1.0,0.3607,100.0
LBN,2025,0.0344827586206896,0.3146551724137931,676307.9587063214,1054488.0423329682,0.0,0.001418836517913,Lebanon,Asia,Western Asia,Lower middle income,1,4,2,Western Asia & Central Asia,Cluster 1: Western Asia & Central Asia,0.8571428571428571,True,4721.814066060403,5849421.0,13.252,349.0,1.0,0.3974,44.0
LKA,2025,0.2112068965517241,0.2327586206896551,18112.5092596542,766221.9201545035,0.0092387856396477,0.0013073865979067,Sri Lanka,Asia,South Asia,Lower middle income,4,0,37,South-Eastern Asia & Polynesia,Cluster 4: South-Eastern Asia & Polynesia,0.8571428571428571,True,5002.07904353724,21756000.0,4.005,0.0,1.0,0.4749,42.0
NGA,2025,0.0387931034482758,0.3362068965517241,598685.7030333788,1130641.6876585283,0.0635628452007762,0.0041047243848907,Nigeria,Africa,Sub-Saharan Africa,Lower middle income,6,1,2,Sub-Saharan Africa,Cluster 6: Sub-Saharan Africa,1.0,True,1224.25410237743,237527782.0,3.064,6463.0,1.0,0.4814,45.0
NPL,2025,0.0258620689655172,0.1939655172413793,323426.81555384217,1318290.802615156,0.0508024518584863,0.0011456815658875,Nepal,Asia,South Asia,Lower middle income,4,0,2,South-Eastern Asia & Polynesia,Cluster 4: South-Eastern Asia & Polynesia,0.8571428571428571,True,1535.87781246307,29618118.0,10.465,0.0,1.0,0.49,38.0
PSE,2025,0.0603448275862068,0.1982758620689655,136585.2255185323,2102093.765190889,0.0336943946857739,0.0058345000483351,Palestine,Asia,Western Asia,Lower middle income,1,4,2,Western Asia & Central Asia,Cluster 1: Western Asia & Central Asia,0.8571428571428571,True,3171.10844621579,5413596.0,25.895,0.0,1.0,,39.0
QAT,2025,0.1422413793103448,0.0862068965517241,658074.4541291251,10667.882912765366,0.0,0.0020139029717262,Qatar,Asia,Western Asia,High income,4,0,38,South-Eastern Asia & Polynesia,Cluster 4: South-Eastern Asia & Polynesia,0.7142857142857143,True,72524.9066385222,2972215.0,0.13,6.0,1.0,0.3485,112.0
SAU,2025,0.0818965517241379,0.1896551724137931,2702561.3627473395,161650.13783270612,0.0076301500223914,0.0048392027908317,Saudi Arabia,Asia,Western Asia,High income,4,0,2,South-Eastern Asia & Polynesia,Cluster 4: South-Eastern Asia & Polynesia,0.8571428571428571,True,34536.6555456551,36973555.0,3.038,6.0,1.0,0.4048,91.0
SDN,2025,0.0646551724137931,0.2198275862068965,1831330.354550087,1022930.4398195464,0.1006266793551276,0.0022948924926095,Sudan,Africa,Sub-Saharan Africa,Low income,3,3,2,Sub-Saharan Africa,Cluster 3: Sub-Saharan Africa,1.0,True,1164.53991699219,51662147.0,11.995,16314.0,1.0,0.6116,41.0
SOM,2025,0.0129310344827586,0.2241379310344827,28600.474971911593,929046.5807150946,0.0129560382146589,0.0006770869586327,Somalia,Africa,Sub-Saharan Africa,Low income,3,3,2,Sub-Saharan Africa,Cluster 3: Sub-Saharan Africa,1.0,True,661.173877723116,19654739.0,18.948,3723.0,1.9003,0.6098,32.0
SSD,2025,0.0560344827586206,0.0775862068965517,465159.08432699775,4513535.156805516,0.062954172264517,0.0021653900066933,South Sudan,Africa,Sub-Saharan Africa,Low income,3,3,2,Sub-Saharan Africa,Cluster 3: Sub-Saharan Africa,1.0,True,1080.14718624765,12188788.0,14.246,1287.0,1.0,,43.0
SYR,2025,0.021551724137931,0.3275862068965517,431924.4525977254,7052701.471128722,0.0168471973428869,0.001447795874519,Syria,Asia,Western Asia,Low income,5,2,2,Pan-Europe,Cluster 5: Pan-Europe,0.7142857142857143,True,497.1114061250485,25620427.0,13.569,6219.0,1.0,0.493,27.0
THA,2025,0.0560344827586206,0.271551724137931,1323022.78097749,922554.6482265056,0.0107604679802955,0.003530201486302,Thailand,Asia,South-Eastern Asia,Upper middle income,4,0,2,South-Eastern Asia & Polynesia,Cluster 4: South-Eastern Asia & Polynesia,0.7142857142857143,True,8056.56359761558,71619863.0,0.781,172.0,1.0,0.4336,81.0
TUN,2025,0.0732758620689655,0.1853448275862069,24308.376719816348,335419.14839507476,0.0,0.0008256829552594,Tunisia,Africa,Northern Africa,Lower middle income,5,1,2,Pan-Europe,Cluster 5: Pan-Europe,0.8571428571428571,True,4656.63818386852,12348573.0,15.108,0.0,1.0,0.3814,67.0
YEM,2025,0.0474137931034482,0.146551724137931,133758.25569459572,774655.7200628301,0.0,0.0007623669379081,Yemen,Asia,Western Asia,Low income,4,0,2,South-Eastern Asia & Polynesia,Cluster 4: South-Eastern Asia & Polynesia,0.8571428571428571,True,1362.1738120601,41773878.0,17.322,1750.0,1.0,0.5369,32.0
ARM,2025,0.0603448275862068,0.1810344827586207,108084.03913181202,298811.8723039187,0.0,0.0008178242228226,Armenia,Asia,Western Asia,Upper middle income,1,4,39,Western Asia & Central Asia,Cluster 1: Western Asia & Central Asia,0.5714285714285714,True,9474.01849300368,3086700.0,12.871,0.0,1.0,0.3532,67.0
AUS,2025,0.8491379310344828,0.4051724137931034,4625621.695206932,211510.79820953353,0.1369514106583072,0.0660521909929515,Australia,Oceania,Australia/NZ,High income,4,0,2,South-Eastern Asia & Polynesia,Cluster 4: South-Eastern Asia & Polynesia,0.7142857142857143,True,65129.7227990563,27614411.0,4.09,0.0,1.0,0.3161,185.0
AUT,2025,0.1853448275862069,0.2672413793103448,1000140.940088958,237011.29297098992,0.0048911218092252,0.0074228118656929,Austria,Europe,Western Europe,High income,5,2,40,Pan-Europe,Cluster 5: Pan-Europe,1.0,True,62930.0351324599,9208163.0,5.582,0.0,1.0,0.2944,188.0
BGR,2025,0.6896551724137931,0.2456896551724137,145790.15018985255,746679.3699534269,0.0,0.0024772930474801,Bulgaria,Europe,Eastern Europe,Upper middle income,5,2,2,Pan-Europe,Cluster 5: Pan-Europe,0.8571428571428571,True,20328.1667065538,6433302.0,3.536,0.0,1.0,0.3622,177.0
BOL,2025,0.5689655172413793,0.1594827586206896,101394.28938161027,512268.5952281185,0.0,0.001833139919655,Bolivia,Americas,Latin America,Lower middle income,2,1,31,Latin America & Caribbean,Cluster 2: Latin America & Caribbean,0.8571428571428571,True,5147.81081955367,12581843.0,2.967,0.0,1.0,0.4539,78.0
BRA,2025,0.4612068965517241,0.3232758620689655,5757300.434045934,1407908.235182935,0.0051737199582027,0.0043405258400378,Brazil,Americas,Latin America,Upper middle income,2,1,3,Latin America & Caribbean,Cluster 2: Latin America & Caribbean,0.7142857142857143,True,10713.2856869511,212812405.0,5.97,681.0,1.0,0.369,170.0
CHE,2025,0.1939655172413793,0.3189655172413793,1206642.2271249122,270643.9770332613,0.0043041871921182,0.0144665880305394,Switzerland,Europe,Western Europe,High income,5,2,2,Pan-Europe,Cluster 5: Pan-Europe,1.0,True,114769.012314293,9092436.0,4.873,0.0,1.0,0.2492,187.0
CRI,2025,0.5775862068965517,0.146551724137931,534160.7153942371,24598.527902930535,0.0092387856396477,0.0027243188878741,Costa Rica,Americas,Latin America,Upper middle income,2,0,41,Latin America & Caribbean,Cluster 2: Latin America & Caribbean,0.5714285714285714,True,19970.0989059622,5152950.0,6.843,447.0,1.0,0.3743,149.0
CUB,2025,0.1422413793103448,0.2672413793103448,1145.7945133885642,1008755.017732102,0.0,0.0006567940139963,Cuba,Americas,Latin America,Upper middle income,2,0,2,Latin America & Caribbean,Cluster 2: Latin America & Caribbean,0.5714285714285714,True,10708.624200309288,10937203.0,1.746,0.0,1.0,0.4429,60.0
CYP,2025,0.5775862068965517,0.1077586206896551,137577.4808048534,43142.73831699151,0.0,0.0022336753091485,Cyprus,Europe,Western Asia,High income,3,2,42,Sub-Saharan Africa,Cluster 3: Sub-Saharan Africa,0.7142857142857143,True,41783.08984375,1370754.0,4.924,0.0,1.0,0.3601,178.0
CZE,2025,0.1982758620689655,0.1939655172413793,325924.6294389819,323833.95158872317,0.0092822622779519,0.0023891578565451,Czechia,Europe,Eastern Europe,High income,5,2,2,Pan-Europe,Cluster 5: Pan-Europe,1.0,True,35917.2724081665,10886878.0,2.825,0.0,1.0,0.2658,185.0
DNK,2025,0.8103448275862069,0.2284482758620689,440761.4061322072,57671.909874442965,0.0234991230034333,0.0090871807379144,Denmark,Europe,Northern Europe,High income,5,2,43,Pan-Europe,Cluster 5: Pan-Europe,1.0,True,76970.1535217919,6009169.0,5.529,0.0,1.0,0.3491,189.0
DZA,2025,0.0862068965517241,0.2543103448275862,119550.14873064202,1027980.5840101724,0.0045650470219435,0.001287797569465,Algeria,Africa,Northern Africa,Lower middle income,5,1,2,Pan-Europe,Cluster 5: Pan-Europe,0.8571428571428571,True,6051.00322704182,47435312.0,11.633,40.0,1.0,0.3626,55.0
ECU,2025,0.2068965517241379,0.168103448275862,12341353.015727434,603721.2712715162,0.0,0.0021270644596088,Ecuador,Americas,Latin America,Upper middle income,5,1,2,Pan-Europe,Cluster 5: Pan-Europe,0.7142857142857143,True,7125.27618527738,18289896.0,3.308,520.0,1.0,0.4655,94.0
EST,2025,0.4741379310344827,0.1508620689655172,123880.17700498916,63504.26840327978,0.000978224361845,0.0012324164742251,Estonia,Europe,Northern Europe,High income,1,4,44,Western Asia & Central Asia,Cluster 1: Western Asia & Central Asia,0.5714285714285714,True,34417.6320815138,1366475.0,8.313,0.0,1.0,0.3338,184.0
GTM,2025,0.2112068965517241,0.1508620689655172,49121.484536287426,677112.0828297611,0.0085648977459322,0.0012419825023445,Guatemala,Americas,Latin America,Upper middle income,2,0,2,Latin America & Caribbean,Cluster 2: Latin America & Caribbean,0.5714285714285714,True,6598.18032988711,18687881.0,2.604,26.0,1.0,0.4342,134.0
HND,2025,0.1810344827586207,0.146551724137931,18898.692503203623,926824.837391927,0.0,0.0010475390872386,Honduras,Americas,Latin America,Lower middle income,2,0,2,Latin America & Caribbean,Cluster 2: Latin America & Caribbean,0.5714285714285714,True,3598.21450440452,11005850.0,4.92,11.0,1.0,0.4439,131.0
HRV,2025,0.3060344827586206,0.1853448275862069,263408.22969295504,456820.65616910195,0.017042842215256,0.0019425241726323,Croatia,Europe,Eastern Europe,High income,5,2,2,Pan-Europe,Cluster 5: Pan-Europe,1.0,True,27103.9116109268,3876200.0,5.002,0.0,1.0,0.3822,183.0
HUN,2025,0.7155172413793104,0.2241379310344827,332828.197574533,293447.28426240105,0.0,0.0034769121427774,Hungary,Europe,Eastern Europe,High income,5,2,45,Pan-Europe,Cluster 5: Pan-Europe,1.0,True,25907.4743259406,9514251.0,4.521,0.0,1.0,0.3528,185.0
IRL,2025,0.1120689655172413,0.2543103448275862,514902.9793729958,325548.3617561698,0.0,0.0078354455590251,Ireland,Europe,Northern Europe,High income,5,2,2,Pan-Europe,Cluster 5: Pan-Europe,0.8571428571428571,True,131592.462547877,5484367.0,4.632,0.0,1.0,0.3148,189.0
IRN,2025,0.0301724137931034,0.2974137931034483,1314984.40296392,929801.8574173718,4.3476638304224514e-05,0.0008868224489663,Iran,Asia,Western Asia,Lower middle income,5,2,2,Pan-Europe,Cluster 5: Pan-Europe,1.0,True,3924.38017821898,92417681.0,8.301,1310.0,1.0,0.3782,42.0
ISR,2025,0.2801724137931034,0.25,993205.2891187142,138505.2241893536,0.0229121883863263,0.0082893594461319,Israel,Asia,Western Asia,High income,1,1,46,Western Asia & Central Asia,Cluster 1: Western Asia & Central Asia,0.8571428571428571,True,60336.8477964194,10122800.0,3.489,14522.0,1.0,0.2826,168.0
JPN,2025,0.2543103448275862,0.3706896551724138,2429072.5783910803,525411.4958065454,0.0059128228093745,0.0091272250810449,Japan,Asia,Eastern Asia,High income,2,0,2,Latin America & Caribbean,Cluster 2: Latin America & Caribbean,0.5714285714285714,True,35951.0449549304,123366734.0,2.451,0.0,1.0,0.3684,190.0
KOR,2025,0.0603448275862068,0.3232758620689655,1095131.863815211,1088110.106332506,0.006021514405135,0.0043812227611791,South Korea,Asia,Eastern Asia,High income,2,0,2,Latin America & Caribbean,Cluster 2: Latin America & Caribbean,0.5714285714285714,True,36226.9663637512,51684564.0,2.683,0.0,1.0,0.3547,190.0
LAO,2025,0.0258620689655172,0.0991379310344827,17220.066093017507,396025.06097221025,0.0,0.0006735562515644,Laos,Asia,South-Eastern Asia,Lower middle income,4,0,2,South-Eastern Asia & Polynesia,Cluster 4: South-Eastern Asia & Polynesia,0.7142857142857143,True,2324.76353098791,7873046.0,1.187,0.0,1.0,0.4929,47.0
LTU,2025,0.396551724137931,0.1810344827586207,82325.01836885893,255819.9630404323,0.0,0.0012525069076342,Lithuania,Europe,Northern Europe,High income,5,2,47,Pan-Europe,Cluster 5: Pan-Europe,0.7142857142857143,True,32958.6706396386,2888774.0,6.731,0.0,1.0,0.355,182.0
MEX,2025,0.3318965517241379,0.2284482758620689,915803.1847549,5307776.457819162,0.0128038699805941,0.026532203070057,Mexico,Americas,Latin America,Upper middle income,2,0,2,Latin America & Caribbean,Cluster 2: Latin America & Caribbean,0.5714285714285714,True,13889.2339628708,131946900.0,2.673,4590.0,1.0,0.3874,158.0
MNE,2025,0.125,0.0818965517241379,42016.0023344708,50877.43951513022,0.0,0.0008609046148608,Montenegro,Europe,Eastern Europe,Upper middle income,5,2,48,Pan-Europe,Cluster 5: Pan-Europe,1.0,True,14816.8380299947,623129.0,13.572,0.0,1.0,0.3625,128.0
NOR,2025,0.8663793103448276,0.1810344827586207,489913.9484736015,75647.62477252545,0.0192601507687714,0.0081838625935707,Norway,Europe,Northern Europe,High income,5,2,49,Pan-Europe,Cluster 5: Pan-Europe,1.0,True,94594.1929573987,5610870.0,4.637,0.0,1.0,0.2551,188.0
NZL,2025,0.2068965517241379,0.2586206896551724,781922.8499217908,333128.7237625318,0.0464982646663681,0.0227286357160303,New Zealand,Oceania,Australia/NZ,High income,4,0,2,South-Eastern Asia & Polynesia,Cluster 4: South-Eastern Asia & Polynesia,0.7142857142857143,True,49591.0405731713,5324700.0,5.076,0.0,1.0,0.3045,187.0
PAN,2025,0.375,0.1551724137931034,710110.5924321656,101960.84534259496,0.0049780750858337,0.0023443432194928,Panama,Americas,Latin America,High income,2,0,50,Latin America & Caribbean,Cluster 2: Latin America & Caribbean,0.5714285714285714,True,19789.7308555826,4571189.0,8.36,0.0,1.0,0.407,148.0
POL,2025,0.2672413793103448,0.3189655172413793,527259.145137963,2396734.21003115,0.0822360613524406,0.0105155673298507,Poland,Europe,Eastern Europe,High income,5,2,2,Pan-Europe,Cluster 5: Pan-Europe,1.0,True,28419.5777395638,36435861.0,2.976,0.0,1.0,0.3055,185.0
PRI,2025,0.1939655172413793,0.1163793103448275,121454.60805129618,1073024.3007231788,0.0,0.0057673238064749,Puerto Rico,Americas,Latin America,High income,2,0,2,Latin America & Caribbean,Cluster 2: Latin America & Caribbean,0.5714285714285714,True,40620.1526923687,3184835.0,5.991,0.0,,,
PRK,2025,0.0862068965517241,0.1336206896551724,24288.27969238106,23311.206878628156,0.0,0.0007404258473928,North Korea,Asia,Eastern Asia,Low income,2,0,51,Latin America & Caribbean,Cluster 2: Latin America & Caribbean,0.5714285714285714,True,,26571036.0,3.545,0.0,,0.4639,40.0
PRY,2025,0.0732758620689655,0.1336206896551724,85433.52950706867,440544.60905937105,2.1738319152112257e-05,0.0012823311657303,Paraguay,Americas,Latin America,Upper middle income,2,1,31,Latin America & Caribbean,Cluster 2: Latin America & Caribbean,0.8571428571428571,True,7026.61906146401,7013078.0,4.803,0.0,1.0,0.372,146.0
ROU,2025,0.1163793103448275,0.293103448275862,280203.5826771657,2779865.2005670946,0.0048041685326168,0.0049525164321785,Romania,Europe,Eastern Europe,High income,5,2,2,Pan-Europe,Cluster 5: Pan-Europe,1.0,True,22537.9532108047,19020271.0,5.992,0.0,1.0,0.4119,177.0
RUS,2025,0.1810344827586207,0.418103448275862,2920361.679243862,10999891.70945021,0.1633417301089715,0.0060151742354003,Russia,Europe,Eastern Europe,Upper middle income,1,4,2,Western Asia & Central Asia,Cluster 1: Western Asia & Central Asia,0.5714285714285714,True,17546.609375,143513328.0,2.133,3468.0,1.0,0.3241,114.0
SEN,2025,0.1077586206896551,0.2241379310344827,109270.883737172,297366.93745636847,0.0400419838781907,0.0023779819827073,Senegal,Africa,Sub-Saharan Africa,Lower middle income,5,1,52,Pan-Europe,Cluster 5: Pan-Europe,0.8571428571428571,True,1954.71174194867,18931966.0,2.735,0.0,1.0,0.5334,59.0
SLV,2025,0.2025862068965517,0.1508620689655172,22691.68473659205,961320.6262380008,0.0,0.0009530640534907,El Salvador,Americas,Latin America,Lower middle income,2,0,2,Latin America & Caribbean,Cluster 2: Latin America & Caribbean,0.5714285714285714,True,5766.72574029107,6365503.0,3.303,0.0,1.0,0.4276,135.0
SRB,2025,0.168103448275862,0.1810344827586207,378225.3282775127,491805.2602249167,0.0050215517241379,0.0027916289792891,Serbia,Europe,Eastern Europe,Upper middle income,5,2,2,Pan-Europe,Cluster 5: Pan-Europe,1.0,True,15262.0464193413,6549143.0,7.123,0.0,1.0,0.4188,138.0
SVK,2025,0.6336206896551724,0.1594827586206896,108117.92894466786,217981.6545856435,0.0,0.0019211571850046,Slovakia,Europe,Eastern Europe,High income,5,2,53,Pan-Europe,Cluster 5: Pan-Europe,1.0,True,28543.6653439813,5413813.0,5.359,0.0,1.0,0.3603,183.0
SVN,2025,0.5862068965517241,0.1379310344827586,130251.59150503667,43480.63843914032,0.0,0.0012536065430667,Slovenia,Europe,Eastern Europe,High income,5,2,54,Pan-Europe,Cluster 5: Pan-Europe,1.0,True,37376.2216079138,2130986.0,3.175,0.0,1.0,0.3139,183.0
SWE,2025,0.2370689655172413,0.25,1158038.2887891044,109933.67485859372,0.0153907299596954,0.0115369214251886,Sweden,Europe,Northern Europe,High income,5,2,2,Pan-Europe,Cluster 5: Pan-Europe,1.0,True,63133.2126736715,10596620.0,8.694,9.0,1.0,0.3172,188.0
TWN,2025,0.0991379310344827,0.0689655172413793,787047.305623438,430562.4413130377,0.0,0.0020212696254112,Taiwan,Asia,Eastern Asia,High income,2,0,2,Latin America & Caribbean,Cluster 2: Latin America & Caribbean,0.7142857142857143,True,,,,,,,
UKR,2025,0.1293103448275862,0.3189655172413793,2643459.060985495,2478743.761653782,0.0219557023436333,0.002961024911232,Ukraine,Europe,Eastern Europe,Lower middle income,1,4,2,Western Asia & Central Asia,Cluster 1: Western Asia & Central Asia,0.5714285714285714,True,5865.884765625,38980376.0,9.475,84876.0,1.0,0.3633,147.0
AZE,2025,0.0818965517241379,0.1551724137931034,92657.90059597568,401996.46602703945,0.0,0.000846019638893,Azerbaijan,Asia,Western Asia,Upper middle income,1,4,2,Western Asia & Central Asia,Cluster 1: Western Asia & Central Asia,0.5714285714285714,True,7410.72281660142,10246996.0,5.457,4.0,1.0,0.4054,71.0
GEO,2025,0.1939655172413793,0.1637931034482758,43946.766610488485,258557.7144443272,0.0,0.0007046527161576,Georgia,Asia,Western Asia,Upper middle income,1,4,55,Western Asia & Central Asia,Cluster 1: Western Asia & Central Asia,0.5714285714285714,True,9691.53472415196,3935766.0,12.097,0.0,1.0,0.3951,123.0
IRQ,2025,0.0948275862068965,0.2629310344827586,167354.84202815118,1783772.0313093576,8.695327660844903e-05,0.0008550431111162,Iraq,Asia,Western Asia,Upper middle income,5,2,2,Pan-Europe,Cluster 5: Pan-Europe,0.8571428571428571,True,5409.67899716967,47020774.0,15.485,143.0,1.0,0.4373,30.0
KAZ,2025,0.1163793103448275,0.1896551724137931,1232001.0298190855,1553596.8828651735,0.0174558702791461,0.0021069739299618,Kazakhstan,Asia,Central Asia,Upper middle income,1,4,2,Western Asia & Central Asia,Cluster 1: Western Asia & Central Asia,0.5714285714285714,True,14692.1331757237,20843754.0,4.771,0.0,1.0,0.3159,79.0
TKM,2025,0.0474137931034482,0.1293103448275862,98470.48020604956,393634.9936673909,0.0,0.0007329174708684,Turkmenistan,Asia,Central Asia,Upper middle income,5,2,2,Pan-Europe,Cluster 5: Pan-Europe,0.5714285714285714,True,6540.17876401136,7618847.0,4.267,0.0,1.0,0.3717,49.0
ASM,2025,0.043103448275862,0.021551724137931,11302.308773660116,1969.9366643329497,0.0,0.0008873313976299,American Samoa,Oceania,Polynesia,Upper middle income,4,0,56,South-Eastern Asia & Polynesia,Cluster 4: South-Eastern Asia & Polynesia,0.7142857142857143,True,15459.634647112449,46029.0,,0.0,,,
FJI,2025,0.0603448275862068,0.0991379310344827,5759.123795664231,95350.97543349778,0.0177602067472757,0.0013373719817837,Fiji,Oceania,Melanesia,Upper middle income,4,0,57,South-Eastern Asia & Polynesia,Cluster 4: South-Eastern Asia & Polynesia,0.7142857142857143,True,6642.00449450523,933154.0,5.347,0.0,1.0,0.4372,90.0
TKL,2025,0.0172413793103448,0.0129310344827586,255.4744558373808,308.769499014343,0.0,0.000670912392305,Tokelau,Oceania,Polynesia,Lower middle income,4,0,58,South-Eastern Asia & Polynesia,Cluster 4: South-Eastern Asia & Polynesia,0.7142857142857143,True,,,,,,,
TON,2025,0.021551724137931,0.0517241379310344,453.3127611476495,24806.10426655586,0.0,0.0006483212711352,Tonga,Oceania,Polynesia,Upper middle income,4,0,59,South-Eastern Asia & Polynesia,Cluster 4: South-Eastern Asia & Polynesia,0.7142857142857143,True,6547.18646814228,103742.0,2.008,0.0,1.0,0.6018,129.0
VNM,2025,0.0172413793103448,0.2586206896551724,44252.30023677958,2450582.364699632,0.0043041871921182,0.0008233036542405,Vietnam,Asia,South-Eastern Asia,Lower middle income,2,0,2,Latin America & Caribbean,Cluster 2: Latin America & Caribbean,0.5714285714285714,True,5065.99091899299,101598527.0,1.523,0.0,1.0,0.4682,50.0
WSM,2025,0.0862068965517241,0.0689655172413793,1675.545116081317,60526.69537152824,0.0,0.0010487486092016,Samoa,Oceania,Polynesia,Lower middle income,4,0,60,South-Eastern Asia & Polynesia,Cluster 4: South-Eastern Asia & Polynesia,0.7142857142857143,True,5872.78333308796,219306.0,4.996,0.0,1.0,0.5233,129.0
ATG,2025,0.2198275862068965,0.1077586206896551,16718.611105762928,6707.592535768449,0.0183688796835348,0.0021913429559315,Antigua and Barbuda,Americas,Caribbean,High income,2,0,61,Latin America & Caribbean,Cluster 2: Latin America & Caribbean,0.5714285714285714,True,24819.2454680158,94209.0,,1.0,1.0,0.4646,152.0
BLZ,2025,0.0646551724137931,0.0862068965517241,34041.3911046326,3837.635142142439,0.0,0.0008617360043108,Belize,Americas,Central America,Lower middle income,2,0,62,Latin America & Caribbean,Cluster 2: Latin America & Caribbean,0.5714285714285714,True,7865.47937690933,422924.0,8.856,13.0,1.0,0.4732,102.0
BMU,2025,0.146551724137931,0.0560344827586206,9556.99474416538,725.2504395110839,0.0,0.0008928890551456,Bermuda,Americas,Northern America,High income,2,0,63,Latin America & Caribbean,Cluster 2: Latin America & Caribbean,0.7142857142857143,True,108053.17356056032,64555.0,,0.0,,,
BRB,2025,0.0905172413793103,0.1206896551724137,11891.603614615426,9616.084150618166,0.0,0.0010479118366316,Barbados,Americas,Caribbean,High income,2,0,64,Latin America & Caribbean,Cluster 2: Latin America & Caribbean,0.8571428571428571,True,28364.8181499736,282623.0,6.524,3.0,1.0,0.3708,163.0
GHA,2025,0.1853448275862069,0.2198275862068965,209606.6114848221,522151.9526637484,0.0044998320644872,0.0019376785963307,Ghana,Africa,Sub-Saharan Africa,Lower middle income,6,1,65,Sub-Saharan Africa,Cluster 6: Sub-Saharan Africa,1.0,True,3257.1588903576,35064272.0,2.979,113.0,1.0,0.4402,69.0
GLP,2025,0.1034482758620689,0.0387931034482758,49274.265242408714,7528.473910687023,0.0049998134049858,0.0070175413850328,Guadeloupe,Americas,Caribbean,High income,5,1,66,Pan-Europe,Cluster 5: Pan-Europe,0.8571428571428571,True,,,,,,,
GUF,2025,0.0689655172413793,0.0387931034482758,64030.45184753736,2447.668256341415,0.0,0.0038648131808955,French Guiana,Americas,South America,High income,2,1,67,Latin America & Caribbean,Cluster 2: Latin America & Caribbean,1.0,True,,,,,,,
LCA,2025,0.1853448275862069,0.0991379310344827,3823.777637859712,11915.31846741111,0.0,0.0011255622325761,Saint Lucia,Americas,Latin America,Upper middle income,2,0,68,Latin America & Caribbean,Cluster 2: Latin America & Caribbean,0.8571428571428571,True,14745.8184305461,180149.0,9.452,0.0,1.0,0.3826,146.0
MTQ,2025,0.0646551724137931,0.0474137931034482,37966.592927918486,7402.888611171996,0.0,0.0071008211448141,Martinique,Americas,Caribbean,High income,5,1,69,Pan-Europe,Cluster 5: Pan-Europe,0.8571428571428571,True,,,,,,,
TCA,2025,0.0258620689655172,0.0172413793103448,11273.287081077531,1582.3281422955074,0.0,0.0009199655104027,Turks and Caicos Islands,Americas,Caribbean,High income,2,1,70,Latin America & Caribbean,Cluster 2: Latin America & Caribbean,0.7142857142857143,True,17341.04307452173,46855.0,,0.0,,,
TTO,2025,0.0689655172413793,0.168103448275862,285969.26163910795,169886.35279678355,0.0086083743842364,0.0013115071706974,Trinidad and Tobago,Americas,Latin America,High income,2,0,71,Latin America & Caribbean,Cluster 2: Latin America & Caribbean,0.5714285714285714,True,18967.2704636681,1367764.0,3.329,31.0,1.0,0.3739,147.0
VGB,2025,0.0905172413793103,0.0560344827586206,10944.297782025134,4040.1944853324694,0.0,0.0013011039848683,British Virgin Islands,Americas,Caribbean,High income,2,0,72,Latin America & Caribbean,Cluster 2: Latin America & Caribbean,0.7142857142857143,True,,39732.0,,0.0,,,
BDI,2025,0.0301724137931034,0.125,183553.8085483258,347248.93527749873,0.004260710553814,0.0014016189503928,Burundi,Africa,Sub-Saharan Africa,Low income,3,3,73,Sub-Saharan Africa,Cluster 3: Sub-Saharan Africa,1.0,True,233.823013385395,14390003.0,0.922,98.0,1.0,0.5514,48.0
BEN,2025,0.043103448275862,0.1293103448275862,202333.10386886157,340143.3737629284,0.0,0.0017409390328643,Benin,Africa,Sub-Saharan Africa,Low income,6,1,2,Sub-Saharan Africa,Cluster 6: Sub-Saharan Africa,1.0,True,1658.27312662991,14814460.0,1.589,176.0,1.0,0.5659,67.0
BFA,2025,0.0344827586206896,0.0905172413793103,365713.5662945711,841882.679448806,0.0,0.0035362292449851,Burkina Faso,Africa,Sub-Saharan Africa,Low income,6,1,14,Sub-Saharan Africa,Cluster 6: Sub-Saharan Africa,1.0,True,1147.57131635601,24074580.0,3.477,4392.0,1.0,0.5211,59.0
BHS,2025,0.3189655172413793,0.1034482758620689,33002.186204200734,1051.1056492712958,0.0,0.0016811038700313,Bahamas,Americas,Caribbean,High income,2,1,74,Latin America & Caribbean,Cluster 2: Latin America & Caribbean,0.7142857142857143,True,24166.68322454587,403033.0,9.207,0.0,1.0,0.4584,159.0
BIH,2025,0.0560344827586206,0.1379310344827586,17737.449060876872,919678.9082891726,0.0,0.0007693673815432,Bosnia and Herzegovina,Europe,Eastern Europe,Upper middle income,5,2,2,Pan-Europe,Cluster 5: Pan-Europe,1.0,True,10381.8460703874,3140095.0,11.037,0.0,1.0,0.3479,123.0
BLR,2025,0.2241379310344827,0.1724137931034483,569856.3166320184,485107.1595148841,0.0,0.0012694745983759,Belarus,Europe,Eastern Europe,Upper middle income,1,4,2,Western Asia & Central Asia,Cluster 1: Western Asia & Central Asia,0.5714285714285714,True,10279.2547190723,9085991.0,3.38,0.0,1.0,0.3164,81.0
BRN,2025,0.0818965517241379,0.0344827586206896,52345.71425190212,27312.704647394206,0.0,0.0008250848279624,Brunei Darussalam,Asia,South-Eastern Asia,High income,4,0,75,South-Eastern Asia & Polynesia,Cluster 4: South-Eastern Asia & Polynesia,0.8571428571428571,True,32234.6428368582,466330.0,5.277,0.0,1.0,0.4044,164.0
BTN,2025,0.0991379310344827,0.0474137931034482,7801.908136384301,33047.349560956616,0.0,0.0006607325074042,Bhutan,Asia,South Asia,Lower middle income,4,0,76,South-Eastern Asia & Polynesia,Cluster 4: South-Eastern Asia & Polynesia,0.8571428571428571,True,4492.78400306618,796682.0,3.227,0.0,1.0,0.516,51.0
BWA,2025,0.1379310344827586,0.0732758620689655,45993.529311443854,8320.459965627562,0.0,0.0010333533529231,Botswana,Africa,Sub-Saharan Africa,Upper middle income,3,3,77,Sub-Saharan Africa,Cluster 3: Sub-Saharan Africa,1.0,True,7778.1151090571,2562122.0,24.477,0.0,1.0,0.4359,85.0
CAF,2025,0.0991379310344827,0.0948275862068965,31912.24035188212,484727.6434289338,0.0003043364681295,0.0008532454798313,Central African Republic,Africa,Sub-Saharan Africa,Low income,3,3,2,Sub-Saharan Africa,Cluster 3: Sub-Saharan Africa,1.0,True,556.131398031455,5513282.0,6.251,517.0,1.0,0.5755,51.0
CMR,2025,0.0948275862068965,0.1982758620689655,332234.97209035704,282501.1506518743,0.0085648977459322,0.0017281658887978,Cameroon,Africa,Sub-Saharan Africa,Lower middle income,3,3,2,Sub-Saharan Africa,Cluster 3: Sub-Saharan Africa,1.0,True,1972.3815800786,29879337.0,3.602,435.0,1.0,0.4855,49.0
COK,2025,0.043103448275862,0.021551724137931,2115.478599087931,10297.84645188731,0.0,0.0009376816358695,Cook Islands,Oceania,Polynesia,High income,4,0,78,South-Eastern Asia & Polynesia,Cluster 4: South-Eastern Asia & Polynesia,0.7142857142857143,True,,,,,,,
CYM,2025,0.2370689655172413,0.0387931034482758,15669.08313044421,445.4408119658119,0.0,0.0011230358242779,Cayman Islands,Americas,Caribbean,High income,2,0,79,Latin America & Caribbean,Cluster 2: Latin America & Caribbean,0.7142857142857143,True,85490.7648378054,75844.0,,0.0,,,
DJI,2025,0.0129310344827586,0.0474137931034482,57593.71232621385,2557.3125467735663,0.0,0.0006862625450891,Djibouti,Africa,Sub-Saharan Africa,Lower middle income,3,3,80,Sub-Saharan Africa,Cluster 3: Sub-Saharan Africa,1.0,True,3905.604954681,1184076.0,26.015,0.0,1.0,0.5069,47.0
FIN,2025,0.7327586206896551,0.1896551724137931,194645.01683025295,111134.689172419,0.0001086915957605,0.0037466185621209,Finland,Europe,Northern Europe,High income,5,2,81,Pan-Europe,Cluster 5: Pan-Europe,1.0,True,56148.580949046,5646436.0,9.461,0.0,1.0,0.2785,189.0
FLK,2025,0.0301724137931034,0.0086206896551724,1019.622099106384,38.9,0.0,0.0011037522679779,Falkland Islands,Americas,South America,High income,5,2,82,Pan-Europe,Cluster 5: Pan-Europe,1.0,True,,,,,,,
GAB,2025,0.1422413793103448,0.0948275862068965,160085.4939282954,37869.14648812456,0.0033911777877295,0.0019347626539687,Gabon,Africa,Sub-Saharan Africa,Upper middle income,6,1,83,Sub-Saharan Africa,Cluster 6: Sub-Saharan Africa,1.0,True,8263.03321595,2593130.0,20.154,0.0,1.0,0.4362,58.0
GIB,2025,0.0129310344827586,0.0172413793103448,4439.627318536135,237.16093117408903,0.0,0.0007208585465925,Gibraltar,Europe,Southern Europe,High income,5,2,84,Pan-Europe,Cluster 5: Pan-Europe,1.0,True,,40126.0,,0.0,,,
GMB,2025,0.0301724137931034,0.0991379310344827,111237.12949787348,14665.64406401967,0.0,0.0014770353264455,Gambia,Africa,Sub-Saharan Africa,Low income,3,1,85,Sub-Saharan Africa,Cluster 3: Sub-Saharan Africa,0.8571428571428571,True,919.060423427951,2822093.0,6.521,0.0,1.0,0.5188,71.0
GUM,2025,0.0474137931034482,0.0258620689655172,39857.33900016929,632.6237496674203,0.0148255336617405,0.0089754673226324,Guam,Oceania,Micronesia,High income,4,0,86,South-Eastern Asia & Polynesia,Cluster 4: South-Eastern Asia & Polynesia,0.8571428571428571,True,37159.942783443534,168999.0,5.569,0.0,,,
HKG,2025,0.125,0.1120689655172413,1962680.8368626712,657059.4728845201,0.0288902261531571,0.005637966892889,Hong Kong,Asia,Eastern Asia,High income,4,0,2,South-Eastern Asia & Polynesia,Cluster 4: South-Eastern Asia & Polynesia,0.8571428571428571,True,56983.0663059906,7498900.0,2.799,0.0,1.0,,170.0
IMN,2025,0.0344827586206896,0.0086206896551724,19315.56640835411,508.8288043478261,0.0,0.0014592155579684,Isle of Man,Europe,Northern Europe,High income,5,2,87,Pan-Europe,Cluster 5: Pan-Europe,0.8571428571428571,True,77016.31009169896,84118.0,,0.0,,,
ISL,2025,0.5905172413793104,0.0991379310344827,47477.11592256622,12446.140689434704,0.0,0.0015875304953908,Iceland,Europe,Northern Europe,High income,5,2,88,Pan-Europe,Cluster 5: Pan-Europe,1.0,True,98323.4849517418,392404.0,3.625,0.0,1.0,0.3205,182.0
KEN,2025,0.0560344827586206,0.1982758620689655,469763.1474579055,270321.3408501644,0.0102387483206448,0.002388086709796,Kenya,Africa,Sub-Saharan Africa,Lower middle income,3,3,2,Sub-Saharan Africa,Cluster 3: Sub-Saharan Africa,1.0,True,2362.86091198611,57532493.0,5.449,89.0,1.0,0.4969,71.0
KGZ,2025,0.0991379310344827,0.125,113064.01443292544,316455.41926054773,0.0,0.0008004988142798,Kyrgyzstan,Asia,Central Asia,Lower middle income,1,4,2,Western Asia & Central Asia,Cluster 1: Western Asia & Central Asia,0.5714285714285714,True,3080.96893823359,7343064.0,3.526,0.0,1.0,0.3099,63.0
KHM,2025,0.1120689655172413,0.1206896551724137,37824.183767412425,408583.5470576607,0.0,0.0007261438628663,Cambodia,Asia,South-Eastern Asia,Lower middle income,4,0,2,South-Eastern Asia & Polynesia,Cluster 4: South-Eastern Asia & Polynesia,0.7142857142857143,True,2872.42926639909,17847982.0,0.263,23.0,1.0,0.4801,51.0
KIR,2025,0.0301724137931034,0.0474137931034482,1334.2011562210455,3317.4090090076234,0.0092605239587998,0.0011947182663449,Kiribati,Oceania,Micronesia,Lower middle income,4,0,89,South-Eastern Asia & Polynesia,Cluster 4: South-Eastern Asia & Polynesia,0.7142857142857143,True,2558.66636011102,136488.0,,0.0,1.0,0.5424,123.0
LBR,2025,0.1077586206896551,0.125,29482.90390535974,73558.6549499017,0.0,0.0009895286632886,Liberia,Africa,Sub-Saharan Africa,Low income,6,1,90,Sub-Saharan Africa,Cluster 6: Sub-Saharan Africa,1.0,True,915.328972645548,5731206.0,2.884,4.0,1.0,0.5295,51.0
LBY,2025,0.3663793103448275,0.1810344827586207,261906.6389959962,1406299.7993214952,0.0001304299149126,0.0023089613592047,Libya,Africa,Northern Africa,Upper middle income,1,4,2,Western Asia & Central Asia,Cluster 1: Western Asia & Central Asia,0.8571428571428571,True,6448.82415074121,7458555.0,18.758,80.0,1.0,0.4135,38.0
LSO,2025,0.0646551724137931,0.0474137931034482,4553.172546997948,154600.31900313203,0.0,0.0007223181023709,Lesotho,Africa,Sub-Saharan Africa,Lower middle income,3,3,23,Sub-Saharan Africa,Cluster 3: Sub-Saharan Africa,1.0,True,1088.96276223185,2363325.0,16.315,0.0,1.0,0.4711,76.0
LUX,2025,0.3318965517241379,0.1163793103448275,353980.84763719095,23832.371043388343,0.0,0.0038414792274668,Luxembourg,Europe,Western Europe,High income,5,1,91,Pan-Europe,Cluster 5: Pan-Europe,0.8571428571428571,True,147252.179121515,686970.0,6.343,0.0,1.0,0.3127,188.0
LVA,2025,0.3879310344827586,0.1594827586206896,130231.43029084108,88367.0856240904,0.0,0.0009996439993516,Latvia,Europe,Northern Europe,High income,1,4,92,Western Asia & Central Asia,Cluster 1: Western Asia & Central Asia,0.5714285714285714,True,26311.9730706362,1847785.0,6.568,0.0,1.0,0.3572,183.0
MAC,2025,0.021551724137931,0.0344827586206896,203416.17465107585,97275.77006081592,0.0,0.0009002426082796,Macao,Asia,Eastern Asia,High income,4,0,93,South-Eastern Asia & Polynesia,Cluster 4: South-Eastern Asia & Polynesia,0.8571428571428571,True,75901.7461294198,685900.0,2.347,0.0,,,144.0
MCO,2025,0.0086206896551724,0.0474137931034482,7280.822516874711,20318.1036133121,0.0,0.0007821260330627,Monaco,Europe,Western Europe,High income,5,1,94,Pan-Europe,Cluster 5: Pan-Europe,0.8571428571428571,True,180210.29914804175,38341.0,,0.0,,,177.0
MDA,2025,0.1336206896551724,0.1810344827586207,22089.79108641423,517506.1765785546,0.0,0.0007855921358153,Moldova,Europe,Eastern Europe,Lower middle income,5,2,2,Pan-Europe,Cluster 5: Pan-Europe,0.5714285714285714,True,8621.71721623786,2360527.0,1.505,0.0,1.0,0.3951,121.0
MDG,2025,0.0172413793103448,0.1077586206896551,12432.917378113943,130575.60688883542,0.0043041871921182,0.0007792981197004,Madagascar,Africa,Sub-Saharan Africa,Low income,5,1,95,Pan-Europe,Cluster 5: Pan-Europe,0.8571428571428571,True,599.265294255357,32740678.0,3.041,0.0,1.0,0.5579,58.0
MDV,2025,0.0905172413793103,0.0301724137931034,7367.104632146917,1602.6027285651828,0.0,0.0006595637491417,Maldives,Asia,South Asia,Upper middle income,4,0,96,South-Eastern Asia & Polynesia,Cluster 4: South-Eastern Asia & Polynesia,0.8571428571428571,True,14614.7208116541,529676.0,4.514,0.0,1.0,0.554,93.0
MLI,2025,0.2413793103448275,0.1724137931034483,272293.3882534847,520188.471920875,0.040868040005971,0.0061647859230338,Mali,Africa,Sub-Saharan Africa,Low income,6,1,14,Sub-Saharan Africa,Cluster 6: Sub-Saharan Africa,1.0,True,1193.27601004701,25198821.0,2.831,2168.0,1.0,0.5665,55.0
MLT,2025,0.3577586206896552,0.0905172413793103,94796.52200586331,22908.976271487165,0.0,0.0050598206462355,Malta,Europe,Southern Europe,High income,5,2,97,Pan-Europe,Cluster 5: Pan-Europe,0.8571428571428571,True,47906.9000057635,579704.0,2.896,0.0,1.0,0.3142,185.0
MMR,2025,0.0172413793103448,0.1206896551724137,31508.164605099184,1986586.1344254364,0.0,0.0006739748794661,Myanmar,Asia,South-Eastern Asia,Lower middle income,4,0,2,South-Eastern Asia & Polynesia,Cluster 4: South-Eastern Asia & Polynesia,0.8571428571428571,True,1488.87527836542,54850648.0,3.047,2319.0,1.0,0.5207,44.0
MNG,2025,0.1034482758620689,0.1077586206896551,7270.1727128183,114878.5254216648,0.0,0.0007257928698915,Mongolia,Asia,Eastern Asia,Lower middle income,2,0,98,Latin America & Caribbean,Cluster 2: Latin America & Caribbean,0.5714285714285714,True,7108.22743246244,3568978.0,5.233,0.0,1.0,0.367,65.0
MUS,2025,0.0948275862068965,0.1206896551724137,12186.772273075974,67018.61327075292,0.0,0.0007000687610651,Mauritius,Africa,Sub-Saharan Africa,High income,5,1,99,Pan-Europe,Cluster 5: Pan-Europe,0.8571428571428571,True,12991.2935987166,1243741.0,5.635,0.0,1.0,0.4016,149.0
MWI,2025,0.0517241379310344,0.0818965517241379,91125.00277678206,184522.5085548516,0.0028477198089267,0.0012447132101213,Malawi,Africa,Sub-Saharan Africa,Low income,3,3,100,Sub-Saharan Africa,Cluster 3: Sub-Saharan Africa,1.0,True,671.506847203876,22216120.0,5.072,1.0,1.0,0.5468,73.0
MYS,2025,0.1120689655172413,0.2068965517241379,832570.9298834719,3504046.0610504295,0.0547588259441707,0.0032324656301097,Malaysia,Asia,South-Eastern Asia,Upper middle income,4,0,2,South-Eastern Asia & Polynesia,Cluster 4: South-Eastern Asia & Polynesia,0.8571428571428571,True,13124.5554178269,35977838.0,3.764,3.0,1.0,0.3615,181.0
NCL,2025,0.0689655172413793,0.0301724137931034,34494.77906315205,2567.274930223649,0.0043259255112703,0.002610106613129,New Caledonia,Oceania,Melanesia,High income,5,1,101,Pan-Europe,Cluster 5: Pan-Europe,0.8571428571428571,True,34545.914555700176,295333.0,11.174,0.0,,,
NIU,2025,0.0301724137931034,0.021551724137931,243.6647426911004,2599.6886131669467,0.0,0.0006671821266592,Niue,Oceania,Polynesia,Upper middle income,4,0,102,South-Eastern Asia & Polynesia,Cluster 4: South-Eastern Asia & Polynesia,0.7142857142857143,True,,,,,,,
NRU,2025,0.0387931034482758,0.021551724137931,509.540676783534,1301.2484879575509,0.0,0.0007050860420332,Nauru,Oceania,Micronesia,High income,4,0,103,South-Eastern Asia & Polynesia,Cluster 4: South-Eastern Asia & Polynesia,0.7142857142857143,True,14639.5046929186,12025.0,,0.0,1.0,0.5109,87.0
OMN,2025,0.043103448275862,0.0560344827586206,380309.5632515824,8169.845165223932,0.0,0.0013397391633279,Oman,Asia,Western Asia,High income,4,0,104,South-Eastern Asia & Polynesia,Cluster 4: South-Eastern Asia & Polynesia,0.8571428571428571,True,19947.3966227092,5494691.0,3.251,0.0,1.0,0.4199,89.0
PNG,2025,0.0905172413793103,0.0560344827586206,11708.40083138064,19271.32813138733,0.0043041871921182,0.0015150866298562,Papua New Guinea,Oceania,Melanesia,Lower middle income,4,0,105,South-Eastern Asia & Polynesia,Cluster 4: South-Eastern Asia & Polynesia,0.7142857142857143,True,3019.5309140573,10762817.0,2.571,78.0,1.0,0.5535,86.0
PYF,2025,0.0818965517241379,0.0344827586206896,11789.003795466526,1053.708684940897,0.0,0.0018350835567267,French Polynesia,Oceania,Polynesia,High income,5,1,106,Pan-Europe,Cluster 5: Pan-Europe,0.8571428571428571,True,20378.667083425717,282465.0,11.662,0.0,,,
REU,2025,0.021551724137931,0.0258620689655172,57928.05582688236,1384.4335364986637,0.0,0.0026645939636202,Réunion,Africa,Sub-Saharan Africa,High income,5,1,107,Pan-Europe,Cluster 5: Pan-Europe,0.8571428571428571,True,,,,,,,
SGP,2025,0.043103448275862,0.1767241379310344,1450472.5024328856,147097.3648601142,0.0,0.0048504710904755,Singapore,Asia,South-Eastern Asia,High income,4,0,108,South-Eastern Asia & Polynesia,Cluster 4: South-Eastern Asia & Polynesia,0.8571428571428571,True,98813.9788172877,6111175.0,2.818,0.0,1.0,0.3885,193.0
SLB,2025,0.0646551724137931,0.0474137931034482,805.3062216800389,2340.704693922947,0.0,0.0007403377299189,Solomon Islands,Oceania,Melanesia,Lower middle income,4,0,109,South-Eastern Asia & Polynesia,Cluster 4: South-Eastern Asia & Polynesia,0.7142857142857143,True,2086.18955928928,838645.0,1.431,0.0,1.0,0.6368,134.0
SLE,2025,0.1206896551724137,0.1077586206896551,21236.659481585382,32287.03258481024,0.0,0.0008003136747834,Sierra Leone,Africa,Sub-Saharan Africa,Low income,6,1,110,Sub-Saharan Africa,Cluster 6: Sub-Saharan Africa,1.0,True,846.296172499617,8819794.0,3.15,0.0,1.0,0.5953,65.0
SWZ,2025,0.0732758620689655,0.0560344827586206,13503.45835778939,7192.917560740787,0.0,0.0008089352232636,Eswatini,Africa,Sub-Saharan Africa,Lower middle income,3,3,111,Sub-Saharan Africa,Cluster 3: Sub-Saharan Africa,1.0,True,4108.25221093363,1256174.0,34.202,6.0,1.0,0.441,74.0
SYC,2025,0.1120689655172413,0.0646551724137931,3785.399624990224,12162.479459842714,0.0,0.000669494867804,Seychelles,Africa,Sub-Saharan Africa,High income,3,3,112,Sub-Saharan Africa,Cluster 3: Sub-Saharan Africa,1.0,True,19449.3836346926,122730.0,,0.0,1.0,0.4478,156.0
TGO,2025,0.1293103448275862,0.1163793103448275,126511.96417552546,296336.84017726016,0.0,0.0014056168341809,Togo,Africa,Sub-Saharan Africa,Low income,6,1,113,Sub-Saharan Africa,Cluster 6: Sub-Saharan Africa,1.0,True,1383.89974929887,8591626.0,1.995,13.0,1.0,0.5048,60.0
TLS,2025,0.0646551724137931,0.0258620689655172,2803.2917895537184,69404.95497951734,0.0,0.0007060097499017,Timor-Leste,Asia,South-Eastern Asia,Lower middle income,4,0,114,South-Eastern Asia & Polynesia,Cluster 4: South-Eastern Asia & Polynesia,0.7142857142857143,True,1340.9640193437,1418517.0,1.592,0.0,1.0,0.5324,95.0
TUV,2025,0.0129310344827586,0.0387931034482758,79.85555555555555,572.4975554006236,0.0,0.0006620823524012,Tuvalu,Oceania,Polynesia,Upper middle income,4,0,115,South-Eastern Asia & Polynesia,Cluster 4: South-Eastern Asia & Polynesia,0.7142857142857143,True,6041.44908591428,9492.0,,0.0,1.0,0.5743,127.0
TZA,2025,0.1163793103448275,0.1724137931034483,223240.4347655083,108006.48185572292,4.3476638304224514e-05,0.0015813934591906,Tanzania,Africa,Sub-Saharan Africa,Lower middle income,3,3,116,Sub-Saharan Africa,Cluster 3: Sub-Saharan Africa,1.0,True,1318.81921386719,70545865.0,1.572,231.0,1.0,0.5143,70.0
UGA,2025,0.0603448275862068,0.1508620689655172,2974830.054305676,281174.27924515004,0.0153689916405433,0.0032061733478124,Uganda,Africa,Sub-Saharan Africa,Low income,3,3,117,Sub-Saharan Africa,Cluster 3: Sub-Saharan Africa,1.0,True,1206.30450825002,51384894.0,2.746,41.0,1.0,0.5362,67.0
VUT,2025,0.0387931034482758,0.0560344827586206,1205.399201537187,4755.38268114007,0.0,0.0008852915177764,Vanuatu,Oceania,Melanesia,Lower middle income,4,1,118,South-Eastern Asia & Polynesia,Cluster 4: South-Eastern Asia & Polynesia,0.8571428571428571,True,4038.73520713411,335169.0,5.073,0.0,1.0,0.5545,90.0
ZWE,2025,0.0258620689655172,0.1422413793103448,132616.56364920107,775958.2492225989,0.0093692155545603,0.0019124184743085,Zimbabwe,Africa,Sub-Saharan Africa,Low income,3,3,23,Sub-Saharan Africa,Cluster 3: Sub-Saharan Africa,1.0,True,3021.43019873632,16950795.0,9.293,0.0,1.0,0.492,63.0
MRT,2025,0.1551724137931034,0.1034482758620689,83762.31791025295,49298.88964916893,0.000391289744738,0.0013757515173217,Mauritania,Africa,Sub-Saharan Africa,Lower middle income,5,1,119,Pan-Europe,Cluster 5: Pan-Europe,0.8571428571428571,True,2197.51046251309,5315065.0,10.319,0.0,1.0,0.5868,57.0
NER,2025,0.0560344827586206,0.1163793103448275,256149.2476145502,169355.73922963484,0.0042824488729661,0.0019549249967206,Niger,Africa,Sub-Saharan Africa,Low income,6,1,120,Sub-Saharan Africa,Cluster 6: Sub-Saharan Africa,1.0,True,775.353622143879,27917831.0,0.394,1338.0,1.0,0.6324,57.0
GNB,2025,0.0474137931034482,0.0818965517241379,6458.058585514347,49739.76116985513,0.0085866360650843,0.0007283943077906,Guinea-Bissau,Africa,Sub-Saharan Africa,Low income,3,1,121,Sub-Saharan Africa,Cluster 3: Sub-Saharan Africa,0.8571428571428571,True,1123.76679992349,2249515.0,2.673,0.0,1.0,0.6073,54.0
LIE,2025,0.4353448275862069,0.043103448275862,14592.538022510236,35.77056277056277,0.0,0.0011140555736462,Liechtenstein,Europe,Western Europe,High income,5,2,122,Pan-Europe,Cluster 5: Pan-Europe,1.0,True,163427.29694706117,41024.0,,0.0,1.0,,181.0
SMR,2025,0.0387931034482758,0.021551724137931,2552.392937931738,1682.7060205580028,0.0,0.0006785144682172,San Marino,Europe,Southern Europe,High income,5,2,123,Pan-Europe,Cluster 5: Pan-Europe,0.8571428571428571,True,45080.7033776635,34109.0,,0.0,1.0,,170.0
CHI,2025,0.0172413793103448,0.0129310344827586,43132.12325319889,179.45864661654133,0.0,0.0013130430275094,Channel Islands,Europe,Northern Europe,High income,5,2,124,Pan-Europe,Cluster 5: Pan-Europe,0.8571428571428571,True,54412.54366648109,168466.0,6.169,0.0,,,
VAT,2025,0.0,0.0086206896551724,0.0,313.1967213114754,0.0,0.0006437768240343,Holy See,Europe,Southern Europe,High income,2,1,125,Latin America & Caribbean,Cluster 2: Latin America & Caribbean,0.8571428571428571,True,,,,,,,
GNQ,2025,0.0258620689655172,0.0603448275862068,5859.862061629934,65413.82442854468,0.0,0.0007662681597911,Equatorial Guinea,Africa,Sub-Saharan Africa,Upper middle income,6,1,126,Sub-Saharan Africa,Cluster 6: Sub-Saharan Africa,1.0,True,6615.25245207167,1938431.0,8.337,0.0,1.0,0.4084,56.0
COM,2025,0.021551724137931,0.0560344827586206,5758.323827026215,192057.5590286877,0.0049780750858337,0.0013113834027943,Comoros,Africa,Sub-Saharan Africa,Low income,5,1,127,Pan-Europe,Cluster 5: Pan-Europe,0.8571428571428571,True,2055.75921566281,882847.0,3.819,0.0,1.0,0.5477,52.0
GRL,2025,0.0732758620689655,0.0258620689655172,1980.119875900629,10526.882883862789,0.0,0.0008767575539518,Greenland,Americas,Northern America,High income,5,2,128,Pan-Europe,Cluster 5: Pan-Europe,1.0,True,60808.467183591354,56831.0,,0.0,,,
FRO,2025,0.1293103448275862,0.0172413793103448,3702.20671725731,6336.48363883472,0.0,0.0009898734166109,Faroe Islands,Europe,Northern Europe,High income,5,2,129,Pan-Europe,Cluster 5: Pan-Europe,1.0,True,67691.8764329948,54900.0,,0.0,,,
SHN,2025,0.0086206896551724,0.0129310344827586,113.31645569620252,269.68942224777237,0.0,0.00064565646433,Saint Helena,Africa,Sub-Saharan Africa,Upper middle income,5,2,130,Pan-Europe,Cluster 5: Pan-Europe,1.0,True,,,,,,,
SPM,2025,0.0129310344827586,0.0086206896551724,435.483856700575,55.39130434782609,0.0,0.0006562445033043,Saint Pierre and Miquelon,Americas,Northern America,High income,5,1,131,Pan-Europe,Cluster 5: Pan-Europe,0.8571428571428571,True,,,,,,,
WLF,2025,0.021551724137931,0.0172413793103448,996.5688373632794,6794.161063464837,0.0,0.0011059752041839,Wallis and Futuna Islands,Oceania,Polynesia,Upper middle income,5,1,132,Pan-Europe,Cluster 5: Pan-Europe,0.8571428571428571,True,,,,,,,
ESH,2025,0.0301724137931034,0.0258620689655172,2220.131272301447,96169.76185028502,0.0,0.0006665298305009,Western Sahara,Africa,Northern Africa,Lower middle income,5,1,133,Pan-Europe,Cluster 5: Pan-Europe,0.8571428571428571,True,,,,,,,
FSM,2025,0.0517241379310344,0.0172413793103448,420.6859143192423,6811.348402472724,2.1738319152112257e-05,0.0013465176728086,Micronesia,Oceania,Micronesia,Lower middle income,4,0,134,South-Eastern Asia & Polynesia,Cluster 4: South-Eastern Asia & Polynesia,0.8571428571428571,True,4414.00737137479,113683.0,,0.0,1.0,0.6249,123.0
MHL,2025,0.0258620689655172,0.0172413793103448,1155.1973752664678,195.27504094666145,0.0,0.0007274163798669,Marshall Islands,Oceania,Micronesia,Upper middle income,2,0,135,Latin America & Caribbean,Cluster 2: Latin America & Caribbean,1.0,True,8489.05793506422,36282.0,,0.0,1.0,0.6081,128.0
MNP,2025,0.0517241379310344,0.0129310344827586,12053.07266649227,1389.1161514782204,0.0,0.0065357842943059,Northern Mariana Islands,Oceania,Micronesia,High income,4,0,136,South-Eastern Asia & Polynesia,Cluster 4: South-Eastern Asia & Polynesia,0.8571428571428571,True,18505.229248083528,43541.0,,0.0,,,
PLW,2025,0.0344827586206896,0.0258620689655172,2440.7334510115707,1273.4602993519788,0.0043259255112703,0.0030542818864773,Palau,Oceania,Micronesia,High income,4,0,137,South-Eastern Asia & Polynesia,Cluster 4: South-Eastern Asia & Polynesia,0.8571428571428571,True,19532.3557719527,17663.0,,0.0,1.0,0.5168,123.0
MYT,2025,0.0129310344827586,0.0086206896551724,80439.72726938139,3582.9974505098985,0.0,0.0012709188907467,Mayotte,Africa,Sub-Saharan Africa,Upper middle income,5,1,138,Pan-Europe,Cluster 5: Pan-Europe,0.8571428571428571,True,,,,,,,
