model,dependent,predictor,coefficient,std_error,t_stat,p_value,ci_lower_95,ci_upper_95,n_obs,r_squared,adj_r2,aic,bic,significant_95
baseline_inflows,log_in_strength,const,-4.9904143353619554,0.35583151569495036,-14.024655251841637,1.3833021720679006e-41,-5.688512693435156,-4.292315977288755,1243.0,0.6362134572864504,0.6356267047982027,4154.77301540512,4170.1488646796515,True
baseline_inflows,log_in_strength,log_population,0.7734561101795061,0.017807166568884775,43.435102782213484,2.75746502662571e-251,0.7385206050447346,0.8083916153142776,1243.0,0.6362134572864504,0.6356267047982027,4154.77301540512,4170.1488646796515,True
baseline_inflows,log_in_strength,log_gdp_per_capita,0.5084681411034653,0.023806959142310343,21.357962521126964,1.95425603617909e-86,0.4617617692535632,0.5551745129533674,1243.0,0.6362134572864504,0.6356267047982027,4154.77301540512,4170.1488646796515,True
baseline_inflows,log_in_strength,conflict_intensity,0.0,0.0,,,0.0,0.0,1243.0,0.6362134572864504,0.6356267047982027,4154.77301540512,4170.1488646796515,False
baseline_outflows,log_out_strength,const,-2.1524304968548407,0.32896431597260795,-6.54305160877713,8.796742048904867e-11,-2.7978186615221508,-1.5070423321875306,1243.0,0.691622158842903,0.6911247752281335,3959.601964545292,3974.9778138198244,True
baseline_outflows,log_out_strength,log_population,0.8658821048810886,0.016462629394427757,52.59682910520788,4.44019e-318,0.8335844189176282,0.898179790844549,1243.0,0.691622158842903,0.6911247752281335,3959.601964545292,3974.9778138198244,True
baseline_outflows,log_out_strength,log_gdp_per_capita,0.04061302302650771,0.02200940524996079,1.8452576326014107,0.06523837623548885,-0.0025667656921995047,0.08379281174521493,1243.0,0.691622158842903,0.6911247752281335,3959.601964545292,3974.9778138198244,False
baseline_outflows,log_out_strength,conflict_intensity,0.0,0.0,,,0.0,0.0,1243.0,0.691622158842903,0.6911247752281335,3959.601964545292,3974.9778138198244,False
