model,dependent,n_predictors,n_obs,r_squared,adj_r2,aic,bic,f_stat,f_p_value
baseline_inflows,log_in_strength,3,1243,0.6362134572864504,0.6356267047982027,4154.77301540512,4170.1488646796515,1084.2961385413212,5.3077478597595594e-273
baseline_outflows,log_out_strength,3,1243,0.691622158842903,0.6911247752281335,3959.601964545292,3974.9778138198244,1390.5205927690292,1.704361e-317
