year_start,year_end,jaccard_similarity
1990,1995,0.7018711427948328
1995,2000,0.6097063341465618
2000,2005,0.8539310772244832
2005,2010,0.47673863767613767
2010,2015,0.7061561561561561
2015,2020,0.5357835932343321
2020,2025,0.634980410416457
