iso3,year,climate_vulnerability
AFG,1990,0.6166
AFG,1995,0.612511069387945
AFG,1996,0.612679151659385
AFG,1997,0.612837469926352
AFG,1998,0.611178660337005
AFG,1999,0.609827722286114
AFG,2000,0.608398207191364
AFG,2001,0.606532877881195
AFG,2002,0.604601457431296
AFG,2003,0.59345123684489
AFG,2004,0.595817105304166
AFG,2005,0.602123845251527
AFG,2006,0.604628709316117
AFG,2007,0.600051012497378
AFG,2008,0.599393182526088
AFG,2009,0.599693542389519
AFG,2010,0.583799555533243
AFG,2011,0.59053916243912
AFG,2012,0.58448305398306
AFG,2013,0.589309821840208
AFG,2014,0.587004201260283
AFG,2015,0.583232874822956
AFG,2016,0.588403379297684
AFG,2017,0.593829094351135
AFG,2018,0.591230783539058
AFG,2019,0.587843436099682
AFG,2020,0.582315266487911
AFG,2021,0.586000121796016
AFG,2022,0.587795901704788
AFG,2023,0.58751617832868
AFG,2025,0.586
AGO,1990,0.4934
AGO,1995,0.493885446100005
AGO,1996,0.494234753112483
AGO,1997,0.494135738478465
AGO,1998,0.494036833354291
AGO,1999,0.494149498011857
AGO,2000,0.494392090171188
AGO,2001,0.496737319861053
AGO,2002,0.494950909991681
AGO,2003,0.494583822213485
AGO,2004,0.493046485385661
AGO,2005,0.495287853486178
AGO,2006,0.499371098629173
AGO,2007,0.495228265837184
AGO,2008,0.495870525901713
AGO,2009,0.500231291809643
AGO,2010,0.502047233171845
AGO,2011,0.501309754214576
AGO,2012,0.498359216812742
AGO,2013,0.500440486036288
AGO,2014,0.504594277555248
AGO,2015,0.506421666846786
AGO,2016,0.50785998069438
AGO,2017,0.509298158240381
AGO,2018,0.512001171013181
AGO,2019,0.511537037424656
AGO,2020,0.513684687498138
AGO,2021,0.510006678617796
AGO,2022,0.508756584744985
AGO,2023,0.506373424333808
AGO,2025,0.5041
ALB,1990,0.4467
ALB,1995,0.45182695756391
ALB,1996,0.452691007838491
ALB,1997,0.450500423807594
ALB,1998,0.451614305274946
ALB,1999,0.458679034756272
ALB,2000,0.456919016196982
ALB,2001,0.458306692467454
ALB,2002,0.456053766085959
ALB,2003,0.454570901651314
ALB,2004,0.449381951787582
ALB,2005,0.445477981646448
ALB,2006,0.443758190000366
ALB,2007,0.443803376874808
ALB,2008,0.441177631980773
ALB,2009,0.441311445271556
ALB,2010,0.431833568262864
ALB,2011,0.429483768942901
ALB,2012,0.421123244527392
ALB,2013,0.421483656902282
ALB,2014,0.415760258788981
ALB,2015,0.411554940846958
ALB,2016,0.412314967861303
ALB,2017,0.414393459739393
ALB,2018,0.407147343842414
ALB,2019,0.401351320918995
ALB,2020,0.395254408098606
ALB,2021,0.383450140960649
ALB,2022,0.380608710119157
ALB,2023,0.380184451027829
ALB,2025,0.3694
ARE,1990,0.4144
ARE,1995,0.410901729783583
ARE,1996,0.410554364235514
ARE,1997,0.409657732348214
ARE,1998,0.407791153860996
ARE,1999,0.407971434766981
ARE,2000,0.40739808399497
ARE,2001,0.405263582160508
ARE,2002,0.40329138811867
ARE,2003,0.402303043344332
ARE,2004,0.402031281943074
ARE,2005,0.402501088309128
ARE,2006,0.402595953952241
ARE,2007,0.402974134619077
ARE,2008,0.404208074221274
ARE,2009,0.405534695878042
ARE,2010,0.405581472532573
ARE,2011,0.405633468695195
ARE,2012,0.404913821110829
ARE,2013,0.404589206670404
ARE,2014,0.403896230212973
ARE,2015,0.40096175976111
ARE,2016,0.399137506752734
ARE,2017,0.399242368566057
ARE,2018,0.39884697433587
ARE,2019,0.397903357463681
ARE,2020,0.384470576615922
ARE,2021,0.382144458269249
ARE,2022,0.383254151903709
ARE,2023,0.382862724694561
ARE,2025,0.3765
ARG,1990,0.4022
ARG,1995,0.402014737480192
ARG,1996,0.402452961809246
ARG,1997,0.402480144363394
ARG,1998,0.402137567749629
ARG,1999,0.401970589509592
ARG,2000,0.401817508399323
ARG,2001,0.402706970148319
ARG,2002,0.403816513486999
ARG,2003,0.40226721997832
ARG,2004,0.40723811636394
ARG,2005,0.402375656409618
ARG,2006,0.4013090965324
ARG,2007,0.401430656657054
ARG,2008,0.402465474173953
ARG,2009,0.401555226654064
ARG,2010,0.401211002814394
ARG,2011,0.403016662782255
ARG,2012,0.402684521100847
ARG,2013,0.400681276190246
ARG,2014,0.401533576867251
ARG,2015,0.401349680015877
ARG,2016,0.402707730093365
ARG,2017,0.403895553808896
ARG,2018,0.38331499562736
ARG,2019,0.381364588553903
ARG,2020,0.379582170427316
ARG,2021,0.381593438252645
ARG,2022,0.38149864468114
ARG,2023,0.383358084544623
ARG,2025,0.3834
ARM,1990,0.4164
ARM,1995,0.401429554796693
ARM,1996,0.391140825553881
ARM,1997,0.393306597577059
ARM,1998,0.391376844067755
ARM,1999,0.386917626855401
ARM,2000,0.386503471982725
ARM,2001,0.390283858061105
ARM,2002,0.373487228417655
ARM,2003,0.371794728647145
ARM,2004,0.373608808738997
ARM,2005,0.378909855376541
ARM,2006,0.376290833952446
ARM,2007,0.379010273406683
ARM,2008,0.371413300012588
ARM,2009,0.365629052161441
ARM,2010,0.360416761792963
ARM,2011,0.361389603971077
ARM,2012,0.363919341031858
ARM,2013,0.363941116121719
ARM,2014,0.360753251488607
ARM,2015,0.361692480349331
ARM,2016,0.36261667944711
ARM,2017,0.360058152073037
ARM,2018,0.367643118683015
ARM,2019,0.368526793861459
ARM,2020,0.370647590595447
ARM,2021,0.364062261182347
ARM,2022,0.359560825233757
ARM,2023,0.357311529443697
ARM,2025,0.3532
ATG,1990,0.4883
ATG,1995,0.487472229718716
ATG,1996,0.487185587062111
ATG,1997,0.486207323855591
ATG,1998,0.486123688755584
ATG,1999,0.486950982907508
ATG,2000,0.486678995517589
ATG,2001,0.485488659201907
ATG,2002,0.483896171859886
ATG,2003,0.483175986355117
ATG,2004,0.48325492600571
ATG,2005,0.484491895590046
ATG,2006,0.479355462833013
ATG,2007,0.479210714940806
ATG,2008,0.47918880893635
ATG,2009,0.477987347117627
ATG,2010,0.480369933520244
ATG,2011,0.482879607314819
ATG,2012,0.479334540090043
ATG,2013,0.47588587290768
ATG,2014,0.473479275818013
ATG,2015,0.476873195191819
ATG,2016,0.474410172010269
ATG,2017,0.472817217975973
ATG,2018,0.475272053209847
ATG,2019,0.467683678007451
ATG,2020,0.468417107456835
ATG,2021,0.468269964515137
ATG,2022,0.46820476168581
ATG,2023,0.467682283209992
ATG,2025,0.4646
AUS,1990,0.325
AUS,1995,0.326823263325125
AUS,1996,0.326794914282787
AUS,1997,0.328090534927765
AUS,1998,0.328528753887412
AUS,1999,0.328661441510613
AUS,2000,0.328628651535517
AUS,2001,0.327674511084618
AUS,2002,0.32802238733829
AUS,2003,0.327501574581178
AUS,2004,0.326798736634886
AUS,2005,0.327109606521956
AUS,2006,0.327094541959786
AUS,2007,0.327129580409532
AUS,2008,0.326554941565743
AUS,2009,0.326861042481775
AUS,2010,0.326500154255844
AUS,2011,0.326581350959777
AUS,2012,0.327651540035783
AUS,2013,0.326712009769403
AUS,2014,0.32645269162782
AUS,2015,0.327117292417006
AUS,2016,0.327979279108869
AUS,2017,0.327616763315701
AUS,2018,0.315568019164912
AUS,2019,0.313562157614812
AUS,2020,0.313767368750102
AUS,2021,0.313158326542816
AUS,2022,0.315876227738523
AUS,2023,0.31593723845745
AUS,2025,0.3161
AUT,1990,0.3088
AUT,1995,0.306340542266892
AUT,1996,0.307166938443417
AUT,1997,0.306122540053243
AUT,1998,0.30666861277041
AUT,1999,0.304669939138431
AUT,2000,0.303916868932696
AUT,2001,0.303792622539124
AUT,2002,0.30441475382393
AUT,2003,0.304641058529751
AUT,2004,0.304329440225116
AUT,2005,0.304438612882453
AUT,2006,0.304317367633752
AUT,2007,0.303076263123341
AUT,2008,0.303471946549505
AUT,2009,0.303918635246437
AUT,2010,0.302436123092934
AUT,2011,0.30351203906509
AUT,2012,0.299746164396747
AUT,2013,0.301120968660119
AUT,2014,0.303702659297618
AUT,2015,0.300143776306643
AUT,2016,0.298561539584274
AUT,2017,0.298476532528222
AUT,2018,0.297677048212416
AUT,2019,0.298257250768928
AUT,2020,0.293809067480789
AUT,2021,0.291540762810979
AUT,2022,0.299110526645385
AUT,2023,0.295316568589894
AUT,2025,0.2944
AZE,1990,0.4462
AZE,1995,0.443240197281227
AZE,1996,0.444124664785553
AZE,1997,0.43773970796775
AZE,1998,0.436803064316287
AZE,1999,0.439603529553554
AZE,2000,0.440267290835968
AZE,2001,0.428598523378643
AZE,2002,0.424762227472133
AZE,2003,0.423938920105322
AZE,2004,0.420691354048815
AZE,2005,0.417584202165285
AZE,2006,0.416495863703698
AZE,2007,0.416968144256549
AZE,2008,0.413541373603542
AZE,2009,0.412182231110915
AZE,2010,0.412433420974441
AZE,2011,0.408604979566117
AZE,2012,0.406015071896848
AZE,2013,0.402166930525945
AZE,2014,0.402055151781851
AZE,2015,0.400886252186685
AZE,2016,0.40266599423888
AZE,2017,0.403565986685036
AZE,2018,0.401345007788368
AZE,2019,0.400610651992998
AZE,2020,0.402296116571452
AZE,2021,0.402988104884766
AZE,2022,0.405809263952388
AZE,2023,0.404253804565205
AZE,2025,0.4054
BDI,1990,0.5452
BDI,1995,0.544364171418596
BDI,1996,0.54212782369448
BDI,1997,0.542774195016091
BDI,1998,0.542596831320756
BDI,1999,0.537428140062844
BDI,2000,0.543544999615066
BDI,2001,0.566119399380573
BDI,2002,0.560019563701801
BDI,2003,0.564632650634888
BDI,2004,0.565848890848199
BDI,2005,0.568921966879597
BDI,2006,0.575360619689561
BDI,2007,0.567915124258136
BDI,2008,0.56648134489556
BDI,2009,0.566932772156516
BDI,2010,0.565616727549399
BDI,2011,0.573775984057699
BDI,2012,0.57854382033712
BDI,2013,0.564235235584711
BDI,2014,0.555772609627365
BDI,2015,0.55572143240553
BDI,2016,0.560540489048128
BDI,2017,0.560431699753392
BDI,2018,0.557731433070654
BDI,2019,0.557046401640304
BDI,2020,0.556977676883822
BDI,2021,0.555845348816973
BDI,2022,0.554106216917647
BDI,2023,0.553186563369384
BDI,2025,0.5514
BEL,1990,0.3597
BEL,1995,0.357881934958883
BEL,1996,0.356996536159483
BEL,1997,0.356910997002944
BEL,1998,0.356656952815529
BEL,1999,0.356501833625101
BEL,2000,0.356108578912374
BEL,2001,0.356655893504816
BEL,2002,0.354638571739617
BEL,2003,0.355704316168553
BEL,2004,0.351743227187686
BEL,2005,0.350568617650558
BEL,2006,0.350747410035775
BEL,2007,0.352060242878519
BEL,2008,0.353150210178792
BEL,2009,0.351717938522834
BEL,2010,0.353084644440966
BEL,2011,0.346981968907434
BEL,2012,0.345817592860862
BEL,2013,0.345118499876652
BEL,2014,0.343070592126183
BEL,2015,0.343754896121476
BEL,2016,0.340900664323307
BEL,2017,0.341580793339684
BEL,2018,0.34428605662023
BEL,2019,0.335382000287438
BEL,2020,0.334969174860605
BEL,2021,0.332161747237053
BEL,2022,0.333294723985269
BEL,2023,0.334702001024289
BEL,2025,0.3309
BEN,1990,0.5782
BEN,1995,0.576331673465284
BEN,1996,0.579244774901926
BEN,1997,0.577464168932563
BEN,1998,0.575453786558129
BEN,1999,0.574959715598466
BEN,2000,0.574505398211559
BEN,2001,0.579296152455597
BEN,2002,0.580744640246771
BEN,2003,0.575902809887557
BEN,2004,0.574004015599738
BEN,2005,0.577165667200976
BEN,2006,0.578812612041637
BEN,2007,0.576068172538852
BEN,2008,0.583384561126187
BEN,2009,0.579852645933007
BEN,2010,0.586485281723795
BEN,2011,0.583306152806076
BEN,2012,0.580838055670616
BEN,2013,0.579385821359377
BEN,2014,0.581702573212594
BEN,2015,0.576537845770553
BEN,2016,0.585880278601888
BEN,2017,0.583574401058511
BEN,2018,0.584776065066707
BEN,2019,0.57994618108686
BEN,2020,0.574438585217661
BEN,2021,0.577656737259558
BEN,2022,0.570411821017918
BEN,2023,0.5713164455052
BEN,2025,0.5659
BFA,1990,0.5825
BFA,1995,0.5837788788347
BFA,1996,0.585085517633329
BFA,1997,0.583238238741249
BFA,1998,0.586026899564358
BFA,1999,0.588035900271872
BFA,2000,0.585047265561748
BFA,2001,0.579874936714662
BFA,2002,0.579821628870737
BFA,2003,0.581019805080309
BFA,2004,0.571127829649335
BFA,2005,0.570111426138937
BFA,2006,0.566680550711757
BFA,2007,0.566474938617503
BFA,2008,0.564832337812381
BFA,2009,0.562176731406206
BFA,2010,0.558253496184134
BFA,2011,0.554980662662595
BFA,2012,0.552841202678991
BFA,2013,0.547578749950569
BFA,2014,0.540492588634119
BFA,2015,0.543528834021826
BFA,2016,0.53719032146224
BFA,2017,0.524013171811851
BFA,2018,0.520569239227855
BFA,2019,0.51822331957572
BFA,2020,0.521637813046896
BFA,2021,0.520739386451671
BFA,2022,0.522186511718832
BFA,2023,0.520926376262667
BFA,2025,0.5211
BGD,1990,0.5872
BGD,1995,0.576220664142081
BGD,1996,0.574860698843949
BGD,1997,0.580283441140606
BGD,1998,0.570722467727366
BGD,1999,0.568324982370442
BGD,2000,0.565245405781607
BGD,2001,0.567012547134796
BGD,2002,0.563576438147786
BGD,2003,0.563864958069721
BGD,2004,0.56343042850156
BGD,2005,0.560102618247176
BGD,2006,0.554115989577631
BGD,2007,0.563409511108052
BGD,2008,0.557822556460093
BGD,2009,0.556202464707568
BGD,2010,0.554066162157698
BGD,2011,0.553562045951478
BGD,2012,0.544983490051936
BGD,2013,0.544997102461483
BGD,2014,0.548921522578754
BGD,2015,0.538382156514073
BGD,2016,0.534508970977934
BGD,2017,0.529671189784003
BGD,2018,0.528898395231602
BGD,2019,0.529206492636317
BGD,2020,0.528183627327675
BGD,2021,0.557245693286426
BGD,2022,0.568568181856243
BGD,2023,0.568382610178076
BGD,2025,0.5842
BGR,1990,0.3761
BGR,1995,0.374491262941731
BGR,1996,0.373326605884086
BGR,1997,0.372799086947474
BGR,1998,0.3707215004775
BGR,1999,0.368723180387331
BGR,2000,0.372886201327781
BGR,2001,0.37065380260507
BGR,2002,0.369646507837929
BGR,2003,0.366777847032076
BGR,2004,0.364910157970245
BGR,2005,0.361750014883773
BGR,2006,0.361017822559379
BGR,2007,0.362553637901793
BGR,2008,0.363677879761095
BGR,2009,0.363197402627346
BGR,2010,0.358876562959294
BGR,2011,0.354601442101865
BGR,2012,0.350127650977466
BGR,2013,0.350811797981278
BGR,2014,0.349755752693075
BGR,2015,0.351953611637184
BGR,2016,0.353664577431849
BGR,2017,0.356912824265622
BGR,2018,0.334170668507611
BGR,2019,0.334079817248937
BGR,2020,0.334282923649361
BGR,2021,0.330291481287015
BGR,2022,0.353332610935205
BGR,2023,0.354212115609604
BGR,2025,0.3622
BHR,1990,0.4512
BHR,1995,0.44751143302962
BHR,1996,0.449610335384923
BHR,1997,0.448195443902686
BHR,1998,0.446697952123445
BHR,1999,0.444738967140388
BHR,2000,0.443802945138914
BHR,2001,0.444321597870136
BHR,2002,0.443751070390908
BHR,2003,0.440829951565059
BHR,2004,0.437495645260873
BHR,2005,0.436011807379983
BHR,2006,0.434831387489945
BHR,2007,0.432992735970108
BHR,2008,0.434331046289821
BHR,2009,0.434010074839797
BHR,2010,0.434397643486136
BHR,2011,0.435513245732926
BHR,2012,0.436909045903586
BHR,2013,0.437002767160466
BHR,2014,0.43803259565986
BHR,2015,0.438215796403492
BHR,2016,0.437940822139023
BHR,2017,0.438831380556338
BHR,2018,0.439296818195522
BHR,2019,0.437471691039753
BHR,2020,0.436644211159774
BHR,2021,0.43422865730641
BHR,2022,0.435709596485367
BHR,2023,0.435632072422982
BHR,2025,0.4342
BHS,1990,0.4631
BHS,1995,0.463742577056541
BHS,1996,0.463471479443091
BHS,1997,0.462271759413657
BHS,1998,0.463809072836651
BHS,1999,0.465004957619894
BHS,2000,0.464375805878004
BHS,2001,0.463895071574523
BHS,2002,0.464640430330813
BHS,2003,0.463991287983403
BHS,2004,0.463942626565556
BHS,2005,0.461465172350944
BHS,2006,0.461017686364701
BHS,2007,0.461013922382915
BHS,2008,0.458093051138473
BHS,2009,0.45984811540009
BHS,2010,0.458686075248946
BHS,2011,0.456135245110506
BHS,2012,0.454013285608455
BHS,2013,0.452995539369164
BHS,2014,0.452721186822024
BHS,2015,0.455416869422402
BHS,2016,0.45670949549257
BHS,2017,0.457399179817992
BHS,2018,0.45838982493729
BHS,2019,0.4571006065355
BHS,2020,0.458576558149906
BHS,2021,0.459034868793215
BHS,2022,0.458947897959072
BHS,2023,0.458425830822161
BHS,2025,0.4584
BIH,1990,0.4026
BIH,1995,0.39173880864935
BIH,1996,0.388643989429583
BIH,1997,0.382313690882596
BIH,1998,0.380434739010631
BIH,1999,0.379505322590766
BIH,2000,0.380892934886379
BIH,2001,0.373880766490341
BIH,2002,0.371462573612147
BIH,2003,0.368269171455607
BIH,2004,0.366870401300289
BIH,2005,0.36580743952613
BIH,2006,0.363285903575984
BIH,2007,0.362488317651816
BIH,2008,0.36018489062354
BIH,2009,0.360868187139094
BIH,2010,0.358086868777428
BIH,2011,0.35567853724884
BIH,2012,0.351573580399197
BIH,2013,0.350151257937852
BIH,2014,0.348200634410639
BIH,2015,0.350569221456248
BIH,2016,0.346865906193011
BIH,2017,0.347346579802012
BIH,2018,0.343136653112688
BIH,2019,0.344722814219725
BIH,2020,0.34429718398682
BIH,2021,0.34364963224281
BIH,2022,0.3456894680814
BIH,2023,0.346513954253632
BIH,2025,0.3479
BLR,1990,0.3686
BLR,1995,0.371770725689055
BLR,1996,0.370091902416189
BLR,1997,0.37192749546561
BLR,1998,0.370395025669271
BLR,1999,0.370520445560985
BLR,2000,0.374932812960924
BLR,2001,0.371377836848701
BLR,2002,0.3691206660337
BLR,2003,0.366464847174722
BLR,2004,0.363414968942477
BLR,2005,0.360203099936418
BLR,2006,0.359185981918316
BLR,2007,0.357689558810707
BLR,2008,0.358007284311769
BLR,2009,0.354615681738197
BLR,2010,0.3538374515555
BLR,2011,0.35051429581735
BLR,2012,0.351732341066336
BLR,2013,0.352705690992511
BLR,2014,0.354276266280424
BLR,2015,0.355484324473633
BLR,2016,0.347060264971145
BLR,2017,0.345213957656837
BLR,2018,0.340251406474035
BLR,2019,0.330327960380497
BLR,2020,0.330223127056237
BLR,2021,0.328353434106408
BLR,2022,0.322992144645975
BLR,2023,0.323182586394448
BLR,2025,0.3164
BLZ,1990,0.5074
BLZ,1995,0.49424188070785
BLZ,1996,0.494100812606468
BLZ,1997,0.492830263087486
BLZ,1998,0.488255608680331
BLZ,1999,0.487321763402318
BLZ,2000,0.481078869918413
BLZ,2001,0.481986948812207
BLZ,2002,0.465988095995439
BLZ,2003,0.467504434521806
BLZ,2004,0.479494678963815
BLZ,2005,0.474322444090025
BLZ,2006,0.473560193931532
BLZ,2007,0.477154346742442
BLZ,2008,0.473754364586001
BLZ,2009,0.468558993751464
BLZ,2010,0.469604563879054
BLZ,2011,0.465927754312134
BLZ,2012,0.463520018493945
BLZ,2013,0.454016812494056
BLZ,2014,0.469412282747262
BLZ,2015,0.457376178713085
BLZ,2016,0.45344608503568
BLZ,2017,0.453212932973945
BLZ,2018,0.452461522841639
BLZ,2019,0.458243586868228
BLZ,2020,0.459953583453054
BLZ,2021,0.461336580967266
BLZ,2022,0.467712949739228
BLZ,2023,0.467284269569326
BLZ,2025,0.4732
BOL,1990,0.4917
BOL,1995,0.485828533967038
BOL,1996,0.482812360898098
BOL,1997,0.48212631392896
BOL,1998,0.479523711316584
BOL,1999,0.479223661324356
BOL,2000,0.47993735209552
BOL,2001,0.479876268055142
BOL,2002,0.481512908230058
BOL,2003,0.480547965363002
BOL,2004,0.478498158000122
BOL,2005,0.478447654452833
BOL,2006,0.472617660005118
BOL,2007,0.472160722898565
BOL,2008,0.470373176003302
BOL,2009,0.465805273328552
BOL,2010,0.462553410007296
BOL,2011,0.462411886120561
BOL,2012,0.460337288988566
BOL,2013,0.460435132798297
BOL,2014,0.459861982012733
BOL,2015,0.459259432876688
BOL,2016,0.451721589483558
BOL,2017,0.444520992374062
BOL,2018,0.44290055218291
BOL,2019,0.441068548344739
BOL,2020,0.442833207679168
BOL,2021,0.448273468241176
BOL,2022,0.450418330773675
BOL,2023,0.450779731061735
BOL,2025,0.4539
BRA,1990,0.4153
BRA,1995,0.40620858942962
BRA,1996,0.406644681609789
BRA,1997,0.405166625261598
BRA,1998,0.401798030898223
BRA,1999,0.399497104102055
BRA,2000,0.397110242761042
BRA,2001,0.394592128783819
BRA,2002,0.391493908799053
BRA,2003,0.38905754975968
BRA,2004,0.38807771036019
BRA,2005,0.385046386841539
BRA,2006,0.383436145989332
BRA,2007,0.383110250221695
BRA,2008,0.381610232690544
BRA,2009,0.378900114469374
BRA,2010,0.378526828445353
BRA,2011,0.377964649422445
BRA,2012,0.377579515585208
BRA,2013,0.375542486696053
BRA,2014,0.37401153569916
BRA,2015,0.370834532029391
BRA,2016,0.369249005498211
BRA,2017,0.368032029415449
BRA,2018,0.367247171402822
BRA,2019,0.368938813790823
BRA,2020,0.368474971010616
BRA,2021,0.369145797647028
BRA,2022,0.368167155175138
BRA,2023,0.368520164456009
BRA,2025,0.369
BRB,1990,0.3594
BRB,1995,0.356884170638087
BRB,1996,0.356856661946543
BRB,1997,0.357939077770395
BRB,1998,0.357825563558599
BRB,1999,0.356116943360724
BRB,2000,0.354356642071039
BRB,2001,0.355208987431593
BRB,2002,0.369731284496647
BRB,2003,0.367252319596187
BRB,2004,0.356995605168985
BRB,2005,0.359752260581963
BRB,2006,0.360893078414316
BRB,2007,0.365309991208976
BRB,2008,0.36187649670375
BRB,2009,0.376723558518208
BRB,2010,0.376445819468084
BRB,2011,0.368755441743557
BRB,2012,0.358080088992138
BRB,2013,0.357953248169648
BRB,2014,0.362758793848484
BRB,2015,0.365168554447528
BRB,2016,0.366827508449087
BRB,2017,0.362763830448069
BRB,2018,0.371310350436335
BRB,2019,0.372169283391949
BRB,2020,0.372416837395272
BRB,2021,0.374166210923063
BRB,2022,0.370508221585735
BRB,2023,0.370961980033602
BRB,2025,0.3708
BRN,1990,0.429
BRN,1995,0.428414004984376
BRN,1996,0.427793977926785
BRN,1997,0.427289177885634
BRN,1998,0.428373012235901
BRN,1999,0.428286829386615
BRN,2000,0.427858079533164
BRN,2001,0.424635328219521
BRN,2002,0.416030883079804
BRN,2003,0.413675348622017
BRN,2004,0.410942979737752
BRN,2005,0.408086947280071
BRN,2006,0.410730413899653
BRN,2007,0.404879810359357
BRN,2008,0.408010777116585
BRN,2009,0.408275670613117
BRN,2010,0.400418105095865
BRN,2011,0.402053179229122
BRN,2012,0.400868696443916
BRN,2013,0.40594274461172
BRN,2014,0.406826276603249
BRN,2015,0.406091835403274
BRN,2016,0.405472584276106
BRN,2017,0.405002608737038
BRN,2018,0.403219190153943
BRN,2019,0.40364578832979
BRN,2020,0.405449326038726
BRN,2021,0.402644110903005
BRN,2022,0.403435675348404
BRN,2023,0.404039190127774
BRN,2025,0.4044
BTN,1990,0.5392
BTN,1995,0.537460383991081
BTN,1996,0.538228543151254
BTN,1997,0.53787356395453
BTN,1998,0.537322286276197
BTN,1999,0.536408668730812
BTN,2000,0.535679473248458
BTN,2001,0.549187825857815
BTN,2002,0.535644232347643
BTN,2003,0.536927399373553
BTN,2004,0.54358084770841
BTN,2005,0.545380615017862
BTN,2006,0.561580564580023
BTN,2007,0.551072922694812
BTN,2008,0.540926053991856
BTN,2009,0.533670591888565
BTN,2010,0.536860685596942
BTN,2011,0.533670086354995
BTN,2012,0.529653100269972
BTN,2013,0.528826013737663
BTN,2014,0.525057624281755
BTN,2015,0.518767547610108
BTN,2016,0.516640505435284
BTN,2017,0.522192642741511
BTN,2018,0.512582314425749
BTN,2019,0.51125721294616
BTN,2020,0.505300491938609
BTN,2021,0.509519801451198
BTN,2022,0.515497174011401
BTN,2023,0.515028632946176
BTN,2025,0.516
BWA,1990,0.5126
BWA,1995,0.497832289051079
BWA,1996,0.496986475751826
BWA,1997,0.493524452720468
BWA,1998,0.489068533972892
BWA,1999,0.485133594318784
BWA,2000,0.483023181313863
BWA,2001,0.480241081076781
BWA,2002,0.479198408327298
BWA,2003,0.476122448647649
BWA,2004,0.472629791942631
BWA,2005,0.471771062227888
BWA,2006,0.469743757516079
BWA,2007,0.47366876426413
BWA,2008,0.469971363912473
BWA,2009,0.464561551156319
BWA,2010,0.458235942908555
BWA,2011,0.45188402331688
BWA,2012,0.445750059962054
BWA,2013,0.450235850889115
BWA,2014,0.446317172924424
BWA,2015,0.441424298839152
BWA,2016,0.436907186564909
BWA,2017,0.438752651481545
BWA,2018,0.423715601790778
BWA,2019,0.42892865849849
BWA,2020,0.427282592121424
BWA,2021,0.428231328141834
BWA,2022,0.431163348539531
BWA,2023,0.432397932350151
BWA,2025,0.4359
CAF,1990,0.5595
CAF,1995,0.566174271090975
CAF,1996,0.564349620744743
CAF,1997,0.569466392770798
CAF,1998,0.570188083780777
CAF,1999,0.569618312459367
CAF,2000,0.572872453947789
CAF,2001,0.566422651868101
CAF,2002,0.572061203694788
CAF,2003,0.570718725133131
CAF,2004,0.563570761328724
CAF,2005,0.577679893480224
CAF,2006,0.564494551000608
CAF,2007,0.575544733788577
CAF,2008,0.575489567765645
CAF,2009,0.592226530678688
CAF,2010,0.57695999568616
CAF,2011,0.585327602678619
CAF,2012,0.58010398283001
CAF,2013,0.589314809593107
CAF,2014,0.583251482081212
CAF,2015,0.579153936486907
CAF,2016,0.581202394246923
CAF,2017,0.585537470561245
CAF,2018,0.586757400789239
CAF,2019,0.579038747119261
CAF,2020,0.58011051530741
CAF,2021,0.581292458304027
CAF,2022,0.577950909651453
CAF,2023,0.578711096441822
CAF,2025,0.5755
CAN,1990,0.2881
CAN,1995,0.287536079744662
CAN,1996,0.287978990311468
CAN,1997,0.287742296972223
CAN,1998,0.287402388660477
CAN,1999,0.287173235833366
CAN,2000,0.286942440726614
CAN,2001,0.287074314496564
CAN,2002,0.287113872839351
CAN,2003,0.287336642302083
CAN,2004,0.28649449012547
CAN,2005,0.285686920672616
CAN,2006,0.285360085397833
CAN,2007,0.284901076283209
CAN,2008,0.284203289891092
CAN,2009,0.284199541231579
CAN,2010,0.282958787445727
CAN,2011,0.282921264521633
CAN,2012,0.282637109936743
CAN,2013,0.282478761386464
CAN,2014,0.282185221877821
CAN,2015,0.281935186256586
CAN,2016,0.282045932704806
CAN,2017,0.283117921729112
CAN,2018,0.284672258179706
CAN,2019,0.283846146718464
CAN,2020,0.283558443300829
CAN,2021,0.282427890585361
CAN,2022,0.281436971349
CAN,2023,0.281583885412555
CAN,2025,0.2803
CHE,1990,0.2943
CHE,1995,0.293450119997046
CHE,1996,0.294161830954195
CHE,1997,0.29429363417905
CHE,1998,0.294663955990463
CHE,1999,0.29292921866041
CHE,2000,0.292590042632675
CHE,2001,0.292686341147585
CHE,2002,0.292490148691814
CHE,2003,0.291405472241629
CHE,2004,0.291745315659154
CHE,2005,0.292778717484656
CHE,2006,0.291099939619777
CHE,2007,0.286857104770284
CHE,2008,0.287035792871646
CHE,2009,0.28672463498892
CHE,2010,0.285476828781736
CHE,2011,0.285045585409829
CHE,2012,0.284735423715826
CHE,2013,0.283492964314962
CHE,2014,0.282054050778178
CHE,2015,0.282400066569062
CHE,2016,0.282296173158284
CHE,2017,0.258394163070271
CHE,2018,0.256483648587123
CHE,2019,0.256238797287465
CHE,2020,0.255350560803248
CHE,2021,0.252527009439457
CHE,2022,0.251030071399067
CHE,2023,0.251258452297331
CHE,2025,0.2492
CHL,1990,0.3576
CHL,1995,0.359629264796037
CHL,1996,0.360901554513423
CHL,1997,0.360207853970312
CHL,1998,0.361671389296743
CHL,1999,0.362650549889141
CHL,2000,0.361627976961374
CHL,2001,0.3601812898287
CHL,2002,0.359849629015075
CHL,2003,0.359878912476054
CHL,2004,0.358910980447264
CHL,2005,0.356231621276745
CHL,2006,0.354299771524346
CHL,2007,0.355784379993772
CHL,2008,0.354202419680551
CHL,2009,0.352998469617533
CHL,2010,0.352105813465069
CHL,2011,0.35031888842493
CHL,2012,0.345661218232718
CHL,2013,0.344079856760782
CHL,2014,0.337839215434602
CHL,2015,0.337793204522337
CHL,2016,0.339256813077204
CHL,2017,0.339239617375445
CHL,2018,0.333659485202075
CHL,2019,0.332626090125988
CHL,2020,0.333157100552715
CHL,2021,0.333731088512827
CHL,2022,0.332513665146997
CHL,2023,0.332236492332546
CHL,2025,0.3317
CHN,1990,0.4157
CHN,1995,0.406837482872689
CHN,1996,0.403971847158283
CHN,1997,0.401246660265589
CHN,1998,0.399342948579935
CHN,1999,0.398291056536944
CHN,2000,0.397989771928511
CHN,2001,0.396427088516847
CHN,2002,0.395368311670486
CHN,2003,0.409591175530475
CHN,2004,0.407065800123566
CHN,2005,0.406391542814289
CHN,2006,0.403972634708985
CHN,2007,0.401644314705913
CHN,2008,0.399141821448358
CHN,2009,0.396646417978792
CHN,2010,0.393382322777987
CHN,2011,0.391385779696248
CHN,2012,0.390545976672936
CHN,2013,0.38875553483393
CHN,2014,0.387525654471401
CHN,2015,0.386337833427969
CHN,2016,0.386313077048712
CHN,2017,0.38554107240778
CHN,2018,0.384793183173222
CHN,2019,0.3839722303205
CHN,2020,0.383590366160879
CHN,2021,0.382330265337932
CHN,2022,0.381313954458842
CHN,2023,0.381528008944177
CHN,2025,0.3802
CIV,1990,0.4876
CIV,1995,0.494340247460916
CIV,1996,0.492776564775512
CIV,1997,0.493768048409798
CIV,1998,0.49632514199184
CIV,1999,0.500031523069561
CIV,2000,0.501040548253211
CIV,2001,0.50167758538616
CIV,2002,0.501398243759183
CIV,2003,0.501228233569655
CIV,2004,0.497159826415033
CIV,2005,0.494723154331095
CIV,2006,0.496333482264293
CIV,2007,0.503849375190949
CIV,2008,0.503023170295057
CIV,2009,0.499407888261923
CIV,2010,0.493896047868622
CIV,2011,0.496269333874069
CIV,2012,0.498955928379679
CIV,2013,0.487474292228048
CIV,2014,0.491085795720159
CIV,2015,0.488387300716929
CIV,2016,0.490802624963928
CIV,2017,0.486049064554829
CIV,2018,0.484811290200776
CIV,2019,0.48417994156195
CIV,2020,0.485618147370348
CIV,2021,0.487653468277971
CIV,2022,0.490057862221303
CIV,2023,0.489171238041047
CIV,2025,0.4909
CMR,1990,0.4959
CMR,1995,0.496707266776126
CMR,1996,0.494570275398399
CMR,1997,0.495245272086115
CMR,1998,0.494890485708685
CMR,1999,0.496512675244042
CMR,2000,0.49746774108075
CMR,2001,0.493105871810732
CMR,2002,0.494974205624872
CMR,2003,0.492135194127287
CMR,2004,0.491601975902587
CMR,2005,0.492798780234306
CMR,2006,0.491574995640071
CMR,2007,0.49302073464505
CMR,2008,0.495458246044133
CMR,2009,0.494955726065463
CMR,2010,0.49099379249661
CMR,2011,0.496675968226672
CMR,2012,0.487098583620969
CMR,2013,0.488320573876493
CMR,2014,0.488123614231948
CMR,2015,0.485771936778377
CMR,2016,0.484695493403968
CMR,2017,0.48239045726342
CMR,2018,0.485821328226616
CMR,2019,0.484616507811948
CMR,2020,0.482893094688844
CMR,2021,0.488229140667947
CMR,2022,0.486085791085315
CMR,2023,0.4856038789901
CMR,2025,0.4855
COD,1990,0.5595
COD,1995,0.565757004554937
COD,1996,0.56726702588675
COD,1997,0.568782253869696
COD,1998,0.569968280974765
COD,1999,0.571001261985403
COD,2000,0.572045107618978
COD,2001,0.563843430444646
COD,2002,0.563332301060337
COD,2003,0.566113669927922
COD,2004,0.56326051188842
COD,2005,0.564748968644645
COD,2006,0.563130259912171
COD,2007,0.564052980348983
COD,2008,0.570857873360908
COD,2009,0.570016372673331
COD,2010,0.567977555361864
COD,2011,0.568998243476926
COD,2012,0.569376585187922
COD,2013,0.570104953896356
COD,2014,0.570603725112277
COD,2015,0.568621917997523
COD,2016,0.568130450358105
COD,2017,0.565903792550132
COD,2018,0.562798309699943
COD,2019,0.562656623351878
COD,2020,0.563297689856726
COD,2021,0.564406281611248
COD,2022,0.562623244007693
COD,2023,0.560868774413191
COD,2025,0.5601
COG,1990,0.5582
COG,1995,0.552828896142527
COG,1996,0.551617358215245
COG,1997,0.551028659168472
COG,1998,0.549734218903493
COG,1999,0.548547469644689
COG,2000,0.547426957222818
COG,2001,0.54323800810162
COG,2002,0.545933806438256
COG,2003,0.544321656746692
COG,2004,0.55330485979477
COG,2005,0.551134051559731
COG,2006,0.543244507228903
COG,2007,0.542164443975668
COG,2008,0.533247215424935
COG,2009,0.538700330565044
COG,2010,0.527115598300675
COG,2011,0.53419484052225
COG,2012,0.540807147400171
COG,2013,0.53245220426557
COG,2014,0.527101709186525
COG,2015,0.523258973568623
COG,2016,0.503446513460856
COG,2017,0.51109311105714
COG,2018,0.51084354686411
COG,2019,0.516352216537003
COG,2020,0.522585888004617
COG,2021,0.517785933180875
COG,2022,0.522899732782953
COG,2023,0.522447247654126
COG,2025,0.5271
COL,1990,0.4442
COL,1995,0.442842596681406
COL,1996,0.443129226438355
COL,1997,0.442281211966642
COL,1998,0.441901388461666
COL,1999,0.442315078871435
COL,2000,0.441502442208421
COL,2001,0.43911068517221
COL,2002,0.43981384123483
COL,2003,0.439055646188743
COL,2004,0.43681737006347
COL,2005,0.434064639774885
COL,2006,0.433381888120229
COL,2007,0.432417138728131
COL,2008,0.428543039873334
COL,2009,0.425671158887295
COL,2010,0.423508985756961
COL,2011,0.421407374163063
COL,2012,0.419558259164838
COL,2013,0.419633020247932
COL,2014,0.419625583196584
COL,2015,0.418212504302865
COL,2016,0.419760537508253
COL,2017,0.418251585088095
COL,2018,0.416909240913085
COL,2019,0.406086197469698
COL,2020,0.406469207944245
COL,2021,0.405245079808042
COL,2022,0.404659524763037
COL,2023,0.405387730559821
COL,2025,0.4008
COM,1990,0.5567
COM,1995,0.554275193298948
COM,1996,0.551674101828756
COM,1997,0.553394534700942
COM,1998,0.552234636507106
COM,1999,0.539070383238321
COM,2000,0.551818379348279
COM,2001,0.549510714172243
COM,2002,0.546450224238557
COM,2003,0.549340812045842
COM,2004,0.551020088469342
COM,2005,0.54017428692085
COM,2006,0.530642782569045
COM,2007,0.521698474470598
COM,2008,0.534115203339627
COM,2009,0.52916842455248
COM,2010,0.529671261281742
COM,2011,0.538135898444988
COM,2012,0.537610143339975
COM,2013,0.534502061518601
COM,2014,0.538197220685965
COM,2015,0.524286160772053
COM,2016,0.526297371464751
COM,2017,0.526558916744108
COM,2018,0.524422172197416
COM,2019,0.533642172827941
COM,2020,0.526176290338831
COM,2021,0.535308039212519
COM,2022,0.541243954148802
COM,2023,0.541041421544341
COM,2025,0.5477
CPV,1990,0.4353
CPV,1995,0.43445696224619
CPV,1996,0.434383088439008
CPV,1997,0.434064422626833
CPV,1998,0.433418786373403
CPV,1999,0.431426187765429
CPV,2000,0.433624939988604
CPV,2001,0.433662440627973
CPV,2002,0.432169288524118
CPV,2003,0.428243170121325
CPV,2004,0.429509581503168
CPV,2005,0.43086624987396
CPV,2006,0.43443497665522
CPV,2007,0.42661670143738
CPV,2008,0.427952147941564
CPV,2009,0.423688902633523
CPV,2010,0.423043214012607
CPV,2011,0.419562413325763
CPV,2012,0.432133920446295
CPV,2013,0.436539514929418
CPV,2014,0.433160579856254
CPV,2015,0.419215515468014
CPV,2016,0.419795101962444
CPV,2017,0.423352194359674
CPV,2018,0.425442579510421
CPV,2019,0.418785405625635
CPV,2020,0.426105779833532
CPV,2021,0.416600076835399
CPV,2022,0.421095793925841
CPV,2023,0.420444996081811
CPV,2025,0.4184
CRI,1990,0.4588
CRI,1995,0.438843647782135
CRI,1996,0.43500443560785
CRI,1997,0.428869596841597
CRI,1998,0.424329896999539
CRI,1999,0.421858448176645
CRI,2000,0.418867809967836
CRI,2001,0.419389071824185
CRI,2002,0.416955048052734
CRI,2003,0.414079457627427
CRI,2004,0.410282278960462
CRI,2005,0.408830338100747
CRI,2006,0.407220569463191
CRI,2007,0.407681699086654
CRI,2008,0.407117692499844
CRI,2009,0.407894698227657
CRI,2010,0.388278190614311
CRI,2011,0.387322141849888
CRI,2012,0.38627763628463
CRI,2013,0.38599546965765
CRI,2014,0.385472598247927
CRI,2015,0.383416272700676
CRI,2016,0.383451806917013
CRI,2017,0.38337589719052
CRI,2018,0.381847074181903
CRI,2019,0.38113506063617
CRI,2020,0.377877502488867
CRI,2021,0.37827616122363
CRI,2022,0.375485626502588
CRI,2023,0.376483069017729
CRI,2025,0.3743
CUB,1990,0.439
CUB,1995,0.43577551243867
CUB,1996,0.435270668920654
CUB,1997,0.438129875920704
CUB,1998,0.437950227664193
CUB,1999,0.435903175326605
CUB,2000,0.432547301916156
CUB,2001,0.432431620589415
CUB,2002,0.432853715841677
CUB,2003,0.434521868288507
CUB,2004,0.434742417506601
CUB,2005,0.436246691680239
CUB,2006,0.432248627025413
CUB,2007,0.430905928126146
CUB,2008,0.432908169023601
CUB,2009,0.43548024765151
CUB,2010,0.43571176425198
CUB,2011,0.434590100383407
CUB,2012,0.432430032204489
CUB,2013,0.436247411545194
CUB,2014,0.435956198054048
CUB,2015,0.434878207476957
CUB,2016,0.43540508091958
CUB,2017,0.435603977044368
CUB,2018,0.434878305428986
CUB,2019,0.436866498834189
CUB,2020,0.438093582398573
CUB,2021,0.439288876763571
CUB,2022,0.440472035234884
CUB,2023,0.440582257844168
CUB,2025,0.4429
CYP,1990,0.3638
CYP,1995,0.364255382838896
CYP,1996,0.365174419875408
CYP,1997,0.368796846864837
CYP,1998,0.364335649529612
CYP,1999,0.36299653070473
CYP,2000,0.364758259087173
CYP,2001,0.362333612065197
CYP,2002,0.359639651667387
CYP,2003,0.359822052516182
CYP,2004,0.360412129220688
CYP,2005,0.362226468043202
CYP,2006,0.359803458334974
CYP,2007,0.361988937750788
CYP,2008,0.360948547895392
CYP,2009,0.35898076069547
CYP,2010,0.358438544800189
CYP,2011,0.357214159155394
CYP,2012,0.356690387995385
CYP,2013,0.358753712587886
CYP,2014,0.358045179273661
CYP,2015,0.357181523540881
CYP,2016,0.35314027746594
CYP,2017,0.35422872956012
CYP,2018,0.354691649363559
CYP,2019,0.355346793614322
CYP,2020,0.355975378021274
CYP,2021,0.358072970017657
CYP,2022,0.358874739587076
CYP,2023,0.358536409234039
CYP,2025,0.3601
CZE,1990,0.2716
CZE,1995,0.266694197768563
CZE,1996,0.267296454302287
CZE,1997,0.266086988009648
CZE,1998,0.264770789145739
CZE,1999,0.263929205109262
CZE,2000,0.26175070194586
CZE,2001,0.261240578099552
CZE,2002,0.260038783634617
CZE,2003,0.25951881439065
CZE,2004,0.258866636696629
CZE,2005,0.259353966895138
CZE,2006,0.259001722967791
CZE,2007,0.258143652045168
CZE,2008,0.258904674507893
CZE,2009,0.258889017588574
CZE,2010,0.256749565862451
CZE,2011,0.259054460534571
CZE,2012,0.259461054786135
CZE,2013,0.259269313459123
CZE,2014,0.259332548695119
CZE,2015,0.259651279330916
CZE,2016,0.258970224148806
CZE,2017,0.259238382898872
CZE,2018,0.258914244528229
CZE,2019,0.261474647531148
CZE,2020,0.261930386054076
CZE,2021,0.263210322604168
CZE,2022,0.263776612923801
CZE,2023,0.263808553766165
CZE,2025,0.2658
DEU,1990,0.3107
DEU,1995,0.309806792485817
DEU,1996,0.31041476296984
DEU,1997,0.311007294047598
DEU,1998,0.310489995001269
DEU,1999,0.310111403266935
DEU,2000,0.308919533291454
DEU,2001,0.309768652265289
DEU,2002,0.309474722208424
DEU,2003,0.308723565213352
DEU,2004,0.308242864524596
DEU,2005,0.307765033328912
DEU,2006,0.307253801209817
DEU,2007,0.304534980217415
DEU,2008,0.305939254919152
DEU,2009,0.306769428075324
DEU,2010,0.302628007432016
DEU,2011,0.303222802759139
DEU,2012,0.302375939245874
DEU,2013,0.301418592001533
DEU,2014,0.301651048791294
DEU,2015,0.301074730761147
DEU,2016,0.299710708297431
DEU,2017,0.300362551691015
DEU,2018,0.300053060063851
DEU,2019,0.300726822629741
DEU,2020,0.299449544528448
DEU,2021,0.299430638931335
DEU,2022,0.301358152542534
DEU,2023,0.301488835582132
DEU,2025,0.3021
DJI,1990,0.5093
DJI,1995,0.50493581610652
DJI,1996,0.50496916499431
DJI,1997,0.503728352262154
DJI,1998,0.502073615541735
DJI,1999,0.501278753565498
DJI,2000,0.50058906780435
DJI,2001,0.4980898821516
DJI,2002,0.513466575509987
DJI,2003,0.52063558413146
DJI,2004,0.507315617197752
DJI,2005,0.516171064431481
DJI,2006,0.515276798434845
DJI,2007,0.51286342411782
DJI,2008,0.50310010596636
DJI,2009,0.500615518589469
DJI,2010,0.495513225698765
DJI,2011,0.490639647652111
DJI,2012,0.505592502560806
DJI,2013,0.49948712925667
DJI,2014,0.501086650163686
DJI,2015,0.512593226854256
DJI,2016,0.507026326982836
DJI,2017,0.50213025548685
DJI,2018,0.488783056847773
DJI,2019,0.486542535983138
DJI,2020,0.492387514604481
DJI,2021,0.50792242645261
DJI,2022,0.500601385408294
DJI,2023,0.501747234319754
DJI,2025,0.5069
DMA,1990,0.478
DMA,1995,0.474395599738554
DMA,1996,0.477329718334103
DMA,1997,0.474140724539121
DMA,1998,0.472193458321611
DMA,1999,0.471723666628826
DMA,2000,0.470741404132192
DMA,2001,0.461414380028683
DMA,2002,0.4731218011455
DMA,2003,0.464296061453304
DMA,2004,0.459824914361334
DMA,2005,0.45086017639807
DMA,2006,0.451891238234855
DMA,2007,0.445830918549835
DMA,2008,0.446891690675183
DMA,2009,0.447998233668689
DMA,2010,0.444376847680874
DMA,2011,0.444892898893248
DMA,2012,0.446590827270778
DMA,2013,0.440850107199613
DMA,2014,0.440692695094985
DMA,2015,0.436976365239508
DMA,2016,0.438117493903053
DMA,2017,0.437378895814042
DMA,2018,0.434239174848604
DMA,2019,0.43156686511295
DMA,2020,0.452245989126417
DMA,2021,0.459502381150573
DMA,2022,0.439784193960935
DMA,2023,0.439077888052177
DMA,2025,0.441
DNK,1990,0.3542
DNK,1995,0.34470972760039
DNK,1996,0.342227802358717
DNK,1997,0.340119852430101
DNK,1998,0.337450886819091
DNK,1999,0.335728037370027
DNK,2000,0.335243582137661
DNK,2001,0.33511926876767
DNK,2002,0.334995497688572
DNK,2003,0.33527785161041
DNK,2004,0.33474061239909
DNK,2005,0.334263016848643
DNK,2006,0.333902433088021
DNK,2007,0.333833987080639
DNK,2008,0.333427905240197
DNK,2009,0.333985558590093
DNK,2010,0.333005372344239
DNK,2011,0.332402166204812
DNK,2012,0.33085988397208
DNK,2013,0.339468571405337
DNK,2014,0.342695454598012
DNK,2015,0.341755704355774
DNK,2016,0.34206134932845
DNK,2017,0.340104009039134
DNK,2018,0.343344658223717
DNK,2019,0.34787146155068
DNK,2020,0.348777851375636
DNK,2021,0.344978014183676
DNK,2022,0.348060865858898
DNK,2023,0.347435104310872
DNK,2025,0.3491
DOM,1990,0.4463
DOM,1995,0.440610127732544
DOM,1996,0.439954652878225
DOM,1997,0.438250316080492
DOM,1998,0.437534954587582
DOM,1999,0.4345154810225
DOM,2000,0.434900222419109
DOM,2001,0.434836410162695
DOM,2002,0.439928893662317
DOM,2003,0.442464037802467
DOM,2004,0.435898259248532
DOM,2005,0.434757148463165
DOM,2006,0.433386586372678
DOM,2007,0.430427041420514
DOM,2008,0.431285727103736
DOM,2009,0.43087615215908
DOM,2010,0.429186599831763
DOM,2011,0.428631041672784
DOM,2012,0.428850094057527
DOM,2013,0.427265462612673
DOM,2014,0.432724525906272
DOM,2015,0.435220441866758
DOM,2016,0.427759656076643
DOM,2017,0.425903278188175
DOM,2018,0.426134364157295
DOM,2019,0.427045463588311
DOM,2020,0.427067381439144
DOM,2021,0.428546515332269
DOM,2022,0.434629848674873
DOM,2023,0.432859946020172
DOM,2025,0.4356
DZA,1990,0.4079
DZA,1995,0.398322762929166
DZA,1996,0.397331874791331
DZA,1997,0.396046212043956
DZA,1998,0.392967012859034
DZA,1999,0.39027436809514
DZA,2000,0.388763263820111
DZA,2001,0.390600082355313
DZA,2002,0.393110846219097
DZA,2003,0.389523497262013
DZA,2004,0.386709023202543
DZA,2005,0.383821075398653
DZA,2006,0.38122678303087
DZA,2007,0.381227596859064
DZA,2008,0.381097658283576
DZA,2009,0.378267993033492
DZA,2010,0.376966997977975
DZA,2011,0.379552524731042
DZA,2012,0.378386203303321
DZA,2013,0.376748958916696
DZA,2014,0.375612271911973
DZA,2015,0.37601512165201
DZA,2016,0.376073267595752
DZA,2017,0.377986572045652
DZA,2018,0.379167030575157
DZA,2019,0.381465377316674
DZA,2020,0.358462514119565
DZA,2021,0.369851629849208
DZA,2022,0.367360744349921
DZA,2023,0.367352335364758
DZA,2025,0.3626
ECU,1990,0.4738
ECU,1995,0.482133923799124
ECU,1996,0.486082565147046
ECU,1997,0.485644343478346
ECU,1998,0.490042417489387
ECU,1999,0.491291170712616
ECU,2000,0.490482454593588
ECU,2001,0.488999565452978
ECU,2002,0.490660891717716
ECU,2003,0.484069242876965
ECU,2004,0.481004261970647
ECU,2005,0.477308008443338
ECU,2006,0.478297360551906
ECU,2007,0.476012190357661
ECU,2008,0.474115623391891
ECU,2009,0.476271473642569
ECU,2010,0.47261194028612
ECU,2011,0.470275555716191
ECU,2012,0.47112758305379
ECU,2013,0.473036922591737
ECU,2014,0.466672080094912
ECU,2015,0.468559399695888
ECU,2016,0.466223289548431
ECU,2017,0.453879578819271
ECU,2018,0.451015086869663
ECU,2019,0.449121500585503
ECU,2020,0.462381541463569
ECU,2021,0.461592686353266
ECU,2022,0.46103781958309
ECU,2023,0.461330351743818
ECU,2025,0.4655
EGY,1990,0.4503
EGY,1995,0.44764316836283
EGY,1996,0.448956791008968
EGY,1997,0.449190641767901
EGY,1998,0.445369373261129
EGY,1999,0.44558279517459
EGY,2000,0.444984007290404
EGY,2001,0.44434397853932
EGY,2002,0.444249308364464
EGY,2003,0.442988417591103
EGY,2004,0.441531729897003
EGY,2005,0.438388408682385
EGY,2006,0.43199427230831
EGY,2007,0.43374748468374
EGY,2008,0.431475085545451
EGY,2009,0.430744837248055
EGY,2010,0.427460787615675
EGY,2011,0.425192036870079
EGY,2012,0.420545052198017
EGY,2013,0.419564009384082
EGY,2014,0.425125032846219
EGY,2015,0.424020732467022
EGY,2016,0.427511759770589
EGY,2017,0.420382511803838
EGY,2018,0.41547963900528
EGY,2019,0.413015965037869
EGY,2020,0.411607510671201
EGY,2021,0.412082767114794
EGY,2022,0.411764753924913
EGY,2023,0.411320703435466
EGY,2025,0.4097
ERI,1990,0.5974
ERI,1995,0.587286669147351
ERI,1996,0.58537150424571
ERI,1997,0.580829256672642
ERI,1998,0.579011954758
ERI,1999,0.578522101768034
ERI,2000,0.577211483242948
ERI,2001,0.591667031781851
ERI,2002,0.600159344082387
ERI,2003,0.620638628573254
ERI,2004,0.621173890136381
ERI,2005,0.619551476607574
ERI,2006,0.61650573533531
ERI,2007,0.616564960938445
ERI,2008,0.614660461537983
ERI,2009,0.616714348812775
ERI,2010,0.617286039424881
ERI,2011,0.614743103891453
ERI,2012,0.606792901446034
ERI,2013,0.61112227556161
ERI,2014,0.610426537683583
ERI,2015,0.607435259590638
ERI,2016,0.592881562063203
ERI,2017,0.603596432297797
ERI,2018,0.60671983291
ERI,2019,0.605809889497287
ERI,2020,0.604363093163935
ERI,2021,0.601449901648536
ERI,2022,0.592333270612777
ERI,2023,0.591529924417422
ERI,2025,0.5855
ESP,1990,0.3114
ESP,1995,0.311233792250304
ESP,1996,0.312123571445512
ESP,1997,0.311418155370057
ESP,1998,0.312049786528836
ESP,1999,0.311588166136393
ESP,2000,0.311064741549636
ESP,2001,0.310224265560207
ESP,2002,0.311545940591964
ESP,2003,0.30917986477077
ESP,2004,0.309532228768276
ESP,2005,0.312232662684727
ESP,2006,0.311238051339866
ESP,2007,0.310486083727219
ESP,2008,0.312808044993389
ESP,2009,0.313344025439951
ESP,2010,0.309638243347369
ESP,2011,0.308652160901424
ESP,2012,0.307273897053522
ESP,2013,0.30414123591579
ESP,2014,0.303541605474944
ESP,2015,0.304096108979646
ESP,2016,0.304466877078963
ESP,2017,0.303894974446852
ESP,2018,0.302901505308998
ESP,2019,0.303271389379362
ESP,2020,0.299874207624524
ESP,2021,0.300303353237357
ESP,2022,0.305986828943871
ESP,2023,0.304735938404402
ESP,2025,0.3055
EST,1990,0.3343
EST,1995,0.340788309564188
EST,1996,0.340947318472253
EST,1997,0.342156965048751
EST,1998,0.352307535829578
EST,1999,0.349078927074388
EST,2000,0.347257383382955
EST,2001,0.347426774039389
EST,2002,0.345539335243628
EST,2003,0.344821252893314
EST,2004,0.344891426656766
EST,2005,0.343091662561354
EST,2006,0.342127876264752
EST,2007,0.340427489205436
EST,2008,0.343119107337757
EST,2009,0.346361882666491
EST,2010,0.34436299408464
EST,2011,0.341799206047643
EST,2012,0.342144707690559
EST,2013,0.339648632213645
EST,2014,0.336699183498064
EST,2015,0.337256994003795
EST,2016,0.337365123766835
EST,2017,0.336783287963729
EST,2018,0.335728235951526
EST,2019,0.334983345561968
EST,2020,0.335782799608274
EST,2021,0.334520464005268
EST,2022,0.334474271793817
EST,2023,0.33437359477242
EST,2025,0.3338
ETH,1990,0.5992
ETH,1995,0.596229322395663
ETH,1996,0.593843597541271
ETH,1997,0.591190454823113
ETH,1998,0.593507673043303
ETH,1999,0.595258869370337
ETH,2000,0.59325196143279
ETH,2001,0.596229714806851
ETH,2002,0.58794159034694
ETH,2003,0.592588037004764
ETH,2004,0.596920471780147
ETH,2005,0.590113557563335
ETH,2006,0.593593160507328
ETH,2007,0.590821932522324
ETH,2008,0.592154439065115
ETH,2009,0.5882187644841
ETH,2010,0.586496086774501
ETH,2011,0.586098294237244
ETH,2012,0.577326545415733
ETH,2013,0.567243401531577
ETH,2014,0.56656019192901
ETH,2015,0.555944759818075
ETH,2016,0.550349978525202
ETH,2017,0.55169499760372
ETH,2018,0.54253096790372
ETH,2019,0.530498131316866
ETH,2020,0.530899900582751
ETH,2021,0.532611288961892
ETH,2022,0.527037457539315
ETH,2023,0.522363326258994
ETH,2025,0.5143
FIN,1990,0.2981
FIN,1995,0.291435849947822
FIN,1996,0.29032688720164
FIN,1997,0.289305275613098
FIN,1998,0.286322106258782
FIN,1999,0.283748746411008
FIN,2000,0.284770578669513
FIN,2001,0.282711983245958
FIN,2002,0.280112394576259
FIN,2003,0.280444053970029
FIN,2004,0.286962029283842
FIN,2005,0.285166580164629
FIN,2006,0.283659981680114
FIN,2007,0.283147032076012
FIN,2008,0.282382581184128
FIN,2009,0.281736930213618
FIN,2010,0.282775596196683
FIN,2011,0.284787797120329
FIN,2012,0.282654279896015
FIN,2013,0.286777076167595
FIN,2014,0.288987169794264
FIN,2015,0.287221436761699
FIN,2016,0.284931894759472
FIN,2017,0.28447535430661
FIN,2018,0.28449871078289
FIN,2019,0.284531791581487
FIN,2020,0.283522843609008
FIN,2021,0.281034425922063
FIN,2022,0.282452526461527
FIN,2023,0.280200400598793
FIN,2025,0.2785
FJI,1990,0.5263
FJI,1995,0.527813985139779
FJI,1996,0.528861892958636
FJI,1997,0.527857473517792
FJI,1998,0.528438490767074
FJI,1999,0.528923092496943
FJI,2000,0.529313322550664
FJI,2001,0.529426483020527
FJI,2002,0.524630875772668
FJI,2003,0.518972918900501
FJI,2004,0.520818960998191
FJI,2005,0.511243319926776
FJI,2006,0.506323800227814
FJI,2007,0.502969954440677
FJI,2008,0.505940423825646
FJI,2009,0.509762528326394
FJI,2010,0.503102200870021
FJI,2011,0.500810906699799
FJI,2012,0.500670556544971
FJI,2013,0.496411850608583
FJI,2014,0.496055061587477
FJI,2015,0.492995354254242
FJI,2016,0.493082342167864
FJI,2017,0.489497466693817
FJI,2018,0.493014818508242
FJI,2019,0.451498407858179
FJI,2020,0.450033303144246
FJI,2021,0.452949667808735
FJI,2022,0.452260764313332
FJI,2023,0.453172352239003
FJI,2025,0.4372
FRA,1990,0.3102
FRA,1995,0.309070305843987
FRA,1996,0.308035994361455
FRA,1997,0.30749756550325
FRA,1998,0.307999539664298
FRA,1999,0.307469490344921
FRA,2000,0.30798866533817
FRA,2001,0.307296718898583
FRA,2002,0.308374832674918
FRA,2003,0.30861258819549
FRA,2004,0.308031898074153
FRA,2005,0.307594723249661
FRA,2006,0.307428773828465
FRA,2007,0.30664187777273
FRA,2008,0.305896262587723
FRA,2009,0.306673266150096
FRA,2010,0.30505265421119
FRA,2011,0.305345184507752
FRA,2012,0.30466001777237
FRA,2013,0.304543967682562
FRA,2014,0.303244860594214
FRA,2015,0.303791829266957
FRA,2016,0.302903776042362
FRA,2017,0.302696238237504
FRA,2018,0.301001116953221
FRA,2019,0.30329510576886
FRA,2020,0.30235527872919
FRA,2021,0.302884938058303
FRA,2022,0.305648385396293
FRA,2023,0.304166282673451
FRA,2025,0.3054
FSM,1990,0.6587
FSM,1995,0.654539777214139
FSM,1996,0.653652412046463
FSM,1997,0.652917634490166
FSM,1998,0.6521108945749
FSM,1999,0.651353363470909
FSM,2000,0.650416674169183
FSM,2001,0.648303139461036
FSM,2002,0.646712531829976
FSM,2003,0.649200059222521
FSM,2004,0.646732165208621
FSM,2005,0.644602381695355
FSM,2006,0.642834984233169
FSM,2007,0.638822760595894
FSM,2008,0.638329763022442
FSM,2009,0.635231910857438
FSM,2010,0.63213970266469
FSM,2011,0.629285175184617
FSM,2012,0.627637208590631
FSM,2013,0.625039674312473
FSM,2014,0.625082330746741
FSM,2015,0.623703472486274
FSM,2016,0.622486180013054
FSM,2017,0.622968212185779
FSM,2018,0.611829912254883
FSM,2019,0.611914390220737
FSM,2020,0.614878872023787
FSM,2021,0.623167499805821
FSM,2022,0.62217166456691
FSM,2023,0.62118925547334
FSM,2025,0.6249
GAB,1990,0.4617
GAB,1995,0.458436304591431
GAB,1996,0.457485582580148
GAB,1997,0.456418443949015
GAB,1998,0.45451101369672
GAB,1999,0.455922954552358
GAB,2000,0.455186413769192
GAB,2001,0.451914709614501
GAB,2002,0.449606025509385
GAB,2003,0.447865137735404
GAB,2004,0.450329584912781
GAB,2005,0.448453374637991
GAB,2006,0.444889655034353
GAB,2007,0.444800339134989
GAB,2008,0.443680576386692
GAB,2009,0.44232905808496
GAB,2010,0.438608489824362
GAB,2011,0.439778326841457
GAB,2012,0.43425930344399
GAB,2013,0.434427757866055
GAB,2014,0.432016895203815
GAB,2015,0.432385877051942
GAB,2016,0.435587623575541
GAB,2017,0.435930868054193
GAB,2018,0.436592504599892
GAB,2019,0.435159642298578
GAB,2020,0.447515955929616
GAB,2021,0.43941679086644
GAB,2022,0.436387799733926
GAB,2023,0.436301650721289
GAB,2025,0.4362
GBR,1990,0.2742
GBR,1995,0.272974836478802
GBR,1996,0.272567975027688
GBR,1997,0.272376885281025
GBR,1998,0.272986261171331
GBR,1999,0.272048743747289
GBR,2000,0.271753689689661
GBR,2001,0.271271036206024
GBR,2002,0.271644836534336
GBR,2003,0.271393599468273
GBR,2004,0.272420569426845
GBR,2005,0.274699996375347
GBR,2006,0.27902846642663
GBR,2007,0.278404230213746
GBR,2008,0.280337051181397
GBR,2009,0.281620555851843
GBR,2010,0.282892225941665
GBR,2011,0.285519476225044
GBR,2012,0.28738986212319
GBR,2013,0.28847439888681
GBR,2014,0.287198223876755
GBR,2015,0.284203905039491
GBR,2016,0.283684943619648
GBR,2017,0.284621922976113
GBR,2018,0.284921547152556
GBR,2019,0.284539620851581
GBR,2020,0.283795312688125
GBR,2021,0.286782737235263
GBR,2022,0.286268518124493
GBR,2023,0.288055598949617
GBR,2025,0.2893
GEO,1990,0.4447
GEO,1995,0.431288923036761
GEO,1996,0.428942192874055
GEO,1997,0.426739546149642
GEO,1998,0.418745841421766
GEO,1999,0.418408139357756
GEO,2000,0.417870366374973
GEO,2001,0.415332799331438
GEO,2002,0.414399722957902
GEO,2003,0.412945711617328
GEO,2004,0.41140871721014
GEO,2005,0.409816699784714
GEO,2006,0.410555977652837
GEO,2007,0.414451714838913
GEO,2008,0.420901636856556
GEO,2009,0.418786432359163
GEO,2010,0.415520691675478
GEO,2011,0.415843007312644
GEO,2012,0.414837877858689
GEO,2013,0.414950394886218
GEO,2014,0.416127466652967
GEO,2015,0.421280679403647
GEO,2016,0.422025482639425
GEO,2017,0.394425791391557
GEO,2018,0.392157613739675
GEO,2019,0.417783692486899
GEO,2020,0.394872811578432
GEO,2021,0.39364148904193
GEO,2022,0.394724855298122
GEO,2023,0.394291545473852
GEO,2025,0.3951
GHA,1990,0.4942
GHA,1995,0.50460940777798
GHA,1996,0.506663485275823
GHA,1997,0.506878132202
GHA,1998,0.512104012824861
GHA,1999,0.514318890619235
GHA,2000,0.515009016217601
GHA,2001,0.523203528973889
GHA,2002,0.533147924730423
GHA,2003,0.521935007679203
GHA,2004,0.525316541275794
GHA,2005,0.517937826980959
GHA,2006,0.510515337576322
GHA,2007,0.508290460567792
GHA,2008,0.505863957341432
GHA,2009,0.505778779909007
GHA,2010,0.500951492895791
GHA,2011,0.487713768033296
GHA,2012,0.486051497567497
GHA,2013,0.484265223036429
GHA,2014,0.478023191000721
GHA,2015,0.484880125500708
GHA,2016,0.47363775935942
GHA,2017,0.4748216520246
GHA,2018,0.466358746050564
GHA,2019,0.450288508203555
GHA,2020,0.450118941605553
GHA,2021,0.448334764572771
GHA,2022,0.449625540076666
GHA,2023,0.44767713779848
GHA,2025,0.4402
GIN,1990,0.5482
GIN,1995,0.548816349151806
GIN,1996,0.545591729659248
GIN,1997,0.547411598490428
GIN,1998,0.549461226346794
GIN,1999,0.551340935516634
GIN,2000,0.549390303114276
GIN,2001,0.552891855822548
GIN,2002,0.551165350981368
GIN,2003,0.547834328243251
GIN,2004,0.541368060058848
GIN,2005,0.535627516525923
GIN,2006,0.536483400577946
GIN,2007,0.527653876716516
GIN,2008,0.526612955772408
GIN,2009,0.528170528822501
GIN,2010,0.529022512406963
GIN,2011,0.538076091647738
GIN,2012,0.533418559701764
GIN,2013,0.535697293417349
GIN,2014,0.531696665023305
GIN,2015,0.53729209085648
GIN,2016,0.544141988954736
GIN,2017,0.523162813597985
GIN,2018,0.527054100979047
GIN,2019,0.524382901178135
GIN,2020,0.523691331178741
GIN,2021,0.534581540869765
GIN,2022,0.529396372232681
GIN,2023,0.529128867699774
GIN,2025,0.53
GMB,1990,0.5627
GMB,1995,0.559390564603626
GMB,1996,0.560074973268252
GMB,1997,0.560229298173718
GMB,1998,0.561805654251503
GMB,1999,0.559218798243413
GMB,2000,0.556102860129279
GMB,2001,0.56118060568828
GMB,2002,0.558772865238368
GMB,2003,0.560466417090479
GMB,2004,0.55865122099747
GMB,2005,0.557459540874567
GMB,2006,0.549889646612934
GMB,2007,0.548467494938278
GMB,2008,0.549055838095719
GMB,2009,0.550579222858911
GMB,2010,0.551765235483507
GMB,2011,0.545239933308792
GMB,2012,0.544942551657768
GMB,2013,0.54699265510213
GMB,2014,0.542855432952421
GMB,2015,0.540534437775384
GMB,2016,0.537769209625804
GMB,2017,0.536019045259707
GMB,2018,0.535273591099993
GMB,2019,0.52756381497206
GMB,2020,0.502406628923352
GMB,2021,0.526416116420452
GMB,2022,0.529306251674403
GMB,2023,0.523533496440462
GMB,2025,0.5188
GNB,1990,0.6549
GNB,1995,0.652598868272002
GNB,1996,0.654265823712488
GNB,1997,0.654026779554571
GNB,1998,0.65380647392186
GNB,1999,0.652116237245019
GNB,2000,0.650280744204263
GNB,2001,0.654602602613388
GNB,2002,0.65569237666488
GNB,2003,0.649343733460495
GNB,2004,0.637810869982543
GNB,2005,0.646145532378549
GNB,2006,0.644346965332335
GNB,2007,0.642051649210096
GNB,2008,0.641943482567693
GNB,2009,0.643354131884168
GNB,2010,0.644852314748957
GNB,2011,0.639149990234534
GNB,2012,0.631102511411452
GNB,2013,0.626379514934783
GNB,2014,0.632250316540626
GNB,2015,0.630996398204367
GNB,2016,0.633352395720118
GNB,2017,0.627156256598803
GNB,2018,0.626702006835311
GNB,2019,0.622076076096782
GNB,2020,0.626876920781622
GNB,2021,0.620322540841358
GNB,2022,0.6131593894926
GNB,2023,0.612813055195004
GNB,2025,0.6073
GNQ,1990,0.4253
GNQ,1995,0.42909834649644
GNQ,1996,0.427114732579985
GNQ,1997,0.426212529896158
GNQ,1998,0.428449026628025
GNQ,1999,0.430721001494344
GNQ,2000,0.432910534522515
GNQ,2001,0.445953180005067
GNQ,2002,0.425644433937026
GNQ,2003,0.420964501313
GNQ,2004,0.418294281911806
GNQ,2005,0.418045269840788
GNQ,2006,0.421685211171683
GNQ,2007,0.421880575091543
GNQ,2008,0.418225134076645
GNQ,2009,0.420829942886287
GNQ,2010,0.416496967551879
GNQ,2011,0.416148075373539
GNQ,2012,0.413682774671736
GNQ,2013,0.411048305990868
GNQ,2014,0.408846368716554
GNQ,2015,0.413039652481964
GNQ,2016,0.415797466489413
GNQ,2017,0.414950287820454
GNQ,2018,0.414086537159598
GNQ,2019,0.411957439670804
GNQ,2020,0.412548614523763
GNQ,2021,0.410046292516208
GNQ,2022,0.410096669262914
GNQ,2023,0.410022341424303
GNQ,2025,0.4084
GRC,1990,0.3471
GRC,1995,0.34405984184979
GRC,1996,0.34304646022389
GRC,1997,0.34212262559398
GRC,1998,0.342273647114575
GRC,1999,0.340592795459224
GRC,2000,0.341028019962992
GRC,2001,0.340867515067315
GRC,2002,0.340893976995347
GRC,2003,0.338628841339759
GRC,2004,0.339171464329318
GRC,2005,0.337500021952316
GRC,2006,0.340773068523929
GRC,2007,0.339584928462147
GRC,2008,0.341914697099393
GRC,2009,0.341734503427219
GRC,2010,0.34021467097093
GRC,2011,0.339666583190888
GRC,2012,0.339539517676541
GRC,2013,0.336971558392247
GRC,2014,0.338983854771516
GRC,2015,0.341530399105538
GRC,2016,0.339587121792143
GRC,2017,0.339289253450651
GRC,2018,0.338960436194739
GRC,2019,0.339426719097595
GRC,2020,0.337701141135621
GRC,2021,0.33396386605735
GRC,2022,0.337056004756468
GRC,2023,0.336942727170887
GRC,2025,0.3361
GRD,1990,0.4161
GRD,1995,0.409505456406625
GRD,1996,0.409092460920872
GRD,1997,0.407723711362698
GRD,1998,0.404812212796889
GRD,1999,0.403914996049593
GRD,2000,0.402897200128833
GRD,2001,0.402327430616283
GRD,2002,0.401651138987426
GRD,2003,0.399073257414221
GRD,2004,0.400238432903131
GRD,2005,0.394963980198127
GRD,2006,0.398229292359075
GRD,2007,0.395708291368656
GRD,2008,0.398638896167154
GRD,2009,0.396792735666002
GRD,2010,0.392527857064166
GRD,2011,0.391632582855792
GRD,2012,0.39034053974313
GRD,2013,0.396196334543991
GRD,2014,0.38971797049365
GRD,2015,0.38837697758839
GRD,2016,0.386891909958669
GRD,2017,0.385723720372067
GRD,2018,0.380819044072907
GRD,2019,0.381193038598668
GRD,2020,0.382642658533997
GRD,2021,0.385875395764083
GRD,2022,0.383322710744135
GRD,2023,0.382845559266962
GRD,2025,0.3837
GTM,1990,0.4943
GTM,1995,0.486995796917923
GTM,1996,0.484721499307384
GTM,1997,0.481455926428
GTM,1998,0.481338785216142
GTM,1999,0.478500059332892
GTM,2000,0.479716828715696
GTM,2001,0.478938365564803
GTM,2002,0.4762372399226
GTM,2003,0.475311215729481
GTM,2004,0.473880503486753
GTM,2005,0.474321039191354
GTM,2006,0.470643539104055
GTM,2007,0.472877333919638
GTM,2008,0.470494158738844
GTM,2009,0.468908570582422
GTM,2010,0.46295386689133
GTM,2011,0.459890096187658
GTM,2012,0.456306926782175
GTM,2013,0.453243397495068
GTM,2014,0.45596686400478
GTM,2015,0.455988373171809
GTM,2016,0.450096549208834
GTM,2017,0.437499187303809
GTM,2018,0.4344969954144
GTM,2019,0.442524667216848
GTM,2020,0.444173628515658
GTM,2021,0.443482530347802
GTM,2022,0.43434700023862
GTM,2023,0.434283135074688
GTM,2025,0.4342
GUY,1990,0.4866
GUY,1995,0.482607252254836
GUY,1996,0.482611806195726
GUY,1997,0.479986465633711
GUY,1998,0.480654670250387
GUY,1999,0.479345438182339
GUY,2000,0.478611861553656
GUY,2001,0.478372323943484
GUY,2002,0.477313471837062
GUY,2003,0.481159119243307
GUY,2004,0.478701534081569
GUY,2005,0.488094347887306
GUY,2006,0.489965158357637
GUY,2007,0.494728669035842
GUY,2008,0.484914499653923
GUY,2009,0.488549124839327
GUY,2010,0.482303636706171
GUY,2011,0.477234856938883
GUY,2012,0.472928734763304
GUY,2013,0.470781664590016
GUY,2014,0.467978291107951
GUY,2015,0.467054293469407
GUY,2016,0.469224478467527
GUY,2017,0.469287482236504
GUY,2018,0.4640069537191
GUY,2019,0.460032491996101
GUY,2020,0.432243067052343
GUY,2021,0.427878931046517
GUY,2022,0.433089421001128
GUY,2023,0.429963119228701
GUY,2025,0.4163
HND,1990,0.4668
HND,1995,0.46435117440417
HND,1996,0.466194596829943
HND,1997,0.463682776706556
HND,1998,0.462099275238647
HND,1999,0.462940425499686
HND,2000,0.461945521374361
HND,2001,0.464910652937746
HND,2002,0.470011263568359
HND,2003,0.474698258193354
HND,2004,0.475664893065065
HND,2005,0.473814129592957
HND,2006,0.467721816485244
HND,2007,0.467018374722285
HND,2008,0.466016014297476
HND,2009,0.465183837896434
HND,2010,0.461660467261135
HND,2011,0.45984101338143
HND,2012,0.458843892318288
HND,2013,0.456462424480516
HND,2014,0.455294280107515
HND,2015,0.451022860681871
HND,2016,0.451904203180929
HND,2017,0.455291195108292
HND,2018,0.447978757701774
HND,2019,0.447907438338246
HND,2020,0.449930025737947
HND,2021,0.447611300977317
HND,2022,0.445571418022766
HND,2023,0.445033865898592
HND,2025,0.4439
HRV,1990,0.3886
HRV,1995,0.38767835334534
HRV,1996,0.388513586461821
HRV,1997,0.388741420862631
HRV,1998,0.387400651944367
HRV,1999,0.387391958418771
HRV,2000,0.386739308816045
HRV,2001,0.385818097895578
HRV,2002,0.387455562095427
HRV,2003,0.385294825237862
HRV,2004,0.384935411929457
HRV,2005,0.384563288077107
HRV,2006,0.383143168558048
HRV,2007,0.383633630488915
HRV,2008,0.384339520057961
HRV,2009,0.382617661647697
HRV,2010,0.382246387784292
HRV,2011,0.379474528289321
HRV,2012,0.376016983565733
HRV,2013,0.377119295387534
HRV,2014,0.377127618422253
HRV,2015,0.377882432091323
HRV,2016,0.372841906932202
HRV,2017,0.374361190002342
HRV,2018,0.373900373572507
HRV,2019,0.375299374311101
HRV,2020,0.374130817488851
HRV,2021,0.377992936273298
HRV,2022,0.380032072913129
HRV,2023,0.379827797909711
HRV,2025,0.3822
HTI,1990,0.5309
HTI,1995,0.528663058879269
HTI,1996,0.527777276504367
HTI,1997,0.528148366983622
HTI,1998,0.52679670709977
HTI,1999,0.526583047136419
HTI,2000,0.526409210391222
HTI,2001,0.526482762075312
HTI,2002,0.526598786729757
HTI,2003,0.526756934748083
HTI,2004,0.52588170614642
HTI,2005,0.525837583303478
HTI,2006,0.526513178261645
HTI,2007,0.524109642889144
HTI,2008,0.521904160461009
HTI,2009,0.520668943668558
HTI,2010,0.518890791279462
HTI,2011,0.517386278675685
HTI,2012,0.51658100948715
HTI,2013,0.517415059386383
HTI,2014,0.514317053048192
HTI,2015,0.515661068123873
HTI,2016,0.516792672596686
HTI,2017,0.512682848633233
HTI,2018,0.51091510246039
HTI,2019,0.509849703971177
HTI,2020,0.510701832457002
HTI,2021,0.511302151326281
HTI,2022,0.510000403518247
HTI,2023,0.509488409313646
HTI,2025,0.5089
HUN,1990,0.3691
HUN,1995,0.369410471072676
HUN,1996,0.369892078872159
HUN,1997,0.37027781693796
HUN,1998,0.370211285612969
HUN,1999,0.369450874647367
HUN,2000,0.369705138693276
HUN,2001,0.368089383798245
HUN,2002,0.367786568043639
HUN,2003,0.368980806035599
HUN,2004,0.368323924497602
HUN,2005,0.36842501303264
HUN,2006,0.366615368199037
HUN,2007,0.365993255560625
HUN,2008,0.36594913247267
HUN,2009,0.36768013708763
HUN,2010,0.362719171450801
HUN,2011,0.359653593096378
HUN,2012,0.357989187676191
HUN,2013,0.358291766815159
HUN,2014,0.354421036436658
HUN,2015,0.351230826683014
HUN,2016,0.349266429488135
HUN,2017,0.354543568319364
HUN,2018,0.354356508249191
HUN,2019,0.356792574741789
HUN,2020,0.353562651392138
HUN,2021,0.349922842451094
HUN,2022,0.353454472971149
HUN,2023,0.353221510745416
HUN,2025,0.3528
IDN,1990,0.5024
IDN,1995,0.49215156596441
IDN,1996,0.494724446381736
IDN,1997,0.487637883397912
IDN,1998,0.489192702791898
IDN,1999,0.48961350584643
IDN,2000,0.481927436978279
IDN,2001,0.48013536296895
IDN,2002,0.478667325654648
IDN,2003,0.479535262718489
IDN,2004,0.481749714238726
IDN,2005,0.479714819986965
IDN,2006,0.478047079338978
IDN,2007,0.477476964717817
IDN,2008,0.475633761949312
IDN,2009,0.475952971923142
IDN,2010,0.473221196441619
IDN,2011,0.473695962813809
IDN,2012,0.472696771065414
IDN,2013,0.471728934269788
IDN,2014,0.470074682161165
IDN,2015,0.467663143358327
IDN,2016,0.468394871479568
IDN,2017,0.465266357459931
IDN,2018,0.461336872108663
IDN,2019,0.435415077187076
IDN,2020,0.433889961873767
IDN,2021,0.430499652006534
IDN,2022,0.428976800368501
IDN,2023,0.43048235737393
IDN,2025,0.4181
IND,1990,0.5537
IND,1995,0.548878348836063
IND,1996,0.547395005164717
IND,1997,0.54612649457497
IND,1998,0.545750075722099
IND,1999,0.545947302249914
IND,2000,0.544048470561385
IND,2001,0.541985110786392
IND,2002,0.540696684849198
IND,2003,0.537322932731408
IND,2004,0.535252930739761
IND,2005,0.531487592740426
IND,2006,0.531068361844606
IND,2007,0.52874502084364
IND,2008,0.526973112594483
IND,2009,0.524426424446447
IND,2010,0.522110320005941
IND,2011,0.519564659311755
IND,2012,0.518517907407249
IND,2013,0.515670169718861
IND,2014,0.51430796736252
IND,2015,0.518057575773201
IND,2016,0.507407676737941
IND,2017,0.497856725598291
IND,2018,0.491288596322456
IND,2019,0.489155037394799
IND,2020,0.48869332276509
IND,2021,0.485810594442206
IND,2022,0.484822515776606
IND,2023,0.48459732132666
IND,2025,0.4819
IRL,1990,0.3389
IRL,1995,0.337167365869832
IRL,1996,0.33778710955992
IRL,1997,0.335882663376443
IRL,1998,0.334963361051136
IRL,1999,0.336354580450151
IRL,2000,0.335424599763907
IRL,2001,0.33432793015118
IRL,2002,0.332248082541093
IRL,2003,0.332453080779166
IRL,2004,0.333209434268673
IRL,2005,0.330640159766523
IRL,2006,0.327912428673523
IRL,2007,0.322988942475059
IRL,2008,0.323665425220228
IRL,2009,0.323638621251364
IRL,2010,0.320175150067269
IRL,2011,0.318257175496754
IRL,2012,0.322214782633118
IRL,2013,0.321586708156117
IRL,2014,0.317373682849394
IRL,2015,0.317270170163786
IRL,2016,0.313760108567182
IRL,2017,0.312869720113787
IRL,2018,0.317533233892465
IRL,2019,0.313578466866762
IRL,2020,0.310103621124889
IRL,2021,0.314681557117075
IRL,2022,0.315381291170418
IRL,2023,0.315577264183443
IRL,2025,0.3148
IRN,1990,0.4035
IRN,1995,0.397906984743312
IRN,1996,0.397501832015939
IRN,1997,0.39547283706277
IRN,1998,0.393272729365852
IRN,1999,0.39408422849195
IRN,2000,0.392284957717561
IRN,2001,0.386372988080277
IRN,2002,0.380270716625726
IRN,2003,0.377429019184442
IRN,2004,0.37414015246197
IRN,2005,0.370460259024065
IRN,2006,0.366566936075929
IRN,2007,0.367257719733488
IRN,2008,0.36738438591838
IRN,2009,0.36811403511847
IRN,2010,0.368678956742411
IRN,2011,0.369416127722198
IRN,2012,0.371536819727276
IRN,2013,0.374533374702933
IRN,2014,0.372138082944235
IRN,2015,0.371672637609258
IRN,2016,0.370108957564007
IRN,2017,0.369014339194178
IRN,2018,0.371432281772878
IRN,2019,0.373392271683162
IRN,2020,0.373429564717406
IRN,2021,0.37632076702341
IRN,2022,0.376310592612108
IRN,2023,0.376243477312997
IRN,2025,0.3782
IRQ,1990,0.45
IRQ,1995,0.449769023081593
IRQ,1996,0.449673770247179
IRQ,1997,0.449590777592559
IRQ,1998,0.449791681743117
IRQ,1999,0.449695795454239
IRQ,2000,0.449509626817547
IRQ,2001,0.447875100981884
IRQ,2002,0.447357928797624
IRQ,2003,0.448974407560229
IRQ,2004,0.452013433315816
IRQ,2005,0.454941283148103
IRQ,2006,0.457325930856531
IRQ,2007,0.459990971105393
IRQ,2008,0.448504430684759
IRQ,2009,0.447667480099045
IRQ,2010,0.447646681732774
IRQ,2011,0.448201297699018
IRQ,2012,0.446193408260018
IRQ,2013,0.444135354160041
IRQ,2014,0.441254494169348
IRQ,2015,0.438285422656225
IRQ,2016,0.438937367940408
IRQ,2017,0.439173526512408
IRQ,2018,0.432772933070985
IRQ,2019,0.437093235414415
IRQ,2020,0.436629305452447
IRQ,2021,0.43656400830816
IRQ,2022,0.436363709071116
IRQ,2023,0.436014273233911
IRQ,2025,0.4373
ISL,1990,0.3555
ISL,1995,0.348322104812211
ISL,1996,0.347480308544687
ISL,1997,0.346084461898587
ISL,1998,0.344682495143825
ISL,1999,0.343015784563134
ISL,2000,0.341193981756126
ISL,2001,0.340337570115934
ISL,2002,0.340246960638816
ISL,2003,0.337907526820194
ISL,2004,0.338105406970697
ISL,2005,0.335441019276619
ISL,2006,0.332400311415075
ISL,2007,0.330557805547683
ISL,2008,0.329012845225833
ISL,2009,0.329601520821849
ISL,2010,0.326859731103178
ISL,2011,0.325493676773067
ISL,2012,0.325069690520314
ISL,2013,0.324523544209554
ISL,2014,0.324717430705368
ISL,2015,0.326520719641847
ISL,2016,0.329124725859493
ISL,2017,0.327577649919003
ISL,2018,0.326665029356254
ISL,2019,0.324760950320565
ISL,2020,0.322874515074335
ISL,2021,0.322693358959764
ISL,2022,0.32193175467932
ISL,2023,0.322260848379738
ISL,2025,0.3205
ISR,1990,0.3314
ISR,1995,0.328574530769186
ISR,1996,0.327798741555941
ISR,1997,0.330169860752523
ISR,1998,0.329892637591801
ISR,1999,0.327717699429165
ISR,2000,0.325760943795057
ISR,2001,0.324188554795021
ISR,2002,0.323601480716114
ISR,2003,0.32169000852099
ISR,2004,0.320293653627995
ISR,2005,0.319587362339404
ISR,2006,0.317415564984402
ISR,2007,0.317925789486543
ISR,2008,0.313938083938574
ISR,2009,0.316829191102432
ISR,2010,0.31601240336029
ISR,2011,0.310209992367816
ISR,2012,0.315916259004598
ISR,2013,0.31215580061387
ISR,2014,0.309203081264788
ISR,2015,0.308298154223026
ISR,2016,0.304106288548322
ISR,2017,0.30845632487342
ISR,2018,0.306393343559752
ISR,2019,0.309290108193948
ISR,2020,0.301807943509641
ISR,2021,0.293441291235447
ISR,2022,0.293027205020283
ISR,2023,0.289365900016888
ISR,2025,0.2826
ITA,1990,0.3439
ITA,1995,0.346280179263349
ITA,1996,0.34778892717322
ITA,1997,0.346550683709663
ITA,1998,0.346947410824184
ITA,1999,0.346931139287989
ITA,2000,0.348661186110748
ITA,2001,0.348298019009816
ITA,2002,0.345579776717405
ITA,2003,0.345430401660809
ITA,2004,0.345568025935163
ITA,2005,0.345366321508079
ITA,2006,0.346172680865151
ITA,2007,0.343819773400192
ITA,2008,0.348631926404805
ITA,2009,0.347637735939111
ITA,2010,0.347474459298935
ITA,2011,0.3463905150169
ITA,2012,0.34691510713493
ITA,2013,0.346716424904212
ITA,2014,0.345866907265585
ITA,2015,0.345616055244561
ITA,2016,0.34608286660635
ITA,2017,0.346383542364136
ITA,2018,0.346286127497558
ITA,2019,0.347572019041608
ITA,2020,0.345982289338979
ITA,2021,0.346229971492371
ITA,2022,0.342187164729016
ITA,2023,0.341886849901753
ITA,2025,0.3401
JAM,1990,0.4554
JAM,1995,0.449463686861395
JAM,1996,0.444083691418395
JAM,1997,0.446405884746141
JAM,1998,0.445144425440887
JAM,1999,0.443293230755224
JAM,2000,0.443493710736795
JAM,2001,0.442456993624766
JAM,2002,0.440422287684225
JAM,2003,0.440048749023509
JAM,2004,0.441448333091719
JAM,2005,0.440948325843114
JAM,2006,0.440881549683907
JAM,2007,0.438652083102776
JAM,2008,0.437859356028592
JAM,2009,0.442427768487898
JAM,2010,0.441736235148068
JAM,2011,0.43969330429949
JAM,2012,0.43634902104807
JAM,2013,0.432120146445509
JAM,2014,0.430842794968646
JAM,2015,0.430955752193971
JAM,2016,0.43374580702078
JAM,2017,0.431264094678412
JAM,2018,0.429460151018518
JAM,2019,0.428602583472617
JAM,2020,0.427775665388445
JAM,2021,0.427000348531363
JAM,2022,0.421404346098428
JAM,2023,0.421939152214872
JAM,2025,0.4189
JOR,1990,0.4212
JOR,1995,0.415892882194316
JOR,1996,0.417122198994152
JOR,1997,0.416108476310802
JOR,1998,0.416234873907947
JOR,1999,0.414116125364888
JOR,2000,0.410571276660786
JOR,2001,0.407569675653747
JOR,2002,0.407586146248595
JOR,2003,0.408293084721045
JOR,2004,0.420896387933947
JOR,2005,0.406724056782132
JOR,2006,0.407824251571443
JOR,2007,0.40443785295985
JOR,2008,0.401195035488678
JOR,2009,0.402078789998578
JOR,2010,0.39984409503661
JOR,2011,0.398244023475797
JOR,2012,0.402879322387984
JOR,2013,0.39899957913371
JOR,2014,0.398932938810697
JOR,2015,0.392262859652343
JOR,2016,0.392787456942509
JOR,2017,0.390545095249026
JOR,2018,0.389280797692938
JOR,2019,0.363840191083217
JOR,2020,0.366987768240225
JOR,2021,0.370204214578001
JOR,2022,0.366620042803428
JOR,2023,0.36633355765876
JOR,2025,0.3572
JPN,1990,0.3709
JPN,1995,0.369462202451391
JPN,1996,0.369591060687313
JPN,1997,0.368959383509185
JPN,1998,0.368947220138238
JPN,1999,0.368928042031714
JPN,2000,0.367986944634191
JPN,2001,0.367654239751665
JPN,2002,0.368508940263471
JPN,2003,0.368432129448715
JPN,2004,0.367905237338041
JPN,2005,0.367570601102053
JPN,2006,0.367080578976318
JPN,2007,0.367312534596725
JPN,2008,0.36933871083419
JPN,2009,0.369446488529022
JPN,2010,0.367505643427962
JPN,2011,0.371000580780437
JPN,2012,0.371966687991208
JPN,2013,0.372638794714985
JPN,2014,0.37123489020856
JPN,2015,0.372984956094936
JPN,2016,0.372684818668291
JPN,2017,0.371733825590516
JPN,2018,0.370345991107025
JPN,2019,0.370751821752722
JPN,2020,0.370642210417419
JPN,2021,0.369942207778457
JPN,2022,0.369390510716884
JPN,2023,0.368956663778576
JPN,2025,0.3684
KAZ,1990,0.3609
KAZ,1995,0.346484802526762
KAZ,1996,0.344917708745832
KAZ,1997,0.343994223517085
KAZ,1998,0.339038816924818
KAZ,1999,0.337419127162227
KAZ,2000,0.332095900544977
KAZ,2001,0.333940805080556
KAZ,2002,0.332790723729476
KAZ,2003,0.331593674429834
KAZ,2004,0.330730128498722
KAZ,2005,0.331052803678764
KAZ,2006,0.328415359824416
KAZ,2007,0.327884086464459
KAZ,2008,0.324756942819259
KAZ,2009,0.322024580349068
KAZ,2010,0.319572382395244
KAZ,2011,0.317825352195248
KAZ,2012,0.315643844582005
KAZ,2013,0.316620359200645
KAZ,2014,0.317704685014673
KAZ,2015,0.315080787979318
KAZ,2016,0.312964882021052
KAZ,2017,0.31397322094425
KAZ,2018,0.315794732881006
KAZ,2019,0.316895586342123
KAZ,2020,0.323113712247513
KAZ,2021,0.321243567724146
KAZ,2022,0.319888042310289
KAZ,2023,0.315840401791174
KAZ,2025,0.3159
KEN,1990,0.5368
KEN,1995,0.533783866218428
KEN,1996,0.53376253685092
KEN,1997,0.535099939642786
KEN,1998,0.532681987696682
KEN,1999,0.530972440347698
KEN,2000,0.530739943193772
KEN,2001,0.52693611322108
KEN,2002,0.523792552095884
KEN,2003,0.523238642809421
KEN,2004,0.523716710773412
KEN,2005,0.519940367455903
KEN,2006,0.528587743453297
KEN,2007,0.528583577671614
KEN,2008,0.52846230471246
KEN,2009,0.532743521172934
KEN,2010,0.530607826947682
KEN,2011,0.52411624972561
KEN,2012,0.51977095820554
KEN,2013,0.515858278329232
KEN,2014,0.512319363952964
KEN,2015,0.507103424779244
KEN,2016,0.502010045834136
KEN,2017,0.510521705393835
KEN,2018,0.509340561322099
KEN,2019,0.503060940822604
KEN,2020,0.501027549974578
KEN,2021,0.500604403886788
KEN,2022,0.499843900854535
KEN,2023,0.500482899095129
KEN,2025,0.4969
KGZ,1990,0.3712
KGZ,1995,0.364596757642604
KGZ,1996,0.367643230547904
KGZ,1997,0.36224949186846
KGZ,1998,0.366173797445483
KGZ,1999,0.359543750021549
KGZ,2000,0.358009809877965
KGZ,2001,0.353471778548209
KGZ,2002,0.358086675534537
KGZ,2003,0.360407256734592
KGZ,2004,0.362443943310812
KGZ,2005,0.352467697608272
KGZ,2006,0.357474520193723
KGZ,2007,0.358245541304938
KGZ,2008,0.354793890456484
KGZ,2009,0.355978198045205
KGZ,2010,0.34961288766959
KGZ,2011,0.338890993721533
KGZ,2012,0.341503802955316
KGZ,2013,0.339522656010652
KGZ,2014,0.34014538914198
KGZ,2015,0.345941674048602
KGZ,2016,0.331589617387633
KGZ,2017,0.322326320647361
KGZ,2018,0.312253712205653
KGZ,2019,0.307323995717812
KGZ,2020,0.314194916564335
KGZ,2021,0.311452213514724
KGZ,2022,0.310678253587853
KGZ,2023,0.31058858905899
KGZ,2025,0.3099
KHM,1990,0.5246
KHM,1995,0.52750935323963
KHM,1996,0.527578231487032
KHM,1997,0.527693652992728
KHM,1998,0.528578100938949
KHM,1999,0.532457694906201
KHM,2000,0.530449416316156
KHM,2001,0.534220309543108
KHM,2002,0.529078460306889
KHM,2003,0.525072527969855
KHM,2004,0.527988912540331
KHM,2005,0.520857076599179
KHM,2006,0.521836886347989
KHM,2007,0.532780484451551
KHM,2008,0.516885585400532
KHM,2009,0.518689900422193
KHM,2010,0.514246408905555
KHM,2011,0.507040756544008
KHM,2012,0.5107649617967
KHM,2013,0.504030925163036
KHM,2014,0.50302593312229
KHM,2015,0.499517580481561
KHM,2016,0.490135645212902
KHM,2017,0.481736498247165
KHM,2018,0.481936611886619
KHM,2019,0.481777382470174
KHM,2020,0.482008048986107
KHM,2021,0.488526510657537
KHM,2022,0.480517970603396
KHM,2023,0.480602948477485
KHM,2025,0.4801
KIR,1990,0.6139
KIR,1995,0.611139432867904
KIR,1996,0.612293067052354
KIR,1997,0.606916283837059
KIR,1998,0.61299657568321
KIR,1999,0.609741306617131
KIR,2000,0.60833012327588
KIR,2001,0.605266248699956
KIR,2002,0.602523333642557
KIR,2003,0.598566284744368
KIR,2004,0.59358868361972
KIR,2005,0.593680060936617
KIR,2006,0.61696897398749
KIR,2007,0.621770904672207
KIR,2008,0.630311834301882
KIR,2009,0.646230043624949
KIR,2010,0.603662204318522
KIR,2011,0.5933576244085
KIR,2012,0.592570897788334
KIR,2013,0.601990770042304
KIR,2014,0.598529620843906
KIR,2015,0.575806953663838
KIR,2016,0.577534502561957
KIR,2017,0.583760194685839
KIR,2018,0.593515429369866
KIR,2019,0.546021388047405
KIR,2020,0.581202639047021
KIR,2021,0.569275793311534
KIR,2022,0.557845498860194
KIR,2023,0.556980290083949
KIR,2025,0.5424
KOR,1990,0.389
KOR,1995,0.380748897537267
KOR,1996,0.381321514349694
KOR,1997,0.378315343799667
KOR,1998,0.375469261733045
KOR,1999,0.373755809579089
KOR,2000,0.372476055944394
KOR,2001,0.371131348157363
KOR,2002,0.370501801115614
KOR,2003,0.370439368749607
KOR,2004,0.370105031543462
KOR,2005,0.367749436199395
KOR,2006,0.368168314305007
KOR,2007,0.367269122104792
KOR,2008,0.366517109812159
KOR,2009,0.366044757264158
KOR,2010,0.365382540578891
KOR,2011,0.364157575967535
KOR,2012,0.364352770771362
KOR,2013,0.363306288801876
KOR,2014,0.362111513611938
KOR,2015,0.362199318028219
KOR,2016,0.361798491339475
KOR,2017,0.36206294829886
KOR,2018,0.362295170983023
KOR,2019,0.36017913530073
KOR,2020,0.358261559932701
KOR,2021,0.357528776480798
KOR,2022,0.356707455020319
KOR,2023,0.35688616548857
KOR,2025,0.3547
KWT,1990,0.396
KWT,1995,0.393134662521706
KWT,1996,0.393422804769655
KWT,1997,0.392528446821583
KWT,1998,0.391729917919064
KWT,1999,0.392088878713146
KWT,2000,0.390300569819823
KWT,2001,0.389057099045593
KWT,2002,0.387816884199734
KWT,2003,0.387221180573692
KWT,2004,0.387168431254238
KWT,2005,0.387013084764283
KWT,2006,0.387809573407023
KWT,2007,0.386697607429076
KWT,2008,0.384671440734149
KWT,2009,0.377847902704227
KWT,2010,0.370607065240307
KWT,2011,0.36718512389764
KWT,2012,0.368498765309245
KWT,2013,0.365480979411745
KWT,2014,0.363011666689505
KWT,2015,0.364457578675469
KWT,2016,0.364080208454773
KWT,2017,0.363982442671131
KWT,2018,0.363928532076481
KWT,2019,0.362667605007166
KWT,2020,0.36631503152348
KWT,2021,0.364224852539487
KWT,2022,0.362044609033254
KWT,2023,0.361609584872794
KWT,2025,0.3607
LAO,1990,0.5485
LAO,1995,0.540624189710998
LAO,1996,0.538122900160159
LAO,1997,0.5367038712309
LAO,1998,0.535857011828049
LAO,1999,0.534495960655557
LAO,2000,0.532734526670757
LAO,2001,0.538671599190222
LAO,2002,0.530312662116839
LAO,2003,0.525658684986679
LAO,2004,0.527364367551588
LAO,2005,0.519726331169697
LAO,2006,0.52661317336885
LAO,2007,0.522620039443777
LAO,2008,0.514208167896771
LAO,2009,0.510679091289113
LAO,2010,0.497905554435069
LAO,2011,0.498496614062914
LAO,2012,0.49146790991162
LAO,2013,0.483314212076886
LAO,2014,0.479550193400066
LAO,2015,0.480034054839762
LAO,2016,0.483311196951384
LAO,2017,0.475303598023207
LAO,2018,0.4679531275581
LAO,2019,0.475082580577553
LAO,2020,0.473526589103988
LAO,2021,0.483833846603549
LAO,2022,0.484150488709366
LAO,2023,0.485779677784065
LAO,2025,0.4929
LBN,1990,0.4518
LBN,1995,0.444186287964736
LBN,1996,0.443530463764871
LBN,1997,0.442086482554455
LBN,1998,0.443040987651543
LBN,1999,0.438264621020625
LBN,2000,0.436622019619555
LBN,2001,0.435258080325567
LBN,2002,0.43564737021024
LBN,2003,0.434874981867128
LBN,2004,0.433181320315769
LBN,2005,0.433398074715949
LBN,2006,0.435314042550348
LBN,2007,0.430068758643739
LBN,2008,0.424553134713286
LBN,2009,0.416679767836373
LBN,2010,0.407485813279005
LBN,2011,0.405270172765087
LBN,2012,0.403011471924529
LBN,2013,0.403739082269167
LBN,2014,0.404157140287126
LBN,2015,0.408331011584624
LBN,2016,0.408120920657789
LBN,2017,0.409978046811551
LBN,2018,0.403219441270633
LBN,2019,0.392589510766371
LBN,2020,0.400321787922568
LBN,2021,0.401558507213316
LBN,2022,0.398234374426549
LBN,2023,0.399068685796453
LBN,2025,0.3974
LBR,1990,0.5428
LBR,1995,0.542823227848794
LBR,1996,0.54229507430333
LBR,1997,0.542480979733104
LBR,1998,0.542700836012529
LBR,1999,0.54274292357233
LBR,2000,0.542809021986681
LBR,2001,0.553601906403345
LBR,2002,0.556299430656899
LBR,2003,0.563858748663138
LBR,2004,0.558884794951577
LBR,2005,0.566577551763671
LBR,2006,0.569254330394339
LBR,2007,0.577101298774263
LBR,2008,0.573983529325481
LBR,2009,0.573106193356385
LBR,2010,0.571580968816011
LBR,2011,0.57077176123538
LBR,2012,0.567351902929126
LBR,2013,0.567136371577934
LBR,2014,0.565598943780265
LBR,2015,0.565063678025369
LBR,2016,0.564742265636181
LBR,2017,0.561443477991704
LBR,2018,0.558825080965714
LBR,2019,0.554204409538648
LBR,2020,0.542803418868902
LBR,2021,0.543461479736939
LBR,2022,0.539060353416457
LBR,2023,0.537843878517471
LBR,2025,0.5295
LBY,1990,0.4068
LBY,1995,0.40624351665765
LBY,1996,0.406102635761412
LBY,1997,0.40598518464478
LBY,1998,0.405919707152572
LBY,1999,0.405692762402312
LBY,2000,0.40570485124712
LBY,2001,0.406994097974597
LBY,2002,0.407719061251736
LBY,2003,0.408037319132086
LBY,2004,0.407492296945363
LBY,2005,0.408274739066975
LBY,2006,0.409427954641317
LBY,2007,0.410441710283131
LBY,2008,0.410368970821058
LBY,2009,0.407687398348414
LBY,2010,0.409045741474971
LBY,2011,0.414379669003671
LBY,2012,0.419625882820818
LBY,2013,0.420602885742272
LBY,2014,0.421639525080295
LBY,2015,0.423752051475676
LBY,2016,0.425609834653533
LBY,2017,0.42380222264703
LBY,2018,0.420848999066736
LBY,2019,0.417916398847252
LBY,2020,0.416571853811644
LBY,2021,0.417314585463507
LBY,2022,0.41726137344243
LBY,2023,0.415618941696469
LBY,2025,0.4135
LCA,1990,0.396
LCA,1995,0.380589615893263
LCA,1996,0.378844229740972
LCA,1997,0.378543371656672
LCA,1998,0.368973972135964
LCA,1999,0.367803434499934
LCA,2000,0.365136601276209
LCA,2001,0.366336338732271
LCA,2002,0.369721404179184
LCA,2003,0.363253725847063
LCA,2004,0.368081271487965
LCA,2005,0.368420079530633
LCA,2006,0.369045239664116
LCA,2007,0.371571063408275
LCA,2008,0.372452811841372
LCA,2009,0.371685386423794
LCA,2010,0.365771498251804
LCA,2011,0.365071630906094
LCA,2012,0.359052415261537
LCA,2013,0.355221790107165
LCA,2014,0.354692115057125
LCA,2015,0.355218490386975
LCA,2016,0.359489667156519
LCA,2017,0.358178600321764
LCA,2018,0.356271589343987
LCA,2019,0.356784555211879
LCA,2020,0.37902367256099
LCA,2021,0.378568952402919
LCA,2022,0.375101756202917
LCA,2023,0.375102915547686
LCA,2025,0.3826
LKA,1990,0.4895
LKA,1995,0.481387701840353
LKA,1996,0.480448931971499
LKA,1997,0.478890616045549
LKA,1998,0.476753184056174
LKA,1999,0.474313118879771
LKA,2000,0.473279171509937
LKA,2001,0.474363392299335
LKA,2002,0.466711033584472
LKA,2003,0.470581608636225
LKA,2004,0.469403004818799
LKA,2005,0.472220850832846
LKA,2006,0.475198294759632
LKA,2007,0.476622520158789
LKA,2008,0.476850739952373
LKA,2009,0.478836939618608
LKA,2010,0.485946070926864
LKA,2011,0.486607112228819
LKA,2012,0.490556612599657
LKA,2013,0.490631719102946
LKA,2014,0.486158333141284
LKA,2015,0.486210154954436
LKA,2016,0.487020844067702
LKA,2017,0.484609200510094
LKA,2018,0.47416149281975
LKA,2019,0.462243603722956
LKA,2020,0.449226418157685
LKA,2021,0.457213922314767
LKA,2022,0.474109099458857
LKA,2023,0.474665403651957
LKA,2025,0.4749
LSO,1990,0.5107
LSO,1995,0.500295791151531
LSO,1996,0.500226659193665
LSO,1997,0.49206175434528
LSO,1998,0.491024831850694
LSO,1999,0.490268441309447
LSO,2000,0.489915934855403
LSO,2001,0.496050063681611
LSO,2002,0.492914210442175
LSO,2003,0.488976531523837
LSO,2004,0.487273435379408
LSO,2005,0.492428602461518
LSO,2006,0.48750848726796
LSO,2007,0.484862520073065
LSO,2008,0.49201564060895
LSO,2009,0.496796169245061
LSO,2010,0.484480700311462
LSO,2011,0.48937044261294
LSO,2012,0.486200396869604
LSO,2013,0.485745268353549
LSO,2014,0.480373263671615
LSO,2015,0.474910779438472
LSO,2016,0.474645372301405
LSO,2017,0.475680680553957
LSO,2018,0.474361089277746
LSO,2019,0.473026091954027
LSO,2020,0.472261194811491
LSO,2021,0.471371850671073
LSO,2022,0.473168268221851
LSO,2023,0.472066039744258
LSO,2025,0.4711
LTU,1990,0.4008
LTU,1995,0.39564361240369
LTU,1996,0.391497314588748
LTU,1997,0.391012460587747
LTU,1998,0.388140548680051
LTU,1999,0.389426320610324
LTU,2000,0.390458043094112
LTU,2001,0.385283465862925
LTU,2002,0.382390691297344
LTU,2003,0.381913582223269
LTU,2004,0.381124191177555
LTU,2005,0.382420394803656
LTU,2006,0.383050637106716
LTU,2007,0.380884326610113
LTU,2008,0.378097465478987
LTU,2009,0.375064235966854
LTU,2010,0.378214843895439
LTU,2011,0.378919657220205
LTU,2012,0.377919787176456
LTU,2013,0.375117204741469
LTU,2014,0.371290479006167
LTU,2015,0.369055123482001
LTU,2016,0.366057686550652
LTU,2017,0.367645860634219
LTU,2018,0.371307950667351
LTU,2019,0.370669522797368
LTU,2020,0.369678958836297
LTU,2021,0.365135568681147
LTU,2022,0.359920453785628
LTU,2023,0.359642639101339
LTU,2025,0.355
LUX,1990,0.3169
LUX,1995,0.315634137794362
LUX,1996,0.315373519376012
LUX,1997,0.315224697508862
LUX,1998,0.314922400264176
LUX,1999,0.314664419719419
LUX,2000,0.314379707311848
LUX,2001,0.313834402061603
LUX,2002,0.313911072753298
LUX,2003,0.312894136015528
LUX,2004,0.309593506800357
LUX,2005,0.308840318140307
LUX,2006,0.308488461416727
LUX,2007,0.30912994802136
LUX,2008,0.308496864199382
LUX,2009,0.309244897945237
LUX,2010,0.307441884713422
LUX,2011,0.306797621321266
LUX,2012,0.307592349561352
LUX,2013,0.306578578245816
LUX,2014,0.304532109455238
LUX,2015,0.303678209160099
LUX,2016,0.300690923925103
LUX,2017,0.30327376283152
LUX,2018,0.307782445218827
LUX,2019,0.307242988384219
LUX,2020,0.30823069807938
LUX,2021,0.307571072543392
LUX,2022,0.310316455288491
LUX,2023,0.31132701026558
LUX,2025,0.3127
LVA,1990,0.3951
LVA,1995,0.388061325851765
LVA,1996,0.389710416326391
LVA,1997,0.384265715614178
LVA,1998,0.382420128641616
LVA,1999,0.379777777243889
LVA,2000,0.380994721772019
LVA,2001,0.380322464064953
LVA,2002,0.379145220706289
LVA,2003,0.378635277722721
LVA,2004,0.379086540821845
LVA,2005,0.37609291378253
LVA,2006,0.375548960821245
LVA,2007,0.373210386310026
LVA,2008,0.372268216195968
LVA,2009,0.375640009071488
LVA,2010,0.366813811492158
LVA,2011,0.372654243915782
LVA,2012,0.37245517142689
LVA,2013,0.37101317876385
LVA,2014,0.363794396198966
LVA,2015,0.366959179724403
LVA,2016,0.365716759981622
LVA,2017,0.366032801273666
LVA,2018,0.366192873144487
LVA,2019,0.366252654775584
LVA,2020,0.365878712144315
LVA,2021,0.361878334631761
LVA,2022,0.36056315427972
LVA,2023,0.359746053956523
LVA,2025,0.3572
MAR,1990,0.44
MAR,1995,0.436078511617363
MAR,1996,0.432307959917286
MAR,1997,0.431744993578168
MAR,1998,0.431554299417908
MAR,1999,0.430421717531115
MAR,2000,0.432142720967652
MAR,2001,0.433743764758037
MAR,2002,0.432048159716637
MAR,2003,0.430883738621952
MAR,2004,0.424427339752129
MAR,2005,0.420183234493
MAR,2006,0.41177318807079
MAR,2007,0.41656040347239
MAR,2008,0.409997148276061
MAR,2009,0.404205422983343
MAR,2010,0.396514936440489
MAR,2011,0.393088873092612
MAR,2012,0.392080635427409
MAR,2013,0.390132389217448
MAR,2014,0.389900621917994
MAR,2015,0.387929474482901
MAR,2016,0.388211825671083
MAR,2017,0.385973211813743
MAR,2018,0.370643295821419
MAR,2019,0.3663515310315
MAR,2020,0.367890895438637
MAR,2021,0.367810437024622
MAR,2022,0.368076504517078
MAR,2023,0.368260848468096
MAR,2025,0.3673
MDA,1990,0.4391
MDA,1995,0.4445581767613
MDA,1996,0.450080124553351
MDA,1997,0.447848806109329
MDA,1998,0.441855894954781
MDA,1999,0.441155582389647
MDA,2000,0.449993109654637
MDA,2001,0.436069693301308
MDA,2002,0.43338039694976
MDA,2003,0.429899105764652
MDA,2004,0.42136750035245
MDA,2005,0.419031176180265
MDA,2006,0.416484036979586
MDA,2007,0.414438562979627
MDA,2008,0.411599924527842
MDA,2009,0.418744792277074
MDA,2010,0.410949955787504
MDA,2011,0.40130448965396
MDA,2012,0.398016404310023
MDA,2013,0.397250031907022
MDA,2014,0.39612880635998
MDA,2015,0.393627658923589
MDA,2016,0.389568437351924
MDA,2017,0.391792597186171
MDA,2018,0.390688226400002
MDA,2019,0.394678583383249
MDA,2020,0.393951500176275
MDA,2021,0.393730588254568
MDA,2022,0.394755136484515
MDA,2023,0.393818145977452
MDA,2025,0.3951
MDG,1990,0.5637
MDG,1995,0.561688376000934
MDG,1996,0.559229883131275
MDG,1997,0.561283270300345
MDG,1998,0.561795155656527
MDG,1999,0.560829689875987
MDG,2000,0.559695536508706
MDG,2001,0.566836512205375
MDG,2002,0.57831197254961
MDG,2003,0.568433729097204
MDG,2004,0.57956001193534
MDG,2005,0.579120899606813
MDG,2006,0.576745312650426
MDG,2007,0.566921428942467
MDG,2008,0.564512806119042
MDG,2009,0.564872802819463
MDG,2010,0.556561456916853
MDG,2011,0.566092482791766
MDG,2012,0.559734295644905
MDG,2013,0.563183238766677
MDG,2014,0.562039788957694
MDG,2015,0.562992176635886
MDG,2016,0.560560809572194
MDG,2017,0.557930609748016
MDG,2018,0.556433304605233
MDG,2019,0.559621079679443
MDG,2020,0.559782235908273
MDG,2021,0.560725603409186
MDG,2022,0.559544225647666
MDG,2023,0.557511934775167
MDG,2025,0.5579
MDV,1990,0.6365
MDV,1995,0.621575623222116
MDV,1996,0.623553187510116
MDV,1997,0.61595510648983
MDV,1998,0.612395646267313
MDV,1999,0.60791857695067
MDV,2000,0.606651137733582
MDV,2001,0.60143225452356
MDV,2002,0.605485549289935
MDV,2003,0.601601782123699
MDV,2004,0.594006671859203
MDV,2005,0.582676441239962
MDV,2006,0.578795116219949
MDV,2007,0.569332446353953
MDV,2008,0.57118840095861
MDV,2009,0.567741251297884
MDV,2010,0.565839746653439
MDV,2011,0.563916022136413
MDV,2012,0.555617001501252
MDV,2013,0.555611164023578
MDV,2014,0.553405919616598
MDV,2015,0.550916393953225
MDV,2016,0.552399135491825
MDV,2017,0.548109710191135
MDV,2018,0.541505374920441
MDV,2019,0.549424747598157
MDV,2020,0.54901933631487
MDV,2021,0.56299722912185
MDV,2022,0.550466934399729
MDV,2023,0.550394839290001
MDV,2025,0.554
MEX,1990,0.4074
MEX,1995,0.403988942817951
MEX,1996,0.404552426871666
MEX,1997,0.404214433352505
MEX,1998,0.402436402490501
MEX,1999,0.402265820896468
MEX,2000,0.400597639310093
MEX,2001,0.401866834496344
MEX,2002,0.399859423793856
MEX,2003,0.399244681554684
MEX,2004,0.398210765891782
MEX,2005,0.395691600985669
MEX,2006,0.394684907215138
MEX,2007,0.393447393727968
MEX,2008,0.39177634733897
MEX,2009,0.38975107901478
MEX,2010,0.38752274180135
MEX,2011,0.38641295329293
MEX,2012,0.385167231682347
MEX,2013,0.384020785303454
MEX,2014,0.383183733373154
MEX,2015,0.382413818226495
MEX,2016,0.383589815721885
MEX,2017,0.384372944100668
MEX,2018,0.384261778402569
MEX,2019,0.385954282410839
MEX,2020,0.383681839903552
MEX,2021,0.384418019178988
MEX,2022,0.387241881249785
MEX,2023,0.386509692483505
MEX,2025,0.3874
MHL,1990,0.5877
MHL,1995,0.579875183693631
MHL,1996,0.57825889784184
MHL,1997,0.576589294470211
MHL,1998,0.574901126445499
MHL,1999,0.573400176461439
MHL,2000,0.572021529390428
MHL,2001,0.569916894206408
MHL,2002,0.567905860077619
MHL,2003,0.565989470041201
MHL,2004,0.564227846932929
MHL,2005,0.562727066683288
MHL,2006,0.561520451832056
MHL,2007,0.563459844229784
MHL,2008,0.558714693412458
MHL,2009,0.558093900351415
MHL,2010,0.555787267906316
MHL,2011,0.55293962640476
MHL,2012,0.552811846291629
MHL,2013,0.551877341219191
MHL,2014,0.550778644303417
MHL,2015,0.549632822478677
MHL,2016,0.548551859601657
MHL,2017,0.54724760216239
MHL,2018,0.544379034938325
MHL,2019,0.59124267970553
MHL,2020,0.589650686282419
MHL,2021,0.588768191070765
MHL,2022,0.589331336269691
MHL,2023,0.58989667559945
MHL,2025,0.6081
MKD,1990,0.3862
MKD,1995,0.381889558658791
MKD,1996,0.382055499035281
MKD,1997,0.381762857779643
MKD,1998,0.379593302715445
MKD,1999,0.375700948524713
MKD,2000,0.377544770362739
MKD,2001,0.375899282677917
MKD,2002,0.380373449623755
MKD,2003,0.371531711179828
MKD,2004,0.372028809504829
MKD,2005,0.371326547006799
MKD,2006,0.370495169218303
MKD,2007,0.368710183181084
MKD,2008,0.370517172992377
MKD,2009,0.369558874511462
MKD,2010,0.364606732153453
MKD,2011,0.364186034309867
MKD,2012,0.365244289048668
MKD,2013,0.363540655161693
MKD,2014,0.365525395159592
MKD,2015,0.366102359413344
MKD,2016,0.367591218268145
MKD,2017,0.36930758109731
MKD,2018,0.373478758269516
MKD,2019,0.370800404566671
MKD,2020,0.371385804723928
MKD,2021,0.374199336804587
MKD,2022,0.371483230477939
MKD,2023,0.372276057783572
MKD,2025,0.3718
MLI,1990,0.6368
MLI,1995,0.624534226560152
MLI,1996,0.625419442359412
MLI,1997,0.622645871417464
MLI,1998,0.622556977429813
MLI,1999,0.617950791521872
MLI,2000,0.612225110682989
MLI,2001,0.60722343864658
MLI,2002,0.613740313173059
MLI,2003,0.60472676929864
MLI,2004,0.602579006112848
MLI,2005,0.603322132064684
MLI,2006,0.608563731778062
MLI,2007,0.603020411744247
MLI,2008,0.601130237139916
MLI,2009,0.600829560610282
MLI,2010,0.601746313537067
MLI,2011,0.607523226047
MLI,2012,0.607629348326916
MLI,2013,0.608337117400552
MLI,2014,0.607885796791565
MLI,2015,0.60764909601053
MLI,2016,0.602758778752269
MLI,2017,0.600515731250375
MLI,2018,0.598208739198538
MLI,2019,0.587369837716638
MLI,2020,0.568332658472025
MLI,2021,0.573314401933221
MLI,2022,0.575798941542314
MLI,2023,0.575536510573169
MLI,2025,0.5665
MLT,1990,0.3274
MLT,1995,0.326815143673269
MLT,1996,0.330299524215417
MLT,1997,0.32817843086127
MLT,1998,0.324012811464118
MLT,1999,0.329695048110663
MLT,2000,0.326237132083395
MLT,2001,0.330014950735227
MLT,2002,0.327038670393576
MLT,2003,0.328268755027532
MLT,2004,0.326298072328416
MLT,2005,0.324618719237279
MLT,2006,0.322582149259572
MLT,2007,0.32508991118819
MLT,2008,0.326800408083769
MLT,2009,0.325661369301795
MLT,2010,0.328189093905566
MLT,2011,0.327312496423035
MLT,2012,0.325823922871526
MLT,2013,0.328949078103243
MLT,2014,0.326774749287953
MLT,2015,0.326316113004094
MLT,2016,0.328527094638096
MLT,2017,0.332432346221006
MLT,2018,0.333565672288326
MLT,2019,0.331423846310407
MLT,2020,0.32565709835759
MLT,2021,0.321663438726936
MLT,2022,0.318458676928923
MLT,2023,0.319719009677223
MLT,2025,0.3142
MMR,1990,0.542
MMR,1995,0.537432864569341
MMR,1996,0.536697427962092
MMR,1997,0.537110055675811
MMR,1998,0.535433418831822
MMR,1999,0.534824772445235
MMR,2000,0.532874901783573
MMR,2001,0.532134635007224
MMR,2002,0.529963900535736
MMR,2003,0.531429847304512
MMR,2004,0.531428731255843
MMR,2005,0.528382952346967
MMR,2006,0.527554781636954
MMR,2007,0.521651344536747
MMR,2008,0.521788870432622
MMR,2009,0.520115867062162
MMR,2010,0.51744743655342
MMR,2011,0.515544320044431
MMR,2012,0.511163679726638
MMR,2013,0.511879317668427
MMR,2014,0.512932144089253
MMR,2015,0.499034539629541
MMR,2016,0.501738491263495
MMR,2017,0.491211791239889
MMR,2018,0.498560861060093
MMR,2019,0.500722761257205
MMR,2020,0.505302760934705
MMR,2021,0.515348157477337
MMR,2022,0.515496947663429
MMR,2023,0.514340557222612
MMR,2025,0.5207
MNE,1990,0.3943
MNE,1995,0.394241566613511
MNE,1996,0.394193953140548
MNE,1997,0.39412310322625
MNE,1998,0.394036976209055
MNE,1999,0.393959447874782
MNE,2000,0.394181611280003
MNE,2001,0.39441947601775
MNE,2002,0.394314088201256
MNE,2003,0.394200226878752
MNE,2004,0.394015543049886
MNE,2005,0.393432326428319
MNE,2006,0.393992842585724
MNE,2007,0.394654853310523
MNE,2008,0.391337534359331
MNE,2009,0.391914961641068
MNE,2010,0.384114527396856
MNE,2011,0.385924209934143
MNE,2012,0.384790093146868
MNE,2013,0.370588459257287
MNE,2014,0.370826654320835
MNE,2015,0.37237260631171
MNE,2016,0.373353897756685
MNE,2017,0.37140158002766
MNE,2018,0.365174984502244
MNE,2019,0.36559408836757
MNE,2020,0.361988140209549
MNE,2021,0.364811149032423
MNE,2022,0.364213478324665
MNE,2023,0.363229797256813
MNE,2025,0.3625
MNG,1990,0.4393
MNG,1995,0.439773667941407
MNG,1996,0.438395594138523
MNG,1997,0.439287225647363
MNG,1998,0.438844913896195
MNG,1999,0.435545780160703
MNG,2000,0.440266124532909
MNG,2001,0.437814130553697
MNG,2002,0.432422423906685
MNG,2003,0.424305078213076
MNG,2004,0.421918750834796
MNG,2005,0.404709806534258
MNG,2006,0.40581541246131
MNG,2007,0.40203032864472
MNG,2008,0.402868488527008
MNG,2009,0.400713037092502
MNG,2010,0.397756134097514
MNG,2011,0.398728682766065
MNG,2012,0.391149283313261
MNG,2013,0.389189323289862
MNG,2014,0.386440761874217
MNG,2015,0.386213575831421
MNG,2016,0.391070259390769
MNG,2017,0.365912821041466
MNG,2018,0.361012806076537
MNG,2019,0.350603232502162
MNG,2020,0.351227568538759
MNG,2021,0.35193869374302
MNG,2022,0.364897175053049
MNG,2023,0.365310365874975
MNG,2025,0.367
MOZ,1990,0.5196
MOZ,1995,0.50766298207097
MOZ,1996,0.507037437876289
MOZ,1997,0.507274470854132
MOZ,1998,0.504194005610655
MOZ,1999,0.4997547397171
MOZ,2000,0.495699743478995
MOZ,2001,0.510218629615899
MOZ,2002,0.509319375124642
MOZ,2003,0.508008176248244
MOZ,2004,0.503657815790071
MOZ,2005,0.500765763923089
MOZ,2006,0.499498561284894
MOZ,2007,0.501218147930014
MOZ,2008,0.499101325188395
MOZ,2009,0.500210207454076
MOZ,2010,0.498301630599308
MOZ,2011,0.499005122418093
MOZ,2012,0.498403175727957
MOZ,2013,0.496612364902262
MOZ,2014,0.495289694956668
MOZ,2015,0.494313719790159
MOZ,2016,0.494692762150824
MOZ,2017,0.494970818553045
MOZ,2018,0.492964879829689
MOZ,2019,0.493696258130162
MOZ,2020,0.494780371136377
MOZ,2021,0.495192645635199
MOZ,2022,0.491543032423197
MOZ,2023,0.493088994998562
MOZ,2025,0.4931
MRT,1990,0.566
MRT,1995,0.573551098779419
MRT,1996,0.57382665323547
MRT,1997,0.575175267020187
MRT,1998,0.576732188304963
MRT,1999,0.579071625444797
MRT,2000,0.581104334883587
MRT,2001,0.578432583439209
MRT,2002,0.580051699763032
MRT,2003,0.584919122906463
MRT,2004,0.575395266180026
MRT,2005,0.576125123904548
MRT,2006,0.554561206927357
MRT,2007,0.553277885635933
MRT,2008,0.551403805499023
MRT,2009,0.565179754578166
MRT,2010,0.553328188081541
MRT,2011,0.561993837453369
MRT,2012,0.55330751606312
MRT,2013,0.556375283447143
MRT,2014,0.55916029198934
MRT,2015,0.562964790827046
MRT,2016,0.558962150532615
MRT,2017,0.561639620698017
MRT,2018,0.55712734035573
MRT,2019,0.557229847303515
MRT,2020,0.558666433289015
MRT,2021,0.566240435346283
MRT,2022,0.578473639215463
MRT,2023,0.578337692788211
MRT,2025,0.5868
MUS,1990,0.4373
MUS,1995,0.443285144605467
MUS,1996,0.444669353266466
MUS,1997,0.44247651105268
MUS,1998,0.447630185296453
MUS,1999,0.449440652150742
MUS,2000,0.449223682115408
MUS,2001,0.451323156806297
MUS,2002,0.447228832204673
MUS,2003,0.443377123479088
MUS,2004,0.441968644162139
MUS,2005,0.439631688324301
MUS,2006,0.440155022088321
MUS,2007,0.44263495888648
MUS,2008,0.446188977107838
MUS,2009,0.445844821901668
MUS,2010,0.448441481488588
MUS,2011,0.44425514571248
MUS,2012,0.439253168600273
MUS,2013,0.44074067666562
MUS,2014,0.437997251163699
MUS,2015,0.443353233563543
MUS,2016,0.43723837238164
MUS,2017,0.43747742174497
MUS,2018,0.437449615364854
MUS,2019,0.435798420445558
MUS,2020,0.409486296445023
MUS,2021,0.409651226142841
MUS,2022,0.411210259447303
MUS,2023,0.411861399624017
MUS,2025,0.4016
MWI,1990,0.6109
MWI,1995,0.606269729278927
MWI,1996,0.606055918616996
MWI,1997,0.606122967450289
MWI,1998,0.605645757692994
MWI,1999,0.604136436003604
MWI,2000,0.601601429247874
MWI,2001,0.60143100934958
MWI,2002,0.604250403645556
MWI,2003,0.597924011393041
MWI,2004,0.594734550533172
MWI,2005,0.58987579435837
MWI,2006,0.585409792950578
MWI,2007,0.580438620031308
MWI,2008,0.578111021687031
MWI,2009,0.574222356156361
MWI,2010,0.574284682369751
MWI,2011,0.570597485813972
MWI,2012,0.563938655543755
MWI,2013,0.563498920837877
MWI,2014,0.558709307506665
MWI,2015,0.558479197617155
MWI,2016,0.562367476086165
MWI,2017,0.557586126597229
MWI,2018,0.554563068922545
MWI,2019,0.556768368153824
MWI,2020,0.555590446623582
MWI,2021,0.551880779589788
MWI,2022,0.549897436371894
MWI,2023,0.549017491656397
MWI,2025,0.5468
MYS,1990,0.4029
MYS,1995,0.400976688707151
MYS,1996,0.401528391751664
MYS,1997,0.400427359324264
MYS,1998,0.400669678659713
MYS,1999,0.400054710378045
MYS,2000,0.399015748129945
MYS,2001,0.397768737566039
MYS,2002,0.396713753138164
MYS,2003,0.395590886659911
MYS,2004,0.394800007831878
MYS,2005,0.392930049557538
MYS,2006,0.391827375209912
MYS,2007,0.393867399818965
MYS,2008,0.388868724238608
MYS,2009,0.386934654572847
MYS,2010,0.384271245629017
MYS,2011,0.383472354958682
MYS,2012,0.381913355522797
MYS,2013,0.380429451434245
MYS,2014,0.37996270267978
MYS,2015,0.379698054809333
MYS,2016,0.383006491575098
MYS,2017,0.381047159262423
MYS,2018,0.380606429654715
MYS,2019,0.374089712791532
MYS,2020,0.369015610428239
MYS,2021,0.366450810684965
MYS,2022,0.367072400706851
MYS,2023,0.366926701483168
MYS,2025,0.3615
NAM,1990,0.5084
NAM,1995,0.501346204021838
NAM,1996,0.5009653566584
NAM,1997,0.499610884078096
NAM,1998,0.497741319745881
NAM,1999,0.496655273902632
NAM,2000,0.494267830155714
NAM,2001,0.493862756429128
NAM,2002,0.491475303577355
NAM,2003,0.492739320168792
NAM,2004,0.501356409650483
NAM,2005,0.507664505137568
NAM,2006,0.509520042136215
NAM,2007,0.502667945390635
NAM,2008,0.504906004881715
NAM,2009,0.502905573955483
NAM,2010,0.498206341321677
NAM,2011,0.490432966609929
NAM,2012,0.480969763323679
NAM,2013,0.48154237899459
NAM,2014,0.479831274128853
NAM,2015,0.478229315004604
NAM,2016,0.472744204098145
NAM,2017,0.45721279263477
NAM,2018,0.471991095958088
NAM,2019,0.471113637874608
NAM,2020,0.460257031741851
NAM,2021,0.459202894303039
NAM,2022,0.454471623224964
NAM,2023,0.454056125631941
NAM,2025,0.4469
NER,1990,0.6531
NER,1995,0.652554242766951
NER,1996,0.657934023332277
NER,1997,0.656012688547114
NER,1998,0.65631167983222
NER,1999,0.650480522533867
NER,2000,0.652017137144828
NER,2001,0.651353407019254
NER,2002,0.645821895977837
NER,2003,0.642366180769726
NER,2004,0.640185094455985
NER,2005,0.640370253330974
NER,2006,0.636156563451163
NER,2007,0.638504283782757
NER,2008,0.63788655713211
NER,2009,0.631067400532924
NER,2010,0.633753701586389
NER,2011,0.62971346588411
NER,2012,0.630239863248394
NER,2013,0.629676782847855
NER,2014,0.630158065960805
NER,2015,0.638779038652814
NER,2016,0.630497689644667
NER,2017,0.632401411257326
NER,2018,0.634311755800652
NER,2019,0.632172292951526
NER,2020,0.636210209976432
NER,2021,0.636363994623754
NER,2022,0.636150298318516
NER,2023,0.632980520703441
NER,2025,0.6324
NGA,1990,0.5374
NGA,1995,0.534217705720128
NGA,1996,0.533583216655698
NGA,1997,0.533052695399218
NGA,1998,0.532703786631925
NGA,1999,0.534072196716581
NGA,2000,0.53107653703819
NGA,2001,0.51940482360549
NGA,2002,0.515655850178669
NGA,2003,0.506717380992885
NGA,2004,0.50638117513677
NGA,2005,0.502593798972538
NGA,2006,0.501916906727077
NGA,2007,0.501913194096438
NGA,2008,0.496121018576662
NGA,2009,0.496339350989485
NGA,2010,0.493774097838235
NGA,2011,0.501718441995353
NGA,2012,0.498387895347374
NGA,2013,0.496801022106315
NGA,2014,0.49309484991801
NGA,2015,0.490498339431778
NGA,2016,0.489853259831972
NGA,2017,0.486859524765648
NGA,2018,0.480405365268941
NGA,2019,0.48323744397436
NGA,2020,0.482534841638638
NGA,2021,0.484804107635121
NGA,2022,0.481958060353424
NGA,2023,0.481084976726398
NGA,2025,0.4814
NIC,1990,0.4933
NIC,1995,0.479365221011963
NIC,1996,0.477158610111937
NIC,1997,0.472166883837597
NIC,1998,0.473346076739124
NIC,1999,0.469325087868036
NIC,2000,0.465385366348485
NIC,2001,0.473277310056627
NIC,2002,0.466331420420438
NIC,2003,0.471171006187319
NIC,2004,0.472313761927171
NIC,2005,0.471298209210827
NIC,2006,0.461875029624355
NIC,2007,0.46385479062054
NIC,2008,0.461196942284104
NIC,2009,0.45899284991777
NIC,2010,0.459271655887384
NIC,2011,0.459542647877554
NIC,2012,0.452815375388235
NIC,2013,0.452950662835275
NIC,2014,0.451364026740218
NIC,2015,0.447618301880381
NIC,2016,0.442697342501268
NIC,2017,0.444254072773178
NIC,2018,0.441915124836217
NIC,2019,0.443047130721158
NIC,2020,0.443666824280913
NIC,2021,0.442803772803319
NIC,2022,0.445967844566188
NIC,2023,0.445563118016567
NIC,2025,0.447
NLD,1990,0.3197
NLD,1995,0.327244062758629
NLD,1996,0.32697191664525
NLD,1997,0.330690875660776
NLD,1998,0.330617275189242
NLD,1999,0.334512837507255
NLD,2000,0.334830541540368
NLD,2001,0.336470721338788
NLD,2002,0.337943074616251
NLD,2003,0.341282174578489
NLD,2004,0.339249882617384
NLD,2005,0.342100112979137
NLD,2006,0.341405575946458
NLD,2007,0.339400698804063
NLD,2008,0.339960167378601
NLD,2009,0.343362929003179
NLD,2010,0.339401846541543
NLD,2011,0.33682012227623
NLD,2012,0.33778715779496
NLD,2013,0.339662083441348
NLD,2014,0.341038430662212
NLD,2015,0.342168905672133
NLD,2016,0.340229990159378
NLD,2017,0.341666755484654
NLD,2018,0.34569109624607
NLD,2019,0.349403851367768
NLD,2020,0.349538507617097
NLD,2021,0.346552502558627
NLD,2022,0.356583781278182
NLD,2023,0.353879572190633
NLD,2025,0.3572
NOR,1990,0.262
NOR,1995,0.262314387961089
NOR,1996,0.26283229551919
NOR,1997,0.262660065577147
NOR,1998,0.262449940235109
NOR,1999,0.262471384717166
NOR,2000,0.262613544094074
NOR,2001,0.261835039744422
NOR,2002,0.261448020850785
NOR,2003,0.260707229713438
NOR,2004,0.259262574846228
NOR,2005,0.258438181318393
NOR,2006,0.257301374691029
NOR,2007,0.256735748758909
NOR,2008,0.255192736870546
NOR,2009,0.254550352308225
NOR,2010,0.252714493089628
NOR,2011,0.253656861347182
NOR,2012,0.255054566936192
NOR,2013,0.255185294527406
NOR,2014,0.254184337171469
NOR,2015,0.254827773865645
NOR,2016,0.255837330760311
NOR,2017,0.256034605455785
NOR,2018,0.256872362189541
NOR,2019,0.256705097134546
NOR,2020,0.256963602052848
NOR,2021,0.256395531638302
NOR,2022,0.255191471668855
NOR,2023,0.2556147185431
NOR,2025,0.2551
NPL,1990,0.5487
NPL,1995,0.553512904019091
NPL,1996,0.561725045690079
NPL,1997,0.559426324767536
NPL,1998,0.555182703425321
NPL,1999,0.559984073057035
NPL,2000,0.558320333876512
NPL,2001,0.563646944641291
NPL,2002,0.552391133973852
NPL,2003,0.551034714506654
NPL,2004,0.551435329057066
NPL,2005,0.544844156777818
NPL,2006,0.543547786004346
NPL,2007,0.531206278537535
NPL,2008,0.529781505965619
NPL,2009,0.527287435398249
NPL,2010,0.521146946672907
NPL,2011,0.514616993631517
NPL,2012,0.513506856315141
NPL,2013,0.509472657160503
NPL,2014,0.505796390058586
NPL,2015,0.504916452701541
NPL,2016,0.50022651998929
NPL,2017,0.505137399429765
NPL,2018,0.489990448056183
NPL,2019,0.477679024590749
NPL,2020,0.484707402872627
NPL,2021,0.490652207174852
NPL,2022,0.490979684097643
NPL,2023,0.490027728692084
NPL,2025,0.49
NRU,1990,0.514
NRU,1995,0.509459804533476
NRU,1996,0.514607580642195
NRU,1997,0.517761336150519
NRU,1998,0.517013532537468
NRU,1999,0.509822533488532
NRU,2000,0.504879363565865
NRU,2001,0.51907099308259
NRU,2002,0.533768459387444
NRU,2003,0.521366075445584
NRU,2004,0.536688146868782
NRU,2005,0.5117380645715
NRU,2006,0.520266342541828
NRU,2007,0.560954222258655
NRU,2008,0.566861630597727
NRU,2009,0.567469475933881
NRU,2010,0.569045931099305
NRU,2011,0.569198237536058
NRU,2012,0.568136551763396
NRU,2013,0.562776240064611
NRU,2014,0.528374362003206
NRU,2015,0.554999777807608
NRU,2016,0.503191039130125
NRU,2017,0.54457668884183
NRU,2018,0.504747614409587
NRU,2019,0.499010213312132
NRU,2020,0.505135293464364
NRU,2021,0.521498695559939
NRU,2022,0.508930201572834
NRU,2023,0.509133496151699
NRU,2025,0.5109
NZL,1990,0.3188
NZL,1995,0.317336398368869
NZL,1996,0.316951985192253
NZL,1997,0.31766528279003
NZL,1998,0.318250240431152
NZL,1999,0.317120714008721
NZL,2000,0.315881152280605
NZL,2001,0.313574554076851
NZL,2002,0.313671667800182
NZL,2003,0.312356198228773
NZL,2004,0.311660362936374
NZL,2005,0.309837055733074
NZL,2006,0.309769068775712
NZL,2007,0.308135027030243
NZL,2008,0.304804921001529
NZL,2009,0.306502996670472
NZL,2010,0.304509030403551
NZL,2011,0.303260934893808
NZL,2012,0.304325577292489
NZL,2013,0.305087376121083
NZL,2014,0.303632159404232
NZL,2015,0.302907976298061
NZL,2016,0.306129278939065
NZL,2017,0.303917581081074
NZL,2018,0.303696156852219
NZL,2019,0.304369305282135
NZL,2020,0.304090232119636
NZL,2021,0.303710150251254
NZL,2022,0.303377602356491
NZL,2023,0.304262215654337
NZL,2025,0.3045
OMN,1990,0.4449
OMN,1995,0.441990041018002
OMN,1996,0.438238908560165
OMN,1997,0.438095687350942
OMN,1998,0.437666126395553
OMN,1999,0.440105264148437
OMN,2000,0.439119237378922
OMN,2001,0.43790835952085
OMN,2002,0.435718148373617
OMN,2003,0.426211462658911
OMN,2004,0.428209562130224
OMN,2005,0.426219717064508
OMN,2006,0.424596398793632
OMN,2007,0.423917909600024
OMN,2008,0.42300688300717
OMN,2009,0.421660994629966
OMN,2010,0.421266977316988
OMN,2011,0.42034215969298
OMN,2012,0.419217425855702
OMN,2013,0.418300163643185
OMN,2014,0.41845215614645
OMN,2015,0.417571641381122
OMN,2016,0.418133122343355
OMN,2017,0.419152903592648
OMN,2018,0.420923627376825
OMN,2019,0.423051959972855
OMN,2020,0.423851556555285
OMN,2021,0.423313604056039
OMN,2022,0.421309559062002
OMN,2023,0.420216953920259
OMN,2025,0.4199
PAK,1990,0.559
PAK,1995,0.553051752021308
PAK,1996,0.552668416452289
PAK,1997,0.55407265352449
PAK,1998,0.552051815192558
PAK,1999,0.549595484131982
PAK,2000,0.547059491589213
PAK,2001,0.543980127880054
PAK,2002,0.544420701931502
PAK,2003,0.543298869416633
PAK,2004,0.536182010155985
PAK,2005,0.534469830518449
PAK,2006,0.532289250890769
PAK,2007,0.531623641205052
PAK,2008,0.536352205415584
PAK,2009,0.532530723442618
PAK,2010,0.531160185987791
PAK,2011,0.530950937604175
PAK,2012,0.521180028445282
PAK,2013,0.520281226890853
PAK,2014,0.520406444703435
PAK,2015,0.515724272983339
PAK,2016,0.517577893687058
PAK,2017,0.518007728910123
PAK,2018,0.51763029206339
PAK,2019,0.506951247587565
PAK,2020,0.508462553338375
PAK,2021,0.511647290668511
PAK,2022,0.51413236664585
PAK,2023,0.515133465900456
PAK,2025,0.5141
PAN,1990,0.4328
PAN,1995,0.42802304067285
PAN,1996,0.426814940254
PAN,1997,0.427311787109532
PAN,1998,0.42725727672485
PAN,1999,0.42434557822088
PAN,2000,0.423207099528489
PAN,2001,0.422277027003646
PAN,2002,0.422111300219669
PAN,2003,0.41985397115998
PAN,2004,0.420004973126934
PAN,2005,0.418952051064355
PAN,2006,0.41645327710843
PAN,2007,0.415102947768499
PAN,2008,0.414765163195056
PAN,2009,0.413678694247517
PAN,2010,0.413670632373399
PAN,2011,0.409683985193785
PAN,2012,0.408026593549533
PAN,2013,0.40689954387127
PAN,2014,0.405735183077294
PAN,2015,0.40451737335103
PAN,2016,0.404104590723951
PAN,2017,0.404233803652863
PAN,2018,0.405026190469971
PAN,2019,0.405059087388519
PAN,2020,0.406154625171401
PAN,2021,0.409354244055769
PAN,2022,0.407037920259903
PAN,2023,0.406459590998431
PAN,2025,0.407
PER,1990,0.4563
PER,1995,0.454131788558447
PER,1996,0.454932435048707
PER,1997,0.454024514348146
PER,1998,0.453380520404758
PER,1999,0.451104510576578
PER,2000,0.451925555428686
PER,2001,0.45041649483267
PER,2002,0.449346187639454
PER,2003,0.450622411669067
PER,2004,0.449146173614033
PER,2005,0.445150810784917
PER,2006,0.443034251543622
PER,2007,0.437200162324403
PER,2008,0.433172459794396
PER,2009,0.434021238366732
PER,2010,0.426204261853152
PER,2011,0.425543403365404
PER,2012,0.422211957824745
PER,2013,0.420082032012466
PER,2014,0.419638432066655
PER,2015,0.418610382819989
PER,2016,0.41849476256328
PER,2017,0.419130102748907
PER,2018,0.419396288086282
PER,2019,0.415062472602087
PER,2020,0.408116465747984
PER,2021,0.410462562088861
PER,2022,0.408896845702446
PER,2023,0.409139536462229
PER,2025,0.405
PHL,1990,0.5037
PHL,1995,0.499359161756268
PHL,1996,0.499116470683725
PHL,1997,0.498989132302672
PHL,1998,0.498510298837535
PHL,1999,0.49667822576448
PHL,2000,0.495019077678436
PHL,2001,0.494667419461123
PHL,2002,0.489171786015559
PHL,2003,0.487295805957329
PHL,2004,0.484411808068319
PHL,2005,0.48444398784707
PHL,2006,0.483575180909931
PHL,2007,0.480321943052218
PHL,2008,0.479318603161144
PHL,2009,0.476885470098027
PHL,2010,0.476553409821965
PHL,2011,0.473255613872667
PHL,2012,0.473569565538227
PHL,2013,0.474348858957079
PHL,2014,0.473055411426584
PHL,2015,0.47321735750757
PHL,2016,0.471922008718057
PHL,2017,0.470245686455201
PHL,2018,0.467591301042969
PHL,2019,0.458656257994649
PHL,2020,0.454175973843537
PHL,2021,0.448997693509986
PHL,2022,0.445290563395014
PHL,2023,0.443831296581348
PHL,2025,0.4343
PLW,1990,0.5521
PLW,1995,0.544844322657092
PLW,1996,0.543787920662984
PLW,1997,0.542208121156714
PLW,1998,0.540520436366338
PLW,1999,0.538757463839605
PLW,2000,0.537572347898365
PLW,2001,0.540315588137175
PLW,2002,0.530966376815127
PLW,2003,0.532705575216749
PLW,2004,0.546931482195584
PLW,2005,0.547823828179377
PLW,2006,0.544551655725395
PLW,2007,0.54771000303823
PLW,2008,0.54672316441117
PLW,2009,0.542493539242745
PLW,2010,0.548728786064469
PLW,2011,0.536659054491353
PLW,2012,0.534627824947655
PLW,2013,0.525067603171788
PLW,2014,0.51996228370819
PLW,2015,0.514950812919954
PLW,2016,0.505278601158375
PLW,2017,0.506930707089808
PLW,2018,0.502215125451901
PLW,2019,0.500628185048913
PLW,2020,0.510137708394506
PLW,2021,0.508546652343951
PLW,2022,0.512241006510836
PLW,2023,0.512616259244501
PLW,2025,0.5168
PNG,1990,0.5503
PNG,1995,0.551743583031196
PNG,1996,0.555893267084172
PNG,1997,0.55932062152509
PNG,1998,0.558772758396146
PNG,1999,0.557583378220758
PNG,2000,0.553235045178009
PNG,2001,0.569686688862575
PNG,2002,0.581918317892381
PNG,2003,0.58477716027127
PNG,2004,0.578270014522787
PNG,2005,0.57620051205289
PNG,2006,0.577780828742751
PNG,2007,0.578129599026375
PNG,2008,0.573916105208838
PNG,2009,0.577091926653305
PNG,2010,0.58079939077733
PNG,2011,0.57596226250152
PNG,2012,0.573849071071731
PNG,2013,0.579846685650587
PNG,2014,0.58295341900761
PNG,2015,0.557201947611321
PNG,2016,0.567195551698301
PNG,2017,0.529891286167263
PNG,2018,0.53979498279377
PNG,2019,0.550290284670532
PNG,2020,0.53924634882507
PNG,2021,0.550574188251041
PNG,2022,0.550349180623927
PNG,2023,0.5495701839912
PNG,2025,0.5535
POL,1990,0.3136
POL,1995,0.312683101215081
POL,1996,0.313308796292633
POL,1997,0.312591881964896
POL,1998,0.312460842110981
POL,1999,0.312438564196976
POL,2000,0.311763374995077
POL,2001,0.311094962163072
POL,2002,0.309725855214253
POL,2003,0.309635172990478
POL,2004,0.308953507404722
POL,2005,0.308418299164702
POL,2006,0.308327617466084
POL,2007,0.309190439115016
POL,2008,0.309081555638668
POL,2009,0.308633356505395
POL,2010,0.307593531038375
POL,2011,0.307944231068481
POL,2012,0.306711067509004
POL,2013,0.305658722872648
POL,2014,0.305575177406473
POL,2015,0.304872058487951
POL,2016,0.304287020077528
POL,2017,0.306269623397326
POL,2018,0.306145325695153
POL,2019,0.30508687275089
POL,2020,0.304681661602221
POL,2021,0.302889721470088
POL,2022,0.3044610578046
POL,2023,0.305653132767215
POL,2025,0.3055
PRK,1990,0.5187
PRK,1995,0.497731552250023
PRK,1996,0.497964066045951
PRK,1997,0.491919424130646
PRK,1998,0.494396586001409
PRK,1999,0.484249888942208
PRK,2000,0.476774730211712
PRK,2001,0.47310153297874
PRK,2002,0.478222392262786
PRK,2003,0.478404699892164
PRK,2004,0.47418350424741
PRK,2005,0.473794697926748
PRK,2006,0.470981317150189
PRK,2007,0.472079415245514
PRK,2008,0.471036534762779
PRK,2009,0.468076477598699
PRK,2010,0.464256865249411
PRK,2011,0.460154351711709
PRK,2012,0.461664739539664
PRK,2013,0.462173047073407
PRK,2014,0.4647255623197
PRK,2015,0.463176677142972
PRK,2016,0.457895366153389
PRK,2017,0.455502069273017
PRK,2018,0.451281919725181
PRK,2019,0.457935301073009
PRK,2020,0.459796915608498
PRK,2021,0.460692320372448
PRK,2022,0.461060651066742
PRK,2023,0.460326605101431
PRK,2025,0.4639
PRT,1990,0.3691
PRT,1995,0.363135571163758
PRT,1996,0.359652586802702
PRT,1997,0.359395654788838
PRT,1998,0.357020034408191
PRT,1999,0.357680198678136
PRT,2000,0.357156141077419
PRT,2001,0.356857576300572
PRT,2002,0.352787108021866
PRT,2003,0.353028381356803
PRT,2004,0.350803468766367
PRT,2005,0.351669292131555
PRT,2006,0.349308254641708
PRT,2007,0.346329367908772
PRT,2008,0.346759594181013
PRT,2009,0.346546873977364
PRT,2010,0.342391582560376
PRT,2011,0.342130616541435
PRT,2012,0.340361125960428
PRT,2013,0.339264625160771
PRT,2014,0.334827756269113
PRT,2015,0.339079203815226
PRT,2016,0.331574295999
PRT,2017,0.323536483262044
PRT,2018,0.321469817580837
PRT,2019,0.319535945533368
PRT,2020,0.316340230191361
PRT,2021,0.316408592726151
PRT,2022,0.318670680946779
PRT,2023,0.318490170755297
PRT,2025,0.3173
PRY,1990,0.4224
PRY,1995,0.414491818521104
PRY,1996,0.41237319068067
PRY,1997,0.410818145192026
PRY,1998,0.410305258073423
PRY,1999,0.407599442174007
PRY,2000,0.406609719569926
PRY,2001,0.402578062828211
PRY,2002,0.39988926710554
PRY,2003,0.397011581794746
PRY,2004,0.39508842134982
PRY,2005,0.392096424267945
PRY,2006,0.389345797848591
PRY,2007,0.388532965595907
PRY,2008,0.387629292615259
PRY,2009,0.387609246636313
PRY,2010,0.385642720615073
PRY,2011,0.384260066303147
PRY,2012,0.383976975657083
PRY,2013,0.382460637314187
PRY,2014,0.380223703817868
PRY,2015,0.378855414095427
PRY,2016,0.377967965919639
PRY,2017,0.376131617185636
PRY,2018,0.373578020527405
PRY,2019,0.373138502268757
PRY,2020,0.374132933629259
PRY,2021,0.374896258237954
PRY,2022,0.372281349662248
PRY,2023,0.372450628094713
PRY,2025,0.372
QAT,1990,0.3779
QAT,1995,0.375298283190275
QAT,1996,0.375034476156392
QAT,1997,0.374224087894494
QAT,1998,0.373297139182001
QAT,1999,0.374813170251039
QAT,2000,0.372706566974167
QAT,2001,0.371044255845869
QAT,2002,0.370836829246139
QAT,2003,0.369523017896113
QAT,2004,0.368653984004625
QAT,2005,0.367070144808136
QAT,2006,0.364623452090097
QAT,2007,0.361503954181261
QAT,2008,0.360254124430138
QAT,2009,0.360137390209393
QAT,2010,0.357760213209329
QAT,2011,0.355981650727597
QAT,2012,0.354339165493314
QAT,2013,0.357658282209188
QAT,2014,0.363452613338318
QAT,2015,0.361594217338872
QAT,2016,0.360203363204
QAT,2017,0.359477872043042
QAT,2018,0.358286590866954
QAT,2019,0.357978629691449
QAT,2020,0.358359469152442
QAT,2021,0.356151505398721
QAT,2022,0.351252194834524
QAT,2023,0.351294466670451
QAT,2025,0.3485
ROU,1990,0.4429
ROU,1995,0.438380136844906
ROU,1996,0.436526966494237
ROU,1997,0.435403598686592
ROU,1998,0.435271729223829
ROU,1999,0.43291346816654
ROU,2000,0.433824562966077
ROU,2001,0.434395516178834
ROU,2002,0.432057197805434
ROU,2003,0.432372369028678
ROU,2004,0.431616513320347
ROU,2005,0.429309416945104
ROU,2006,0.428002392587356
ROU,2007,0.4288288442386
ROU,2008,0.427945656251421
ROU,2009,0.426618557153406
ROU,2010,0.425750065256542
ROU,2011,0.423734855890086
ROU,2012,0.422598120699237
ROU,2013,0.418602269205476
ROU,2014,0.414898842602282
ROU,2015,0.413314148956138
ROU,2016,0.413232432357143
ROU,2017,0.412524160505668
ROU,2018,0.411523601412906
ROU,2019,0.413188965833433
ROU,2020,0.412755130304206
ROU,2021,0.415390094291842
ROU,2022,0.412718450898782
ROU,2023,0.411779483689989
ROU,2025,0.4119
RUS,1990,0.3503
RUS,1995,0.35007230323925
RUS,1996,0.349243300784963
RUS,1997,0.349810290728743
RUS,1998,0.351945873064044
RUS,1999,0.349617848310633
RUS,2000,0.349855187392098
RUS,2001,0.346461739737233
RUS,2002,0.344151041081035
RUS,2003,0.339243509128076
RUS,2004,0.335145580983756
RUS,2005,0.333558279335486
RUS,2006,0.332251220134521
RUS,2007,0.331160531752144
RUS,2008,0.33083078668256
RUS,2009,0.331894110113002
RUS,2010,0.329666743054757
RUS,2011,0.327736396609131
RUS,2012,0.327926871365115
RUS,2013,0.32781890738845
RUS,2014,0.327062361982636
RUS,2015,0.328923864804837
RUS,2016,0.326836001168597
RUS,2017,0.324395299099424
RUS,2018,0.32284998645368
RUS,2019,0.322657723657281
RUS,2020,0.326653672211931
RUS,2021,0.325797704660565
RUS,2022,0.323491482501316
RUS,2023,0.32374114097316
RUS,2025,0.3241
RWA,1990,0.6146
RWA,1995,0.612544604971734
RWA,1996,0.612718464656816
RWA,1997,0.612091385493673
RWA,1998,0.614489827937328
RWA,1999,0.611180097962043
RWA,2000,0.610463211231247
RWA,2001,0.608095923975243
RWA,2002,0.602421936814023
RWA,2003,0.596892991448856
RWA,2004,0.596211522979412
RWA,2005,0.593288918260981
RWA,2006,0.592240626967703
RWA,2007,0.593324325967328
RWA,2008,0.589498989840812
RWA,2009,0.589346033111792
RWA,2010,0.586016708397629
RWA,2011,0.584889447692708
RWA,2012,0.582851255113001
RWA,2013,0.580580628605595
RWA,2014,0.576463773685521
RWA,2015,0.573004831576779
RWA,2016,0.572089477344117
RWA,2017,0.573362251261024
RWA,2018,0.570574828003403
RWA,2019,0.567434961574645
RWA,2020,0.565626884531712
RWA,2021,0.566805804122829
RWA,2022,0.567553315618115
RWA,2023,0.56727886777407
RWA,2025,0.566
SAU,1990,0.4443
SAU,1995,0.442272245124686
SAU,1996,0.441446255469358
SAU,1997,0.440102132688837
SAU,1998,0.439029592442014
SAU,1999,0.439178708130228
SAU,2000,0.440289294343725
SAU,2001,0.43903692718261
SAU,2002,0.439149481269123
SAU,2003,0.438867467804399
SAU,2004,0.437888638636014
SAU,2005,0.436122574407472
SAU,2006,0.433748025855654
SAU,2007,0.431948295082727
SAU,2008,0.426755200680548
SAU,2009,0.424587656980636
SAU,2010,0.422323550616671
SAU,2011,0.420754194953824
SAU,2012,0.419021326084971
SAU,2013,0.417854013587689
SAU,2014,0.415698201293607
SAU,2015,0.414613559216454
SAU,2016,0.414854334091432
SAU,2017,0.41821642261512
SAU,2018,0.416912528746994
SAU,2019,0.387575913064142
SAU,2020,0.386648295840214
SAU,2021,0.40993711328321
SAU,2022,0.40950147996743
SAU,2023,0.408246794806483
SAU,2025,0.4048
SDN,1990,0.6256
SDN,1995,0.622269121160108
SDN,1996,0.618067546207667
SDN,1997,0.617262290146405
SDN,1998,0.616743056459989
SDN,1999,0.614912817558972
SDN,2000,0.618894304851297
SDN,2001,0.615198151199297
SDN,2002,0.61482012375485
SDN,2003,0.613676142876293
SDN,2004,0.612441486976511
SDN,2005,0.61048938727574
SDN,2006,0.611994930908303
SDN,2007,0.607566335391368
SDN,2008,0.613274427439036
SDN,2009,0.613978977004454
SDN,2010,0.616247862753688
SDN,2011,0.615914056678017
SDN,2012,0.611708041963979
SDN,2013,0.610750685577877
SDN,2014,0.610836413397634
SDN,2015,0.605123568005821
SDN,2016,0.608752198274164
SDN,2017,0.606440467405254
SDN,2018,0.612661533232782
SDN,2019,0.602106332360783
SDN,2020,0.601558835885565
SDN,2021,0.606149535874464
SDN,2022,0.612830772554953
SDN,2023,0.611921181135229
SDN,2025,0.6116
SEN,1990,0.5501
SEN,1995,0.552072536595812
SEN,1996,0.552997326318155
SEN,1997,0.553022332230937
SEN,1998,0.555978189096108
SEN,1999,0.555411095058615
SEN,2000,0.554080686833828
SEN,2001,0.553586108209664
SEN,2002,0.549857972903737
SEN,2003,0.548882758540166
SEN,2004,0.545985622492391
SEN,2005,0.546202985406413
SEN,2006,0.541646637272233
SEN,2007,0.541293558585314
SEN,2008,0.540433554129144
SEN,2009,0.530241418190802
SEN,2010,0.531696186862795
SEN,2011,0.529299947598528
SEN,2012,0.529409962907046
SEN,2013,0.531648051037887
SEN,2014,0.53646153052446
SEN,2015,0.53976353166544
SEN,2016,0.536255884223343
SEN,2017,0.538785733145062
SEN,2018,0.538522117571205
SEN,2019,0.534732833405761
SEN,2020,0.533817927914738
SEN,2021,0.534453578561796
SEN,2022,0.53686679300475
SEN,2023,0.534856001387169
SEN,2025,0.5334
SGP,1990,0.3897
SGP,1995,0.394789095613341
SGP,1996,0.394486907030706
SGP,1997,0.393399320791374
SGP,1998,0.392943281253516
SGP,1999,0.396569679845709
SGP,2000,0.399894492391112
SGP,2001,0.403470824135805
SGP,2002,0.407183625376129
SGP,2003,0.405767187552224
SGP,2004,0.404682766635647
SGP,2005,0.403240522429849
SGP,2006,0.404425568279833
SGP,2007,0.403019850099196
SGP,2008,0.403375363355858
SGP,2009,0.400840521591031
SGP,2010,0.401011430777737
SGP,2011,0.402025255584521
SGP,2012,0.40132998454803
SGP,2013,0.397545446070951
SGP,2014,0.39478531692656
SGP,2015,0.389106947392325
SGP,2016,0.38951024555842
SGP,2017,0.388897107777909
SGP,2018,0.389227492267032
SGP,2019,0.39020540402473
SGP,2020,0.388143775608997
SGP,2021,0.387757294202907
SGP,2022,0.388398994532007
SGP,2023,0.38869248799521
SGP,2025,0.3885
SLB,1990,0.6236
SLB,1995,0.628042108911757
SLB,1996,0.628105997784692
SLB,1997,0.627287259907422
SLB,1998,0.627307924605199
SLB,1999,0.626843431422039
SLB,2000,0.632464063040492
SLB,2001,0.633586516573793
SLB,2002,0.675043155361104
SLB,2003,0.656059465853262
SLB,2004,0.665433822382648
SLB,2005,0.661051046189147
SLB,2006,0.666421084569449
SLB,2007,0.661460114732984
SLB,2008,0.659405360871841
SLB,2009,0.664872646908828
SLB,2010,0.654809195664584
SLB,2011,0.651981631502211
SLB,2012,0.651752665826952
SLB,2013,0.648481350556239
SLB,2014,0.644946655400707
SLB,2015,0.629316972262854
SLB,2016,0.632055769169608
SLB,2017,0.623685768180241
SLB,2018,0.610352980973044
SLB,2019,0.638168219135905
SLB,2020,0.598139487678856
SLB,2021,0.60450650189229
SLB,2022,0.632252808572338
SLB,2023,0.629252695947271
SLB,2025,0.6368
SLE,1990,0.5988
SLE,1995,0.600904027294724
SLE,1996,0.601522502406014
SLE,1997,0.601850036487802
SLE,1998,0.602303631072715
SLE,1999,0.602716329259359
SLE,2000,0.603032840180189
SLE,2001,0.605541900011611
SLE,2002,0.611953770383309
SLE,2003,0.601429229539303
SLE,2004,0.60486955773423
SLE,2005,0.607475725243042
SLE,2006,0.608328329303245
SLE,2007,0.601276844059022
SLE,2008,0.60097459969722
SLE,2009,0.603628805310329
SLE,2010,0.606969394280527
SLE,2011,0.600313011149251
SLE,2012,0.585241842233092
SLE,2013,0.592378658004514
SLE,2014,0.590507671603298
SLE,2015,0.596643178574334
SLE,2016,0.601487372724785
SLE,2017,0.604616790218206
SLE,2018,0.602029703729443
SLE,2019,0.601543158953183
SLE,2020,0.601727343362444
SLE,2021,0.596662978297744
SLE,2022,0.597606216663751
SLE,2023,0.597257262855005
SLE,2025,0.5953
SLV,1990,0.4539
SLV,1995,0.451340472158006
SLV,1996,0.450724197251026
SLV,1997,0.45053980933334
SLV,1998,0.450976587005429
SLV,1999,0.451209649185723
SLV,2000,0.448745854640713
SLV,2001,0.446619141143802
SLV,2002,0.443001547494903
SLV,2003,0.442095972715614
SLV,2004,0.44252920464299
SLV,2005,0.441327035843719
SLV,2006,0.440394019578883
SLV,2007,0.439267058104686
SLV,2008,0.433294329169774
SLV,2009,0.438777852759049
SLV,2010,0.433474166192647
SLV,2011,0.425835896079374
SLV,2012,0.42560154447675
SLV,2013,0.419193867649106
SLV,2014,0.419612762662744
SLV,2015,0.424611145613449
SLV,2016,0.426105627643718
SLV,2017,0.420082615488213
SLV,2018,0.419965488050711
SLV,2019,0.422757952425856
SLV,2020,0.419508084286119
SLV,2021,0.418660494785951
SLV,2022,0.424035884409246
SLV,2023,0.425438252888859
SLV,2025,0.4276
SOM,1990,0.638
SOM,1995,0.641696215239402
SOM,1996,0.642769541777639
SOM,1997,0.643838271468751
SOM,1998,0.644802357686311
SOM,1999,0.645740174841911
SOM,2000,0.645437316492326
SOM,2001,0.643008212997071
SOM,2002,0.64064220639402
SOM,2003,0.638243089540101
SOM,2004,0.63578351214555
SOM,2005,0.633327412710767
SOM,2006,0.632057714238261
SOM,2007,0.630776864043592
SOM,2008,0.63013971402539
SOM,2009,0.629174284768571
SOM,2010,0.617915707236379
SOM,2011,0.617400300827443
SOM,2012,0.616904546397542
SOM,2013,0.616817853096987
SOM,2014,0.615630142732033
SOM,2015,0.615160463270685
SOM,2016,0.614490419631057
SOM,2017,0.612829878146701
SOM,2018,0.612257568893662
SOM,2019,0.612317108235932
SOM,2020,0.611341597741786
SOM,2021,0.611249211771835
SOM,2022,0.611213911169677
SOM,2023,0.610504400996975
SOM,2025,0.6098
SRB,1990,0.4204
SRB,1995,0.419929686990166
SRB,1996,0.424918000775846
SRB,1997,0.425717059156065
SRB,1998,0.423889383071462
SRB,1999,0.41987901787858
SRB,2000,0.4194429844742
SRB,2001,0.424502028532861
SRB,2002,0.42482695732131
SRB,2003,0.424961237784113
SRB,2004,0.425727613177579
SRB,2005,0.425787502217718
SRB,2006,0.425792822463173
SRB,2007,0.424512739707409
SRB,2008,0.42631654008308
SRB,2009,0.424078589183431
SRB,2010,0.422740396873274
SRB,2011,0.421167799628072
SRB,2012,0.414202338571523
SRB,2013,0.410650726026746
SRB,2014,0.40438529700635
SRB,2015,0.405066633735588
SRB,2016,0.404403902901198
SRB,2017,0.405534117204153
SRB,2018,0.428303729515943
SRB,2019,0.428183956787165
SRB,2020,0.422735956411257
SRB,2021,0.420856628020356
SRB,2022,0.422948404408459
SRB,2023,0.421516261713672
SRB,2025,0.4188
STP,1990,0.5487
STP,1995,0.550168609620535
STP,1996,0.549478072754551
STP,1997,0.549368279975983
STP,1998,0.546068490791629
STP,1999,0.54490427405992
STP,2000,0.551632618864077
STP,2001,0.553431050340168
STP,2002,0.555888735318748
STP,2003,0.550417323016328
STP,2004,0.550772627975099
STP,2005,0.552206074260847
STP,2006,0.562845482940656
STP,2007,0.560761512739762
STP,2008,0.558416937643278
STP,2009,0.563173681544836
STP,2010,0.555279282751629
STP,2011,0.555186442718747
STP,2012,0.553102580838941
STP,2013,0.551289746101911
STP,2014,0.548479732626911
STP,2015,0.548568532253
STP,2016,0.550754704591978
STP,2017,0.547667141877521
STP,2018,0.546105697564958
STP,2019,0.54579983483221
STP,2020,0.546199310088072
STP,2021,0.545186608693283
STP,2022,0.539864659494608
STP,2023,0.541800996405374
STP,2025,0.5401
SUR,1990,0.4194
SUR,1995,0.417626515571275
SUR,1996,0.417672024570508
SUR,1997,0.416385819556453
SUR,1998,0.415135712717802
SUR,1999,0.415192211988296
SUR,2000,0.415851534760246
SUR,2001,0.402229968479323
SUR,2002,0.40672696903644
SUR,2003,0.406305760116649
SUR,2004,0.401632882307354
SUR,2005,0.398274345108253
SUR,2006,0.403501272590987
SUR,2007,0.396679484837895
SUR,2008,0.397784379080507
SUR,2009,0.401046766012819
SUR,2010,0.404133181357518
SUR,2011,0.401978887781574
SUR,2012,0.398581031210296
SUR,2013,0.40085191097754
SUR,2014,0.404046400969721
SUR,2015,0.398878889603552
SUR,2016,0.406545881857938
SUR,2017,0.401973249980109
SUR,2018,0.398258414931215
SUR,2019,0.40111826684644
SUR,2020,0.401002065662521
SUR,2021,0.404050658433107
SUR,2022,0.40365482079596
SUR,2023,0.403676138662994
SUR,2025,0.4058
SVK,1990,0.3752
SVK,1995,0.373541693610082
SVK,1996,0.376096006907976
SVK,1997,0.375730789773465
SVK,1998,0.373432358185105
SVK,1999,0.37214840605036
SVK,2000,0.371882468898754
SVK,2001,0.370147869943278
SVK,2002,0.369660862364509
SVK,2003,0.369017034117082
SVK,2004,0.369537206989146
SVK,2005,0.369195367444063
SVK,2006,0.367265507141321
SVK,2007,0.368056865752735
SVK,2008,0.365966442597397
SVK,2009,0.362891831555609
SVK,2010,0.358919392366672
SVK,2011,0.360071326323246
SVK,2012,0.359023036838237
SVK,2013,0.358228004238708
SVK,2014,0.357851550617891
SVK,2015,0.357028774542657
SVK,2016,0.356817233381102
SVK,2017,0.359463675425573
SVK,2018,0.36011172762876
SVK,2019,0.363246000465628
SVK,2020,0.359050557015284
SVK,2021,0.3579375116894
SVK,2022,0.363377526478774
SVK,2023,0.360217081616822
SVK,2025,0.3603
SVN,1990,0.3537
SVN,1995,0.341720884034892
SVN,1996,0.342753290464998
SVN,1997,0.339628388634805
SVN,1998,0.333061014620141
SVN,1999,0.333185408780865
SVN,2000,0.329748223487661
SVN,2001,0.328433399679341
SVN,2002,0.329102556639853
SVN,2003,0.327791621685709
SVN,2004,0.325678933068019
SVN,2005,0.325987160510692
SVN,2006,0.325893269980946
SVN,2007,0.325798603036976
SVN,2008,0.328474163640885
SVN,2009,0.328671601421964
SVN,2010,0.327405211530253
SVN,2011,0.324274992260202
SVN,2012,0.323288398118877
SVN,2013,0.321542802388786
SVN,2014,0.316883377946366
SVN,2015,0.317760159519282
SVN,2016,0.31586399044547
SVN,2017,0.316206485028302
SVN,2018,0.315457332050774
SVN,2019,0.315388844374845
SVN,2020,0.312692634739701
SVN,2021,0.313499717908296
SVN,2022,0.315184573480264
SVN,2023,0.314325595066413
SVN,2025,0.3139
SWE,1990,0.3161
SWE,1995,0.315964573118744
SWE,1996,0.317142908211949
SWE,1997,0.3171773728532
SWE,1998,0.31641662059898
SWE,1999,0.315572208722778
SWE,2000,0.315868782646447
SWE,2001,0.315097482073697
SWE,2002,0.3146883417407
SWE,2003,0.315882510099369
SWE,2004,0.314201332078684
SWE,2005,0.313143984125234
SWE,2006,0.312708365696782
SWE,2007,0.312196434511155
SWE,2008,0.315431143222639
SWE,2009,0.316799235747331
SWE,2010,0.316552875547631
SWE,2011,0.316409690298207
SWE,2012,0.314700272787348
SWE,2013,0.316558892487032
SWE,2014,0.317020616789244
SWE,2015,0.316566093922572
SWE,2016,0.317239696995031
SWE,2017,0.315571984170046
SWE,2018,0.316576297489459
SWE,2019,0.317317830227909
SWE,2020,0.31860230526687
SWE,2021,0.315825700709649
SWE,2022,0.316822568053048
SWE,2023,0.317048367502868
SWE,2025,0.3172
SWZ,1990,0.5125
SWZ,1995,0.508153771248414
SWZ,1996,0.507478366915679
SWZ,1997,0.504993816833163
SWZ,1998,0.506045375750687
SWZ,1999,0.503747829035435
SWZ,2000,0.503759998001521
SWZ,2001,0.507723069093755
SWZ,2002,0.505026220148601
SWZ,2003,0.502160205104874
SWZ,2004,0.495494967486159
SWZ,2005,0.490366075581265
SWZ,2006,0.496074523922758
SWZ,2007,0.49190497233563
SWZ,2008,0.489885585551468
SWZ,2009,0.489520618539367
SWZ,2010,0.485564271640228
SWZ,2011,0.489874430503694
SWZ,2012,0.489561080796066
SWZ,2013,0.486514736303087
SWZ,2014,0.4842174612211
SWZ,2015,0.483298832999612
SWZ,2016,0.472934189312386
SWZ,2017,0.460535486729597
SWZ,2018,0.464187582649331
SWZ,2019,0.458208825453945
SWZ,2020,0.454647745470973
SWZ,2021,0.454552619478162
SWZ,2022,0.449312232538864
SWZ,2023,0.447638388874438
SWZ,2025,0.441
SYC,1990,0.5012
SYC,1995,0.475724362167816
SYC,1996,0.465358244838171
SYC,1997,0.466604943291904
SYC,1998,0.463254810421464
SYC,1999,0.460301409656158
SYC,2000,0.450204199212802
SYC,2001,0.457631998424758
SYC,2002,0.462330041114692
SYC,2003,0.460842291107976
SYC,2004,0.461183678035539
SYC,2005,0.460737831502458
SYC,2006,0.462473327194933
SYC,2007,0.457847385295411
SYC,2008,0.456032066603587
SYC,2009,0.449070568689775
SYC,2010,0.455334143132471
SYC,2011,0.459718738002901
SYC,2012,0.455831829588891
SYC,2013,0.461202182369447
SYC,2014,0.454550616744844
SYC,2015,0.452759943290886
SYC,2016,0.447612184216243
SYC,2017,0.434597643282396
SYC,2018,0.434999299281167
SYC,2019,0.431714580513444
SYC,2020,0.430736741781005
SYC,2021,0.434575935977504
SYC,2022,0.437396813004463
SYC,2023,0.444141275646427
SYC,2025,0.4478
SYR,1990,0.4587
SYR,1995,0.445077897507283
SYR,1996,0.442510704574635
SYR,1997,0.439976677489853
SYR,1998,0.436941198194609
SYR,1999,0.434015840772703
SYR,2000,0.431421713777728
SYR,2001,0.434126707186237
SYR,2002,0.438019606266256
SYR,2003,0.43711209056144
SYR,2004,0.435863941590372
SYR,2005,0.436003292306926
SYR,2006,0.433034079085411
SYR,2007,0.43370348729275
SYR,2008,0.43599017103527
SYR,2009,0.439770130810936
SYR,2010,0.438527502403689
SYR,2011,0.438931340055983
SYR,2012,0.444044932852215
SYR,2013,0.458522458751007
SYR,2014,0.464851121375746
SYR,2015,0.4704081485239
SYR,2016,0.475300282480281
SYR,2017,0.472122472390953
SYR,2018,0.469796444975856
SYR,2019,0.467012089637526
SYR,2020,0.471428527060601
SYR,2021,0.479574669608803
SYR,2022,0.487266855724479
SYR,2023,0.486357761630186
SYR,2025,0.493
TCD,1990,0.6484
TCD,1995,0.645606011326848
TCD,1996,0.645576121902928
TCD,1997,0.645965394087478
TCD,1998,0.645041673446403
TCD,1999,0.643988758963025
TCD,2000,0.642853283382779
TCD,2001,0.643675231823746
TCD,2002,0.643345677779749
TCD,2003,0.659376230866948
TCD,2004,0.652433132329856
TCD,2005,0.651673787860327
TCD,2006,0.652735659462619
TCD,2007,0.647235931094773
TCD,2008,0.6458701474016
TCD,2009,0.64747135502575
TCD,2010,0.644084885267353
TCD,2011,0.650229823422627
TCD,2012,0.646582549955799
TCD,2013,0.641136184490498
TCD,2014,0.640824453104004
TCD,2015,0.647435670629029
TCD,2016,0.655204421725884
TCD,2017,0.651307465368957
TCD,2018,0.649153960782249
TCD,2019,0.64958235224246
TCD,2020,0.640172375853037
TCD,2021,0.635523495050601
TCD,2022,0.640173477539382
TCD,2023,0.639626882645707
TCD,2025,0.6358
TGO,1990,0.5412
TGO,1995,0.532864654966556
TGO,1996,0.532255257424969
TGO,1997,0.529948463543957
TGO,1998,0.526648611957767
TGO,1999,0.526682879013293
TGO,2000,0.524503383116385
TGO,2001,0.523670980936321
TGO,2002,0.522132996699678
TGO,2003,0.519319061819565
TGO,2004,0.518536899036852
TGO,2005,0.515880805681788
TGO,2006,0.514677159935486
TGO,2007,0.513659393568733
TGO,2008,0.512068647407065
TGO,2009,0.516676053838374
TGO,2010,0.510477975597596
TGO,2011,0.506145027775102
TGO,2012,0.505168842241433
TGO,2013,0.50974301029062
TGO,2014,0.508778619644233
TGO,2015,0.503791232907607
TGO,2016,0.505427305671321
TGO,2017,0.504458496691801
TGO,2018,0.498122048486336
TGO,2019,0.495306940192048
TGO,2020,0.498821310512824
TGO,2021,0.498718011658204
TGO,2022,0.502098426507944
TGO,2023,0.50292389421847
TGO,2025,0.5048
THA,1990,0.4427
THA,1995,0.444020609255219
THA,1996,0.445399241334537
THA,1997,0.445321843767816
THA,1998,0.444936749471159
THA,1999,0.445156397066487
THA,2000,0.445379934658484
THA,2001,0.441385759076854
THA,2002,0.438708693189278
THA,2003,0.437069774295799
THA,2004,0.435389596170798
THA,2005,0.434250204168399
THA,2006,0.432459050654636
THA,2007,0.433013844442621
THA,2008,0.433524953520546
THA,2009,0.433233625973356
THA,2010,0.432643762721404
THA,2011,0.43315776057864
THA,2012,0.434821973977634
THA,2013,0.43681040822551
THA,2014,0.434622864882712
THA,2015,0.435746265201602
THA,2016,0.435173795677461
THA,2017,0.436325205146463
THA,2018,0.438095239210679
THA,2019,0.43736761495657
THA,2020,0.435071969016694
THA,2021,0.43431092402032
THA,2022,0.434458434402429
THA,2023,0.434860553166205
THA,2025,0.4336
TJK,1990,0.4177
TJK,1995,0.41604415142597
TJK,1996,0.41480167795462
TJK,1997,0.416397248365286
TJK,1998,0.416872407061173
TJK,1999,0.416329617514839
TJK,2000,0.414429411057027
TJK,2001,0.426097249604298
TJK,2002,0.404452918181955
TJK,2003,0.40689334740279
TJK,2004,0.406187686999613
TJK,2005,0.408861664112762
TJK,2006,0.404183563298834
TJK,2007,0.401347930593202
TJK,2008,0.397797832650263
TJK,2009,0.396352288759749
TJK,2010,0.393958607909386
TJK,2011,0.402236002310681
TJK,2012,0.396485877505444
TJK,2013,0.392736848871124
TJK,2014,0.387142929085956
TJK,2015,0.386570292245911
TJK,2016,0.381683306422346
TJK,2017,0.361103195652859
TJK,2018,0.346071372068951
TJK,2019,0.343692576097024
TJK,2020,0.353171580441205
TJK,2021,0.355796530971016
TJK,2022,0.353911014666171
TJK,2023,0.356071512505237
TJK,2025,0.3601
TKM,1990,0.3989
TKM,1995,0.391035770662064
TKM,1996,0.390161693087447
TKM,1997,0.389758478770099
TKM,1998,0.382833407196626
TKM,1999,0.386142948257661
TKM,2000,0.383186039815983
TKM,2001,0.382328838340456
TKM,2002,0.3828492747262
TKM,2003,0.381617892970858
TKM,2004,0.381031024931202
TKM,2005,0.380484592252858
TKM,2006,0.380539316245636
TKM,2007,0.379610143323874
TKM,2008,0.378371057319176
TKM,2009,0.376559773727564
TKM,2010,0.375066161650224
TKM,2011,0.375474372573618
TKM,2012,0.374709185239927
TKM,2013,0.374288018676883
TKM,2014,0.374020565818503
TKM,2015,0.372206410124467
TKM,2016,0.371465361169527
TKM,2017,0.371545487290886
TKM,2018,0.372243896067894
TKM,2019,0.371322147600708
TKM,2020,0.372484069419212
TKM,2021,0.372539908125288
TKM,2022,0.371705803261573
TKM,2023,0.371852432946571
TKM,2025,0.3717
TLS,1990,0.5427
TLS,1995,0.542485641878883
TLS,1996,0.542532661276405
TLS,1997,0.542520819834644
TLS,1998,0.542443876249547
TLS,1999,0.542338879120041
TLS,2000,0.54225623721929
TLS,2001,0.542204631717251
TLS,2002,0.542126314251246
TLS,2003,0.543012994551744
TLS,2004,0.562493984857986
TLS,2005,0.564912125538902
TLS,2006,0.580944993189746
TLS,2007,0.584640824374638
TLS,2008,0.582225561382172
TLS,2009,0.578904456392346
TLS,2010,0.569714866059991
TLS,2011,0.564753106261569
TLS,2012,0.559685215661774
TLS,2013,0.554449383643991
TLS,2014,0.557810110372885
TLS,2015,0.557779401978446
TLS,2016,0.558079563654326
TLS,2017,0.547472886131673
TLS,2018,0.552181614180662
TLS,2019,0.552068765840676
TLS,2020,0.553271435414627
TLS,2021,0.552838320959212
TLS,2022,0.53882617514821
TLS,2023,0.538067793664859
TLS,2025,0.5324
TON,1990,0.602
TON,1995,0.595315757599537
TON,1996,0.592789010714606
TON,1997,0.592324916878393
TON,1998,0.590001192849465
TON,1999,0.589326380471056
TON,2000,0.58862999002131
TON,2001,0.6022257285415
TON,2002,0.599277613109152
TON,2003,0.6005495796666
TON,2004,0.625285108464673
TON,2005,0.616640307084301
TON,2006,0.623146335033442
TON,2007,0.607038622027156
TON,2008,0.625617885264408
TON,2009,0.594561359943179
TON,2010,0.620259023532857
TON,2011,0.624251617447495
TON,2012,0.624220316966089
TON,2013,0.608554024778029
TON,2014,0.620767165167049
TON,2015,0.617722490810839
TON,2016,0.621789703519555
TON,2017,0.619639075729624
TON,2018,0.618697591960269
TON,2019,0.616909952869619
TON,2020,0.605907116886802
TON,2021,0.605489745322137
TON,2022,0.606505621464734
TON,2023,0.606592737452327
TON,2025,0.6018
TTO,1990,0.4077
TTO,1995,0.399008098343231
TTO,1996,0.398137575191044
TTO,1997,0.395439720092062
TTO,1998,0.393563769270351
TTO,1999,0.392171532523939
TTO,2000,0.390277228898419
TTO,2001,0.391344003337093
TTO,2002,0.387928350866586
TTO,2003,0.387880029681844
TTO,2004,0.387122437659814
TTO,2005,0.387554191907929
TTO,2006,0.384872366147691
TTO,2007,0.385268748460321
TTO,2008,0.385819143461353
TTO,2009,0.386997282646721
TTO,2010,0.386446785958367
TTO,2011,0.384769273589993
TTO,2012,0.374573131930209
TTO,2013,0.373568285613854
TTO,2014,0.373036964348084
TTO,2015,0.373765778801013
TTO,2016,0.367920809900233
TTO,2017,0.367313506615646
TTO,2018,0.364700093642464
TTO,2019,0.372842690728015
TTO,2020,0.37457124081302
TTO,2021,0.374425098592601
TTO,2022,0.373851852665081
TTO,2023,0.371248722441038
TTO,2025,0.3739
TUN,1990,0.3759
TUN,1995,0.369595931490363
TUN,1996,0.366532910686991
TUN,1997,0.365892572079125
TUN,1998,0.367328353560389
TUN,1999,0.366315029892153
TUN,2000,0.363244858097207
TUN,2001,0.36702508150459
TUN,2002,0.366353649472584
TUN,2003,0.365969372675056
TUN,2004,0.363327185624398
TUN,2005,0.361326434386052
TUN,2006,0.362242817660696
TUN,2007,0.357764840854234
TUN,2008,0.360416211819868
TUN,2009,0.358136196625925
TUN,2010,0.359041892153873
TUN,2011,0.360884479264614
TUN,2012,0.358536472747598
TUN,2013,0.363302552301195
TUN,2014,0.36576446565425
TUN,2015,0.368216218103645
TUN,2016,0.368953899119578
TUN,2017,0.370562528743485
TUN,2018,0.373476642276695
TUN,2019,0.374378225582761
TUN,2020,0.375583586595581
TUN,2021,0.37561529692514
TUN,2022,0.37751279964421
TUN,2023,0.379160533010825
TUN,2025,0.3814
TUR,1990,0.4232
TUR,1995,0.415230659140729
TUR,1996,0.414200073081432
TUR,1997,0.411867144094021
TUR,1998,0.410072322135574
TUR,1999,0.40801271458718
TUR,2000,0.407286243167152
TUR,2001,0.404790909100141
TUR,2002,0.403117767004661
TUR,2003,0.401013534960614
TUR,2004,0.39810327541393
TUR,2005,0.395049414090685
TUR,2006,0.393131331902615
TUR,2007,0.389966737028971
TUR,2008,0.387946505971758
TUR,2009,0.386581734996844
TUR,2010,0.38347727671225
TUR,2011,0.381153159151695
TUR,2012,0.379637810801334
TUR,2013,0.380239269633949
TUR,2014,0.380631529917248
TUR,2015,0.380782673370426
TUR,2016,0.379381039952158
TUR,2017,0.379914729538473
TUR,2018,0.379286674377349
TUR,2019,0.378492744768531
TUR,2020,0.37713102785373
TUR,2021,0.375629745653325
TUR,2022,0.374869483464347
TUR,2023,0.374649346747413
TUR,2025,0.3728
TUV,1990,0.5797
TUV,1995,0.57687217900701
TUV,1996,0.57723622163026
TUV,1997,0.577450255001063
TUV,1998,0.573501150439327
TUV,1999,0.576181425691605
TUV,2000,0.574060445643852
TUV,2001,0.578394459535767
TUV,2002,0.580380668728118
TUV,2003,0.58176526214157
TUV,2004,0.575341009849475
TUV,2005,0.573633353071094
TUV,2006,0.591766027943697
TUV,2007,0.571321103936609
TUV,2008,0.561842055234307
TUV,2009,0.587069090808402
TUV,2010,0.579658259856929
TUV,2011,0.57862815478534
TUV,2012,0.572377303353218
TUV,2013,0.607552027949237
TUV,2014,0.592334060239166
TUV,2015,0.601385088566647
TUV,2016,0.588514384576121
TUV,2017,0.589804347991831
TUV,2018,0.581056778989055
TUV,2019,0.587234397437979
TUV,2020,0.579601682168662
TUV,2021,0.591281612803505
TUV,2022,0.574500590403418
TUV,2023,0.576255343788702
TUV,2025,0.5743
TZA,1990,0.557
TZA,1995,0.556959750239065
TZA,1996,0.55855988882293
TZA,1997,0.559461494410969
TZA,1998,0.559768809552229
TZA,1999,0.557102458436681
TZA,2000,0.55688902910993
TZA,2001,0.555484897589785
TZA,2002,0.550825318694745
TZA,2003,0.548996559482582
TZA,2004,0.549165047841533
TZA,2005,0.54681957697502
TZA,2006,0.548769302322304
TZA,2007,0.547180458196452
TZA,2008,0.54153942398613
TZA,2009,0.543333182478748
TZA,2010,0.543833179275633
TZA,2011,0.544125738933504
TZA,2012,0.540788743021267
TZA,2013,0.539225946477019
TZA,2014,0.535755759687608
TZA,2015,0.5319430679062
TZA,2016,0.526489494097618
TZA,2017,0.524998528476549
TZA,2018,0.520450905471502
TZA,2019,0.518761208581183
TZA,2020,0.518774219877417
TZA,2021,0.518465262051293
TZA,2022,0.516134485970766
TZA,2023,0.516026748253955
TZA,2025,0.5143
UGA,1990,0.5736
UGA,1995,0.575797466857409
UGA,1996,0.577742462335528
UGA,1997,0.580799857475121
UGA,1998,0.579525074367446
UGA,1999,0.577824734389972
UGA,2000,0.578001085688091
UGA,2001,0.576254392812976
UGA,2002,0.572870176517517
UGA,2003,0.567932260905828
UGA,2004,0.578384444788107
UGA,2005,0.579389217977661
UGA,2006,0.577935846373282
UGA,2007,0.570553195973525
UGA,2008,0.567788468405545
UGA,2009,0.56839676495714
UGA,2010,0.564806560383452
UGA,2011,0.561556232257149
UGA,2012,0.554381052633244
UGA,2013,0.553897078327776
UGA,2014,0.548355268806589
UGA,2015,0.547501550629929
UGA,2016,0.544002374206679
UGA,2017,0.541093205618046
UGA,2018,0.534134912333105
UGA,2019,0.531079098504703
UGA,2020,0.535529791665836
UGA,2021,0.53752987294397
UGA,2022,0.538961362643405
UGA,2023,0.535603099478039
UGA,2025,0.5362
UKR,1990,0.4262
UKR,1995,0.420270606537191
UKR,1996,0.422102579216516
UKR,1997,0.419149819821085
UKR,1998,0.417442595303988
UKR,1999,0.415741375906013
UKR,2000,0.414306214698736
UKR,2001,0.412083680877891
UKR,2002,0.409697196905948
UKR,2003,0.409797421149601
UKR,2004,0.405154787100736
UKR,2005,0.400856568476572
UKR,2006,0.399280365409224
UKR,2007,0.397747495903896
UKR,2008,0.396577848281848
UKR,2009,0.393883550457307
UKR,2010,0.388312714384106
UKR,2011,0.385168279632309
UKR,2012,0.379587590051605
UKR,2013,0.378345409080259
UKR,2014,0.365971531267553
UKR,2015,0.365371598133894
UKR,2016,0.364424804088554
UKR,2017,0.367912802404119
UKR,2018,0.369664291869611
UKR,2019,0.369554022931565
UKR,2020,0.367944131949858
UKR,2021,0.368094532020618
UKR,2022,0.364919147649086
UKR,2023,0.365102651375417
UKR,2025,0.3633
URY,1990,0.4184
URY,1995,0.416788976356437
URY,1996,0.414863349449282
URY,1997,0.413998989856452
URY,1998,0.41222240262457
URY,1999,0.416466272573097
URY,2000,0.415216449993203
URY,2001,0.413689652067691
URY,2002,0.413073241252383
URY,2003,0.415537647560714
URY,2004,0.419161506791893
URY,2005,0.414615597464269
URY,2006,0.413912552023359
URY,2007,0.408281432324042
URY,2008,0.405099435025677
URY,2009,0.405278591865369
URY,2010,0.399970571962881
URY,2011,0.39892761885332
URY,2012,0.398605081446857
URY,2013,0.395770160634446
URY,2014,0.394418630019933
URY,2015,0.393747261204814
URY,2016,0.391574863070466
URY,2017,0.390644651728059
URY,2018,0.383987575322915
URY,2019,0.375626576138855
URY,2020,0.371738954870943
URY,2021,0.373815701751837
URY,2022,0.373671050086178
URY,2023,0.374668976606713
URY,2025,0.3709
USA,1990,0.3172
USA,1995,0.31692616602175
USA,1996,0.314368322695332
USA,1997,0.315470468055627
USA,1998,0.315899594516552
USA,1999,0.316666560690056
USA,2000,0.316670008240058
USA,2001,0.317225898559834
USA,2002,0.316719146565441
USA,2003,0.317031775438418
USA,2004,0.317247522719073
USA,2005,0.317202079106229
USA,2006,0.317069547351601
USA,2007,0.316557469705778
USA,2008,0.314880888299999
USA,2009,0.314812301493412
USA,2010,0.313211872231201
USA,2011,0.312287329601153
USA,2012,0.311226761464513
USA,2013,0.310888380097752
USA,2014,0.310315196548275
USA,2015,0.310548399216006
USA,2016,0.310518159341771
USA,2017,0.307305605698839
USA,2018,0.30970265586233
USA,2019,0.310248851274995
USA,2020,0.311741033207543
USA,2021,0.310526150336051
USA,2022,0.311794137223254
USA,2023,0.312019243435194
USA,2025,0.3129
UZB,1990,0.3725
UZB,1995,0.367418297635995
UZB,1996,0.366474186867509
UZB,1997,0.365561891077725
UZB,1998,0.364370776626916
UZB,1999,0.363286344349214
UZB,2000,0.362289872880996
UZB,2001,0.362886578779634
UZB,2002,0.36325239442394
UZB,2003,0.367633984368523
UZB,2004,0.368319832684567
UZB,2005,0.367805942923728
UZB,2006,0.363223096166527
UZB,2007,0.361732149666825
UZB,2008,0.358671959999572
UZB,2009,0.35679411061854
UZB,2010,0.354044950989855
UZB,2011,0.354600718437807
UZB,2012,0.354392809563666
UZB,2013,0.355648560588523
UZB,2014,0.356174375103511
UZB,2015,0.353469592143548
UZB,2016,0.351275618483288
UZB,2017,0.350539693270788
UZB,2018,0.355223466760842
UZB,2019,0.355007499668333
UZB,2020,0.356543026752724
UZB,2021,0.358322584952239
UZB,2022,0.35982365840373
UZB,2023,0.358858275756943
UZB,2025,0.3603
VCT,1990,0.4769
VCT,1995,0.464483392932928
VCT,1996,0.463628006265668
VCT,1997,0.461849956652342
VCT,1998,0.459907754013014
VCT,1999,0.455157360098293
VCT,2000,0.452099557782978
VCT,2001,0.446143056707487
VCT,2002,0.453153231660738
VCT,2003,0.450838942720594
VCT,2004,0.447609007256227
VCT,2005,0.447029118686421
VCT,2006,0.447230229663633
VCT,2007,0.453139804146366
VCT,2008,0.448823583971167
VCT,2009,0.447627233969962
VCT,2010,0.454033438886634
VCT,2011,0.459326233176116
VCT,2012,0.448835929210925
VCT,2013,0.431704693137616
VCT,2014,0.431268608420102
VCT,2015,0.430432936370788
VCT,2016,0.42961806879958
VCT,2017,0.435464314146433
VCT,2018,0.430420710697176
VCT,2019,0.434379113929599
VCT,2020,0.438132340635135
VCT,2021,0.439040958062177
VCT,2022,0.432391811492754
VCT,2023,0.431453491155348
VCT,2025,0.4319
VEN,1990,0.3832
VEN,1995,0.37929954074482
VEN,1996,0.379939387035374
VEN,1997,0.377587387750164
VEN,1998,0.377357633996942
VEN,1999,0.376592165617309
VEN,2000,0.37538534515215
VEN,2001,0.374776235057277
VEN,2002,0.375411663118029
VEN,2003,0.379300311623521
VEN,2004,0.376837275860245
VEN,2005,0.374290908243296
VEN,2006,0.372827926673608
VEN,2007,0.37271142093395
VEN,2008,0.376211281418877
VEN,2009,0.375616967723353
VEN,2010,0.373576534641939
VEN,2011,0.374648340939896
VEN,2012,0.375170331514609
VEN,2013,0.374711982204887
VEN,2014,0.37256736338896
VEN,2015,0.373102070786943
VEN,2016,0.374410149670887
VEN,2017,0.374687570388418
VEN,2018,0.375346817671126
VEN,2019,0.375090180323712
VEN,2020,0.374505975813082
VEN,2021,0.374025045123676
VEN,2022,0.373338841577569
VEN,2023,0.373138028439569
VEN,2025,0.3723
VNM,1990,0.5298
VNM,1995,0.517533064751055
VNM,1996,0.51623812985403
VNM,1997,0.516120144379668
VNM,1998,0.51489054851456
VNM,1999,0.512875649972541
VNM,2000,0.505260075756312
VNM,2001,0.504010463349921
VNM,2002,0.503106558810067
VNM,2003,0.50243238268826
VNM,2004,0.500367330511279
VNM,2005,0.494486885523639
VNM,2006,0.490828864077873
VNM,2007,0.489419404359684
VNM,2008,0.485549685589866
VNM,2009,0.482091092099732
VNM,2010,0.476370641029745
VNM,2011,0.474494977228409
VNM,2012,0.472100077820776
VNM,2013,0.4687621662145
VNM,2014,0.464313975972798
VNM,2015,0.467266633111145
VNM,2016,0.47030878230909
VNM,2017,0.470672387799729
VNM,2018,0.466931755500082
VNM,2019,0.470492856158352
VNM,2020,0.476911223787016
VNM,2021,0.46763469632405
VNM,2022,0.467699325212405
VNM,2023,0.467810375980305
VNM,2025,0.4682
VUT,1990,0.6172
VUT,1995,0.609848974094159
VUT,1996,0.608723961142212
VUT,1997,0.607403260866791
VUT,1998,0.605942393555164
VUT,1999,0.604759884057011
VUT,2000,0.602533812786826
VUT,2001,0.598293622859071
VUT,2002,0.609317700419704
VUT,2003,0.591827762120497
VUT,2004,0.598192232618749
VUT,2005,0.594770353477192
VUT,2006,0.598202437017173
VUT,2007,0.582069696464346
VUT,2008,0.579109940064076
VUT,2009,0.597951138169729
VUT,2010,0.600381924016249
VUT,2011,0.589990835004549
VUT,2012,0.60081526362832
VUT,2013,0.606911388292021
VUT,2014,0.597800755595714
VUT,2015,0.596411373982685
VUT,2016,0.581457598563506
VUT,2017,0.585403363801086
VUT,2018,0.584332525332211
VUT,2019,0.580483843741016
VUT,2020,0.551030620181952
VUT,2021,0.559032012110377
VUT,2022,0.558145943266205
VUT,2023,0.563053414056388
VUT,2025,0.5545
WSM,1990,0.5005
WSM,1995,0.498375768156731
WSM,1996,0.497570970586577
WSM,1997,0.497069326673551
WSM,1998,0.496638625680669
WSM,1999,0.496191585600252
WSM,2000,0.496252729195231
WSM,2001,0.494794319034541
WSM,2002,0.502643769864188
WSM,2003,0.5109653305273
WSM,2004,0.511096216175868
WSM,2005,0.507556435515833
WSM,2006,0.502526824233928
WSM,2007,0.507231735486988
WSM,2008,0.494964957341163
WSM,2009,0.497849349494801
WSM,2010,0.498937980057668
WSM,2011,0.507748228418192
WSM,2012,0.493575872077625
WSM,2013,0.51200531846839
WSM,2014,0.500602405610053
WSM,2015,0.502501941122815
WSM,2016,0.50732788914515
WSM,2017,0.498362483979893
WSM,2018,0.488342397421761
WSM,2019,0.488084481190999
WSM,2020,0.488683518957759
WSM,2021,0.492083987133876
WSM,2022,0.513675104169268
WSM,2023,0.513291206755282
WSM,2025,0.5233
YEM,1990,0.5485
YEM,1995,0.539629884702142
YEM,1996,0.53817776754956
YEM,1997,0.536733781793757
YEM,1998,0.533865963180148
YEM,1999,0.532311454762175
YEM,2000,0.53080920766452
YEM,2001,0.529599027063074
YEM,2002,0.526338979402523
YEM,2003,0.52479786819531
YEM,2004,0.524774111417416
YEM,2005,0.522187020457706
YEM,2006,0.52057668024829
YEM,2007,0.518812751335106
YEM,2008,0.516764831636424
YEM,2009,0.516988300165212
YEM,2010,0.515790305996504
YEM,2011,0.514993221516355
YEM,2012,0.518744139364548
YEM,2013,0.514062601523573
YEM,2014,0.52518380455782
YEM,2015,0.52805840529864
YEM,2016,0.543883888935742
YEM,2017,0.520663640694321
YEM,2018,0.527166727533479
YEM,2019,0.524701750960728
YEM,2020,0.528346463425989
YEM,2021,0.527295610049665
YEM,2022,0.536760354991548
YEM,2023,0.534145476899263
YEM,2025,0.5369
ZAF,1990,0.4303
ZAF,1995,0.420095080940072
ZAF,1996,0.420056684519568
ZAF,1997,0.414465973863429
ZAF,1998,0.414474925809399
ZAF,1999,0.411484646596102
ZAF,2000,0.409909039633348
ZAF,2001,0.40987367796032
ZAF,2002,0.406861418111267
ZAF,2003,0.409466291055405
ZAF,2004,0.407513079979406
ZAF,2005,0.411870793335461
ZAF,2006,0.406652283224497
ZAF,2007,0.407210322656221
ZAF,2008,0.407698309167665
ZAF,2009,0.407433895857732
ZAF,2010,0.406422016520693
ZAF,2011,0.403822905231616
ZAF,2012,0.401159295880016
ZAF,2013,0.401917599563915
ZAF,2014,0.39935232071188
ZAF,2015,0.398014539067049
ZAF,2016,0.396398148237373
ZAF,2017,0.395716292250498
ZAF,2018,0.397539192450871
ZAF,2019,0.397174617695005
ZAF,2020,0.396480621339519
ZAF,2021,0.396159191866837
ZAF,2022,0.395066723036513
ZAF,2023,0.394647749939191
ZAF,2025,0.3935
ZMB,1990,0.4934
ZMB,1995,0.49604387411646
ZMB,1996,0.49650564975996
ZMB,1997,0.495712558672307
ZMB,1998,0.498455249163696
ZMB,1999,0.498103663016716
ZMB,2000,0.498704007347142
ZMB,2001,0.499255114430189
ZMB,2002,0.519132620256951
ZMB,2003,0.517032520445362
ZMB,2004,0.511033646884036
ZMB,2005,0.506803596307428
ZMB,2006,0.506576426919341
ZMB,2007,0.506671281713627
ZMB,2008,0.505259968518541
ZMB,2009,0.505694513208793
ZMB,2010,0.505610460469804
ZMB,2011,0.502867877480326
ZMB,2012,0.501552544274584
ZMB,2013,0.499443430290279
ZMB,2014,0.497722413226082
ZMB,2015,0.497209141369562
ZMB,2016,0.496988109886863
ZMB,2017,0.495387105042532
ZMB,2018,0.494953510406787
ZMB,2019,0.489835319244313
ZMB,2020,0.488454398332421
ZMB,2021,0.488155859866661
ZMB,2022,0.486409004727241
ZMB,2023,0.484581650335907
ZMB,2025,0.4804
ZWE,1990,0.4999
ZWE,1995,0.508058762198396
ZWE,1996,0.51102018855968
ZWE,1997,0.509904669795603
ZWE,1998,0.510473390503097
ZWE,1999,0.511141028769555
ZWE,2000,0.516222435377288
ZWE,2001,0.517407038473501
ZWE,2002,0.523741279709608
ZWE,2003,0.526667786260722
ZWE,2004,0.527278962444413
ZWE,2005,0.523748547646841
ZWE,2006,0.525567098586667
ZWE,2007,0.519475794537076
ZWE,2008,0.520489592130994
ZWE,2009,0.514264430729419
ZWE,2010,0.518763969698638
ZWE,2011,0.511557169282433
ZWE,2012,0.506888747253479
ZWE,2013,0.510694715857151
ZWE,2014,0.512113336816543
ZWE,2015,0.516161147136235
ZWE,2016,0.519079573666197
ZWE,2017,0.518045813144562
ZWE,2018,0.513800278705801
ZWE,2019,0.505822383876541
ZWE,2020,0.507918458404159
ZWE,2021,0.505453254341861
ZWE,2022,0.502217314006228
ZWE,2023,0.498238873860639
ZWE,2025,0.492
